<?xml version="1.0" encoding="UTF-8"?>
<cockatrice_carddatabase version="4">
  <sets>
    <set>
      <name>Beyond Destiny</name>
      <longname>Beyond Destiny</longname>
      <settype>Custom</settype>
      <releasedate></releasedate>
    </set>
  </sets>
  <cards>
    <card>
      <name>Ward (21-001R)</name>
      <text>Solo puedes pagar con CP Fuego el coste para lanzar Ward.
  [EX BURST] Cuando Ward entra al terreno de juego, elige 1 Delantero. Inflígele 7000 puntos de daño.</text>
      <prop>
        <type>Forward - VIII - Warrior</type>
        <manacost>3</manacost>
        <colors>Fire</colors>
        <pt>8000</pt>
      </prop>
      <set picurl="https://fftcg.cdn.sewest.net/images/cards/full/21-001R_eg.jpg">Beyond Destiny</set>
      <tablerow>2</tablerow>
    </card>
    <card>
      <name>Edgar (21-002R)</name>
      <text>Cuando Edgar entra al terreno de juego, puedes jugar 1 personaje de coste 2 o menos de tu mano al terreno de juego.
  (Dull), pon Edgar en la Break Zone: Juega 1 personaje de coste 2 o menos de tu mano al terreno de juego.</text>
      <prop>
        <type>Backup - WOFF - King</type>
        <manacost>3</manacost>
        <colors>Fire</colors>
        <pt>0</pt>
      </prop>
      <set picurl="https://fftcg.cdn.sewest.net/images/cards/full/21-002R_eg.jpg">Beyond Destiny</set>
      <tablerow>0</tablerow>
    </card>
    <card>
      <name>Flameserpent General Gadalar (21-003R)</name>
      <text>Si controlas 2 o más personajes Fuego, el coste requerido para lanzar Gadalar, general Piroserpentis, se reduce en 2.
  Gadalar, general Piroserpentis, puede atacar dos veces en el mismo turno.
  (Fire)(Fire): Activa Gadalar, general Piroserpentis.
  Pon 1 Apoyo Fuego en la Break Zone: Activa Gadalar, general Piroserpentis.</text>
      <prop>
        <type>Forward - XI - Serpent General</type>
        <manacost>4</manacost>
        <colors>Fire</colors>
        <pt>8000</pt>
      </prop>
      <set picurl="https://fftcg.cdn.sewest.net/images/cards/full/21-003R_eg.jpg">Beyond Destiny</set>
      <tablerow>2</tablerow>
    </card>
    <card>
      <name>Cyan (21-004L)</name>
      <text>Cuando Cyan entra al terreno de juego, puedes pagar (X). Cuando lo haces, ganas (C) por cada CP pagado como X. El máximo que puedes pagar de (X) es 5.
  (C): Cyan gana +3000 de poder hasta el final del turno.
  (C): Elige 1 Delantero. Inflígele 3000 puntos de daño.
  (C)(C)(C)(C)(C): Inflige 9000 puntos de daño a todos los Delanteros controlados por tu oponente.</text>
      <prop>
        <type>Forward - VI - Samurai</type>
        <manacost>3</manacost>
        <colors>Fire</colors>
        <pt>7000</pt>
      </prop>
      <set picurl="https://fftcg.cdn.sewest.net/images/cards/full/21-004L_eg.jpg">Beyond Destiny</set>
      <tablerow>2</tablerow>
    </card>
    <card>
      <name>Black Mage (21-005C)</name>
      <text>Cuando Mago negro entra al terreno de juego, puedes pagar (1). Cuando lo haces, ganas (C).
  (C): Hasta el final del turno, Mago negro gana +1000 de poder y "Cuando Mago negro ataca, elige 1 Delantero. Inflígele 5000 puntos de daño."</text>
      <prop>
        <type>Forward - XIV - Standard Unit</type>
        <manacost>3</manacost>
        <colors>Fire</colors>
        <pt>7000</pt>
      </prop>
      <set picurl="https://fftcg.cdn.sewest.net/images/cards/full/21-005C_eg.jpg">Beyond Destiny</set>
      <tablerow>2</tablerow>
    </card>
    <card>
      <name>Samurai (21-006C)</name>
      <text>Cuando Samurái entra al terreno de juego, ganas (C).
  Cuando Samurái entra al terreno de juego, si controlas 3 o menos Apoyos, coge 1 carta.</text>
      <prop>
        <type>Backup - XIV - Standard Unit</type>
        <manacost>3</manacost>
        <colors>Fire</colors>
        <pt>0</pt>
      </prop>
      <set picurl="https://fftcg.cdn.sewest.net/images/cards/full/21-006C_eg.jpg">Beyond Destiny</set>
      <tablerow>0</tablerow>
    </card>
    <card>
      <name>Shadow (21-007L)</name>
      <text>Transporte 3 --  (Fire)
  Al final de cada uno de tus turnos, si hay 1 o más Contadores Transporte sobre Shadow, retira 1 Contador Transporte de Shadow por cada Delantero Categoría VI  que controlas. Este efecto solo se desencadena si Shadow se retira del juego.
  Cuando Shadow entra al terreno de juego, descarta tu mano. Después, coge 2 cartas.</text>
      <prop>
        <type>Forward - VI - Assassin</type>
        <manacost>7</manacost>
        <colors>Fire</colors>
        <pt>9000</pt>
      </prop>
      <set picurl="https://fftcg.cdn.sewest.net/images/cards/full/21-007L_eg.jpg">Beyond Destiny</set>
      <tablerow>2</tablerow>
    </card>
    <card>
      <name>Vermilion Bird l'Cie Caetuna (21-008R)</name>
      <text>(Dull): Elige 1 Delantero. Si pasa del terreno de juego a la Break Zone este turno, retíralo del juego en su lugar.
  (Dull), pon 3 Apoyos en la Break Zone: Elige 2 Delanteros. Inflígeles 10000 puntos de daño.</text>
      <prop>
        <type>Backup - TYPE-0 - L'Cie</type>
        <manacost>2</manacost>
        <colors>Fire</colors>
        <pt>0</pt>
      </prop>
      <set picurl="https://fftcg.cdn.sewest.net/images/cards/full/21-008R_eg.jpg">Beyond Destiny</set>
      <tablerow>0</tablerow>
    </card>
    <card>
      <name>Warrior (21-009C)</name>
      <text>Pon Guerrero en la Break Zone: Elige 1 Delantero Oficio Guerrero  o Delantero Nombre de la carta Guerrero  que controlas. Ponlo en dull y, hasta el final del turno, este gana "Este Delantero no puede romperse."</text>
      <prop>
        <type>Forward - XIV - Standard Unit</type>
        <manacost>3</manacost>
        <colors>Fire</colors>
        <pt>7000</pt>
      </prop>
      <set picurl="https://fftcg.cdn.sewest.net/images/cards/full/21-009C_eg.jpg">Beyond Destiny</set>
      <tablerow>2</tablerow>
    </card>
    <card>
      <name>Taivas (21-010H)</name>
      <text>Cuando Taivas entra al terreno de juego, puedes buscar 1 Oficio Guerrero  o Nombre de la carta Guerrero  y añadirla a tu mano.
  (0): Juega 1 Oficio Guerrero  o Nombre de la carta Guerrero  de coste 3 o menos de tu mano al terreno de juego. Solo puedes usar esta habilidad durante tu turno y solo una vez por turno.</text>
      <prop>
        <type>Forward - FFBE - Warrior</type>
        <manacost>5</manacost>
        <colors>Fire</colors>
        <pt>9000</pt>
      </prop>
      <set picurl="https://fftcg.cdn.sewest.net/images/cards/full/21-010H_eg.jpg">Beyond Destiny</set>
      <tablerow>2</tablerow>
    </card>
    <card>
      <name>Neon (21-011H)</name>
      <text>Si un Delantero Fuego o un Delantero Categoría SOPFFO  que controlas inflige daño a un Delantero, el daño aumenta en 1000 en su lugar.
  Cuando Neon entra al terreno de juego, elige hasta 2 Delanteros. Si controlas 2 o más Delanteros Categoría SOPFFO , inflígeles 7000 puntos de daño.</text>
      <prop>
        <type>Forward - SOPFFO - Red Mage</type>
        <manacost>4</manacost>
        <colors>Fire</colors>
        <pt>8000</pt>
      </prop>
      <set picurl="https://fftcg.cdn.sewest.net/images/cards/full/21-011H_eg.jpg">Beyond Destiny</set>
      <tablerow>2</tablerow>
    </card>
    <card>
      <name>Bahamut (21-012H)</name>
      <text>Durante tu turno, el coste requerido para lanzar Bahamut se reduce en 2.
  Elige 1 Delantero. Inflígele 10000 puntos de daño. Este daño no puede reducirse. Si pasa del terreno de juego a la Break Zone este turno, retíralo del juego en su lugar.</text>
      <prop>
        <type>Summon - III</type>
        <manacost>5</manacost>
        <colors>Fire</colors>
        <pt>0</pt>
      </prop>
      <set picurl="https://fftcg.cdn.sewest.net/images/cards/full/21-012H_eg.jpg">Beyond Destiny</set>
      <tablerow>3</tablerow>
    </card>
    <card>
      <name>Feolthanos (21-013H)</name>
      <text>Cuando tu oponente usa un EX Burst, Forthanos inflige a tu oponente 3 puntos de daño.
  Cuando Forthanos pasa del terreno de juego a la Break Zone, elige hasta 2 Delanteros. Inflígeles 9000 puntos de daño.</text>
      <prop>
        <type>Forward - XII - Aegyl</type>
        <manacost>5</manacost>
        <colors>Fire</colors>
        <pt>9000</pt>
      </prop>
      <set picurl="https://fftcg.cdn.sewest.net/images/cards/full/21-013H_eg.jpg">Beyond Destiny</set>
      <tablerow>2</tablerow>
    </card>
    <card>
      <name>Bomb (21-014C)</name>
      <text>(Fire)(Dull), pon Bom en la Break Zone: Elige 1 Delantero. Inflígele 4000 puntos de daño. Después, busca 1 Nombre de la carta Bom  y juégala al terreno de juego.</text>
      <prop>
        <type>Monster - SOPFFO - Bomb</type>
        <manacost>1</manacost>
        <colors>Fire</colors>
        <pt>0</pt>
      </prop>
      <set picurl="https://fftcg.cdn.sewest.net/images/cards/full/21-014C_eg.jpg">Beyond Destiny</set>
      <tablerow>1</tablerow>
    </card>
    <card>
      <name>Marilith (21-015R)</name>
      <text>Cuando Marilita entra al terreno de juego, elige 1 Delantero controlado por tu oponente. Inflígele 8000 puntos de daño.
  Cuando Marilita entra al terreno de juego, elige hasta 2 Delanteros. Si controlas 7 o más personajes Fuego, estos ganan Prisa hasta el final del turno.</text>
      <prop>
        <type>Forward - SOPFFO - Chaos</type>
        <manacost>4</manacost>
        <colors>Fire</colors>
        <pt>5000</pt>
      </prop>
      <set picurl="https://fftcg.cdn.sewest.net/images/cards/full/21-015R_eg.jpg">Beyond Destiny</set>
      <tablerow>2</tablerow>
    </card>
    <card>
      <name>Mutsuki (21-016C)</name>
      <text>Cuando Mutsuki entra al terreno de juego, elige 1 Delantero controlado por tu oponente. Inflígele 5000 puntos de daño. Si controlas 3 o más personajes Categoría TYPE-0 , inflígele 8000 puntos de daño en su lugar.</text>
      <prop>
        <type>Backup - TYPE-0 - Agito Cadet</type>
        <manacost>3</manacost>
        <colors>Fire</colors>
        <pt>0</pt>
      </prop>
      <set picurl="https://fftcg.cdn.sewest.net/images/cards/full/21-016C_eg.jpg">Beyond Destiny</set>
      <tablerow>0</tablerow>
    </card>
    <card>
      <name>Monk (21-017C)</name>
      <text>Transporte 2 --  (Fire)
  Bravura</text>
      <prop>
        <type>Forward - Special - Standard Unit</type>
        <manacost>4</manacost>
        <colors>Fire</colors>
        <pt>8000</pt>
      </prop>
      <set picurl="https://fftcg.cdn.sewest.net/images/cards/full/21-017C_eg.jpg">Beyond Destiny</set>
      <tablerow>2</tablerow>
    </card>
    <card>
      <name>Rain (21-018R)</name>
      <text>Transporte 2 --  (Fire)
  Prisa
  Cuando Rain entra al terreno de juego a causa de una habilidad, elige 1 Delantero controlado por tu oponente. Inflígele 7000 puntos de daño.</text>
      <prop>
        <type>Forward - FFBE - Knight</type>
        <manacost>3</manacost>
        <colors>Fire</colors>
        <pt>7000</pt>
      </prop>
      <set picurl="https://fftcg.cdn.sewest.net/images/cards/full/21-018R_eg.jpg">Beyond Destiny</set>
      <tablerow>2</tablerow>
    </card>
    <card>
      <name>Reynn (21-019C)</name>
      <text>(Dull), pon Reynn en la Break Zone: Elige 1 Monstruo de coste 3 o menos de tu Break Zone. Juégalo al terreno de juego. Solo puedes usar esta habilidad durante tu turno.</text>
      <prop>
        <type>Backup - WOFF - Mirage Keeper</type>
        <manacost>2</manacost>
        <colors>Fire</colors>
        <pt>0</pt>
      </prop>
      <set picurl="https://fftcg.cdn.sewest.net/images/cards/full/21-019C_eg.jpg">Beyond Destiny</set>
      <tablerow>0</tablerow>
    </card>
    <card>
      <name>Lehftia (21-020C)</name>
      <text>Si una Invocación Fuego tuya o un personaje Fuego que controlas inflige daño a un Delantero, el daño aumenta en 2000 en su lugar.
  Daños 3 --  Cuando Lehtia entra al terreno de juego, elige 1 Delantero controlado por tu oponente. Inflígele 6000 puntos de daño.</text>
      <prop>
        <type>Forward - FFBE - Fusionist</type>
        <manacost>2</manacost>
        <colors>Fire</colors>
        <pt>5000</pt>
      </prop>
      <set picurl="https://fftcg.cdn.sewest.net/images/cards/full/21-020C_eg.jpg">Beyond Destiny</set>
      <tablerow>2</tablerow>
    </card>
    <card>
      <name>Red Mage (21-021C)</name>
      <text>Cuando Mago rojo entra al terreno de juego, elige 1 personaje. Ponlo en dull y congélalo.
  Cuando Mago rojo forma un equipo y ataca, elige 1 personaje. Ponlo en dull y congélalo.</text>
      <prop>
        <type>Forward - Special - Standard Unit</type>
        <manacost>2</manacost>
        <colors>Ice</colors>
        <pt>5000</pt>
      </prop>
      <set picurl="https://fftcg.cdn.sewest.net/images/cards/full/21-021C_eg.jpg">Beyond Destiny</set>
      <tablerow>2</tablerow>
    </card>
    <card>
      <name>Astos (21-022H)</name>
      <text>Bravura
  [EX BURST] Cuando Astos entra al terreno de juego o abandona el terreno de juego, ganas (C).
  (C)(C)(C)(Dull): Pon en dull todos los Delanteros controlados por tu oponente. Después, inflige 9000 puntos de daño a todos los Delanteros en dull controlados por tu oponente.</text>
      <prop>
        <type>Forward - SOPFFO - Dark Elf</type>
        <manacost>4</manacost>
        <colors>Ice</colors>
        <pt>8000</pt>
      </prop>
      <set picurl="https://fftcg.cdn.sewest.net/images/cards/full/21-022H_eg.jpg">Beyond Destiny</set>
      <tablerow>2</tablerow>
    </card>
    <card>
      <name>Ultimecia (21-023L)</name>
      <text>Artemisa no puede ser objetivo de las Invocaciones de tu oponente.
  Cuando Artemisa entra al terreno de juego, retira del juego hasta 5 personajes de coste 5 o más de tu Break Zone. Cuando has retirado 1 o más cartas, elige el mismo número de personajes como cartas hayas retirado de esta forma. Ponlos en dull y congélalos. Tu oponente descarta 1 carta.</text>
      <prop>
        <type>Forward - VIII - Witch</type>
        <manacost>5</manacost>
        <colors>Ice</colors>
        <pt>9000</pt>
      </prop>
      <set picurl="https://fftcg.cdn.sewest.net/images/cards/full/21-023L_eg.jpg">Beyond Destiny</set>
      <tablerow>2</tablerow>
    </card>
    <card>
      <name>Scholar (21-024C)</name>
      <text>Cuando Erudito entra al terreno de juego, ganas (C).
  Cuando Erudito entra al terreno de juego, si controlas 3 o menos Apoyos, coge 1 carta.</text>
      <prop>
        <type>Backup - XIV - Standard Unit</type>
        <manacost>3</manacost>
        <colors>Ice</colors>
        <pt>0</pt>
      </prop>
      <set picurl="https://fftcg.cdn.sewest.net/images/cards/full/21-024C_eg.jpg">Beyond Destiny</set>
      <tablerow>0</tablerow>
    </card>
    <card>
      <name>Kiros (21-025R)</name>
      <text>Transporte 1 --  (Ice)
  Cuando Kiros o un Delantero entra a tu terreno de juego a causa de Transporte, elige 1 personaje. Ponlo en dull y congélalo.</text>
      <prop>
        <type>Forward - VIII - Warrior</type>
        <manacost>3</manacost>
        <colors>Ice</colors>
        <pt>7000</pt>
      </prop>
      <set picurl="https://fftcg.cdn.sewest.net/images/cards/full/21-025R_eg.jpg">Beyond Destiny</set>
      <tablerow>2</tablerow>
    </card>
    <card>
      <name>Bard (21-026C)</name>
      <text>(0): Elige 1 Delantero. Este pierde todas sus habilidades hasta el final del turno. Solo puedes usar esta habilidad una vez por turno.</text>
      <prop>
        <type>Forward - XIV - Standard Unit</type>
        <manacost>4</manacost>
        <colors>Ice</colors>
        <pt>8000</pt>
      </prop>
      <set picurl="https://fftcg.cdn.sewest.net/images/cards/full/21-026C_eg.jpg">Beyond Destiny</set>
      <tablerow>2</tablerow>
    </card>
    <card>
      <name>Griever (21-027L)</name>
      <text>Cuando Gryphus pasa del terreno de juego a la Break Zone, puedes buscar 1 Oficio Bruja  y jugarla al terreno de juego.
  (Dull): Selecciona 1 de las siguientes 2 acciones.
  "Elige 1 Delantero en dull controlado por tu oponente. Rómpelo."
  "Tu oponente descarta 1 carta."</text>
      <prop>
        <type>Forward - MOBIUS · VIII - Griever</type>
        <manacost>6</manacost>
        <colors>Ice</colors>
        <pt>9000</pt>
      </prop>
      <set picurl="https://fftcg.cdn.sewest.net/images/cards/full/21-027L_eg.jpg">Beyond Destiny</set>
      <tablerow>2</tablerow>
    </card>
    <card>
      <name>Shiva (21-028H)</name>
      <text>Si lanzas Shiva, puedes retirar del juego 4 cartas Frío de tu Break Zone como coste adicional.
  Elige 1 personaje. Ponlo en dull y congélalo. Si has pagado el coste adicional, devuelve Shiva a la mano de su propietario.</text>
      <prop>
        <type>Summon - III</type>
        <manacost>1</manacost>
        <colors>Ice</colors>
        <pt>0</pt>
      </prop>
      <set picurl="https://fftcg.cdn.sewest.net/images/cards/full/21-028H_eg.jpg">Beyond Destiny</set>
      <tablerow>3</tablerow>
    </card>
    <card>
      <name>Squall (21-029R)</name>
      <text>Iniciativa
  Cuando Squall ataca, si controlas 2 o más personajes Categoría WOFF , tu oponente descarta 1 carta.
  (0): Elige 1 Delantero bloqueante. Inflígele 3000 puntos de daño. Solo puedes usar esta habilidad una vez por turno.</text>
      <prop>
        <type>Forward - WOFF - Mercenary</type>
        <manacost>3</manacost>
        <colors>Ice</colors>
        <pt>7000</pt>
      </prop>
      <set picurl="https://fftcg.cdn.sewest.net/images/cards/full/21-029R_eg.jpg">Beyond Destiny</set>
      <tablerow>2</tablerow>
    </card>
    <card>
      <name>Snow (21-030C)</name>
      <text>Si controlas 2 o más personajes Categoría WOFF , Snow gana Prisa.
  Cuando Snow ataca, elige 1 personaje. Ponlo en dull y congélalo.
  Daños 3 --  Snow gana +3000 de poder.</text>
      <prop>
        <type>Forward - WOFF - Martial Artist</type>
        <manacost>2</manacost>
        <colors>Ice</colors>
        <pt>5000</pt>
      </prop>
      <set picurl="https://fftcg.cdn.sewest.net/images/cards/full/21-030C_eg.jpg">Beyond Destiny</set>
      <tablerow>2</tablerow>
    </card>
    <card>
      <name>Setzer (21-031H)</name>
      <text>Una vez por turno, puedes lanzar una carta retirada por las habilidades de Setzer en cualquier momento en el que normalmente sería posible lanzarla.
  Cuando Setzer entra al terreno de juego, elige hasta 2 Delanteros de tu Break Zone. Retíralos del juego.</text>
      <prop>
        <type>Forward - VI - Gambler</type>
        <manacost>3</manacost>
        <colors>Ice</colors>
        <pt>5000</pt>
      </prop>
      <set picurl="https://fftcg.cdn.sewest.net/images/cards/full/21-031H_eg.jpg">Beyond Destiny</set>
      <tablerow>2</tablerow>
    </card>
    <card>
      <name>Terra (21-032R)</name>
      <text>Cuando Terra entra al terreno de juego, puedes buscar 2 Invocaciones Frío, cada una con un coste distinto, y añadirlas a tu mano.
  Láser Magitec (S), descarta 1 Invocación: Elige 1 Delantero. Inflígele 9000 puntos de daño.</text>
      <prop>
        <type>Forward - WOFF - Summoner</type>
        <manacost>5</manacost>
        <colors>Ice</colors>
        <pt>8000</pt>
      </prop>
      <set picurl="https://fftcg.cdn.sewest.net/images/cards/full/21-032R_eg.jpg">Beyond Destiny</set>
      <tablerow>2</tablerow>
    </card>
    <card>
      <name>The Girl Who Forgot Her Name (21-033R)</name>
      <text>Cuando Chica sin nombre entra al terreno de juego, puedes buscar 1 Delantero Categoría WOFF  y añadirlo a tu mano.</text>
      <prop>
        <type>Backup - WOFF - Girl</type>
        <manacost>3</manacost>
        <colors>Ice</colors>
        <pt>0</pt>
      </prop>
      <set picurl="https://fftcg.cdn.sewest.net/images/cards/full/21-033R_eg.jpg">Beyond Destiny</set>
      <tablerow>0</tablerow>
    </card>
    <card>
      <name>Fomor (21-034C)</name>
      <text>Cuando Fomor entra al terreno de juego, elige 1 Delantero en dull. Inflígele 4000 puntos de daño.
  (Dull), pon Fomor en la Break Zone: Elige 1 Delantero en dull. Inflígele 4000 puntos de daño. Si tu oponente tiene 2 cartas o menos en su mano, inflígele 7000 puntos de daño en su lugar.</text>
      <prop>
        <type>Monster - MOBIUS · XI - Undead</type>
        <manacost>2</manacost>
        <colors>Ice</colors>
        <pt>0</pt>
      </prop>
      <set picurl="https://fftcg.cdn.sewest.net/images/cards/full/21-034C_eg.jpg">Beyond Destiny</set>
      <tablerow>1</tablerow>
    </card>
    <card>
      <name>Minwu (21-035C)</name>
      <text>Cuando Minu entra al terreno de juego, elige 1 personaje. Congélalo.
  (1)(Dull), pon Minu en la Break Zone: Elige 1 personaje. Ponlo en dull y congélalo.</text>
      <prop>
        <type>Backup - II - White Mage/Rebel</type>
        <manacost>2</manacost>
        <colors>Ice</colors>
        <pt>0</pt>
      </prop>
      <set picurl="https://fftcg.cdn.sewest.net/images/cards/full/21-035C_eg.jpg">Beyond Destiny</set>
      <tablerow>0</tablerow>
    </card>
    <card>
      <name>Reaper (21-037C)</name>
      <text>Cuando Reaper entra al terreno de juego, selecciona 1 de las siguientes 2 acciones.
  "Elige 1 Delantero en dull de coste 3 o menos. Rómpelo."
  "Tu oponente descarta 1 carta."</text>
      <prop>
        <type>Forward - XIV - Standard Unit</type>
        <manacost>3</manacost>
        <colors>Ice</colors>
        <pt>5000</pt>
      </prop>
      <set picurl="https://fftcg.cdn.sewest.net/images/cards/full/21-037C_eg.jpg">Beyond Destiny</set>
      <tablerow>2</tablerow>
    </card>
    <card>
      <name>Rinoa (21-038R)</name>
      <text>Puedes lanzar las Invocaciones retiradas por las habilidades de Rinoa en cualquier momento en el que normalmente sería posible lanzarlas.
  Cuando Rinoa entra al terreno de juego, elige 1 Invocación de tu Break Zone. Retírala del juego.</text>
      <prop>
        <type>Backup - THEATRHYTHM · VIII - Resistance Fighter</type>
        <manacost>3</manacost>
        <colors>Ice</colors>
        <pt>0</pt>
      </prop>
      <set picurl="https://fftcg.cdn.sewest.net/images/cards/full/21-038R_eg.jpg">Beyond Destiny</set>
      <tablerow>0</tablerow>
    </card>
    <card>
      <name>Lufenian (21-039C)</name>
      <text>Cuando Lufeniana entra al terreno de juego, si controlas solo 1 Apoyo, tu oponente descarta 1 carta.</text>
      <prop>
        <type>Backup - SOPFFO - Lufenian</type>
        <manacost>2</manacost>
        <colors>Ice</colors>
        <pt>0</pt>
      </prop>
      <set picurl="https://fftcg.cdn.sewest.net/images/cards/full/21-039C_eg.jpg">Beyond Destiny</set>
      <tablerow>0</tablerow>
    </card>
    <card>
      <name>Rursan Arbiter (21-040R)</name>
      <text>No puedes jugar Juez lu'Ruzhas o Nombre de la carta Cid Aulstyne  mientras ya controlas al otro personaje.
  (0): Elige 1 Delantero. Rómpelo. Solo puedes usar esta habilidad si tu oponente no tiene cartas en su mano, durante tu turno y solo una vez por turno.</text>
      <prop>
        <type>Forward - TYPE-0 - L'Cie</type>
        <manacost>5</manacost>
        <colors>Ice</colors>
        <pt>8000</pt>
      </prop>
      <set picurl="https://fftcg.cdn.sewest.net/images/cards/full/21-040R_eg.jpg">Beyond Destiny</set>
      <tablerow>2</tablerow>
    </card>
    <card>
      <name>Evil Weapon (21-041C)</name>
      <text>(Dull), pon Evil Weapon en la Break Zone: Elige 1 Delantero controlado por tu oponente. Inflígele 4000 puntos de daño. Ganas (C).</text>
      <prop>
        <type>Monster - MOBIUS · XI - Evil Weapon</type>
        <manacost>1</manacost>
        <colors>Wind</colors>
        <pt>0</pt>
      </prop>
      <set picurl="https://fftcg.cdn.sewest.net/images/cards/full/21-041C_eg.jpg">Beyond Destiny</set>
      <tablerow>1</tablerow>
    </card>
    <card>
      <name>Vaan (21-042H)</name>
      <text>El coste requerido para lanzar Vaan se reduce en 1 por cada personaje Aire que controlas.
  Cuando Vaan entra al terreno de juego, si has lanzado 3 o más cartas este turno, coge 1 carta.</text>
      <prop>
        <type>Forward - XII - Sky Pirate</type>
        <manacost>7</manacost>
        <colors>Wind</colors>
        <pt>9000</pt>
      </prop>
      <set picurl="https://fftcg.cdn.sewest.net/images/cards/full/21-042H_eg.jpg">Beyond Destiny</set>
      <tablerow>2</tablerow>
    </card>
    <card>
      <name>Viera (21-043C)</name>
      <text>Cuando Viera entra al terreno de juego, mira las 2 cartas de la parte superior de tu mazo. Añade 1 carta de entre ellas a tu mano y pon la otra en la parte inferior de tu mazo.
  (1)(Dull), pon Viera en la Break Zone: Mira las 2 cartas de la parte superior de tu mazo. Añade 1 carta de entre ellas a tu mano y pon la otra en la parte inferior de tu mazo.</text>
      <prop>
        <type>Backup - XII - Standard Unit</type>
        <manacost>3</manacost>
        <colors>Wind</colors>
        <pt>0</pt>
      </prop>
      <set picurl="https://fftcg.cdn.sewest.net/images/cards/full/21-043C_eg.jpg">Beyond Destiny</set>
      <tablerow>0</tablerow>
    </card>
    <card>
      <name>Dancer (21-044C)</name>
      <text>Si controlas una Oficio Bailarín/Bailarina  o una Nombre de la carta Bailarín/Bailarina , el coste requerido para lanzar Bailarina se reduce en 2.
  Cuando Bailarina entra al terreno de juego, elige hasta 2 personajes. Actívalos.</text>
      <prop>
        <type>Forward - XIV - Standard Unit</type>
        <manacost>4</manacost>
        <colors>Wind</colors>
        <pt>8000</pt>
      </prop>
      <set picurl="https://fftcg.cdn.sewest.net/images/cards/full/21-044C_eg.jpg">Beyond Destiny</set>
      <tablerow>2</tablerow>
    </card>
    <card>
      <name>Princess Goblin (21-045C)</name>
      <text>Cuando Princesa duende entra al terreno de juego, puedes buscar 1 Nombre de la carta Guerrero de la Luz  o Nombre de la carta Princesa Sara  y añadirla a tu mano.</text>
      <prop>
        <type>Backup - WOFF - Goblin</type>
        <manacost>3</manacost>
        <colors>Wind</colors>
        <pt>0</pt>
      </prop>
      <set picurl="https://fftcg.cdn.sewest.net/images/cards/full/21-045C_eg.jpg">Beyond Destiny</set>
      <tablerow>0</tablerow>
    </card>
    <card>
      <name>Cid (II) (21-046C)</name>
      <text>Cuando Cid (II) entra al terreno de juego, puedes buscar 1 carta con Transporte y añadirla a tu mano.
  (Dull), pon Cid (II) en la Break Zone: Elige 1 carta retirada del juego. Retira 1 Contador Transporte de ella. Solo puedes usar esta habilidad durante tu turno.</text>
      <prop>
        <type>Backup - II - Engineer</type>
        <manacost>4</manacost>
        <colors>Wind</colors>
        <pt>0</pt>
      </prop>
      <set picurl="https://fftcg.cdn.sewest.net/images/cards/full/21-046C_eg.jpg">Beyond Destiny</set>
      <tablerow>0</tablerow>
    </card>
    <card>
      <name>Summoner (21-047C)</name>
      <text>Cuando Invocador entra al terreno de juego, puedes buscar 1 Invocación Aire y añadirla a tu mano.
  Cuando lanzas una Invocación, Invocador gana +2000 de poder hasta el final del turno.</text>
      <prop>
        <type>Forward - XIV - Standard Unit</type>
        <manacost>4</manacost>
        <colors>Wind</colors>
        <pt>5000</pt>
      </prop>
      <set picurl="https://fftcg.cdn.sewest.net/images/cards/full/21-047C_eg.jpg">Beyond Destiny</set>
      <tablerow>2</tablerow>
    </card>
    <card>
      <name>Princess Sarah (21-048L)</name>
      <text>(0): Elige 1 Delantero. Hasta el final del turno, este gana "Este Delantero no puede ser objetivo de EX Bursts." Solo puedes usar esta habilidad durante tu Main Phase y solo una vez por turno.
  (Dull), descarta 1 Oficio Princesa : Elige 1 Delantero. Durante este turno, el siguiente daño que reciba se vuelve 0 en su lugar.</text>
      <prop>
        <type>Backup - SOPFFO - Princess</type>
        <manacost>2</manacost>
        <colors>Wind</colors>
        <pt>0</pt>
      </prop>
      <set picurl="https://fftcg.cdn.sewest.net/images/cards/full/21-048L_eg.jpg">Beyond Destiny</set>
      <tablerow>0</tablerow>
    </card>
    <card>
      <name>Sarah (MOBIUS) (21-049R)</name>
      <text>(Dull): Todos los Delanteros que controlas ganan +1000 de poder hasta el final del turno. Solo puedes usar esta habilidad si controlas 2 o más Oficio Princesa .</text>
      <prop>
        <type>Backup - PICTLOGICA · MOBIUS - Princess</type>
        <manacost>2</manacost>
        <colors>Wind</colors>
        <pt>0</pt>
      </prop>
      <set picurl="https://fftcg.cdn.sewest.net/images/cards/full/21-049R_eg.jpg">Beyond Destiny</set>
      <tablerow>0</tablerow>
    </card>
    <card>
      <name>Sophia (SOPFFO) (21-050H)</name>
      <text>Cuando Sofía entra al terreno de juego, elige 1 Invocación de tu Break Zone. Si controlas 2 o más Delanteros Categoría SOPFFO , añádela a tu mano.
  Cuando lanzas una Invocación, puedes poner en dull 1 Delantero Categoría SOPFFO  activo que controlas. Cuando lo haces, elige 1 Delantero. Inflígele 5000 puntos de daño.</text>
      <prop>
        <type>Forward - SOPFFO - Black Mage</type>
        <manacost>3</manacost>
        <colors>Wind</colors>
        <pt>7000</pt>
      </prop>
      <set picurl="https://fftcg.cdn.sewest.net/images/cards/full/21-050H_eg.jpg">Beyond Destiny</set>
      <tablerow>2</tablerow>
    </card>
    <card>
      <name>Tiamat (21-051R)</name>
      <text>Si controlas 7 o más personajes Aire, Tiamant gana "Tiamant no puede ser objetivo de las Invocaciones o habilidades de tu oponente." y "Si Tiamant recibe daño de las Invocaciones o habilidades de tu oponente, el daño se vuelve 0 en su lugar."
  Cuando Tiamant entra al terreno de juego, elige 1 personaje de coste 5 o más controlado por tu oponente. Rómpelo.</text>
      <prop>
        <type>Forward - SOPFFO - Chaos</type>
        <manacost>4</manacost>
        <colors>Wind</colors>
        <pt>8000</pt>
      </prop>
      <set picurl="https://fftcg.cdn.sewest.net/images/cards/full/21-051R_eg.jpg">Beyond Destiny</set>
      <tablerow>2</tablerow>
    </card>
    <card>
      <name>Niini (21-052R)</name>
      <text>Cuando Tilia entra al terreno de juego, mira la carta superior de tu mazo. Puedes poner esa carta en la parte inferior de tu mazo. Si has lanzado 3 o más cartas este turno, también coge 1 carta.</text>
      <prop>
        <type>Forward - FFBE - Artificial Fairy</type>
        <manacost>1</manacost>
        <colors>Wind</colors>
        <pt>3000</pt>
      </prop>
      <set picurl="https://fftcg.cdn.sewest.net/images/cards/full/21-052R_eg.jpg">Beyond Destiny</set>
      <tablerow>2</tablerow>
    </card>
    <card>
      <name>Balthier (21-053L)</name>
      <text>Cuando Balthier o un personaje Aire entra a tu terreno de juego, elige 1 Delantero controlado por tu oponente. Inflígele 3000 puntos de daño.
  Descarta 1 Oficio Pirata del aire : Activa todos los personajes que controlas. Solo puedes usar esta habilidad una vez por turno.</text>
      <prop>
        <type>Forward - XII - Sky Pirate</type>
        <manacost>4</manacost>
        <colors>Wind</colors>
        <pt>8000</pt>
      </prop>
      <set picurl="https://fftcg.cdn.sewest.net/images/cards/full/21-053L_eg.jpg">Beyond Destiny</set>
      <tablerow>2</tablerow>
    </card>
    <card>
      <name>Pandemonium (21-054H)</name>
      <text>Selecciona 1 de las siguientes 2 acciones. Si has lanzado 2 o más cartas que no sean Pandemonium este turno, selecciona hasta 2 de las siguientes 2 acciones en su lugar.
  "Elige 1 Delantero de coste 5 o más. Inflígele 8000 puntos de daño."
  "Busca 1 Delantero Aire de coste 5 o más y añádelo a tu mano."</text>
      <prop>
        <type>Summon - MOBIUS · VIII</type>
        <manacost>2</manacost>
        <colors>Wind</colors>
        <pt>0</pt>
      </prop>
      <set picurl="https://fftcg.cdn.sewest.net/images/cards/full/21-054H_eg.jpg">Beyond Destiny</set>
      <tablerow>3</tablerow>
    </card>
    <card>
      <name>Penelo (21-055H)</name>
      <text>Cuando Penelo entra al terreno de juego, elige 2 personajes. Si controlas 2 o más Delanteros Oficio Pirata del aire , actívalos.
  Cuando Penelo pasa del terreno de juego a la Break Zone, elige 1 Oficio Pirata del aire  de coste 3 o más de tu Break Zone. Añádela a tu mano.</text>
      <prop>
        <type>Forward - XII - Dancer/Sky Pirate</type>
        <manacost>2</manacost>
        <colors>Wind</colors>
        <pt>5000</pt>
      </prop>
      <set picurl="https://fftcg.cdn.sewest.net/images/cards/full/21-055H_eg.jpg">Beyond Destiny</set>
      <tablerow>2</tablerow>
    </card>
    <card>
      <name>Galeserpent General Najelith (21-056R)</name>
      <text>Si controlas 2 o más personajes Aire, el coste requerido para lanzar Najelith, general Ventoserpentis, se reduce en 2.
  Najelith, general Ventoserpentis, no puede ser objetivo de las habilidades de tu oponente.
  (Dull): Elige 1 Delantero. Inflígele 4000 puntos de daño.</text>
      <prop>
        <type>Forward - XI - Serpent General</type>
        <manacost>4</manacost>
        <colors>Wind</colors>
        <pt>8000</pt>
      </prop>
      <set picurl="https://fftcg.cdn.sewest.net/images/cards/full/21-056R_eg.jpg">Beyond Destiny</set>
      <tablerow>2</tablerow>
    </card>
    <card>
      <name>Fran (21-057R)</name>
      <text>Las Nombre de la carta Balthier  que controlas no pueden ser objetivo de las habilidades de tu oponente.
  (Wind): Juega Fran al terreno de juego en dull. Solo puedes usar esta habilidad si una Nombre de la carta Balthier  ha entrado a tu terreno de juego este turno y si Fran está en la Break Zone.</text>
      <prop>
        <type>Forward - XII - Sky Pirate</type>
        <manacost>1</manacost>
        <colors>Wind</colors>
        <pt>3000</pt>
      </prop>
      <set picurl="https://fftcg.cdn.sewest.net/images/cards/full/21-057R_eg.jpg">Beyond Destiny</set>
      <tablerow>2</tablerow>
    </card>
    <card>
      <name>Machina (21-058C)</name>
      <text>Si controlas 2 o más Oficio Clase Cero , Machina gana +3000 de poder, Prisa y "Machina no puede ser objetivo de las Invocaciones de tu oponente."
  Rompecoraza (S)(Wind)(Wind): Elige 1 Delantero de coste 5 o más. Rómpelo.</text>
      <prop>
        <type>Forward - THEATRHYTHM · TYPE-0 - Class Zero Cadet</type>
        <manacost>2</manacost>
        <colors>Wind</colors>
        <pt>5000</pt>
      </prop>
      <set picurl="https://fftcg.cdn.sewest.net/images/cards/full/21-058C_eg.jpg">Beyond Destiny</set>
      <tablerow>2</tablerow>
    </card>
    <card>
      <name>Dragoon (21-059C)</name>
      <text>Cuando Caballero dragón entra al terreno de juego, ganas (C).
  Cuando Caballero dragón entra al terreno de juego, si controlas 3 o menos Apoyos, coge 1 carta.</text>
      <prop>
        <type>Backup - XIV - Standard Unit</type>
        <manacost>3</manacost>
        <colors>Wind</colors>
        <pt>0</pt>
      </prop>
      <set picurl="https://fftcg.cdn.sewest.net/images/cards/full/21-059C_eg.jpg">Beyond Destiny</set>
      <tablerow>0</tablerow>
    </card>
    <card>
      <name>Rikku (21-060R)</name>
      <text>[EX BURST] Cuando Rikku entra al terreno de juego, revela la carta superior de tu mazo. Si es una carta Aire, añádela a tu mano.
  Daños 3 --  Rikku gana +2000 de poder.</text>
      <prop>
        <type>Forward - WOFF - Treasure Hunter</type>
        <manacost>2</manacost>
        <colors>Wind</colors>
        <pt>5000</pt>
      </prop>
      <set picurl="https://fftcg.cdn.sewest.net/images/cards/full/21-060R_eg.jpg">Beyond Destiny</set>
      <tablerow>2</tablerow>
    </card>
    <card>
      <name>Ursula (21-061H)</name>
      <text>Bravura
  Cuando Ursula entra al terreno de juego, ganas (C).
  (C): Ursula gana +3000 de poder hasta el final del turno.
  (C): Durante este turno, los Delanteros que controlas no pueden ser objetivo de EX Bursts.</text>
      <prop>
        <type>Forward - IV - Monk</type>
        <manacost>2</manacost>
        <colors>Earth</colors>
        <pt>5000</pt>
      </prop>
      <set picurl="https://fftcg.cdn.sewest.net/images/cards/full/21-061H_eg.jpg">Beyond Destiny</set>
      <tablerow>2</tablerow>
    </card>
    <card>
      <name>Ash (21-062H)</name>
      <text>Bravura
  Los Delanteros con Bravura que controlas que no sean Ash ganan +3000 de poder.
  Cuando Ash entra al terreno de juego, elige 1 personaje de tu Break Zone. Si controlas 2 o más Delanteros Categoría SOPFFO , añádelo a tu mano.
  (Dull): Elige 1 Delantero. Este gana Bravura hasta el final del turno.</text>
      <prop>
        <type>Forward - SOPFFO - Monk</type>
        <manacost>3</manacost>
        <colors>Earth</colors>
        <pt>7000</pt>
      </prop>
      <set picurl="https://fftcg.cdn.sewest.net/images/cards/full/21-062H_eg.jpg">Beyond Destiny</set>
      <tablerow>2</tablerow>
    </card>
    <card>
      <name>Dark Knight (21-063C)</name>
      <text>Por cada punto de daño que has recibido, Caballero oscuro gana +1000 de poder.
  (C)(Dull): Elige 1 Delantero. Rómpelo. Caballero oscuro te inflige 1 punto de daño.</text>
      <prop>
        <type>Forward - XIV - Standard Unit</type>
        <manacost>3</manacost>
        <colors>Earth</colors>
        <pt>6000</pt>
      </prop>
      <set picurl="https://fftcg.cdn.sewest.net/images/cards/full/21-063C_eg.jpg">Beyond Destiny</set>
      <tablerow>2</tablerow>
    </card>
    <card>
      <name>Ingus (21-064L)</name>
      <text>El coste requerido para lanzar Ingus se reduce en 1 por cada Apoyo Tierra que controlas.
  [EX BURST] Cuando Ingus entra al terreno de juego, puedes buscar 1 Delantero Tierra que no sea Nombre de la carta Ingus  y añadirlo a tu mano.</text>
      <prop>
        <type>Forward - III - Warrior of Light</type>
        <manacost>6</manacost>
        <colors>Earth</colors>
        <pt>9000</pt>
      </prop>
      <set picurl="https://fftcg.cdn.sewest.net/images/cards/full/21-064L_eg.jpg">Beyond Destiny</set>
      <tablerow>2</tablerow>
    </card>
    <card>
      <name>Onion Knight (21-065R)</name>
      <text></text>
      <prop>
        <type>Forward - DFF · III - Onion Knight/Warrior of Light</type>
        <manacost>3</manacost>
        <colors>Earth</colors>
        <pt>9000</pt>
      </prop>
      <set picurl="https://fftcg.cdn.sewest.net/images/cards/full/21-065R_eg.jpg">Beyond Destiny</set>
      <tablerow>2</tablerow>
    </card>
    <card>
      <name>Guy (21-066C)</name>
      <text>Bravura
  Cuando Guy ataca, Guy gana +3000 de poder hasta el final del turno.</text>
      <prop>
        <type>Forward - THEATRHYTHM · II - Warrior/Rebel</type>
        <manacost>2</manacost>
        <colors>Earth</colors>
        <pt>5000</pt>
      </prop>
      <set picurl="https://fftcg.cdn.sewest.net/images/cards/full/21-066C_eg.jpg">Beyond Destiny</set>
      <tablerow>2</tablerow>
    </card>
    <card>
      <name>Galuf (21-067R)</name>
      <text>Los Delanteros de coste 2 o menos que controlas ganan +2000 de poder.
  Cuando Galuf entra al terreno de juego, revela las 5 cartas de la parte superior de tu mazo. Juega 1 Delantero de coste 2 o menos de entre ellas al terreno de juego y pon el resto en la parte inferior de tu mazo en el orden que quieras.
  Hoja del alba (S)(Dull): Elige 1 Delantero. Inflígele 8000 puntos de daño.</text>
      <prop>
        <type>Forward - DFF · V - Dawn Warrior</type>
        <manacost>4</manacost>
        <colors>Earth</colors>
        <pt>8000</pt>
      </prop>
      <set picurl="https://fftcg.cdn.sewest.net/images/cards/full/21-067R_eg.jpg">Beyond Destiny</set>
      <tablerow>2</tablerow>
    </card>
    <card>
      <name>Qiqirn (21-068C)</name>
      <text>Cuando Qiqirn entra al terreno de juego, revela las 5 cartas de la parte superior de tu mazo. Añade 1 Delantero de entre ellas a tu mano y pon el resto en la parte inferior de tu mazo en el orden que quieras.
  (Earth)(Earth)(1)(Dull), pon Qiqirn en la Break Zone: Elige 1 Delantero en dull. Rómpelo.</text>
      <prop>
        <type>Backup - MOBIUS · XI - Standard Unit</type>
        <manacost>3</manacost>
        <colors>Earth</colors>
        <pt>0</pt>
      </prop>
      <set picurl="https://fftcg.cdn.sewest.net/images/cards/full/21-068C_eg.jpg">Beyond Destiny</set>
      <tablerow>0</tablerow>
    </card>
    <card>
      <name>Krile (21-069C)</name>
      <text>Cuando Krile entra al terreno de juego, puedes descartar 1 Invocación. Cuando lo haces, elige 1 Delantero. Inflígele 8000 puntos de daño.
  (Earth)(Earth)(Dull), pon Krile en la Break Zone: Elige 1 Invocación de tu Break Zone. Añádela a tu mano.</text>
      <prop>
        <type>Backup - THEATRHYTHM · V - Warrior of Light</type>
        <manacost>2</manacost>
        <colors>Earth</colors>
        <pt>0</pt>
      </prop>
      <set picurl="https://fftcg.cdn.sewest.net/images/cards/full/21-069C_eg.jpg">Beyond Destiny</set>
      <tablerow>0</tablerow>
    </card>
    <card>
      <name>White Mage (21-070C)</name>
      <text>Cuando Mago blanco entra al terreno de juego, elige 1 Delantero Oficio Soldado  de coste 3 o menos de tu Break Zone. Juégalo al terreno de juego.</text>
      <prop>
        <type>Forward - XIV - Standard Unit</type>
        <manacost>4</manacost>
        <colors>Earth</colors>
        <pt>5000</pt>
      </prop>
      <set picurl="https://fftcg.cdn.sewest.net/images/cards/full/21-070C_eg.jpg">Beyond Destiny</set>
      <tablerow>2</tablerow>
    </card>
    <card>
      <name>Titan (21-071H)</name>
      <text>Solo puedes pagar con CP Tierra el coste para lanzar Titán.
  Selecciona 1 de las siguientes 2 acciones.
  "Elige 1 Delantero. Inflígele 9000 puntos de daño."
  "Elige 1 Delantero en dull. Rómpelo."</text>
      <prop>
        <type>Summon - III</type>
        <manacost>3</manacost>
        <colors>Earth</colors>
        <pt>0</pt>
      </prop>
      <set picurl="https://fftcg.cdn.sewest.net/images/cards/full/21-071H_eg.jpg">Beyond Destiny</set>
      <tablerow>3</tablerow>
    </card>
    <card>
      <name>Tulien (21-072H)</name>
      <text>Si un Delantero que controlas inflige daño en combate a un Delantero, el daño aumenta en 2000 en su lugar.
  (0): Elige 1 Delantero. Hasta el final del turno, este gana "Este Delantero debe atacar una vez por turno si es posible." y "Este Delantero debe bloquear si es posible." Solo puedes usar esta habilidad una vez por turno.</text>
      <prop>
        <type>Forward - FFBE - Warrior</type>
        <manacost>3</manacost>
        <colors>Earth</colors>
        <pt>7000</pt>
      </prop>
      <set picurl="https://fftcg.cdn.sewest.net/images/cards/full/21-072H_eg.jpg">Beyond Destiny</set>
      <tablerow>2</tablerow>
    </card>
    <card>
      <name>Stoneserpent General Zazarg (21-073R)</name>
      <text>Si controlas 2 o más personajes Tierra, el coste requerido para lanzar Zazarg, general Terraserpentis, se reduce en 2.
  Bravura
  Cuando Zazarg, general Terraserpentis, recibe daño de las Invocaciones o habilidades de tu oponente, elige hasta 1 Delantero. Inflígele 8000 puntos de daño.</text>
      <prop>
        <type>Forward - XI - Serpent General</type>
        <manacost>4</manacost>
        <colors>Earth</colors>
        <pt>8000</pt>
      </prop>
      <set picurl="https://fftcg.cdn.sewest.net/images/cards/full/21-073R_eg.jpg">Beyond Destiny</set>
      <tablerow>2</tablerow>
    </card>
    <card>
      <name>Neo Exdeath (21-074L)</name>
      <text>Neo Exdeath es también Nombre de la carta Exdeath  en cualquier situación.
  Bravura
  Cuando Neo Exdeath entra al terreno de juego, elige 2 Apoyos que controlas. Retíralos del juego y retira todos los Delanteros y Monstruos controlados por tu oponente.</text>
      <prop>
        <type>Forward - V - None</type>
        <manacost>8</manacost>
        <colors>Earth</colors>
        <pt>10000</pt>
      </prop>
      <set picurl="https://fftcg.cdn.sewest.net/images/cards/full/21-074L_eg.jpg">Beyond Destiny</set>
      <tablerow>2</tablerow>
    </card>
    <card>
      <name>Haveh (21-075R)</name>
      <text>Las Invocaciones o habilidades de tu oponente no pueden aumentar el poder de los Delanteros controlados por tu oponente.
  Las Oficio Guerrero  que controlas ganan "Las Invocaciones o habilidades de tu oponente que no infligen daño no pueden romper a este personaje."
  Daños 3 --  Haave gana +1000 de poder y Bravura.</text>
      <prop>
        <type>Forward - FFBE - Warrior</type>
        <manacost>5</manacost>
        <colors>Earth</colors>
        <pt>9000</pt>
      </prop>
      <set picurl="https://fftcg.cdn.sewest.net/images/cards/full/21-075R_eg.jpg">Beyond Destiny</set>
      <tablerow>2</tablerow>
    </card>
    <card>
      <name>White Tiger l'Cie Qun'mi (21-076C)</name>
      <text>Cuando Qun'mi, lu'cie del Tigre de Argén, es objetivo de una Invocación o habilidad, Qun'mi, lu'cie del Tigre de Argén, gana +2000 de poder hasta el final del turno.</text>
      <prop>
        <type>Forward - TYPE-0 - L'Cie</type>
        <manacost>4</manacost>
        <colors>Earth</colors>
        <pt>8000</pt>
      </prop>
      <set picurl="https://fftcg.cdn.sewest.net/images/cards/full/21-076C_eg.jpg">Beyond Destiny</set>
      <tablerow>2</tablerow>
    </card>
    <card>
      <name>Monk (21-077C)</name>
      <text>Cuando Monje entra al terreno de juego, ganas (C).
  Cuando Monje entra al terreno de juego, si controlas 3 o menos Apoyos, coge 1 carta.</text>
      <prop>
        <type>Backup - XIV - Standard Unit</type>
        <manacost>3</manacost>
        <colors>Earth</colors>
        <pt>0</pt>
      </prop>
      <set picurl="https://fftcg.cdn.sewest.net/images/cards/full/21-077C_eg.jpg">Beyond Destiny</set>
      <tablerow>0</tablerow>
    </card>
    <card>
      <name>Ram (21-078C)</name>
      <text>Carnero entra al terreno de juego en dull.
  (Earth)(Dull): Elige 1 Delantero. Este gana +3000 de poder hasta el final del turno. Carnero no se activará durante tu próxima Active Phase.</text>
      <prop>
        <type>Monster - MOBIUS · XI - Ram</type>
        <manacost>2</manacost>
        <colors>Earth</colors>
        <pt>0</pt>
      </prop>
      <set picurl="https://fftcg.cdn.sewest.net/images/cards/full/21-078C_eg.jpg">Beyond Destiny</set>
      <tablerow>1</tablerow>
    </card>
    <card>
      <name>Lich (21-079R)</name>
      <text>Si controlas 7 o más personajes Tierra, Lich gana "Cuando Lich pasa del terreno de juego a la Break Zone, puedes descartar 1 carta. Cuando lo haces, juega Lich desde la Break Zone al terreno de juego."
  Cuando Lich entra al terreno de juego, elige 1 Delantero controlado por tu oponente. Este gana "Al final de cada uno de tus turnos, rompe este Delantero. (Este efecto no termina al final del turno.)"</text>
      <prop>
        <type>Forward - SOPFFO - Chaos</type>
        <manacost>5</manacost>
        <colors>Earth</colors>
        <pt>9000</pt>
      </prop>
      <set picurl="https://fftcg.cdn.sewest.net/images/cards/full/21-079R_eg.jpg">Beyond Destiny</set>
      <tablerow>2</tablerow>
    </card>
    <card>
      <name>Runda (21-080R)</name>
      <text>(Dull): Elige 1 Delantero que controlas. Durante este turno, el siguiente daño que reciba de Invocaciones o habilidades se reduce en 3000 en su lugar.</text>
      <prop>
        <type>Backup - FFBE - Mech</type>
        <manacost>2</manacost>
        <colors>Earth</colors>
        <pt>0</pt>
      </prop>
      <set picurl="https://fftcg.cdn.sewest.net/images/cards/full/21-080R_eg.jpg">Beyond Destiny</set>
      <tablerow>0</tablerow>
    </card>
    <card>
      <name>Irvine (21-081L)</name>
      <text>Cuando Irvine entra al terreno de juego o ataca, elige hasta 2 cartas de la Break Zone de tu oponente. Retíralas del juego. Si se retiran del juego 2 personajes por este efecto, hasta el final del turno, Irvine gana +2000 de poder, Prisa e Iniciativa.
  Tiro penetrante (S)(Lightning): Elige 1 Delantero o Monstruo de coste 5 o menos. Rómpelo.</text>
      <prop>
        <type>Forward - VIII - Sniper</type>
        <manacost>3</manacost>
        <colors>Lightning</colors>
        <pt>7000</pt>
      </prop>
      <set picurl="https://fftcg.cdn.sewest.net/images/cards/full/21-081L_eg.jpg">Beyond Destiny</set>
      <tablerow>2</tablerow>
    </card>
    <card>
      <name>Red Mage (21-082C)</name>
      <text>Cuando Mago rojo entra al terreno de juego, ganas (C).
  Cuando Mago rojo entra al terreno de juego, si controlas 3 o menos Apoyos, coge 1 carta.</text>
      <prop>
        <type>Backup - XIV - Standard Unit</type>
        <manacost>3</manacost>
        <colors>Lightning</colors>
        <pt>0</pt>
      </prop>
      <set picurl="https://fftcg.cdn.sewest.net/images/cards/full/21-082C_eg.jpg">Beyond Destiny</set>
      <tablerow>0</tablerow>
    </card>
    <card>
      <name>Ace (21-083H)</name>
      <text>Cuando Ace entra al terreno de juego o ataca, si controlas 2 o más Oficio Clase Cero , coge 1 carta.
  Descarta 1 carta: Elige 1 Delantero. Ponlo en dull. Ace gana +1000 de poder hasta el final del turno.</text>
      <prop>
        <type>Forward - TYPE-0 - Class Zero Cadet</type>
        <manacost>4</manacost>
        <colors>Lightning</colors>
        <pt>8000</pt>
      </prop>
      <set picurl="https://fftcg.cdn.sewest.net/images/cards/full/21-083H_eg.jpg">Beyond Destiny</set>
      <tablerow>2</tablerow>
    </card>
    <card>
      <name>Odin (21-084H)</name>
      <text>Elige 1 Delantero o Monstruo de coste 4 o menos. Rómpelo. Si controlas 5 o más personajes Rayo, también coge 1 carta.</text>
      <prop>
        <type>Summon - III</type>
        <manacost>3</manacost>
        <colors>Lightning</colors>
        <pt>0</pt>
      </prop>
      <set picurl="https://fftcg.cdn.sewest.net/images/cards/full/21-084H_eg.jpg">Beyond Destiny</set>
      <tablerow>3</tablerow>
    </card>
    <card>
      <name>Emperor Gestahl (21-085H)</name>
      <text>Cuando Emperador Gestahl entra al terreno de juego, puedes descartar 1 carta. Cuando lo haces, elige 1 Delantero de tu Break Zone. Añádelo a tu mano.
  (1)(Dull), pon Emperador Gestahl en la Break Zone: Elige 4 cartas de la Break Zone de tu oponente. Retíralas del juego. Si estas cartas son del mismo tipo, también coge 1 carta.</text>
      <prop>
        <type>Backup - VI - Emperor</type>
        <manacost>2</manacost>
        <colors>Lightning</colors>
        <pt>0</pt>
      </prop>
      <set picurl="https://fftcg.cdn.sewest.net/images/cards/full/21-085H_eg.jpg">Beyond Destiny</set>
      <tablerow>0</tablerow>
    </card>
    <card>
      <name>Gunbreaker (21-086C)</name>
      <text>Cuando Gunbreaker ataca, inflige 2000 puntos de daño a todos los Delanteros controlados por tu oponente.
  Cuando Gunbreaker ataca, puedes pagar (C). Cuando lo haces, inflige 2000 puntos de daño a todos los Delanteros controlados por tu oponente.</text>
      <prop>
        <type>Forward - XIV - Standard Unit</type>
        <manacost>4</manacost>
        <colors>Lightning</colors>
        <pt>8000</pt>
      </prop>
      <set picurl="https://fftcg.cdn.sewest.net/images/cards/full/21-086C_eg.jpg">Beyond Destiny</set>
      <tablerow>2</tablerow>
    </card>
    <card>
      <name>Machinist (21-087C)</name>
      <text>Cuando Ingeniero entra al terreno de juego, elige 1 Delantero dañado. Inflígele 5000 puntos de daño.
  (Dull): Elige 1 Delantero. Inflígele 2000 puntos de daño.</text>
      <prop>
        <type>Forward - XIV - Standard Unit</type>
        <manacost>2</manacost>
        <colors>Lightning</colors>
        <pt>5000</pt>
      </prop>
      <set picurl="https://fftcg.cdn.sewest.net/images/cards/full/21-087C_eg.jpg">Beyond Destiny</set>
      <tablerow>2</tablerow>
    </card>
    <card>
      <name>Gilgamesh (21-088C)</name>
      <text>Cuando Gilgamesh pasa del terreno de juego a la Break Zone, ganas (C).
  (C): Hasta el final del turno, Gilgamesh gana Prisa, Bravura y "Gilgamesh puede atacar dos veces en el mismo turno."
  Daños 3 --  Gilgamesh gana +1000 de poder.</text>
      <prop>
        <type>Forward - DFF · V - Praetorian</type>
        <manacost>4</manacost>
        <colors>Lightning</colors>
        <pt>8000</pt>
      </prop>
      <set picurl="https://fftcg.cdn.sewest.net/images/cards/full/21-088C_eg.jpg">Beyond Destiny</set>
      <tablerow>2</tablerow>
    </card>
    <card>
      <name>Queen (21-089R)</name>
      <text>Prisa
  Si Queen está atacando, Queen gana "Si Queen recibe daño, el daño se vuelve 0 en su lugar." y "Queen no puede ser objetivo de las Invocaciones o habilidades de tu oponente."
  (Lightning)(Lightning): Queen gana +2000 de poder hasta el final del turno. Solo puedes usar esta habilidad si controlas 2 o más Oficio Clase Cero .</text>
      <prop>
        <type>Forward - DFF · TYPE-0 - Class Zero Cadet</type>
        <manacost>3</manacost>
        <colors>Lightning</colors>
        <pt>7000</pt>
      </prop>
      <set picurl="https://fftcg.cdn.sewest.net/images/cards/full/21-089R_eg.jpg">Beyond Destiny</set>
      <tablerow>2</tablerow>
    </card>
    <card>
      <name>Cloud (21-090R)</name>
      <text>Si controlas una Nombre de la carta Lann  o una Nombre de la carta Reynn , el coste requerido para lanzar Cloud puede pagarse con CP de cualquier elemento.
  Cuando Cloud entra al terreno de juego, elige 1 Delantero controlado por tu oponente. Si su coste es igual o inferior al número de personajes Categoría WOFF  que controlas, rómpelo.</text>
      <prop>
        <type>Forward - WOFF - Warrior</type>
        <manacost>2</manacost>
        <colors>Lightning</colors>
        <pt>5000</pt>
      </prop>
      <set picurl="https://fftcg.cdn.sewest.net/images/cards/full/21-090R_eg.jpg">Beyond Destiny</set>
      <tablerow>2</tablerow>
    </card>
    <card>
      <name>Black Knight (21-091C)</name>
      <text>Cuando Caballero negro entra al terreno de juego, elige 1 Delantero o Monstruo de coste 2 o menos controlado por tu oponente. Rómpelo.
  (Lightning)(Lightning)(3), pon Caballero negro en la Break Zone: Elige 1 Delantero o Monstruo. Rómpelo.</text>
      <prop>
        <type>Monster - II - Black Knight</type>
        <manacost>2</manacost>
        <colors>Lightning</colors>
        <pt>0</pt>
      </prop>
      <set picurl="https://fftcg.cdn.sewest.net/images/cards/full/21-091C_eg.jpg">Beyond Destiny</set>
      <tablerow>1</tablerow>
    </card>
    <card>
      <name>Man in Black (21-092R)</name>
      <text>No puedes jugar Hombre de negro o Nombre de la carta Golbez  mientras ya controlas al otro personaje.
  Al principio de la Attack Phase durante el turno de cada jugador, elige hasta 2 Delanteros controlados por tu oponente. Si tu oponente no paga (3), hasta el final del turno, estos ganan "Este Delantero no puede atacar ni bloquear."
  Daños 5 --  Hombre de negro gana +2000 de poder.</text>
      <prop>
        <type>Forward - IV - ???</type>
        <manacost>4</manacost>
        <colors>Lightning</colors>
        <pt>8000</pt>
      </prop>
      <set picurl="https://fftcg.cdn.sewest.net/images/cards/full/21-092R_eg.jpg">Beyond Destiny</set>
      <tablerow>2</tablerow>
    </card>
    <card>
      <name>Xande (21-093L)</name>
      <text>Cuando Zande entra al terreno de juego, elige 1 Delantero controlado por tu oponente. Si controlas 4 o más personajes Rayo, rómpelo.
  Cuando Zande entra al terreno de juego, elige 1 Delantero de tu Break Zone. Si controlas 8 o más personajes Rayo, juégalo al terreno de juego.</text>
      <prop>
        <type>Forward - III - Dark Lord</type>
        <manacost>5</manacost>
        <colors>Lightning</colors>
        <pt>9000</pt>
      </prop>
      <set picurl="https://fftcg.cdn.sewest.net/images/cards/full/21-093L_eg.jpg">Beyond Destiny</set>
      <tablerow>2</tablerow>
    </card>
    <card>
      <name>Shantotto (21-094C)</name>
      <text>Cuando Shantotto entra al terreno de juego, elige 1 Delantero. Inflígele 3000 puntos de daño por cada elemento distinto entre los personajes que controlas.</text>
      <prop>
        <type>Backup - THEATRHYTHM · XI - Mage</type>
        <manacost>3</manacost>
        <colors>Lightning</colors>
        <pt>0</pt>
      </prop>
      <set picurl="https://fftcg.cdn.sewest.net/images/cards/full/21-094C_eg.jpg">Beyond Destiny</set>
      <tablerow>0</tablerow>
    </card>
    <card>
      <name>Trey (21-095C)</name>
      <text>[EX BURST] Cuando Trey entra al terreno de juego, elige 1 Oficio Clase Cero  de tu Break Zone. Añádela a tu mano.
  Flecha dinamita (S)(Lightning)(1)(Dull): Elige 1 Delantero. Inflígele 9000 puntos de daño.</text>
      <prop>
        <type>Backup - DFF · TYPE-0 - Class Zero Cadet</type>
        <manacost>3</manacost>
        <colors>Lightning</colors>
        <pt>0</pt>
      </prop>
      <set picurl="https://fftcg.cdn.sewest.net/images/cards/full/21-095C_eg.jpg">Beyond Destiny</set>
      <tablerow>0</tablerow>
    </card>
    <card>
      <name>Nine (21-096R)</name>
      <text>Si Nine recibe daño, el daño se reduce en 2000 en su lugar.
  (0): Elige 1 Delantero. Ponlo en dull. Solo puedes usar esta habilidad si controlas 2 o más Oficio Clase Cero  y solo una vez por turno.</text>
      <prop>
        <type>Forward - DFF · TYPE-0 - Class Zero Cadet</type>
        <manacost>3</manacost>
        <colors>Lightning</colors>
        <pt>7000</pt>
      </prop>
      <set picurl="https://fftcg.cdn.sewest.net/images/cards/full/21-096R_eg.jpg">Beyond Destiny</set>
      <tablerow>2</tablerow>
    </card>
    <card>
      <name>Neilikka (21-097R)</name>
      <text>Si controlas 2 o más personajes Categoría FFBE , Neilikka gana Prisa.
  Cuando Neilikka ataca, elige 1 Delantero controlado por tu oponente. Ponlo en dull e inflígele 3000 puntos de daño.</text>
      <prop>
        <type>Forward - FFBE - Caledfwlch</type>
        <manacost>2</manacost>
        <colors>Lightning</colors>
        <pt>5000</pt>
      </prop>
      <set picurl="https://fftcg.cdn.sewest.net/images/cards/full/21-097R_eg.jpg">Beyond Destiny</set>
      <tablerow>2</tablerow>
    </card>
    <card>
      <name>Palom (21-098R)</name>
      <text>[EX BURST] Cuando Palom entra al terreno de juego, elige 1 Delantero de coste 3 o menos. Inflígele 9000 puntos de daño.</text>
      <prop>
        <type>Forward - IV - Black Mage</type>
        <manacost>4</manacost>
        <colors>Lightning</colors>
        <pt>7000</pt>
      </prop>
      <set picurl="https://fftcg.cdn.sewest.net/images/cards/full/21-098R_eg.jpg">Beyond Destiny</set>
      <tablerow>2</tablerow>
    </card>
    <card>
      <name>Firion (21-099H)</name>
      <text>Si tu oponente controla 4 o más personajes en dull, Firion gana +5000 de poder, Bravura y "Firion puede atacar dos veces en el mismo turno."
  Cuando Firion o un Delantero entra a tu terreno de juego, elige 1 personaje controlado por tu oponente. Ponlo en dull.</text>
      <prop>
        <type>Forward - II - Warrior/Rebel</type>
        <manacost>1</manacost>
        <colors>Lightning</colors>
        <pt>3000</pt>
      </prop>
      <set picurl="https://fftcg.cdn.sewest.net/images/cards/full/21-099H_eg.jpg">Beyond Destiny</set>
      <tablerow>2</tablerow>
    </card>
    <card>
      <name>Dragoon (21-100C)</name>
      <text>Cuando Caballero dragón entra al terreno de juego, elige 1 Delantero activo. Inflígele 4000 puntos de daño. Si controlas 4 o más Apoyos, inflígele 8000 puntos de daño en su lugar.</text>
      <prop>
        <type>Forward - XII - Standard Unit</type>
        <manacost>3</manacost>
        <colors>Lightning</colors>
        <pt>7000</pt>
      </prop>
      <set picurl="https://fftcg.cdn.sewest.net/images/cards/full/21-100C_eg.jpg">Beyond Destiny</set>
      <tablerow>2</tablerow>
    </card>
    <card>
      <name>Ashe (21-101C)</name>
      <text>Cuando Ashe ataca, coge 1 carta.</text>
      <prop>
        <type>Forward - XII - Queen</type>
        <manacost>4</manacost>
        <colors>Water</colors>
        <pt>8000</pt>
      </prop>
      <set picurl="https://fftcg.cdn.sewest.net/images/cards/full/21-101C_eg.jpg">Beyond Destiny</set>
      <tablerow>2</tablerow>
    </card>
    <card>
      <name>Gau (21-102L)</name>
      <text>El coste requerido para lanzar Gau se reduce en 1 por cada Monstruo que controlas.
  Cuando Gau entra al terreno de juego, elige 1 Delantero controlado por tu oponente. Si su coste es igual o inferior al número de Monstruos que controlas, ponlo en la parte inferior del mazo de su propietario.
  Pon en dull Gau activo: Elige 1 Monstruo. Hasta el final del turno, también pasa a ser un Delantero con 8000 de poder.</text>
      <prop>
        <type>Forward - VI - Wild Child</type>
        <manacost>5</manacost>
        <colors>Water</colors>
        <pt>8000</pt>
      </prop>
      <set picurl="https://fftcg.cdn.sewest.net/images/cards/full/21-102L_eg.jpg">Beyond Destiny</set>
      <tablerow>2</tablerow>
    </card>
    <card>
      <name>Kraken (21-103R)</name>
      <text>Cuando Kraken entra al terreno de juego, coge 1 carta.
  Cuando Kraken entra al terreno de juego, elige 1 Delantero. Si controlas 7 o más personajes Agua, este pierde 10000 de poder hasta el final del turno.</text>
      <prop>
        <type>Forward - SOPFFO - Chaos</type>
        <manacost>5</manacost>
        <colors>Water</colors>
        <pt>8000</pt>
      </prop>
      <set picurl="https://fftcg.cdn.sewest.net/images/cards/full/21-103R_eg.jpg">Beyond Destiny</set>
      <tablerow>2</tablerow>
    </card>
    <card>
      <name>Sage (21-104C)</name>
      <text>(0): Elige 1 Delantero. Actívalo. Solo puedes usar esta habilidad una vez por turno.</text>
      <prop>
        <type>Forward - XIV - Standard Unit</type>
        <manacost>4</manacost>
        <colors>Water</colors>
        <pt>8000</pt>
      </prop>
      <set picurl="https://fftcg.cdn.sewest.net/images/cards/full/21-104C_eg.jpg">Beyond Destiny</set>
      <tablerow>2</tablerow>
    </card>
    <card>
      <name>Sahagin (21-105C)</name>
      <text>Cuando Sahuagin entra al terreno de juego, elige 1 Delantero de coste 3 o menos controlado por tu oponente. Devuélvelo a la mano de su propietario.
  (Water)(Water)(1)(Dull), pon Sahuagin en la Break Zone: Elige 1 Delantero. Devuélvelo a la mano de su propietario.</text>
      <prop>
        <type>Monster - SOPFFO - Sahagin</type>
        <manacost>1</manacost>
        <colors>Water</colors>
        <pt>0</pt>
      </prop>
      <set picurl="https://fftcg.cdn.sewest.net/images/cards/full/21-105C_eg.jpg">Beyond Destiny</set>
      <tablerow>1</tablerow>
    </card>
    <card>
      <name>Jed (21-106H)</name>
      <text>Si un Delantero Agua o un Delantero Categoría SOPFFO  que controlas recibe daño, el daño se reduce en 1000 en su lugar.
  Cuando Jed entra al terreno de juego, elige 1 Delantero controlado por tu oponente. Si controlas 2 o más Delanteros Categoría SOPFFO , ponlo en la parte superior del mazo de su propietario.</text>
      <prop>
        <type>Forward - SOPFFO - Samurai</type>
        <manacost>4</manacost>
        <colors>Water</colors>
        <pt>8000</pt>
      </prop>
      <set picurl="https://fftcg.cdn.sewest.net/images/cards/full/21-106H_eg.jpg">Beyond Destiny</set>
      <tablerow>2</tablerow>
    </card>
    <card>
      <name>Springserpent General Mihli Aliapoh (21-107R)</name>
      <text>Si controlas 2 o más personajes Agua, el coste requerido para lanzar Mihli Aliapoh, general Aquaserpentis, se reduce en 2.
  Cuando Mihli Aliapoh, general Aquaserpentis, pasa del terreno de juego a la Break Zone, coge 1 carta.
  (Dull): Elige 2 Delanteros que no sean Mihli Aliapoh, general Aquaserpentis. Actívalos y estos ganan +1000 de poder hasta el final del turno. Solo puedes usar esta habilidad una vez por turno.</text>
      <prop>
        <type>Forward - XI - Serpent General</type>
        <manacost>4</manacost>
        <colors>Water</colors>
        <pt>8000</pt>
      </prop>
      <set picurl="https://fftcg.cdn.sewest.net/images/cards/full/21-107R_eg.jpg">Beyond Destiny</set>
      <tablerow>2</tablerow>
    </card>
    <card>
      <name>Ceodore (21-108R)</name>
      <text>Si controlas una Nombre de la carta Cecil  o una Nombre de la carta Rosa , puedes pagar (C) (en lugar de pagar su coste con CP) para lanzar Ceodore.
  Si controlas una Nombre de la carta Cecil  o una Nombre de la carta Rosa , los Delanteros Categoría IV  que controlas ganan +1000 de poder.</text>
      <prop>
        <type>Forward - IV - Prince</type>
        <manacost>4</manacost>
        <colors>Water</colors>
        <pt>8000</pt>
      </prop>
      <set picurl="https://fftcg.cdn.sewest.net/images/cards/full/21-108R_eg.jpg">Beyond Destiny</set>
      <tablerow>2</tablerow>
    </card>
    <card>
      <name>Astrologian (21-109C)</name>
      <text>Cuando Astrólogo entra al terreno de juego, mira las 3 cartas de la parte superior de tu mazo. Añade 1 carta de entre ellas a tu mano y pon 1 carta en la parte inferior de tu mazo, después pon la carta restante en la parte superior de tu mazo.
  (Water)(Water)(Dull), pon Astrólogo en la Break Zone: Coge 1 carta.</text>
      <prop>
        <type>Backup - XIV - Standard Unit</type>
        <manacost>3</manacost>
        <colors>Water</colors>
        <pt>0</pt>
      </prop>
      <set picurl="https://fftcg.cdn.sewest.net/images/cards/full/21-109C_eg.jpg">Beyond Destiny</set>
      <tablerow>0</tablerow>
    </card>
    <card>
      <name>Desch (21-110C)</name>
      <text>Si un personaje controlado por tu oponente ha regresado del terreno de juego a la mano de su propietario este turno, el coste requerido para lanzar Desch se reduce en 3.</text>
      <prop>
        <type>Forward - III - Mysterious Man</type>
        <manacost>5</manacost>
        <colors>Water</colors>
        <pt>9000</pt>
      </prop>
      <set picurl="https://fftcg.cdn.sewest.net/images/cards/full/21-110C_eg.jpg">Beyond Destiny</set>
      <tablerow>2</tablerow>
    </card>
    <card>
      <name>Paladin (21-111C)</name>
      <text>Cuando Caballero entra al terreno de juego, ganas (C).
  Cuando Caballero entra al terreno de juego, si controlas 3 o menos Apoyos, coge 1 carta.</text>
      <prop>
        <type>Backup - XIV - Standard Unit</type>
        <manacost>3</manacost>
        <colors>Water</colors>
        <pt>0</pt>
      </prop>
      <set picurl="https://fftcg.cdn.sewest.net/images/cards/full/21-111C_eg.jpg">Beyond Destiny</set>
      <tablerow>0</tablerow>
    </card>
    <card>
      <name>Ninja (21-112C)</name>
      <text>Ataque furtivo
  Antes de pagar el coste para lanzar Ninja, puedes pagar (C) para reducir en 3 el coste requerido para lanzar Ninja.
  Cuando Ninja entra al terreno de juego, elige 1 Delantero controlado por tu oponente. Devuélvelo a la mano de su propietario.</text>
      <prop>
        <type>Forward - XIV - Standard Unit</type>
        <manacost>5</manacost>
        <colors>Water</colors>
        <pt>7000</pt>
      </prop>
      <set picurl="https://fftcg.cdn.sewest.net/images/cards/full/21-112C_eg.jpg">Beyond Destiny</set>
      <tablerow>2</tablerow>
    </card>
    <card>
      <name>Bikke (21-113R)</name>
      <text>Si controlas 2 o más Oficio Pirata  y/o Nombre de la carta Vikingo , el coste requerido para lanzar Bike se reduce en 4.
  Los Delanteros Oficio Pirata  y Delanteros Nombre de la carta Vikingo  que controlas que no sean Bike ganan "Si este Delantero recibe daño de las habilidades de tu oponente, el daño se vuelve 0 en su lugar."</text>
      <prop>
        <type>Forward - SOPFFO - Pirate</type>
        <manacost>4</manacost>
        <colors>Water</colors>
        <pt>8000</pt>
      </prop>
      <set picurl="https://fftcg.cdn.sewest.net/images/cards/full/21-113R_eg.jpg">Beyond Destiny</set>
      <tablerow>2</tablerow>
    </card>
    <card>
      <name>Faris (21-114L)</name>
      <text><p>El poder de los Delanteros Oficio Pirata y Delanteros Nombre de la carta Vikingo que controlas que no sean Faris pasa a ser 8000.<br />

(0): Elige 1 Invocación o habilidad que solo tenga como objetivo a Faris. Puedes elegir otro Delantero Agua que controlas para que sea el nuevo objetivo (el nuevo Delantero debe ser una elección válida).</p>

</text>
      <prop>
        <type>Forward - MOBIUS · V - Pirate/Warrior of Light</type>
        <manacost>4</manacost>
        <colors>Water</colors>
        <pt>8000</pt>
      </prop>
      <set picurl="https://fftcg.cdn.sewest.net/images/cards/full/21-114L_eg.jpg">Beyond Destiny</set>
      <tablerow>2</tablerow>
    </card>
    <card>
      <name>Larsa (21-115C)</name>
      <text>Cuando Larsa entra al terreno de juego, puedes buscar 1 Delantero de coste 4 o más y añadirlo a tu mano.</text>
      <prop>
        <type>Backup - XII - Emperor</type>
        <manacost>4</manacost>
        <colors>Water</colors>
        <pt>0</pt>
      </prop>
      <set picurl="https://fftcg.cdn.sewest.net/images/cards/full/21-115C_eg.jpg">Beyond Destiny</set>
      <tablerow>0</tablerow>
    </card>
    <card>
      <name>Leviathan (21-116H)</name>
      <text>Durante tu turno, el coste requerido para lanzar Leviatán se reduce en 2.
  Elige 1 Delantero. Ponlo en la parte inferior del mazo de su propietario. Después, puedes jugar 1 Delantero de coste 2 o menos de tu mano al terreno de juego.</text>
      <prop>
        <type>Summon - III</type>
        <manacost>6</manacost>
        <colors>Water</colors>
        <pt>0</pt>
      </prop>
      <set picurl="https://fftcg.cdn.sewest.net/images/cards/full/21-116H_eg.jpg">Beyond Destiny</set>
      <tablerow>3</tablerow>
    </card>
    <card>
      <name>Rhus (21-117R)</name>
      <text>El coste requerido para lanzar Rhus se reduce en 1 por cada carta que hayas cogido este turno (no puede ser 0).
  Descarta 1 carta: Retira Rhus del juego. Juega Rhus al terreno de juego al final del turno.</text>
      <prop>
        <type>Forward - FFBE - Caledfwlch</type>
        <manacost>6</manacost>
        <colors>Water</colors>
        <pt>9000</pt>
      </prop>
      <set picurl="https://fftcg.cdn.sewest.net/images/cards/full/21-117R_eg.jpg">Beyond Destiny</set>
      <tablerow>2</tablerow>
    </card>
    <card>
      <name>Leila (21-118H)</name>
      <text>Cuando Leila entra al terreno de juego, puedes buscar 1 Oficio Pirata  o Nombre de la carta Vikingo  y añadirla a tu mano.
  Cuando un Delantero Agua que controlas ataca, elige 1 Delantero controlado por tu oponente. Este pierde 1000 de poder hasta el final del turno.</text>
      <prop>
        <type>Forward - II - Pirate/Rebel</type>
        <manacost>3</manacost>
        <colors>Water</colors>
        <pt>4000</pt>
      </prop>
      <set picurl="https://fftcg.cdn.sewest.net/images/cards/full/21-118H_eg.jpg">Beyond Destiny</set>
      <tablerow>2</tablerow>
    </card>
    <card>
      <name>Lenna (21-119H)</name>
      <text>[EX BURST] Cuando tu oponente usa un EX Burst, coge 1 carta.
  Lázaro (S)(Water)(Dull): Elige 1 Delantero de coste 3 o menos de tu Break Zone. Juégalo al terreno de juego en dull.</text>
      <prop>
        <type>Backup - V - Princess/Warrior of Light</type>
        <manacost>2</manacost>
        <colors>Water</colors>
        <pt>0</pt>
      </prop>
      <set picurl="https://fftcg.cdn.sewest.net/images/cards/full/21-119H_eg.jpg">Beyond Destiny</set>
      <tablerow>0</tablerow>
    </card>
    <card>
      <name>Refia (21-120R)</name>
      <text>Cuando Refia entra al terreno de juego, elige 1 Delantero Categoría WOFF  de coste 4 o menos de tu Break Zone. Juégalo al terreno de juego.
  (Dull), pon Refia en la Break Zone: Elige 1 Delantero. Durante este turno, el siguiente daño que reciba se reduce en 3000 en su lugar.</text>
      <prop>
        <type>Backup - WOFF - White Mage</type>
        <manacost>5</manacost>
        <colors>Water</colors>
        <pt>0</pt>
      </prop>
      <set picurl="https://fftcg.cdn.sewest.net/images/cards/full/21-120R_eg.jpg">Beyond Destiny</set>
      <tablerow>0</tablerow>
    </card>
    <card>
      <name>Warrior of Light (21-121L)</name>
      <text>Cuando Guerrero de la Luz entra al terreno de juego por un lanzamiento tuyo, revela las 5 cartas de la parte superior de tu mazo. Juega hasta 2 personajes de coste 3 de entre ellas al terreno de juego y pon el resto en la parte inferior de tu mazo en el orden que quieras.
  Escudo definitivo (S): Hasta el final del turno, Guerrero de la Luz y los Delanteros de coste 3 que controlas ganan "Este Delantero no puede ser objetivo de las Invocaciones o habilidades de tu oponente."</text>
      <prop>
        <type>Forward - I - Warrior of Light</type>
        <manacost>7</manacost>
        <colors>Light</colors>
        <pt>9000</pt>
      </prop>
      <set picurl="https://fftcg.cdn.sewest.net/images/cards/full/21-121L_eg.jpg">Beyond Destiny</set>
      <tablerow>2</tablerow>
    </card>
    <card>
      <name>Skyserpent General Rughadjeen (21-122H)</name>
      <text>Prisa Iniciativa Bravura
  Cuando Rughadjeen, general Caeliserpentis, ataca, elige 1 Delantero. Hasta el final del turno, este gana +1000 de poder y Prisa.
  Cuando Rughadjeen, general Caeliserpentis, ataca, elige 1 Delantero. Hasta el final del turno, este gana +1000 de poder e Iniciativa.
  Cuando Rughadjeen, general Caeliserpentis, ataca, elige 1 Delantero. Hasta el final del turno, este gana +1000 de poder y Bravura.</text>
      <prop>
        <type>Forward - XI - Serpent General</type>
        <manacost>4</manacost>
        <colors>Light</colors>
        <pt>9000</pt>
      </prop>
      <set picurl="https://fftcg.cdn.sewest.net/images/cards/full/21-122H_eg.jpg">Beyond Destiny</set>
      <tablerow>2</tablerow>
    </card>
    <card>
      <name>Darkness Manifest (21-123H)</name>
      <text>Puedes pagar (2) y retirar del juego 1 personaje Fuego, 1 personaje Aire, 1 personaje Tierra y 1 personaje Agua de tu Break Zone (en lugar de pagar su coste con CP) para lanzar Oscuridad del caos.
  Al principio de la Main Phase 1 durante cada uno de tus turnos, Oscuridad del caos inflige a tu oponente 1 punto de daño.
  Cuando Oscuridad del caos abandona el terreno de juego, elige 1 personaje. Rómpelo.</text>
      <prop>
        <type>Forward - SOPFFO - Chaos</type>
        <manacost>7</manacost>
        <colors>Dark</colors>
        <pt>9000</pt>
      </prop>
      <set picurl="https://fftcg.cdn.sewest.net/images/cards/full/21-123H_eg.jpg">Beyond Destiny</set>
      <tablerow>2</tablerow>
    </card>
    <card>
      <name>Jack Garland (21-124L)</name>
      <text>Jack Garland es también Nombre de la carta Garland  en cualquier situación.
  Bravura
  Cuando Jack Garland entra al terreno de juego, puedes buscar 1 Delantero Categoría SOPFFO  y añadirlo a tu mano.
  (Dull): Elige 1 personaje Oscuridad. Rómpelo. Jack Garland te inflige 1 punto de daño.</text>
      <prop>
        <type>Forward - SOPFFO - Stranger</type>
        <manacost>3</manacost>
        <colors>Dark</colors>
        <pt>9000</pt>
      </prop>
      <set picurl="https://fftcg.cdn.sewest.net/images/cards/full/21-124L_eg.jpg">Beyond Destiny</set>
      <tablerow>2</tablerow>
    </card>
    <card>
      <name> (C-007)</name>
      <text></text>
      <prop>
        <type>Crystal - Special</type>
        <manacost>0</manacost>
        <colors></colors>
        <pt>0</pt>
      </prop>
      <set picurl="https://fftcg.cdn.sewest.net/images/cards/full/C-007_eg.jpg">Beyond Destiny</set>
      <tablerow>1</tablerow>
    </card>
  </cards>
</cockatrice_carddatabase>