<?xml version="1.0" encoding="UTF-8"?>
<cockatrice_carddatabase version="4">
  <sets>
    <set>
      <name>Boss Deck Chaos</name>
      <longname>Boss Deck Chaos</longname>
      <settype>Custom</settype>
      <releasedate></releasedate>
    </set>
  </sets>
  <cards>
    <card>
      <name>Chaos (B-001)</name>
      <text>Caos no puede abandonar el terreno de juego a causa de las Invocaciones o habilidades de tu oponente.
  Si Caos está en el terreno de juego, Caos puede generar CP de cualquier elemento.
  Retira Caos del juego: Selecciona 1 de las siguientes 2 acciones. "Elige 1 Delantero Luz. Rómpelo." "Juega 1 Nombre de la carta Caos salvaje de tu mano al terreno de juego."</text>
      <prop>
        <type>Backup - DFF · I - God of Chaos</type>
        <manacost>2</manacost>
        <colors>Dark</colors>
        <pt>0</pt>
      </prop>
      <set picurl="https://fftcg.cdn.sewest.net/images/cards/full/B-001_eg.jpg">Boss Deck Chaos</set>
      <tablerow>0</tablerow>
    </card>
    <card>
      <name>Spiritus (B-002)</name>
      <text>Spiritus no puede abandonar el terreno de juego a causa de las Invocaciones o habilidades de tu oponente.
  Puedes jugar 2 o más personajes Oscuridad al terreno de juego.
  Si Spiritus está en el terreno de juego, Spiritus puede generar CP de cualquier elemento.
  Puedes descartar cartas elemento Oscuridad de tu mano para generar CP. (Cada carta Oscuridad genera 2 CP Oscuridad.)</text>
      <prop>
        <type>Backup - DFF - God</type>
        <manacost>4</manacost>
        <colors>Dark</colors>
        <pt>0</pt>
      </prop>
      <set picurl="https://fftcg.cdn.sewest.net/images/cards/full/B-002_eg.jpg">Boss Deck Chaos</set>
      <tablerow>0</tablerow>
    </card>
    <card>
      <name>Garland (B-003)</name>
      <text>Bravura
  Cuando Garland ataca, Garland gana +4000 de poder hasta el final del turno.
  
</text>
      <prop>
        <type>Forward - DFF · I - Knight</type>
        <manacost>5</manacost>
        <colors>Fire</colors>
        <pt>10000</pt>
      </prop>
      <set picurl="https://fftcg.cdn.sewest.net/images/cards/full/B-003_eg.jpg">Boss Deck Chaos</set>
      <tablerow>2</tablerow>
    </card>
    <card>
      <name>Zenos (B-004)</name>
      <text>Prisa Bravura
  [EX BURST] Cuando Zenos inflige daño a tu oponente, elige 1 Delantero controlado por tu oponente. Inflígele 10000 puntos de daño.</text>
      <prop>
        <type>Forward - XIV - General</type>
        <manacost>4</manacost>
        <colors>Fire</colors>
        <pt>10000</pt>
      </prop>
      <set picurl="https://fftcg.cdn.sewest.net/images/cards/full/B-004_eg.jpg">Boss Deck Chaos</set>
      <tablerow>2</tablerow>
    </card>
    <card>
      <name>Nael (B-005)</name>
      <text>[EX BURST] Cuando Nael entra al terreno de juego, revela las 5 cartas de la parte superior de tu mazo. Añade hasta 5 Delanteros de entre ellas a tu mano y pon el resto en la Break Zone.
  Retira 1 Apoyo del juego: Hasta el final del turno, Nael gana +2000 de poder y Prisa.
  Retira 2 Apoyos del juego: Elige 1 Delantero. Inflígele 10000 puntos de daño.</text>
      <prop>
        <type>Forward - XIV - General</type>
        <manacost>6</manacost>
        <colors>Fire</colors>
        <pt>9000</pt>
      </prop>
      <set picurl="https://fftcg.cdn.sewest.net/images/cards/full/B-005_eg.jpg">Boss Deck Chaos</set>
      <tablerow>2</tablerow>
    </card>
    <card>
      <name>Orphan (B-006)</name>
      <text>[EX BURST] Cuando El Huérfano entra al terreno de juego o ataca, elige hasta 3 personajes controlados por tu oponente. Ponlos en dull y congélalos.</text>
      <prop>
        <type>Forward - XIII - Fal'Cie</type>
        <manacost>6</manacost>
        <colors>Ice</colors>
        <pt>9000</pt>
      </prop>
      <set picurl="https://fftcg.cdn.sewest.net/images/cards/full/B-006_eg.jpg">Boss Deck Chaos</set>
      <tablerow>2</tablerow>
    </card>
    <card>
      <name>Shadow Lord (B-007)</name>
      <text>Bravura
  No se pueden usar los EX Burst de las cartas puestas en la Damage Zone a causa de Rey de la oscuridad.</text>
      <prop>
        <type>Forward - XI - Kindred</type>
        <manacost>2</manacost>
        <colors>Earth</colors>
        <pt>9000</pt>
      </prop>
      <set picurl="https://fftcg.cdn.sewest.net/images/cards/full/B-007_eg.jpg">Boss Deck Chaos</set>
      <tablerow>2</tablerow>
    </card>
    <card>
      <name>Golbez (B-008)</name>
      <text>El coste requerido para lanzar Golbez se reduce en 1 por cada 5 cartas en tu Break Zone.
  [EX BURST] Cuando Golbez entra al terreno de juego, elige 1 Delantero de coste 5 o menos de tu Break Zone. Juégalo al terreno de juego.</text>
      <prop>
        <type>Forward - DFF · IV - Warlock</type>
        <manacost>8</manacost>
        <colors>Lightning</colors>
        <pt>9000</pt>
      </prop>
      <set picurl="https://fftcg.cdn.sewest.net/images/cards/full/B-008_eg.jpg">Boss Deck Chaos</set>
      <tablerow>2</tablerow>
    </card>
    <card>
      <name>Garland (B-009)</name>
      <text>Iniciativa
  Cuando Garland entra al terreno de juego, elige 1 Delantero de coste 3 o menos controlado por tu oponente. Rómpelo.</text>
      <prop>
        <type>Forward - DFF · I - Knight</type>
        <manacost>3</manacost>
        <colors>Lightning</colors>
        <pt>9000</pt>
      </prop>
      <set picurl="https://fftcg.cdn.sewest.net/images/cards/full/B-009_eg.jpg">Boss Deck Chaos</set>
      <tablerow>2</tablerow>
    </card>
    <card>
      <name>Feral Chaos (B-010)</name>
      <text>Caos salvaje es también Nombre de la carta Caos en cualquier situación.
  Prisa Iniciativa Bravura
  Cuando Caos salvaje abandona el terreno de juego, selecciona 1 de tus Nombre de la carta Caos retiradas del juego. Añádela a tu mano.</text>
      <prop>
        <type>Forward - DFF · I - Utter Pandemonium</type>
        <manacost>5</manacost>
        <colors>Dark</colors>
        <pt>10000</pt>
      </prop>
      <set picurl="https://fftcg.cdn.sewest.net/images/cards/full/B-010_eg.jpg">Boss Deck Chaos</set>
      <tablerow>2</tablerow>
    </card>
    <card>
      <name>Sin (B-011)</name>
      <text>Cuando Sinh entra al terreno de juego, rompe todos los Delanteros y Monstruos controlados por tu oponente.
  Gigagravedad (S)(9): Al final de tu próximo turno, si Sinh está en el terreno de juego, tu oponente pierde la partida. Solo puedes usar esta habilidad durante tu turno.</text>
      <prop>
        <type>Forward - X - Final Aeon</type>
        <manacost>9</manacost>
        <colors>Dark</colors>
        <pt>9000</pt>
      </prop>
      <set picurl="https://fftcg.cdn.sewest.net/images/cards/full/B-011_eg.jpg">Boss Deck Chaos</set>
      <tablerow>2</tablerow>
    </card>
    <card>
      <name>Cloud of Darkness (B-012)</name>
      <text>Al final de cada uno de tus turnos, retira del juego la carta superior de tu mazo.
  Nube de Oscuridad gana +2000 de poder por cada carta retirada por la habilidad de Nube de Oscuridad.
  Cuando Nube de Oscuridad abandona el terreno de juego, añade a tu mano todas las cartas retiradas por la habilidad de Nube de Oscuridad.</text>
      <prop>
        <type>Forward - DFF · III - Wraith</type>
        <manacost>3</manacost>
        <colors>Dark</colors>
        <pt>7000</pt>
      </prop>
      <set picurl="https://fftcg.cdn.sewest.net/images/cards/full/B-012_eg.jpg">Boss Deck Chaos</set>
      <tablerow>2</tablerow>
    </card>
    <card>
      <name>The Emperor (B-013)</name>
      <text>[EX BURST] Cuando El Emperador entra al terreno de juego, elige hasta 2 Delanteros controlados por tu oponente. Ponlos en dull y congélalos.
  (Dull), descarta 1 carta: Elige 1 Delantero en dull. Rómpelo. Solo puedes usar esta habilidad durante tu turno.</text>
      <prop>
        <type>Backup - DFF · II - Emperor</type>
        <manacost>2</manacost>
        <colors>Ice</colors>
        <pt>0</pt>
      </prop>
      <set picurl="https://fftcg.cdn.sewest.net/images/cards/full/B-013_eg.jpg">Boss Deck Chaos</set>
      <tablerow>0</tablerow>
    </card>
    <card>
      <name>Kefka (B-014)</name>
      <text>(Dull): Elige 1 Delantero que controlas. Hasta el final del turno, este gana +10000 de poder y Bravura.</text>
      <prop>
        <type>Backup - DFF · VI - Mage</type>
        <manacost>4</manacost>
        <colors>Earth</colors>
        <pt>0</pt>
      </prop>
      <set picurl="https://fftcg.cdn.sewest.net/images/cards/full/B-014_eg.jpg">Boss Deck Chaos</set>
      <tablerow>0</tablerow>
    </card>
    <card>
      <name>Seymour (B-015)</name>
      <text>[EX BURST] Cuando Seymour entra al terreno de juego, elige 1 Delantero. Rómpelo.</text>
      <prop>
        <type>Backup - X - Summoner</type>
        <manacost>4</manacost>
        <colors>Lightning</colors>
        <pt>0</pt>
      </prop>
      <set picurl="https://fftcg.cdn.sewest.net/images/cards/full/B-015_eg.jpg">Boss Deck Chaos</set>
      <tablerow>0</tablerow>
    </card>
    <card>
      <name>Ultimecia (B-016)</name>
      <text>Cuando Artemisa entra al terreno de juego, revela las 2 cartas de la parte superior de tu mazo. Juega hasta 1 personaje de entre ellas al terreno de juego y pon el resto en la parte inferior de tu mazo en el orden que quieras.
  (Dull), pon Artemisa en la Break Zone: Elige 1 Delantero. Ponlo en la parte superior del mazo de su propietario.</text>
      <prop>
        <type>Backup - DFF · VIII - Witch</type>
        <manacost>4</manacost>
        <colors>Water</colors>
        <pt>0</pt>
      </prop>
      <set picurl="https://fftcg.cdn.sewest.net/images/cards/full/B-016_eg.jpg">Boss Deck Chaos</set>
      <tablerow>0</tablerow>
    </card>
    <card>
      <name>Ifrit (B-017)</name>
      <text>[EX BURST] Elige 1 Delantero. Inflígele 10000 puntos de daño.</text>
      <prop>
        <type>Summon - FFT</type>
        <manacost>1</manacost>
        <colors>Fire</colors>
        <pt>0</pt>
      </prop>
      <set picurl="https://fftcg.cdn.sewest.net/images/cards/full/B-017_eg.jpg">Boss Deck Chaos</set>
      <tablerow>3</tablerow>
    </card>
    <card>
      <name>Diabolos (B-018)</name>
      <text>Selecciona hasta 2 de las siguientes 4 acciones.
  "Elige 1 personaje de coste 5 o más. Rómpelo."
  "Elige 1 personaje de coste 4 o menos. Rómpelo."
  "Activa todos los Delanteros que controlas."
  "Activa todos los Apoyos que controlas."</text>
      <prop>
        <type>Summon - MOBIUS</type>
        <manacost>5</manacost>
        <colors>Wind</colors>
        <pt>0</pt>
      </prop>
      <set picurl="https://fftcg.cdn.sewest.net/images/cards/full/B-018_eg.jpg">Boss Deck Chaos</set>
      <tablerow>3</tablerow>
    </card>
    <card>
      <name>Odin (B-019)</name>
      <text>[EX BURST] Elige hasta 3 Delanteros. Rómpelos.</text>
      <prop>
        <type>Summon - FFT</type>
        <manacost>7</manacost>
        <colors>Lightning</colors>
        <pt>0</pt>
      </prop>
      <set picurl="https://fftcg.cdn.sewest.net/images/cards/full/B-019_eg.jpg">Boss Deck Chaos</set>
      <tablerow>3</tablerow>
    </card>
    <card>
      <name>Leviathan (B-020)</name>
      <text>[EX BURST] Elige hasta 3 Delanteros. Devuélvelos a la mano de su propietario.</text>
      <prop>
        <type>Summon - FFT</type>
        <manacost>3</manacost>
        <colors>Water</colors>
        <pt>0</pt>
      </prop>
      <set picurl="https://fftcg.cdn.sewest.net/images/cards/full/B-020_eg.jpg">Boss Deck Chaos</set>
      <tablerow>3</tablerow>
    </card>
    <card>
      <name>Zodiark, Keeper of Precepts (B-021)</name>
      <text>Si controlas un Delantero Oscuridad, el coste requerido para lanzar Zodiark, el Castigador, se reduce en 3.
  Rompe todos los Delanteros controlados por tu oponente.</text>
      <prop>
        <type>Summon - XII</type>
        <manacost>7</manacost>
        <colors>Dark</colors>
        <pt>0</pt>
      </prop>
      <set picurl="https://fftcg.cdn.sewest.net/images/cards/full/B-021_eg.jpg">Boss Deck Chaos</set>
      <tablerow>3</tablerow>
    </card>
    <card>
      <name>Vayne (B-022)</name>
      <text>Los Delanteros controlados por tu oponente no se activan durante la Active Phase de quien los controla.
  Cuando Vayne entra al terreno de juego, pon en dull todos los Delanteros controlados por tu oponente.
  Incursión (S): Congela todos los Delanteros controlados por tu oponente.</text>
      <prop>
        <type>Forward - XII - Consul</type>
        <manacost>4</manacost>
        <colors>Ice</colors>
        <pt>8000</pt>
      </prop>
      <set picurl="https://fftcg.cdn.sewest.net/images/cards/full/B-022_eg.jpg">Boss Deck Chaos</set>
      <tablerow>2</tablerow>
    </card>
    <card>
      <name>Kuja (B-023)</name>
      <text>[EX BURST] Cuando Kuja entra al terreno de juego, elige hasta 3 Delanteros o Monstruos controlados por tu oponente. Ponlos en dull y congélalos.
  Pon 2 Apoyos Frío en la Break Zone: Juega Kuja al terreno de juego. Solo puedes usar esta habilidad durante tu Main Phase y si Kuja está en la Break Zone.</text>
      <prop>
        <type>Forward - DFF · IX - Genome</type>
        <manacost>5</manacost>
        <colors>Ice</colors>
        <pt>9000</pt>
      </prop>
      <set picurl="https://fftcg.cdn.sewest.net/images/cards/full/B-023_eg.jpg">Boss Deck Chaos</set>
      <tablerow>2</tablerow>
    </card>
    <card>
      <name>Ardyn (B-024)</name>
      <text>[EX BURST] Cuando Ardyn entra al terreno de juego, elige hasta 3 Delanteros controlados por tu oponente. Estos no pueden atacar o bloquear hasta el final del siguiente turno.
  Cuando Ardyn pasa del terreno de juego a la Break Zone, juega Ardyn al terreno de juego al final del turno.</text>
      <prop>
        <type>Forward - XV - Chief Minister</type>
        <manacost>5</manacost>
        <colors>Earth</colors>
        <pt>9000</pt>
      </prop>
      <set picurl="https://fftcg.cdn.sewest.net/images/cards/full/B-024_eg.jpg">Boss Deck Chaos</set>
      <tablerow>2</tablerow>
    </card>
    <card>
      <name>Galdes (B-025)</name>
      <text>Cuando Galdes pasa del terreno de juego a la Break Zone, selecciona hasta 3 de las siguientes 3 acciones.
  "Tu oponente descarta 1 carta al azar de su mano."
  "Elige 1 personaje que no sea Nombre de la carta Galdes de tu Break Zone. Añádelo a tu mano."
  "Elige 1 Delantero. Este pierde 10000 de poder hasta el final del turno."</text>
      <prop>
        <type>Forward - FFCC - Archbishop</type>
        <manacost>3</manacost>
        <colors>Dark</colors>
        <pt>8000</pt>
      </prop>
      <set picurl="https://fftcg.cdn.sewest.net/images/cards/full/B-025_eg.jpg">Boss Deck Chaos</set>
      <tablerow>2</tablerow>
    </card>
    <card>
      <name>Exdeath (B-026)</name>
      <text>Cuando Exdeath entra al terreno de juego, elige hasta 3 Delanteros de cualquier Break Zone (pueden proceder de varias distintas). Juega a tu terreno de juego todos los Delanteros de coste igual o inferior al número de Apoyos que controlas.</text>
      <prop>
        <type>Backup - DFF · V - Wizard</type>
        <manacost>6</manacost>
        <colors>Lightning</colors>
        <pt>0</pt>
      </prop>
      <set picurl="https://fftcg.cdn.sewest.net/images/cards/full/B-026_eg.jpg">Boss Deck Chaos</set>
      <tablerow>0</tablerow>
    </card>
    <card>
      <name>Zalera, the Death Seraph (B-027)</name>
      <text>[EX BURST] Rompe todos los Delanteros de coste 2, 3, 5, 7, 11 y 13 controlados por tu oponente.</text>
      <prop>
        <type>Summon - XII</type>
        <manacost>4</manacost>
        <colors>Ice</colors>
        <pt>0</pt>
      </prop>
      <set picurl="https://fftcg.cdn.sewest.net/images/cards/full/B-027_eg.jpg">Boss Deck Chaos</set>
      <tablerow>3</tablerow>
    </card>
  </cards>
</cockatrice_carddatabase>