<?xml version="1.0" encoding="UTF-8"?>
<cockatrice_carddatabase version="4">
  <sets>
    <set>
      <name>Boss Deck FFVII</name>
      <longname>Boss Deck FFVII</longname>
      <settype>Custom</settype>
      <releasedate></releasedate>
    </set>
  </sets>
  <cards>
    <card>
      <name>Sephiroth (B-028)</name>
      <text>Bravura
  Cuando Sefirot ataca, pon en dull todos los Delanteros controlados por tu oponente.
  Al final de cada uno de tus turnos, retira del juego todas las cartas de la Break Zone de tu oponente.</text>
      <prop>
        <type>Forward - VII - SOLDIER</type>
        <manacost>3</manacost>
        <colors>Lightning</colors>
        <pt>10000</pt>
      </prop>
      <set picurl="https://fftcg.cdn.sewest.net/images/cards/full/B-028_eg.jpg">Boss Deck FFVII</set>
      <tablerow>2</tablerow>
    </card>
    <card>
      <name>President Shinra (B-029)</name>
      <text>Presidente Shinra no puede abandonar el terreno de juego a causa de las Invocaciones o habilidades de tu oponente.
  Puedes jugar 2 o más personajes Oscuridad al terreno de juego.
  Si Presidente Shinra está en el terreno de juego, Presidente Shinra puede generar CP de cualquier elemento.
  (2)(Dull): Coge 1 carta.</text>
      <prop>
        <type>Backup - VII - President of Shinra</type>
        <manacost>4</manacost>
        <colors>Lightning</colors>
        <pt>0</pt>
      </prop>
      <set picurl="https://fftcg.cdn.sewest.net/images/cards/full/B-029_eg.jpg">Boss Deck FFVII</set>
      <tablerow>0</tablerow>
    </card>
    <card>
      <name>Hojo (B-030)</name>
      <text>Hojo no puede abandonar el terreno de juego a causa de las Invocaciones o habilidades de tu oponente.
  Si Hojo está en el terreno de juego, Hojo puede generar CP de cualquier elemento.
  (Dull): Juega 1 Nombre de la carta Sefirot de tu mano al terreno de juego.</text>
      <prop>
        <type>Backup - VII - Shinra Executive</type>
        <manacost>4</manacost>
        <colors>Earth</colors>
        <pt>0</pt>
      </prop>
      <set picurl="https://fftcg.cdn.sewest.net/images/cards/full/B-030_eg.jpg">Boss Deck FFVII</set>
      <tablerow>0</tablerow>
    </card>
    <card>
      <name>Weiss (B-031)</name>
      <text>Cuando Weiss entra al terreno de juego, puedes jugar 1 personaje de tu mano al terreno de juego.
  Cuando Weiss ataca, todos los Delanteros que controlas ganan +2000 de poder hasta el final del turno.</text>
      <prop>
        <type>Forward - VII - Tsviets</type>
        <manacost>2</manacost>
        <colors>Ice</colors>
        <pt>8000</pt>
      </prop>
      <set picurl="https://fftcg.cdn.sewest.net/images/cards/full/B-031_eg.jpg">Boss Deck FFVII</set>
      <tablerow>2</tablerow>
    </card>
    <card>
      <name>Shelke (B-032)</name>
      <text>Cuando Shelke entra al terreno de juego, puedes jugar 1 Delantero de tu mano al terreno de juego. Si lo haces, tu oponente descarta 1 carta.</text>
      <prop>
        <type>Forward - None - Tsviets</type>
        <manacost>3</manacost>
        <colors>Ice</colors>
        <pt>7000</pt>
      </prop>
      <set picurl="https://fftcg.cdn.sewest.net/images/cards/full/B-032_eg.jpg">Boss Deck FFVII</set>
      <tablerow>2</tablerow>
    </card>
    <card>
      <name>Genesis Avatar (B-033)</name>
      <text>Avatar de Génesis es también Nombre de la carta Génesis en cualquier situación.
  Cuando Avatar de Génesis entra al terreno de juego, inflige 9000 puntos de daño a todos los Delanteros controlados por tu oponente.</text>
      <prop>
        <type>Forward - None - Avatar</type>
        <manacost>6</manacost>
        <colors>Ice</colors>
        <pt>9000</pt>
      </prop>
      <set picurl="https://fftcg.cdn.sewest.net/images/cards/full/B-033_eg.jpg">Boss Deck FFVII</set>
      <tablerow>2</tablerow>
    </card>
    <card>
      <name>Scarlet (B-034)</name>
      <text>(Dull): Selecciona hasta 3 de las siguientes 3 acciones.
  "Elige hasta 2 personajes. Ponlos en dull."
  "Elige 1 personaje. Congélalo." 
  "Tu oponente descarta 1 carta."</text>
      <prop>
        <type>Forward - VII - Shinra Executive</type>
        <manacost>2</manacost>
        <colors>Ice</colors>
        <pt>8000</pt>
      </prop>
      <set picurl="https://fftcg.cdn.sewest.net/images/cards/full/B-034_eg.jpg">Boss Deck FFVII</set>
      <tablerow>2</tablerow>
    </card>
    <card>
      <name>Angeal Penance (B-035)</name>
      <text>Expiación de Angeal es también Nombre de la carta Angeal en cualquier situación.
  Prisa
  Cuando Expiación de Angeal inflige daño a tu oponente, rompe todos los Delanteros controlados por tu oponente.</text>
      <prop>
        <type>Forward - None - Test Subject</type>
        <manacost>3</manacost>
        <colors>Lightning</colors>
        <pt>8000</pt>
      </prop>
      <set picurl="https://fftcg.cdn.sewest.net/images/cards/full/B-035_eg.jpg">Boss Deck FFVII</set>
      <tablerow>2</tablerow>
    </card>
    <card>
      <name>Shinra Soldier (B-036)</name>
      <text>Cuando Soldado de Shinra entra al terreno de juego, puedes buscar hasta 2 Nombre de la carta Soldado de Shinra y añadirlas a tu mano. Después, puedes jugar de tu mano al terreno de juego tantas Nombre de la carta Soldado de Shinra como quieras.</text>
      <prop>
        <type>Forward - None - Standard Unit</type>
        <manacost>3</manacost>
        <colors>Lightning</colors>
        <pt>8000</pt>
      </prop>
      <set picurl="https://fftcg.cdn.sewest.net/images/cards/full/B-036_eg.jpg">Boss Deck FFVII</set>
      <tablerow>2</tablerow>
    </card>
    <card>
      <name>Tseng (B-037)</name>
      <text>Los Delanteros que controlas que no sean Tseng ganan +2000 de poder.
  Cuando Tseng entra al terreno de juego, puedes buscar 1 Oficio Miembro de los Turcos y jugarla al terreno de juego.</text>
      <prop>
        <type>Forward - VII - Member of the Turks</type>
        <manacost>4</manacost>
        <colors>Lightning</colors>
        <pt>8000</pt>
      </prop>
      <set picurl="https://fftcg.cdn.sewest.net/images/cards/full/B-037_eg.jpg">Boss Deck FFVII</set>
      <tablerow>2</tablerow>
    </card>
    <card>
      <name>Sephiroth (B-038)</name>
      <text>Iniciativa
  Cuando Sefirot entra al terreno de juego, elige 1 Delantero y 1 Apoyo. Rómpelos.</text>
      <prop>
        <type>Forward - None - War Hero</type>
        <manacost>8</manacost>
        <colors>Dark</colors>
        <pt>10000</pt>
      </prop>
      <set picurl="https://fftcg.cdn.sewest.net/images/cards/full/B-038_eg.jpg">Boss Deck FFVII</set>
      <tablerow>2</tablerow>
    </card>
    <card>
      <name>Sephiroth (B-039)</name>
      <text>[EX BURST] Cuando Sefirot entra al terreno de juego, elige 1 personaje. Rómpelo.
  Octacorte (S): Elige hasta 1 Delantero, hasta 1 Apoyo y hasta 1 Monstruo. Retíralos del juego.</text>
      <prop>
        <type>Forward - VII - One-Winged Angel</type>
        <manacost>4</manacost>
        <colors>Dark</colors>
        <pt>10000</pt>
      </prop>
      <set picurl="https://fftcg.cdn.sewest.net/images/cards/full/B-039_eg.jpg">Boss Deck FFVII</set>
      <tablerow>2</tablerow>
    </card>
    <card>
      <name>Heidegger (B-040)</name>
      <text>Cuando Heidegger entra al terreno de juego, elige hasta 2 Delanteros. Rómpelos.
  (Lightning)(Dull), pon Heidegger en la Break Zone: Revela las 5 cartas de la parte superior de tu mazo. Añade 1 Delantero de entre ellas a tu mano y pon el resto en la parte inferior de tu mazo en el orden que quieras.</text>
      <prop>
        <type>Backup - VII - Shinra Executive</type>
        <manacost>2</manacost>
        <colors>Lightning</colors>
        <pt>0</pt>
      </prop>
      <set picurl="https://fftcg.cdn.sewest.net/images/cards/full/B-040_eg.jpg">Boss Deck FFVII</set>
      <tablerow>0</tablerow>
    </card>
    <card>
      <name>Reeve (B-041)</name>
      <text>[EX BURST] Cuando Reeve entra al terreno de juego, elige 1 Delantero de coste 3 o menos de tu Break Zone. Juégalo al terreno de juego.</text>
      <prop>
        <type>Backup - VII - Shinra Executive</type>
        <manacost>3</manacost>
        <colors>Lightning</colors>
        <pt>0</pt>
      </prop>
      <set picurl="https://fftcg.cdn.sewest.net/images/cards/full/B-041_eg.jpg">Boss Deck FFVII</set>
      <tablerow>0</tablerow>
    </card>
    <card>
      <name>Bahamut (B-042)</name>
      <text>Inflige 10000 puntos de daño a todos los Delanteros controlados por tu oponente.</text>
      <prop>
        <type>Summon - VII</type>
        <manacost>4</manacost>
        <colors>Fire</colors>
        <pt>0</pt>
      </prop>
      <set picurl="https://fftcg.cdn.sewest.net/images/cards/full/B-042_eg.jpg">Boss Deck FFVII</set>
      <tablerow>3</tablerow>
    </card>
    <card>
      <name>Shiva (B-043)</name>
      <text>[EX BURST] Elige hasta 3 Delanteros en dull. Rómpelos. Tu oponente descarta 1 carta.</text>
      <prop>
        <type>Summon - VII</type>
        <manacost>4</manacost>
        <colors>Ice</colors>
        <pt>0</pt>
      </prop>
      <set picurl="https://fftcg.cdn.sewest.net/images/cards/full/B-043_eg.jpg">Boss Deck FFVII</set>
      <tablerow>3</tablerow>
    </card>
    <card>
      <name>Alexander (B-044)</name>
      <text>Elige 1 personaje de coste 4 o más. Rómpelo.</text>
      <prop>
        <type>Summon - None</type>
        <manacost>2</manacost>
        <colors>Wind</colors>
        <pt>0</pt>
      </prop>
      <set picurl="https://fftcg.cdn.sewest.net/images/cards/full/B-044_eg.jpg">Boss Deck FFVII</set>
      <tablerow>3</tablerow>
    </card>
    <card>
      <name>Carbuncle (B-045)</name>
      <text>[EX BURST] Todos los Delanteros que controlas ganan +5000 de poder hasta el final del turno. Coge 1 carta.</text>
      <prop>
        <type>Summon - None</type>
        <manacost>1</manacost>
        <colors>Earth</colors>
        <pt>0</pt>
      </prop>
      <set picurl="https://fftcg.cdn.sewest.net/images/cards/full/B-045_eg.jpg">Boss Deck FFVII</set>
      <tablerow>3</tablerow>
    </card>
    <card>
      <name>Ramuh (B-046)</name>
      <text>Selecciona hasta 2 de las siguientes 4 acciones.
  "Elige 1 Monstruo. Rómpelo."
  "Elige 1 Delantero de coste 4 o menos. Rómpelo."
  "Elige 1 Delantero activo. Inflígele 8000 puntos de daño."
  "Elige 1 Delantero. Este gana Prisa hasta el final del turno."</text>
      <prop>
        <type>Summon - MOBIUS · VII</type>
        <manacost>3</manacost>
        <colors>Lightning</colors>
        <pt>0</pt>
      </prop>
      <set picurl="https://fftcg.cdn.sewest.net/images/cards/full/B-046_eg.jpg">Boss Deck FFVII</set>
      <tablerow>3</tablerow>
    </card>
    <card>
      <name>Leviathan (B-047)</name>
      <text>Selecciona 1 de las siguientes 3 acciones.
  "Elige hasta 3 Delanteros. Devuélvelos a las manos de sus propietarios."
  "Elige 1 habilidad de acción. Cancela su efecto."
  "Durante este turno, si un Delantero que controlas recibe daño de Invocaciones o habilidades, el daño se vuelve 0 en su lugar."</text>
      <prop>
        <type>Summon - MOBIUS · VII</type>
        <manacost>3</manacost>
        <colors>Water</colors>
        <pt>0</pt>
      </prop>
      <set picurl="https://fftcg.cdn.sewest.net/images/cards/full/B-047_eg.jpg">Boss Deck FFVII</set>
      <tablerow>3</tablerow>
    </card>
    <card>
      <name>Rufus (B-048)</name>
      <text>[EX BURST] Cuando Rufus entra al terreno de juego, puedes buscar 1 Oficio Miembro de los Turcos y jugarla al terreno de juego.
  Cuando Rufus o una Oficio Miembro de los Turcos que controlas pasa del terreno de juego a la Break Zone, elige 1 Delantero controlado por tu oponente. Inflígele 10000 puntos de daño.</text>
      <prop>
        <type>Forward - VII - President of Shinra</type>
        <manacost>4</manacost>
        <colors>Lightning</colors>
        <pt>5000</pt>
      </prop>
      <set picurl="https://fftcg.cdn.sewest.net/images/cards/full/B-048_eg.jpg">Boss Deck FFVII</set>
      <tablerow>2</tablerow>
    </card>
    <card>
      <name>Rude (B-049)</name>
      <text>Si controlas una Oficio Miembro de los Turcos que no sea Rude, Rude gana Iniciativa.</text>
      <prop>
        <type>Forward - VII - Member of the Turks</type>
        <manacost>1</manacost>
        <colors>Lightning</colors>
        <pt>10000</pt>
      </prop>
      <set picurl="https://fftcg.cdn.sewest.net/images/cards/full/B-049_eg.jpg">Boss Deck FFVII</set>
      <tablerow>2</tablerow>
    </card>
    <card>
      <name>Reno (B-050)</name>
      <text>Si controlas una Oficio Miembro de los Turcos que no sea Reno, Reno gana Prisa.</text>
      <prop>
        <type>Forward - VII - Member of the Turks</type>
        <manacost>1</manacost>
        <colors>Lightning</colors>
        <pt>10000</pt>
      </prop>
      <set picurl="https://fftcg.cdn.sewest.net/images/cards/full/B-050_eg.jpg">Boss Deck FFVII</set>
      <tablerow>2</tablerow>
    </card>
    <card>
      <name>Elena (B-051)</name>
      <text>Prisa
  Elena no puede ser bloqueada.
  Si controlas una Oficio Miembro de los Turcos que no sea Elena, Elena no puede ser objetivo de las Invocaciones de tu oponente.</text>
      <prop>
        <type>Forward - VII - Member of the Turks</type>
        <manacost>2</manacost>
        <colors>Lightning</colors>
        <pt>7000</pt>
      </prop>
      <set picurl="https://fftcg.cdn.sewest.net/images/cards/full/B-051_eg.jpg">Boss Deck FFVII</set>
      <tablerow>2</tablerow>
    </card>
    <card>
      <name>Cissnei (B-052)</name>
      <text>Cuando Cissnei entra al terreno de juego, puedes descartar 1 carta. Cuando lo haces, elige 1 Delantero. Inflígele 9000 puntos de daño.
  Daños 3 -- Cissnei gana Prisa y Bravura.</text>
      <prop>
        <type>Forward - VII - Member of the Turks</type>
        <manacost>2</manacost>
        <colors>Lightning</colors>
        <pt>7000</pt>
      </prop>
      <set picurl="https://fftcg.cdn.sewest.net/images/cards/full/B-052_eg.jpg">Boss Deck FFVII</set>
      <tablerow>2</tablerow>
    </card>
    <card>
      <name>Shalua (B-053)</name>
      <text>Las Nombre de la carta Shelke que controlas ganan +5000 de poder.
  (Dull), pon Shalua en la Break Zone: Elige 1 Delantero. Durante este turno, el siguiente daño que reciba se vuelve 0 en su lugar.</text>
      <prop>
        <type>Backup - None - Scientist</type>
        <manacost>2</manacost>
        <colors>Ice</colors>
        <pt>0</pt>
      </prop>
      <set picurl="https://fftcg.cdn.sewest.net/images/cards/full/B-053_eg.jpg">Boss Deck FFVII</set>
      <tablerow>0</tablerow>
    </card>
    <card>
      <name>Restrictor (B-054)</name>
      <text>[EX BURST] Cuando Restrictor entra al terreno de juego, puedes buscar 1 Oficio Tsviet y jugarla al terreno de juego.</text>
      <prop>
        <type>Backup - VII - SOLDIER</type>
        <manacost>3</manacost>
        <colors>Lightning</colors>
        <pt>0</pt>
      </prop>
      <set picurl="https://fftcg.cdn.sewest.net/images/cards/full/B-054_eg.jpg">Boss Deck FFVII</set>
      <tablerow>0</tablerow>
    </card>
  </cards>
</cockatrice_carddatabase>