<?xml version="1.0" encoding="UTF-8"?>
<cockatrice_carddatabase version="4">
  <sets>
    <set>
      <name>Crystal Dominion</name>
      <longname>Crystal Dominion</longname>
      <settype>Custom</settype>
      <releasedate></releasedate>
    </set>
  </sets>
  <cards>
    <card>
      <name>Ifrita (15-001R)</name>
      <text>Selecciona 1 de las siguientes 3 acciones. Si tienes un total de 5 o más Nombre de la carta Ifrita y/o Nombre de la carta Ifrit en tu Break Zone (antes de pagar el coste de Ifrita), selecciona hasta 3 de las siguientes 3 acciones en su lugar.
  "Elige 1 Delantero. Inflígele 7000 puntos de daño."
  "Elige 1 Monstruo de coste 3 o menos. Rómpelo."
  "Inflige 3000 puntos de daño a todos los Delanteros controlados por tu oponente."</text>
      <prop>
        <type>Summon - MOBIUS</type>
        <manacost>3</manacost>
        <colors>Fire</colors>
        <pt>0</pt>
      </prop>
      <set picurl="https://fftcg.cdn.sewest.net/images/cards/full/15-001R_eg.jpg">Crystal Dominion</set>
      <tablerow>3</tablerow>
    </card>
    <card>
      <name>Ifrita (9-002H)</name>
      <text>Selecciona 1 de las siguientes 3 acciones. Si tienes un total de 5 o más Nombre de la carta Ifrita y/o Nombre de la carta Ifrit en tu Break Zone (antes de pagar el coste de Ifrita), selecciona hasta 3 de las siguientes 3 acciones en su lugar.
  "Elige 1 Delantero. Inflígele 7000 puntos de daño."
  "Elige 1 Monstruo de coste 3 o menos. Rómpelo."
  "Inflige 3000 puntos de daño a todos los Delanteros controlados por tu oponente."</text>
      <prop>
        <type>Summon - MOBIUS</type>
        <manacost>3</manacost>
        <colors>Fire</colors>
        <pt>0</pt>
      </prop>
      <set picurl="https://fftcg.cdn.sewest.net/images/cards/full/9-002H_eg.jpg">Crystal Dominion</set>
      <tablerow>3</tablerow>
    </card>
    <card>
      <name>Sky Warrior (15-002C)</name>
      <text>(Dull), descarta 1 carta: Elige 1 Delantero. Inflígele 3000 puntos de daño.
  (Dull), descarta 1 carta, pon Guerrero del aire en la Break Zone: Elige 1 Delantero. Inflígele 6000 puntos de daño.</text>
      <prop>
        <type>Backup - XII - Standard Unit</type>
        <manacost>2</manacost>
        <colors>Fire</colors>
        <pt>0</pt>
      </prop>
      <set picurl="https://fftcg.cdn.sewest.net/images/cards/full/15-002C_eg.jpg">Crystal Dominion</set>
      <tablerow>0</tablerow>
    </card>
    <card>
      <name>Sky Samurai (15-003C)</name>
      <text>Descarta 1 carta: Samurái del aire gana +2000 de poder hasta el final del turno. Solo puedes usar esta habilidad una vez por turno.
  Daños 3 -- Samurái del aire gana Bravura.</text>
      <prop>
        <type>Forward - XII - Standard Unit</type>
        <manacost>4</manacost>
        <colors>Fire</colors>
        <pt>8000</pt>
      </prop>
      <set picurl="https://fftcg.cdn.sewest.net/images/cards/full/15-003C_eg.jpg">Crystal Dominion</set>
      <tablerow>2</tablerow>
    </card>
    <card>
      <name>Edgar (15-004C)</name>
      <text>Cuando Edgar entra al terreno de juego, elige 1 Delantero que controlas. Hasta el final del turno, este gana +3000 de poder. Si es un Delantero Categoría VI, hasta el final del turno, este también gana "Cuando este Delantero ataca, elige 1 Delantero controlado por tu oponente. Inflígele 7000 puntos de daño."</text>
      <prop>
        <type>Backup - DFF · VI - King</type>
        <manacost>2</manacost>
        <colors>Fire</colors>
        <pt>0</pt>
      </prop>
      <set picurl="https://fftcg.cdn.sewest.net/images/cards/full/15-004C_eg.jpg">Crystal Dominion</set>
      <tablerow>0</tablerow>
    </card>
    <card>
      <name>Guy (15-005R)</name>
      <text>Por cada Delantero Oficio Guerrero o Delantero Nombre de la carta Guerrero que controlas que no sea Guy, Guy gana +2000 de poder.
  Cuando Guy entra al terreno de juego, puedes buscar 1 Oficio Rebelde de coste 3 o menos y jugarla al terreno de juego.</text>
      <prop>
        <type>Forward - II - Warrior/Rebel</type>
        <manacost>5</manacost>
        <colors>Fire</colors>
        <pt>6000</pt>
      </prop>
      <set picurl="https://fftcg.cdn.sewest.net/images/cards/full/15-005R_eg.jpg">Crystal Dominion</set>
      <tablerow>2</tablerow>
    </card>
    <card>
      <name>Cyan (15-006H)</name>
      <text>Cuando Cyan, un Delantero Oficio Samurái o un Delantero Nombre de la carta Samurái entra a tu terreno de juego, elige 1 Delantero controlado por tu oponente. Inflígele 9000 puntos de daño.
  Daños 5 -- Cuando Cyan entra al terreno de juego, elige 1 Delantero controlado por tu oponente.Retíralo del juego.</text>
      <prop>
        <type>Forward - VI - Samurai</type>
        <manacost>7</manacost>
        <colors>Fire</colors>
        <pt>9000</pt>
      </prop>
      <set picurl="https://fftcg.cdn.sewest.net/images/cards/full/15-006H_eg.jpg">Crystal Dominion</set>
      <tablerow>2</tablerow>
    </card>
    <card>
      <name>Samurai (15-007C)</name>
      <text>Cuando Samurái entra al terreno de juego, ganas (C).
  (Dull), pon Samurái en la Break Zone: Elige 1 Delantero. Si inflige daño a un Delantero este turno, el daño aumenta en 1000 en su lugar. Solo puedes usar esta habilidad durante tu turno.</text>
      <prop>
        <type>Backup - V - Standard Unit</type>
        <manacost>2</manacost>
        <colors>Fire</colors>
        <pt>0</pt>
      </prop>
      <set picurl="https://fftcg.cdn.sewest.net/images/cards/full/15-007C_eg.jpg">Crystal Dominion</set>
      <tablerow>0</tablerow>
    </card>
    <card>
      <name>Shadow (15-008C)</name>
      <text>[EX BURST] Cuando Shadow pasa del terreno de juego a la Break Zone, ganas (C).
  (Fire): Shadow gana Prisa hasta el final del turno.</text>
      <prop>
        <type>Forward - DFF · VI - Assassin</type>
        <manacost>4</manacost>
        <colors>Fire</colors>
        <pt>8000</pt>
      </prop>
      <set picurl="https://fftcg.cdn.sewest.net/images/cards/full/15-008C_eg.jpg">Crystal Dominion</set>
      <tablerow>2</tablerow>
    </card>
    <card>
      <name>Bahamut (15-009C)</name>
      <text>Antes de pagar el coste para lanzar Bahamut, puedes pagar (C) para reducir en 2 el coste requerido para lanzar Bahamut.
  Elige 1 Delantero. Inflígele 9000 puntos de daño.</text>
      <prop>
        <type>Summon - XIII</type>
        <manacost>4</manacost>
        <colors>Fire</colors>
        <pt>0</pt>
      </prop>
      <set picurl="https://fftcg.cdn.sewest.net/images/cards/full/15-009C_eg.jpg">Crystal Dominion</set>
      <tablerow>3</tablerow>
    </card>
    <card>
      <name>Vargas (15-010R)</name>
      <text>Cuando un Delantero que no sea Vargas pasa del terreno de juego a la Break Zone, Vargas gana +3000 de poder hasta el final del turno.
  Cuando Vargas ataca, elige hasta 1 Delantero controlado por tu oponente. Si Vargas tiene 10000 o más de poder, actívalo y, hasta el final del turno, este gana "Este Delantero debe bloquear siempre que sea posible."</text>
      <prop>
        <type>Forward - VI - Monk</type>
        <manacost>3</manacost>
        <colors>Fire</colors>
        <pt>7000</pt>
      </prop>
      <set picurl="https://fftcg.cdn.sewest.net/images/cards/full/15-010R_eg.jpg">Crystal Dominion</set>
      <tablerow>2</tablerow>
    </card>
    <card>
      <name>Palom (15-011L)</name>
      <text>Al final de cada uno de tus turnos, pon 1 Contador EXP sobre cada Oficio Aprendiz de mago que controlas.
  Por cada Contador EXP sobre Palom, Palom gana +1000 de poder.
  (0): Elige 1 Delantero. Inflígele 2000 puntos de daño. Si hay 3 o más Contadores EXP sobre Palom, inflígele 8000 puntos de daño en su lugar. Solo puedes usar esta habilidad una vez por turno.</text>
      <prop>
        <type>Forward - IV - Apprentice Mage</type>
        <manacost>2</manacost>
        <colors>Fire</colors>
        <pt>4000</pt>
      </prop>
      <set picurl="https://fftcg.cdn.sewest.net/images/cards/full/15-011L_eg.jpg">Crystal Dominion</set>
      <tablerow>2</tablerow>
    </card>
    <card>
      <name>Faris (15-012H)</name>
      <text>Cuando Faris entra al terreno de juego, elige hasta 2 Delanteros de tu Break Zone. Si su poder suma un total de 3000, juégalos al terreno de juego.
  Ráfaga pirata (S)(Fire): Elige tantos Delanteros como quieras. Inflígeles en total un daño equivalente a 5000 multiplicado por cada Delantero de coste 3 o menos que controlas, dividiéndolo como quieras entre los Delanteros elegidos (el daño debe ser en incrementos de 1000).</text>
      <prop>
        <type>Forward - V - Pirate/Warrior of Light</type>
        <manacost>6</manacost>
        <colors>Fire</colors>
        <pt>8000</pt>
      </prop>
      <set picurl="https://fftcg.cdn.sewest.net/images/cards/full/15-012H_eg.jpg">Crystal Dominion</set>
      <tablerow>2</tablerow>
    </card>
    <card>
      <name>Firion (15-013L)</name>
      <text>Cuando Firion entra al terreno de juego, puedes 
  pagar (C). Cuando lo haces, coge 1 carta, Firion gana 
  +1000 de poder, Prisa e Iniciativa. (Este efecto no 
  termina al final del turno.)
  (C): Firion gana +3000 de poder hasta el final del turno.</text>
      <prop>
        <type>Forward - II - Warrior/Rebel</type>
        <manacost>3</manacost>
        <colors>Fire</colors>
        <pt>7000</pt>
      </prop>
      <set picurl="https://fftcg.cdn.sewest.net/images/cards/full/15-013L_eg.jpg">Crystal Dominion</set>
      <tablerow>2</tablerow>
    </card>
    <card>
      <name>Brynhildr (15-014H)</name>
      <text>[EX BURST] Elige 1 Delantero. Inflígele 5000 puntos de daño. Cuando pasa del terreno de juego a la Break Zone este turno, coge 1 carta.</text>
      <prop>
        <type>Summon - XIII</type>
        <manacost>2</manacost>
        <colors>Fire</colors>
        <pt>0</pt>
      </prop>
      <set picurl="https://fftcg.cdn.sewest.net/images/cards/full/15-014H_eg.jpg">Crystal Dominion</set>
      <tablerow>3</tablerow>
    </card>
    <card>
      <name>Bwagi (15-015R)</name>
      <text>Cuando Bwagi o una Oficio Cazarrecompensas entra a tu terreno de juego, pon 1 Contador Recompensa sobre Bwagi.
  (Dull), retira 1 Contador Recompensa de un personaje: Coge 1 carta. Solo puedes usar esta habilidad una vez por turno.</text>
      <prop>
        <type>Backup - XII - Headhunter</type>
        <manacost>4</manacost>
        <colors>Fire</colors>
        <pt>0</pt>
      </prop>
      <set picurl="https://fftcg.cdn.sewest.net/images/cards/full/15-015R_eg.jpg">Crystal Dominion</set>
      <tablerow>0</tablerow>
    </card>
    <card>
      <name>Bomb (15-016C)</name>
      <text>Cuando Bom entra al terreno de juego, elige 1 Delantero. Inflígele 5000 puntos de daño.
  (0): Hasta el final del turno, Bom también pasa a ser un Delantero con 6000 de poder. Al final del turno, rompe Bom. Solo puedes usar esta habilidad una vez por turno.</text>
      <prop>
        <type>Monster - XII - Bomb</type>
        <manacost>2</manacost>
        <colors>Fire</colors>
        <pt>6000</pt>
      </prop>
      <set picurl="https://fftcg.cdn.sewest.net/images/cards/full/15-016C_eg.jpg">Crystal Dominion</set>
      <tablerow>1</tablerow>
    </card>
    <card>
      <name>Machina (15-017H)</name>
      <text>Si el número de personajes controlados por tu oponente es mayor que el número de personajes que controlas, el coste requerido para lanzar Machina se reduce en 2.
  Si controlas 2 o menos Delanteros, Machina gana Bravura y "Cuando Machina ataca, inflige 4000 puntos de daño a todos los Delanteros controlados por tu oponente."</text>
      <prop>
        <type>Forward - TYPE-0 - Class Zero Cadet</type>
        <manacost>5</manacost>
        <colors>Fire</colors>
        <pt>9000</pt>
      </prop>
      <set picurl="https://fftcg.cdn.sewest.net/images/cards/full/15-017H_eg.jpg">Crystal Dominion</set>
      <tablerow>2</tablerow>
    </card>
    <card>
      <name>Sabin (15-018C)</name>
      <text>Cuando Sabin entra al terreno de juego, hasta el final de tu próximo turno, Sabin gana "Al principio de la Main Phase 1 durante cada uno de tus turnos, elige 1 Delantero controlado por tu oponente. Inflígele 9000 puntos de daño."</text>
      <prop>
        <type>Forward - DFF · VI - Monk</type>
        <manacost>5</manacost>
        <colors>Fire</colors>
        <pt>9000</pt>
      </prop>
      <set picurl="https://fftcg.cdn.sewest.net/images/cards/full/15-018C_eg.jpg">Crystal Dominion</set>
      <tablerow>2</tablerow>
    </card>
    <card>
      <name>Josef (15-019C)</name>
      <text>[EX BURST] Cuando Josef entra al terreno de juego, puedes buscar 1 Delantero Oficio Rebelde y añadirlo a tu mano.</text>
      <prop>
        <type>Backup - II - Rebel/Monk</type>
        <manacost>3</manacost>
        <colors>Fire</colors>
        <pt>0</pt>
      </prop>
      <set picurl="https://fftcg.cdn.sewest.net/images/cards/full/15-019C_eg.jpg">Crystal Dominion</set>
      <tablerow>0</tablerow>
    </card>
    <card>
      <name>Rinok (15-020R)</name>
      <text>Cuando Rinok entra al terreno de juego, pon 2 Contadores Recompensa sobre Rinok.
  (Dull), retira 1 Contador Recompensa de un personaje: Elige 1 Delantero. Inflígele 5000 puntos de daño.</text>
      <prop>
        <type>Forward - XII - Headhunter</type>
        <manacost>2</manacost>
        <colors>Fire</colors>
        <pt>5000</pt>
      </prop>
      <set picurl="https://fftcg.cdn.sewest.net/images/cards/full/15-020R_eg.jpg">Crystal Dominion</set>
      <tablerow>2</tablerow>
    </card>
    <card>
      <name>General Leo (15-021R)</name>
      <text>Los jugadores no pueden lanzar Invocaciones.
  Los Delanteros que controlas deben bloquear si es posible.</text>
      <prop>
        <type>Forward - VI - Captain</type>
        <manacost>4</manacost>
        <colors>Fire</colors>
        <pt>8000</pt>
      </prop>
      <set picurl="https://fftcg.cdn.sewest.net/images/cards/full/15-021R_eg.jpg">Crystal Dominion</set>
      <tablerow>2</tablerow>
    </card>
    <card>
      <name>Amidatelion (15-022C)</name>
      <text>Pon Amidatelion en la Break Zone: Hasta el final del turno, todos los Delanteros controlados por tu oponente pierden Prisa, Iniciativa y Bravura.</text>
      <prop>
        <type>Backup - DFF · FFCC - Crystal Bearer</type>
        <manacost>2</manacost>
        <colors>Ice</colors>
        <pt>0</pt>
      </prop>
      <set picurl="https://fftcg.cdn.sewest.net/images/cards/full/15-022C_eg.jpg">Crystal Dominion</set>
      <tablerow>0</tablerow>
    </card>
    <card>
      <name>Werei (15-023R)</name>
      <text>Al final de cada uno de tus turnos, si tu oponente ha descartado una carta de su mano a causa de tus Invocaciones o habilidades este turno, coge 1 carta.</text>
      <prop>
        <type>Backup - XI - Elder</type>
        <manacost>4</manacost>
        <colors>Ice</colors>
        <pt>0</pt>
      </prop>
      <set picurl="https://fftcg.cdn.sewest.net/images/cards/full/15-023R_eg.jpg">Crystal Dominion</set>
      <tablerow>0</tablerow>
    </card>
    <card>
      <name>Orphan (15-024R)</name>
      <text>[EX BURST] Cuando tu oponente descarta 1 o más cartas de su mano a causa de tus Invocaciones o habilidades, elige 1 Delantero controlado por tu oponente. Ponlo en dull.
  Al principio de la Attack Phase durante cada uno de tus turnos, tu oponente descarta 1 carta.</text>
      <prop>
        <type>Forward - THEATRHYTHM · XIII - Fal'Cie</type>
        <manacost>5</manacost>
        <colors>Ice</colors>
        <pt>8000</pt>
      </prop>
      <set picurl="https://fftcg.cdn.sewest.net/images/cards/full/15-024R_eg.jpg">Crystal Dominion</set>
      <tablerow>2</tablerow>
    </card>
    <card>
      <name>Scholar (15-025C)</name>
      <text>(Dull): Elige 1 Delantero. Ponlo en dull. Solo puedes usar esta habilidad si has lanzado una Invocación este turno.</text>
      <prop>
        <type>Backup - XI - Standard Unit</type>
        <manacost>2</manacost>
        <colors>Ice</colors>
        <pt>0</pt>
      </prop>
      <set picurl="https://fftcg.cdn.sewest.net/images/cards/full/15-025C_eg.jpg">Crystal Dominion</set>
      <tablerow>0</tablerow>
    </card>
    <card>
      <name>Kazusa (15-026C)</name>
      <text>(Ice)(Dull), pon Kazusa en la Break Zone: Elige 1 Delantero. Rómpelo. Solo puedes usar esta habilidad si tu oponente ha descartado una carta de su mano a causa de tus Invocaciones o habilidades este turno.</text>
      <prop>
        <type>Backup - TYPE-0 - Researcher</type>
        <manacost>2</manacost>
        <colors>Ice</colors>
        <pt>0</pt>
      </prop>
      <set picurl="https://fftcg.cdn.sewest.net/images/cards/full/15-026C_eg.jpg">Crystal Dominion</set>
      <tablerow>0</tablerow>
    </card>
    <card>
      <name>The Emperor (15-027R)</name>
      <text>Cuando El Emperador pasa del terreno de juego a la Break Zone, puedes buscar 1 Nombre de la carta El Emperador de coste 5 o menos y jugarla al terreno de juego.
  (Ice)(Ice)(2)(Dull): Elige 1 Delantero en dull. Inflígele 8000 puntos de daño.</text>
      <prop>
        <type>Forward - DFF · II - Emperor</type>
        <manacost>3</manacost>
        <colors>Ice</colors>
        <pt>7000</pt>
      </prop>
      <set picurl="https://fftcg.cdn.sewest.net/images/cards/full/15-027R_eg.jpg">Crystal Dominion</set>
      <tablerow>2</tablerow>
    </card>
    <card>
      <name>Gogo (15-028H)</name>
      <text>Cuando un Delantero o Monstruo que controlas usa una habilidad de acción, Gogo usa la misma habilidad de acción sin pagar el coste. Este efecto solo se puede desencadenar una vez por turno.
  Mímica (S)(Dull): Gogo usa 1 habilidad especial que un personaje ha usado este turno y que no sea Nombre de la habilidad Mímica sin pagar el coste.</text>
      <prop>
        <type>Forward - VI - Mime</type>
        <manacost>3</manacost>
        <colors>Ice</colors>
        <pt>7000</pt>
      </prop>
      <set picurl="https://fftcg.cdn.sewest.net/images/cards/full/15-028H_eg.jpg">Crystal Dominion</set>
      <tablerow>2</tablerow>
    </card>
    <card>
      <name>Zalera (15-029R)</name>
      <text>Elige 1 Delantero en dull de coste 2, 3, 5 o 7. Rómpelo.</text>
      <prop>
        <type>Summon - MOBIUS</type>
        <manacost>1</manacost>
        <colors>Ice</colors>
        <pt>0</pt>
      </prop>
      <set picurl="https://fftcg.cdn.sewest.net/images/cards/full/15-029R_eg.jpg">Crystal Dominion</set>
      <tablerow>3</tablerow>
    </card>
    <card>
      <name>Zalera (9-025H)</name>
      <text>Elige 1 Delantero en dull de coste 2, 3, 5 o 7. Rómpelo.</text>
      <prop>
        <type>Summon - MOBIUS</type>
        <manacost>1</manacost>
        <colors>Ice</colors>
        <pt>0</pt>
      </prop>
      <set picurl="https://fftcg.cdn.sewest.net/images/cards/full/9-025H_eg.jpg">Crystal Dominion</set>
      <tablerow>3</tablerow>
    </card>
    <card>
      <name>Shiva (15-030H)</name>
      <text>[EX BURST] Elige 1 Delantero y hasta 1 Delantero más. Pon el primero en dull. Si tienes 2 o más Nombre de la carta Shiva en tu Break Zone, pon también el segundo en dull. Si tienes 4 o más, congélalos también. Si tienes 6 o más, tu oponente también descarta 2 cartas de su mano.</text>
      <prop>
        <type>Summon - FFEX</type>
        <manacost>1</manacost>
        <colors>Ice</colors>
        <pt>0</pt>
      </prop>
      <set picurl="https://fftcg.cdn.sewest.net/images/cards/full/15-030H_eg.jpg">Crystal Dominion</set>
      <tablerow>3</tablerow>
    </card>
    <card>
      <name>Shiva (15-031C)</name>
      <text>Antes de pagar el coste para lanzar Shiva, puedes pagar (C) para reducir en 2 el coste requerido para lanzar Shiva.
  Selecciona 1 de las siguientes 2 acciones.
  "Elige 1 Delantero en dull. Inflígele 9000 puntos de daño."
  "Todos los Delanteros Frío que controlas ganan +3000 de poder hasta el final del turno."</text>
      <prop>
        <type>Summon - XII</type>
        <manacost>3</manacost>
        <colors>Ice</colors>
        <pt>0</pt>
      </prop>
      <set picurl="https://fftcg.cdn.sewest.net/images/cards/full/15-031C_eg.jpg">Crystal Dominion</set>
      <tablerow>3</tablerow>
    </card>
    <card>
      <name>Cid Raines (15-032C)</name>
      <text>Cuando Cid Raines pasa del terreno de juego a la Break Zone, tu oponente descarta 1 carta al azar de su mano.</text>
      <prop>
        <type>Forward - THEATRHYTHM · XIII - The Cavalry</type>
        <manacost>4</manacost>
        <colors>Ice</colors>
        <pt>8000</pt>
      </prop>
      <set picurl="https://fftcg.cdn.sewest.net/images/cards/full/15-032C_eg.jpg">Crystal Dominion</set>
      <tablerow>2</tablerow>
    </card>
    <card>
      <name>Jumbo Flan (15-033C)</name>
      <text>Cuando Gran flan entra al terreno de juego, elige 1 Delantero. Ponlo en dull y congélalo.
  (0): Hasta el final del turno, Gran flan también pasa a ser un Delantero con 6000 de poder. Al final del turno, rompe Gran flan. Solo puedes usar esta habilidad una vez por turno.</text>
      <prop>
        <type>Monster - THEATRHYTHM · X - Flan</type>
        <manacost>2</manacost>
        <colors>Ice</colors>
        <pt>6000</pt>
      </prop>
      <set picurl="https://fftcg.cdn.sewest.net/images/cards/full/15-033C_eg.jpg">Crystal Dominion</set>
      <tablerow>1</tablerow>
    </card>
    <card>
      <name>Snow (15-034R)</name>
      <text>Cuando Snow entra al terreno de juego, puedes pagar (C). Cuando lo haces, selecciona 1 de las siguientes 2 acciones.
  "Congela todos los Delanteros controlados por tu oponente."
  "Congela todos los Apoyos controlados por tu oponente."</text>
      <prop>
        <type>Forward - DFF · XIII - Sentinel/L'Cie</type>
        <manacost>4</manacost>
        <colors>Ice</colors>
        <pt>8000</pt>
      </prop>
      <set picurl="https://fftcg.cdn.sewest.net/images/cards/full/15-034R_eg.jpg">Crystal Dominion</set>
      <tablerow>2</tablerow>
    </card>
    <card>
      <name>Setzer (15-035H)</name>
      <text>Cuando Setzer entra al terreno de juego, puedes pagar (C). Cuando lo haces, revela la carta superior de tu mazo. Si es un personaje, puedes jugarlo al terreno de juego.
  Al final del turno de cada jugador, si un Delantero que controlabas ha pasado del terreno de juego a la Break Zone este turno, ganas (C).</text>
      <prop>
        <type>Forward - VI - Gambler</type>
        <manacost>4</manacost>
        <colors>Ice</colors>
        <pt>7000</pt>
      </prop>
      <set picurl="https://fftcg.cdn.sewest.net/images/cards/full/15-035H_eg.jpg">Crystal Dominion</set>
      <tablerow>2</tablerow>
    </card>
    <card>
      <name>Celes (15-036H)</name>
      <text>Cuando Celes entra al terreno de juego, selecciona 1 de las siguientes 2 acciones.
  "Busca 1 Nombre de la carta Locke y añádela a tu mano." 
  "Tu oponente descarta 1 carta de su mano."
  Cuando 1 o más Delanteros Categoría VI que controlas forman un equipo y atacan, selecciona 1 de las siguientes 2 acciones.
  "Elige hasta 2 personajes. Congélalos." 
  "Elige 1 personaje Categoría VI de tu Break Zone. Añádelo a tu mano."</text>
      <prop>
        <type>Forward - VI - Rune Knight</type>
        <manacost>4</manacost>
        <colors>Ice</colors>
        <pt>7000</pt>
      </prop>
      <set picurl="https://fftcg.cdn.sewest.net/images/cards/full/15-036H_eg.jpg">Crystal Dominion</set>
      <tablerow>2</tablerow>
    </card>
    <card>
      <name>Terra (15-037L)</name>
      <text>Cuando Terra entra al terreno de juego, puedes revelar tantas Invocaciones como quieras de tu mano. Cuando lo haces, elige un número de personajes menor o igual al número de Invocaciones reveladas. Ponlos en dull y congélalos.
  Cuando lanzas una Invocación, elige hasta 1 Delantero y hasta 1 Apoyo. Pon en dull o congela el primero y pon en dull o congela el segundo.</text>
      <prop>
        <type>Forward - DFF · VI - Magitek Knight</type>
        <manacost>4</manacost>
        <colors>Ice</colors>
        <pt>8000</pt>
      </prop>
      <set picurl="https://fftcg.cdn.sewest.net/images/cards/full/15-037L_eg.jpg">Crystal Dominion</set>
      <tablerow>2</tablerow>
    </card>
    <card>
      <name>Knight (15-038C)</name>
      <text>Cuando Caballero entra al terreno de juego, ganas (C).
  (Dull), pon Caballero en la Break Zone: Elige 1 Delantero de coste 3 o menos. Ponlo en dull. Solo puedes usar esta habilidad durante tu turno.</text>
      <prop>
        <type>Backup - V - Standard Unit</type>
        <manacost>2</manacost>
        <colors>Ice</colors>
        <pt>0</pt>
      </prop>
      <set picurl="https://fftcg.cdn.sewest.net/images/cards/full/15-038C_eg.jpg">Crystal Dominion</set>
      <tablerow>0</tablerow>
    </card>
    <card>
      <name>Mime (15-039C)</name>
      <text>Cuando un Delantero que no sea Mimo entra a tu terreno de juego, el poder de Mimo pasa a ser el mismo que el de ese Delantero hasta el final del turno.</text>
      <prop>
        <type>Forward - V - Standard Unit</type>
        <manacost>2</manacost>
        <colors>Ice</colors>
        <pt>5000</pt>
      </prop>
      <set picurl="https://fftcg.cdn.sewest.net/images/cards/full/15-039C_eg.jpg">Crystal Dominion</set>
      <tablerow>2</tablerow>
    </card>
    <card>
      <name>Larzos (15-040C)</name>
      <text>Cuando Larzos entra al terreno de juego, elige 1 Delantero. Congélalo.
  Cuando Larzos abandona el terreno de juego, ganas (C).</text>
      <prop>
        <type>Forward - XI - Spitewarden</type>
        <manacost>5</manacost>
        <colors>Ice</colors>
        <pt>9000</pt>
      </prop>
      <set picurl="https://fftcg.cdn.sewest.net/images/cards/full/15-040C_eg.jpg">Crystal Dominion</set>
      <tablerow>2</tablerow>
    </card>
    <card>
      <name>Lightning (15-041L)</name>
      <text>El coste requerido para lanzar Lightning aumenta en 1 por cada carta que tu oponente tenga en su mano.
  Si tienes 2 cartas o menos en tu mano, Lightning gana +1000 de poder y Prisa.
  Al final de cada uno de tus turnos, si ninguno de los jugadores tiene cartas en su mano, Lightning inflige a tu oponente 1 punto de daño.</text>
      <prop>
        <type>Forward - XIII - Ravager/L'Cie</type>
        <manacost>1</manacost>
        <colors>Ice</colors>
        <pt>9000</pt>
      </prop>
      <set picurl="https://fftcg.cdn.sewest.net/images/cards/full/15-041L_eg.jpg">Crystal Dominion</set>
      <tablerow>2</tablerow>
    </card>
    <card>
      <name>Locke (15-042R)</name>
      <text>Si controlas 2 o más personajes Categoría VI, el coste requerido para lanzar Locke se reduce en 1.
  [EX BURST] Cuando lanzas una carta Categoría VI, revela la carta superior de tu mazo. Si es un personaje Categoría VI, añádelo a tu mano. Si no es un personaje Categoría VI, ponlo en la Break Zone.</text>
      <prop>
        <type>Forward - DFF · VI - Treasure Hunter</type>
        <manacost>5</manacost>
        <colors>Ice</colors>
        <pt>9000</pt>
      </prop>
      <set picurl="https://fftcg.cdn.sewest.net/images/cards/full/15-042R_eg.jpg">Crystal Dominion</set>
      <tablerow>2</tablerow>
    </card>
    <card>
      <name>Alexander (15-043R)</name>
      <text>Elige 1 personaje de coste 4 o más. Rómpelo.</text>
      <prop>
        <type>Summon - MOBIUS · VII</type>
        <manacost>4</manacost>
        <colors>Wind</colors>
        <pt>0</pt>
      </prop>
      <set picurl="https://fftcg.cdn.sewest.net/images/cards/full/15-043R_eg.jpg">Crystal Dominion</set>
      <tablerow>3</tablerow>
    </card>
    <card>
      <name>Alexander (8-046R)</name>
      <text>Elige 1 personaje de coste 4 o más. Rómpelo.</text>
      <prop>
        <type>Summon - MOBIUS · VII</type>
        <manacost>4</manacost>
        <colors>Wind</colors>
        <pt>0</pt>
      </prop>
      <set picurl="https://fftcg.cdn.sewest.net/images/cards/full/8-046R_eg.jpg">Crystal Dominion</set>
      <tablerow>3</tablerow>
    </card>
    <card>
      <name>Vaan (15-044L)</name>
      <text>Los Delanteros Oficio Pirata del aire que controlas que no sean Vaan ganan "Este Delantero no puede ser bloqueado por un Delantero de coste 3 o más."
  Cuando Vaan entra al terreno de juego, puedes pagar (Wind). Cuando lo haces, activa todas las Oficio Pirata del aire que controlas.
  Cuando Vaan entra al terreno de juego, puedes pagar (Water). Cuando lo haces, elige 1 Delantero. Hasta el final del turno, este pierde 2000 de poder por cada Oficio Pirata del aire que controlas.</text>
      <prop>
        <type>Forward - XII - Sky Pirate</type>
        <manacost>4</manacost>
        <colors>Wind</colors>
        <pt>8000</pt>
      </prop>
      <set picurl="https://fftcg.cdn.sewest.net/images/cards/full/15-044L_eg.jpg">Crystal Dominion</set>
      <tablerow>2</tablerow>
    </card>
    <card>
      <name>Edge (15-045H)</name>
      <text>Durante cada turno, si Edge recibe daño de las Invocaciones o habilidades de tu oponente por primera vez en ese turno, el daño se vuelve 0 en su lugar.
  (0): Elige 1 Invocación o habilidad que solo tenga como objetivo a 1 Delantero Aire que controlas. La Invocación o habilidad pasa a tener como objetivo a Edge en su lugar si es posible.</text>
      <prop>
        <type>Forward - IV - Ninja</type>
        <manacost>2</manacost>
        <colors>Wind</colors>
        <pt>5000</pt>
      </prop>
      <set picurl="https://fftcg.cdn.sewest.net/images/cards/full/15-045H_eg.jpg">Crystal Dominion</set>
      <tablerow>2</tablerow>
    </card>
    <card>
      <name>Dancer (15-046C)</name>
      <text>Al final de cada uno de tus turnos, si Bailarín está en dull, inflige 2000 puntos de daño a todos los Delanteros controlados por tu oponente.
  (1)(Dull): Todos los Delanteros que controlas ganan +1000 de poder hasta el final del turno.</text>
      <prop>
        <type>Forward - XI - Standard Unit</type>
        <manacost>3</manacost>
        <colors>Wind</colors>
        <pt>7000</pt>
      </prop>
      <set picurl="https://fftcg.cdn.sewest.net/images/cards/full/15-046C_eg.jpg">Crystal Dominion</set>
      <tablerow>2</tablerow>
    </card>
    <card>
      <name>Kytes (15-047R)</name>
      <text>Retira Kytes del juego: Elige 1 Oficio Pirata del aire que controlas. Retírala del juego. Juégala al terreno de juego al final del turno.</text>
      <prop>
        <type>Forward - XII - Sky Pirate</type>
        <manacost>1</manacost>
        <colors>Wind</colors>
        <pt>3000</pt>
      </prop>
      <set picurl="https://fftcg.cdn.sewest.net/images/cards/full/15-047R_eg.jpg">Crystal Dominion</set>
      <tablerow>2</tablerow>
    </card>
    <card>
      <name>Kain (15-048L)</name>
      <text>[EX BURST] Cuando Kain ataca, selecciona 1 de las siguientes 2 acciones.
  "Coge 1 carta."
  "Activa todos los personajes que controlas que no sean Kain."
  Al final de cada uno de tus turnos, si no tienes un (C), tu oponente pasa a controlar a Kain.</text>
      <prop>
        <type>Forward - IV - Dragoon</type>
        <manacost>2</manacost>
        <colors>Wind</colors>
        <pt>8000</pt>
      </prop>
      <set picurl="https://fftcg.cdn.sewest.net/images/cards/full/15-048L_eg.jpg">Crystal Dominion</set>
      <tablerow>2</tablerow>
    </card>
    <card>
      <name>Garchimacera (15-049C)</name>
      <text>Antes de pagar el coste para lanzar Galkimasera, puedes pagar (C) para reducir en 2 el coste requerido para lanzar Galkimasera.
  Selecciona 1 de las siguientes 2 acciones.
  "Elige 1 Delantero de coste 2 o menos. Devuélvelo a la mano de su propietario. Coge 1 carta."
  "Elige 1 Delantero de coste 5 o más. Rómpelo."</text>
      <prop>
        <type>Summon - XII</type>
        <manacost>3</manacost>
        <colors>Wind</colors>
        <pt>0</pt>
      </prop>
      <set picurl="https://fftcg.cdn.sewest.net/images/cards/full/15-049C_eg.jpg">Crystal Dominion</set>
      <tablerow>3</tablerow>
    </card>
    <card>
      <name>Gigantuar (15-050C)</name>
      <text>Cuando Cactilión entra al terreno de juego, elige 1 Delantero de coste 5 o más. Inflígele 8000 puntos de daño.
  (0): Hasta el final del turno, Cactilión también pasa a ser un Delantero con 6000 de poder. Al final del turno, rompe Cactilión. Solo puedes usar esta habilidad una vez por turno.</text>
      <prop>
        <type>Monster - THEATRHYTHM - Cactuar</type>
        <manacost>2</manacost>
        <colors>Wind</colors>
        <pt>6000</pt>
      </prop>
      <set picurl="https://fftcg.cdn.sewest.net/images/cards/full/15-050C_eg.jpg">Crystal Dominion</set>
      <tablerow>1</tablerow>
    </card>
    <card>
      <name>Shikaree G (15-051C)</name>
      <text>Durante cada turno, cuando lanzas tu segunda carta, hasta el final del turno, Shikaree G gana "Shikaree G no puede ser bloqueado."</text>
      <prop>
        <type>Forward - XI - Sin Hunter</type>
        <manacost>4</manacost>
        <colors>Wind</colors>
        <pt>8000</pt>
      </prop>
      <set picurl="https://fftcg.cdn.sewest.net/images/cards/full/15-051C_eg.jpg">Crystal Dominion</set>
      <tablerow>2</tablerow>
    </card>
    <card>
      <name>Chocobo (15-052C)</name>
      <text>(Dull): Elige 1 Delantero que forma un equipo. Este gana +2000 de poder hasta el final del turno.</text>
      <prop>
        <type>Backup - II - Standard Unit</type>
        <manacost>2</manacost>
        <colors>Wind</colors>
        <pt>0</pt>
      </prop>
      <set picurl="https://fftcg.cdn.sewest.net/images/cards/full/15-052C_eg.jpg">Crystal Dominion</set>
      <tablerow>0</tablerow>
    </card>
    <card>
      <name>Diabolos (15-053H)</name>
      <text>Elige 1 Delantero. Su poder pasa a ser 3000 hasta el final del turno. Si has lanzado 4 o más cartas este turno, el poder de todos los Delanteros pasa a ser 3000 hasta el final del turno en su lugar.</text>
      <prop>
        <type>Summon - FFEX</type>
        <manacost>1</manacost>
        <colors>Wind</colors>
        <pt>0</pt>
      </prop>
      <set picurl="https://fftcg.cdn.sewest.net/images/cards/full/15-053H_eg.jpg">Crystal Dominion</set>
      <tablerow>3</tablerow>
    </card>
    <card>
      <name>Nono (15-054R)</name>
      <text>(Dull): Activa todas las Oficio Moguri que controlas que no sean Nono. Solo puedes usar esta habilidad una vez por turno.</text>
      <prop>
        <type>Forward - XII - Machinist/Moogle</type>
        <manacost>2</manacost>
        <colors>Wind</colors>
        <pt>5000</pt>
      </prop>
      <set picurl="https://fftcg.cdn.sewest.net/images/cards/full/15-054R_eg.jpg">Crystal Dominion</set>
      <tablerow>2</tablerow>
    </card>
    <card>
      <name>Bartz (15-055H)</name>
      <text>[EX BURST] Cuando una Oficio Guerrero de la Luz que no sea Bartz entra a tu terreno de juego, ganas (C).
  Si tienes un (C), Bartz gana +2000 de poder.
  Cuando una Oficio Guerrero de la Luz que controlas pasa del terreno de juego a la Break Zone, puedes pagar (C)(C)(C). Cuando lo haces, juégala al terreno de juego. Este efecto solo se puede desencadenar una vez por turno.</text>
      <prop>
        <type>Forward - THEATRHYTHM · V - Wanderer/Warrior of Light</type>
        <manacost>4</manacost>
        <colors>Wind</colors>
        <pt>8000</pt>
      </prop>
      <set picurl="https://fftcg.cdn.sewest.net/images/cards/full/15-055H_eg.jpg">Crystal Dominion</set>
      <tablerow>2</tablerow>
    </card>
    <card>
      <name>Filo (15-056R)</name>
      <text>Los Apoyos Oficio Pirata del aire que controlas pueden generar CP Aire o CP Agua.
  Brío aéreo (S)(Wind): Elige 1 Delantero Oficio Pirata del aire. Hasta el final del turno, este gana Bravura y "Este Delantero puede atacar dos veces en el mismo turno."</text>
      <prop>
        <type>Backup - XII - Sky Pirate</type>
        <manacost>2</manacost>
        <colors>Wind</colors>
        <pt>0</pt>
      </prop>
      <set picurl="https://fftcg.cdn.sewest.net/images/cards/full/15-056R_eg.jpg">Crystal Dominion</set>
      <tablerow>0</tablerow>
    </card>
    <card>
      <name>Maria (15-057R)</name>
      <text>Los Delanteros Oficio Rebelde que controlas ganan +1000 de poder por cada Delantero Oficio Rebelde que controlas.
  Si un Delantero Oficio Rebelde que controlas recibe daño, este se reduce en 2000 en su lugar.</text>
      <prop>
        <type>Forward - II - Warrior/Rebel</type>
        <manacost>2</manacost>
        <colors>Wind</colors>
        <pt>4000</pt>
      </prop>
      <set picurl="https://fftcg.cdn.sewest.net/images/cards/full/15-057R_eg.jpg">Crystal Dominion</set>
      <tablerow>2</tablerow>
    </card>
    <card>
      <name>Dragoon (15-058C)</name>
      <text>Cuando Caballero dragón entra al terreno de juego, ganas (C).
  (Dull), pon Caballero dragón en la Break Zone: Elige 1 Delantero. Este gana Iniciativa hasta el final del turno. Solo puedes usar esta habilidad durante tu turno.</text>
      <prop>
        <type>Backup - V - Standard Unit</type>
        <manacost>2</manacost>
        <colors>Wind</colors>
        <pt>0</pt>
      </prop>
      <set picurl="https://fftcg.cdn.sewest.net/images/cards/full/15-058C_eg.jpg">Crystal Dominion</set>
      <tablerow>0</tablerow>
    </card>
    <card>
      <name>Llyud (15-059C)</name>
      <text>Cuando Lyud ataca, todos los Delanteros Oficio Guerrero que controlas ganan +3000 de poder hasta el final del turno.
  Daños 3 -- Lyud gana Prisa.</text>
      <prop>
        <type>Forward - XII - Aegyl/Warrior</type>
        <manacost>2</manacost>
        <colors>Wind</colors>
        <pt>5000</pt>
      </prop>
      <set picurl="https://fftcg.cdn.sewest.net/images/cards/full/15-059C_eg.jpg">Crystal Dominion</set>
      <tablerow>2</tablerow>
    </card>
    <card>
      <name>Leon (15-060R)</name>
      <text>Cuando un Delantero de poder 10000 o más que controlas ataca, coge 1 carta. 
  Daños 3 -- Cuando Leon entra al terreno de juego, elige 1 Nombre de la carta María de tu Break Zone. Juégala al terreno de juego.</text>
      <prop>
        <type>Forward - II - Warrior/Rebel</type>
        <manacost>3</manacost>
        <colors>Wind</colors>
        <pt>7000</pt>
      </prop>
      <set picurl="https://fftcg.cdn.sewest.net/images/cards/full/15-060R_eg.jpg">Crystal Dominion</set>
      <tablerow>2</tablerow>
    </card>
    <card>
      <name>Lehko Habhoka (15-061H)</name>
      <text>Al final de cada uno de tus turnos, si has lanzado 3 o 4 cartas este turno, puedes poner Lehko Habhoka en la Break Zone. Si lo haces, busca 1 personaje de coste 4 o menos y juégalo al terreno de juego.
  Al final de cada uno de tus turnos, si has lanzado 5 o más cartas este turno, puedes poner Lehko Habhoka en la Break Zone. Si lo haces, busca 1 personaje de coste 8 o menos y juégalo al terreno de juego.</text>
      <prop>
        <type>Backup - XI - Military Advisor</type>
        <manacost>4</manacost>
        <colors>Wind</colors>
        <pt>0</pt>
      </prop>
      <set picurl="https://fftcg.cdn.sewest.net/images/cards/full/15-061H_eg.jpg">Crystal Dominion</set>
      <tablerow>0</tablerow>
    </card>
    <card>
      <name>Rem (15-062C)</name>
      <text>Cuando Rem entra al terreno de juego o pasa del terreno de juego a la Break Zone, elige 1 personaje que no sea Rem. Actívalo.
  (Dull), pon Rem en la Break Zone: Ganas (C).</text>
      <prop>
        <type>Backup - THEATRHYTHM · TYPE-0 - Class Zero Cadet</type>
        <manacost>2</manacost>
        <colors>Wind</colors>
        <pt>0</pt>
      </prop>
      <set picurl="https://fftcg.cdn.sewest.net/images/cards/full/15-062C_eg.jpg">Crystal Dominion</set>
      <tablerow>0</tablerow>
    </card>
    <card>
      <name>Romaa Mihgo (15-063C)</name>
      <text>Cuando coges una carta, Romaa Mihgo gana +1000 de poder hasta el final del turno.</text>
      <prop>
        <type>Forward - XI - Mercenary</type>
        <manacost>4</manacost>
        <colors>Wind</colors>
        <pt>8000</pt>
      </prop>
      <set picurl="https://fftcg.cdn.sewest.net/images/cards/full/15-063C_eg.jpg">Crystal Dominion</set>
      <tablerow>2</tablerow>
    </card>
    <card>
      <name>Vanille (15-064C)</name>
      <text>Cuando Vanille entra al terreno de juego, selecciona 1 de las siguientes 2 acciones.
  "Elige 1 Delantero en dull. Rómpelo."
  "Elige hasta 2 Delanteros de tu Break Zone. Añádelos a tu mano."</text>
      <prop>
        <type>Backup - XIII - Saboteur/L'Cie</type>
        <manacost>6</manacost>
        <colors>Earth</colors>
        <pt>0</pt>
      </prop>
      <set picurl="https://fftcg.cdn.sewest.net/images/cards/full/15-064C_eg.jpg">Crystal Dominion</set>
      <tablerow>0</tablerow>
    </card>
    <card>
      <name>Scholar (15-065C)</name>
      <text>Cuando Erudito entra al terreno de juego, elige hasta 1 carta de tu Break Zone. Colócala en la parte inferior de tu mazo y pon la carta superior de tu mazo en la Break Zone.
  (Dull), pon Erudito en la Break Zone: Baraja tu mazo.</text>
      <prop>
        <type>Backup - XI - Standard Unit</type>
        <manacost>2</manacost>
        <colors>Earth</colors>
        <pt>0</pt>
      </prop>
      <set picurl="https://fftcg.cdn.sewest.net/images/cards/full/15-065C_eg.jpg">Crystal Dominion</set>
      <tablerow>0</tablerow>
    </card>
    <card>
      <name>Galuf (15-066C)</name>
      <text>Cuando un Delantero que ha recibido daño de Galuf pasa del terreno de juego a la Break Zone en el mismo turno, ganas (C).</text>
      <prop>
        <type>Forward - THEATRHYTHM · V - Dawn Warrior/Warrior</type>
        <manacost>5</manacost>
        <colors>Earth</colors>
        <pt>9000</pt>
      </prop>
      <set picurl="https://fftcg.cdn.sewest.net/images/cards/full/15-066C_eg.jpg">Crystal Dominion</set>
      <tablerow>2</tablerow>
    </card>
    <card>
      <name>Gijuk (15-067R)</name>
      <text>Cuando Gijuk entra al terreno de juego, puedes buscar 1 Oficio Cazarrecompensas que no sea Nombre de la carta Gijuk y añadirla a tu mano.
  (Dull), pon Gijuk en la Break Zone: Elige 1 Delantero que controlas. Pon 2 Contadores Recompensa sobre él.</text>
      <prop>
        <type>Backup - XII - Headhunter</type>
        <manacost>3</manacost>
        <colors>Earth</colors>
        <pt>0</pt>
      </prop>
      <set picurl="https://fftcg.cdn.sewest.net/images/cards/full/15-067R_eg.jpg">Crystal Dominion</set>
      <tablerow>0</tablerow>
    </card>
    <card>
      <name>Gilgamesh (15-068R)</name>
      <text>(Dull), pon Gilgamesh en la Break Zone: Busca 1 Nombre de la carta Gilgamesh de coste 5 o menos y juégala al terreno de juego.
  Daños 3 -- Cuando Gilgamesh pasa del terreno de juego a la Break Zone, elige 1 Apoyo de coste 4 o más controlado por tu oponente. Rómpelo.
  Daños 5 -- Cuando Gilgamesh pasa del terreno de juego a la Break Zone, elige 1 Delantero de coste 4 o más controlado por tu oponente. Rómpelo.</text>
      <prop>
        <type>Forward - THEATRHYTHM · V - Praetorian</type>
        <manacost>3</manacost>
        <colors>Earth</colors>
        <pt>7000</pt>
      </prop>
      <set picurl="https://fftcg.cdn.sewest.net/images/cards/full/15-068R_eg.jpg">Crystal Dominion</set>
      <tablerow>2</tablerow>
    </card>
    <card>
      <name>Cu Sith (15-069C)</name>
      <text>(Dull), descarta 3 cartas, cada una de un tipo distinto, pon Cu Sith en la Break Zone: Coge 4 cartas.</text>
      <prop>
        <type>Backup - XII - Master Artificer</type>
        <manacost>2</manacost>
        <colors>Earth</colors>
        <pt>0</pt>
      </prop>
      <set picurl="https://fftcg.cdn.sewest.net/images/cards/full/15-069C_eg.jpg">Crystal Dominion</set>
      <tablerow>0</tablerow>
    </card>
    <card>
      <name>Cait Sith (XI) (15-070R)</name>
      <text>[EX BURST] Cuando Cait Sith (XI) entra al terreno de juego, revela las 2 cartas de la parte superior de tu mazo. Añade 1 Delantero de entre ellas a tu mano y pon el resto en la parte inferior de tu mazo en el orden que quieras.</text>
      <prop>
        <type>Forward - XI - Guide</type>
        <manacost>1</manacost>
        <colors>Earth</colors>
        <pt>3000</pt>
      </prop>
      <set picurl="https://fftcg.cdn.sewest.net/images/cards/full/15-070R_eg.jpg">Crystal Dominion</set>
      <tablerow>2</tablerow>
    </card>
    <card>
      <name>Kefka (15-071H)</name>
      <text>[EX BURST] Cuando Kefka entra al terreno de juego, ganas (C).
  (C)(C)(C): Divide todos los Delanteros controlados por tu oponente en 3 grupos (Puedes formar un grupo de 0 Delanteros). Tu oponente selecciona 1 grupo de entre ellos. Pon todos los Delanteros de los demás grupos en la Break Zone.</text>
      <prop>
        <type>Forward - VI - Mage</type>
        <manacost>4</manacost>
        <colors>Earth</colors>
        <pt>8000</pt>
      </prop>
      <set picurl="https://fftcg.cdn.sewest.net/images/cards/full/15-071H_eg.jpg">Crystal Dominion</set>
      <tablerow>2</tablerow>
    </card>
    <card>
      <name>Cid Sophiar (15-072R)</name>
      <text>(Earth)(Dull): Elige 1 Delantero y 1 Delantero más. Hasta el final del turno, el primero pierde Prisa, Iniciativa y Bravura. Después, el segundo gana todas las habilidades perdidas a causa del efecto anterior hasta el final del turno.</text>
      <prop>
        <type>Backup - XV - Engineer</type>
        <manacost>2</manacost>
        <colors>Earth</colors>
        <pt>0</pt>
      </prop>
      <set picurl="https://fftcg.cdn.sewest.net/images/cards/full/15-072R_eg.jpg">Crystal Dominion</set>
      <tablerow>0</tablerow>
    </card>
    <card>
      <name>Cecil (15-073H)</name>
      <text>Cuando Cecil entra al terreno de juego, si no pagas (C), Cecil te inflige 1 punto de daño.
  Daños 3 -- Cuando Cecil pasa del terreno de juego a la Break Zone, puedes buscar 1 Nombre de carta Cecil y jugarla al terreno de juego.
  Devora almas (S): Hasta el final del turno, Cecil gana +2000 de poder, Iniciativa y "Si Cecil inflige daño a tu oponente, el daño se vuelve 2 en su lugar."</text>
      <prop>
        <type>Forward - IV - Dark Knight</type>
        <manacost>3</manacost>
        <colors>Earth</colors>
        <pt>9000</pt>
      </prop>
      <set picurl="https://fftcg.cdn.sewest.net/images/cards/full/15-073H_eg.jpg">Crystal Dominion</set>
      <tablerow>2</tablerow>
    </card>
    <card>
      <name>Zombie (15-074C)</name>
      <text>Cuando Zombi entra al terreno de juego, elige 1 Delantero de coste 1 de tu Break Zone. Añádelo a tu mano.
  (0): Hasta el final del turno, Zombi también pasa a ser un Delantero con 6000 de poder. Al final del turno, rompe Zombi. Solo puedes usar esta habilidad una vez por turno.</text>
      <prop>
        <type>Monster - XII - Undead</type>
        <manacost>2</manacost>
        <colors>Earth</colors>
        <pt>6000</pt>
      </prop>
      <set picurl="https://fftcg.cdn.sewest.net/images/cards/full/15-074C_eg.jpg">Crystal Dominion</set>
      <tablerow>1</tablerow>
    </card>
    <card>
      <name>Titan (15-075R)</name>
      <text>[EX BURST] Elige 1 Delantero que controlas y 1 Delantero controlado por tu oponente. El primero gana +2000 de poder hasta el final del turno. Después, el primero inflige un daño igual a su poder al segundo.</text>
      <prop>
        <type>Summon - MOBIUS · VII</type>
        <manacost>5</manacost>
        <colors>Earth</colors>
        <pt>0</pt>
      </prop>
      <set picurl="https://fftcg.cdn.sewest.net/images/cards/full/15-075R_eg.jpg">Crystal Dominion</set>
      <tablerow>3</tablerow>
    </card>
    <card>
      <name>Titan (6-075R)</name>
      <text>[EX BURST] Elige 1 Delantero que controlas y 1 Delantero controlado por tu oponente. El primero gana +2000 de poder hasta el final del turno. Después, el primero inflige un daño igual a su poder al segundo.</text>
      <prop>
        <type>Summon - MOBIUS · VII</type>
        <manacost>5</manacost>
        <colors>Earth</colors>
        <pt>0</pt>
      </prop>
      <set picurl="https://fftcg.cdn.sewest.net/images/cards/full/6-075R_eg.jpg">Crystal Dominion</set>
      <tablerow>3</tablerow>
    </card>
    <card>
      <name>Titan (15-076C)</name>
      <text>Antes de pagar el coste para lanzar Titán, puedes pagar (C) para reducir en 2 el coste requerido para lanzar Titán.
  Selecciona 1 de las siguientes 2 acciones.
  "Elige 1 Delantero. Este gana +10000 de poder hasta el final del turno."
  "Elige 1 Delantero. Inflígele 7000 puntos de daño."</text>
      <prop>
        <type>Summon - XII</type>
        <manacost>3</manacost>
        <colors>Earth</colors>
        <pt>0</pt>
      </prop>
      <set picurl="https://fftcg.cdn.sewest.net/images/cards/full/15-076C_eg.jpg">Crystal Dominion</set>
      <tablerow>3</tablerow>
    </card>
    <card>
      <name>Dadaluma (15-077H)</name>
      <text>Cuando Dadaluma recibe daño de un Delantero controlado por tu oponente, elige hasta 1 Delantero controlado por tu oponente. Inflígele 8000 puntos de daño.
  Daños 3 -- Dadaluma gana +2000 de poder y Bravura.</text>
      <prop>
        <type>Forward - VI - Martial Artist</type>
        <manacost>3</manacost>
        <colors>Earth</colors>
        <pt>7000</pt>
      </prop>
      <set picurl="https://fftcg.cdn.sewest.net/images/cards/full/15-077H_eg.jpg">Crystal Dominion</set>
      <tablerow>2</tablerow>
    </card>
    <card>
      <name>Berserker (15-078C)</name>
      <text>Bárbaro debe atacar una vez por turno siempre que sea posible.
  Cuando Bárbaro ataca, Bárbaro gana +5000 de poder hasta el final del turno.</text>
      <prop>
        <type>Forward - V - Standard Unit</type>
        <manacost>4</manacost>
        <colors>Earth</colors>
        <pt>8000</pt>
      </prop>
      <set picurl="https://fftcg.cdn.sewest.net/images/cards/full/15-078C_eg.jpg">Crystal Dominion</set>
      <tablerow>2</tablerow>
    </card>
    <card>
      <name>Ba'Gamnan (15-079R)</name>
      <text>Cuando Ba'Gamnan o una Oficio Cazarrecompensas entra a tu terreno de juego, pon 1 Contador Recompensa sobre Ba'Gamnan.
  Retira 1 Contador Recompensa de un personaje: Elige 1 Delantero. Este gana +2000 de poder hasta el final del turno.
  (Dull), retira 4 Contadores Recompensa de los personajes que quieras: Elige 1 personaje en dull. Rómpelo.</text>
      <prop>
        <type>Forward - XII - Headhunter</type>
        <manacost>4</manacost>
        <colors>Earth</colors>
        <pt>8000</pt>
      </prop>
      <set picurl="https://fftcg.cdn.sewest.net/images/cards/full/15-079R_eg.jpg">Crystal Dominion</set>
      <tablerow>2</tablerow>
    </card>
    <card>
      <name>Geomancer (15-080C)</name>
      <text>Cuando Geomante entra al terreno de juego, ganas (C).
  (Dull), pon Geomante en la Break Zone: Elige 1 Delantero. Este gana Bravura hasta el final del turno. Solo puedes usar esta habilidad durante tu turno.</text>
      <prop>
        <type>Backup - V - Standard Unit</type>
        <manacost>2</manacost>
        <colors>Earth</colors>
        <pt>0</pt>
      </prop>
      <set picurl="https://fftcg.cdn.sewest.net/images/cards/full/15-080C_eg.jpg">Crystal Dominion</set>
      <tablerow>0</tablerow>
    </card>
    <card>
      <name>Firion (15-081C)</name>
      <text>Si controlas una Oficio Rebelde que no sea Firion, Firion gana +1000 de poder y Bravura.</text>
      <prop>
        <type>Forward - II - Warrior/Rebel</type>
        <manacost>3</manacost>
        <colors>Earth</colors>
        <pt>7000</pt>
      </prop>
      <set picurl="https://fftcg.cdn.sewest.net/images/cards/full/15-081C_eg.jpg">Crystal Dominion</set>
      <tablerow>2</tablerow>
    </card>
    <card>
      <name>Hecatoncheir (15-082H)</name>
      <text>Solo puedes lanzar Hecatónquiro durante tu turno.
  Inflige 8000 puntos de daño a todos los Delanteros.</text>
      <prop>
        <type>Summon - XIII</type>
        <manacost>5</manacost>
        <colors>Earth</colors>
        <pt>0</pt>
      </prop>
      <set picurl="https://fftcg.cdn.sewest.net/images/cards/full/15-082H_eg.jpg">Crystal Dominion</set>
      <tablerow>3</tablerow>
    </card>
    <card>
      <name>Rydia (15-083L)</name>
      <text>Si Rydia recibe daño de las Invocaciones o habilidades de tu oponente, el daño se vuelve 0 en su lugar.
  Cuando Rydia o un personaje Categoría IV entra a tu terreno de juego, pon 2 Contadores Crecimiento sobre Rydia.
  (0): Lanza 1 Invocación de coste igual o inferior al número de Contadores Crecimiento sobre Rydia de tu mano sin pagar su coste. Solo puedes usar esta habilidad una vez por turno.</text>
      <prop>
        <type>Forward - IV - Summoner</type>
        <manacost>2</manacost>
        <colors>Earth</colors>
        <pt>5000</pt>
      </prop>
      <set picurl="https://fftcg.cdn.sewest.net/images/cards/full/15-083L_eg.jpg">Crystal Dominion</set>
      <tablerow>2</tablerow>
    </card>
    <card>
      <name>Robel-Akbel (15-084L)</name>
      <text>Cuando Robel-Akbel entra al terreno de juego, puedes pagar (C). Cuando lo haces, elige 1 Delantero o Monstruo. Rómpelo.
  Al principio de la Main Phase 1 durante cada uno de tus turnos, elige 1 Apoyo de tu Break Zone. Añádelo a tu mano.</text>
      <prop>
        <type>Forward - XI - Black Mage/Warlock Warlord</type>
        <manacost>4</manacost>
        <colors>Earth</colors>
        <pt>8000</pt>
      </prop>
      <set picurl="https://fftcg.cdn.sewest.net/images/cards/full/15-084L_eg.jpg">Crystal Dominion</set>
      <tablerow>2</tablerow>
    </card>
    <card>
      <name>Aquila (15-085R)</name>
      <text>[EX BURST] Cuando lanzas una Invocación, ganas (C). Este efecto solo se puede desencadenar una vez por turno.
  Daños 3 -- Cuando Aquila entra al terreno de juego, elige 1 Invocación Rayo de tu Break Zone. Añádela a tu mano.</text>
      <prop>
        <type>Forward - XI - Spitewarden</type>
        <manacost>4</manacost>
        <colors>Lightning</colors>
        <pt>8000</pt>
      </prop>
      <set picurl="https://fftcg.cdn.sewest.net/images/cards/full/15-085R_eg.jpg">Crystal Dominion</set>
      <tablerow>2</tablerow>
    </card>
    <card>
      <name>Axis (15-086R)</name>
      <text>Cuando Axis entra al terreno de juego, pon las 3 cartas de la parte superior de tu mazo en la Break Zone.
  Pon Axis en la Break Zone: Elige 1 Delantero que no sea Nombre de la carta Axis de tu Break Zone. Añádelo a tu mano.</text>
      <prop>
        <type>Forward - XV - Kingsglaive</type>
        <manacost>3</manacost>
        <colors>Lightning</colors>
        <pt>7000</pt>
      </prop>
      <set picurl="https://fftcg.cdn.sewest.net/images/cards/full/15-086R_eg.jpg">Crystal Dominion</set>
      <tablerow>2</tablerow>
    </card>
    <card>
      <name>Aranea (15-087C)</name>
      <text>[EX BURST] Cuando Aranea entra al terreno de juego, revela la carta superior de tu mazo. Si es una carta Rayo, añádela a tu mano.
  Daños 3 -- Los Delanteros Oficio Draconarius que controlas ganan +2000 de poder.</text>
      <prop>
        <type>Forward - THEATRHYTHM · XV - Dragoon</type>
        <manacost>2</manacost>
        <colors>Lightning</colors>
        <pt>3000</pt>
      </prop>
      <set picurl="https://fftcg.cdn.sewest.net/images/cards/full/15-087C_eg.jpg">Crystal Dominion</set>
      <tablerow>2</tablerow>
    </card>
    <card>
      <name>Vayne (15-088H)</name>
      <text>Antes de pagar el coste para lanzar Vayne, puedes retirar del juego tantos Apoyos activos que controlas como quieras para reducir en 4 el coste requerido para lanzar Vayne por cada Apoyo retirado.
  Los Delanteros que controlas ganan +2000 de poder.
  Los Delanteros controlados por tu oponente pierden 2000 de poder.</text>
      <prop>
        <type>Forward - DFF · XII - Consul</type>
        <manacost>8</manacost>
        <colors>Lightning</colors>
        <pt>8000</pt>
      </prop>
      <set picurl="https://fftcg.cdn.sewest.net/images/cards/full/15-088H_eg.jpg">Crystal Dominion</set>
      <tablerow>2</tablerow>
    </card>
    <card>
      <name>Sky Soldier (15-089C)</name>
      <text>(Dull), pon Soldado del aire en la Break Zone: Elige 1 Delantero. Hasta el final del turno, este gana "Cuando este Delantero inflige daño en combate a un Delantero, rompe ese Delantero."</text>
      <prop>
        <type>Backup - XII - Standard Unit</type>
        <manacost>2</manacost>
        <colors>Lightning</colors>
        <pt>0</pt>
      </prop>
      <set picurl="https://fftcg.cdn.sewest.net/images/cards/full/15-089C_eg.jpg">Crystal Dominion</set>
      <tablerow>0</tablerow>
    </card>
    <card>
      <name>Odin (15-090H)</name>
      <text>Selecciona 1 de las siguientes 2 acciones.
  Elige 1 Delantero de coste 2 o menos. Rómpelo.
  Elige 1 Delantero de coste 4 o menos. Si has recibido un punto de daño este turno, rómpelo.</text>
      <prop>
        <type>Summon - XIII</type>
        <manacost>2</manacost>
        <colors>Lightning</colors>
        <pt>0</pt>
      </prop>
      <set picurl="https://fftcg.cdn.sewest.net/images/cards/full/15-090H_eg.jpg">Crystal Dominion</set>
      <tablerow>3</tablerow>
    </card>
    <card>
      <name>Thunder Drake (15-091C)</name>
      <text>Cuando Electrodraco entra al terreno de juego, elige 1 Delantero de coste 2 o menos. Rómpelo.
  (0): Hasta el final del turno, Electrodraco también pasa a ser un Delantero con 6000 de poder. Al final del turno, rompe Electrodraco. Solo puedes usar esta habilidad una vez por turno.</text>
      <prop>
        <type>Monster - XII - Dragon</type>
        <manacost>2</manacost>
        <colors>Lightning</colors>
        <pt>6000</pt>
      </prop>
      <set picurl="https://fftcg.cdn.sewest.net/images/cards/full/15-091C_eg.jpg">Crystal Dominion</set>
      <tablerow>1</tablerow>
    </card>
    <card>
      <name>Sonitus (15-092C)</name>
      <text>(Lightning)(Lightning)(1)(Dull), pon Sonitus en la Break Zone: Elige 1 Delantero. Rómpelo. Sonitus te inflige 1 punto de daño.</text>
      <prop>
        <type>Backup - XV - Kingsglaive</type>
        <manacost>2</manacost>
        <colors>Lightning</colors>
        <pt>0</pt>
      </prop>
      <set picurl="https://fftcg.cdn.sewest.net/images/cards/full/15-092C_eg.jpg">Crystal Dominion</set>
      <tablerow>0</tablerow>
    </card>
    <card>
      <name>Tredd (15-093R)</name>
      <text>Cuando Tredd entra al terreno de juego, elige 1 Delantero Categoría XV. Hasta el final del turno, este gana +1000 de poder y Bravura.
  Pon Tredd en la Break Zone: Elige 1 Delantero. Hasta el final del turno, este gana +3000 de poder e Iniciativa.</text>
      <prop>
        <type>Forward - XV - Kingsglaive</type>
        <manacost>1</manacost>
        <colors>Lightning</colors>
        <pt>3000</pt>
      </prop>
      <set picurl="https://fftcg.cdn.sewest.net/images/cards/full/15-093R_eg.jpg">Crystal Dominion</set>
      <tablerow>2</tablerow>
    </card>
    <card>
      <name>Nyx (15-094L)</name>
      <text>Retira del juego 1 Oficio Glaive real de la Break Zone: Hasta el final del turno, Nyx gana +1000 de poder, Iniciativa y "Nyx no puede ser objetivo de las habilidades de tu oponente."
  Retira del juego 5 Oficio Glaive real de la Break Zone: Busca 1 Delantero Categoría XV de coste 5 o menos y juégalo al terreno de juego.</text>
      <prop>
        <type>Forward - XV - Kingsglaive</type>
        <manacost>3</manacost>
        <colors>Lightning</colors>
        <pt>7000</pt>
      </prop>
      <set picurl="https://fftcg.cdn.sewest.net/images/cards/full/15-094L_eg.jpg">Crystal Dominion</set>
      <tablerow>2</tablerow>
    </card>
    <card>
      <name>Ninja (15-095C)</name>
      <text>Cuando Ninja entra al terreno de juego, ganas (C).
  (Dull), pon Ninja en la Break Zone: Elige 1 Delantero. Inflígele 1000 puntos de daño. Solo puedes usar esta habilidad durante tu turno.</text>
      <prop>
        <type>Backup - V - Standard Unit</type>
        <manacost>2</manacost>
        <colors>Lightning</colors>
        <pt>0</pt>
      </prop>
      <set picurl="https://fftcg.cdn.sewest.net/images/cards/full/15-095C_eg.jpg">Crystal Dominion</set>
      <tablerow>0</tablerow>
    </card>
    <card>
      <name>Noel (15-096C)</name>
      <text>Iniciativa
  Cuando Noel es bloqueado, inflige 6000 puntos de daño al Delantero que bloquea a Noel.</text>
      <prop>
        <type>Forward - THEATRHYTHM · XIII - Commando</type>
        <manacost>3</manacost>
        <colors>Lightning</colors>
        <pt>6000</pt>
      </prop>
      <set picurl="https://fftcg.cdn.sewest.net/images/cards/full/15-096C_eg.jpg">Crystal Dominion</set>
      <tablerow>2</tablerow>
    </card>
    <card>
      <name>Feolthanos (15-097H)</name>
      <text>Cuando Forthanos entra al terreno de juego, rompe todos los Delanteros activos.
  Daños 6 -- Al final de cada uno de tus turnos, rompe todos los Delanteros controlados por tu oponente y todos los Apoyos que controlas.</text>
      <prop>
        <type>Backup - XII - Aegyl</type>
        <manacost>6</manacost>
        <colors>Lightning</colors>
        <pt>0</pt>
      </prop>
      <set picurl="https://fftcg.cdn.sewest.net/images/cards/full/15-097H_eg.jpg">Crystal Dominion</set>
      <tablerow>0</tablerow>
    </card>
    <card>
      <name>Pelna (15-098C)</name>
      <text>Si controlas un personaje Categoría XV, el coste requerido para lanzar Pelna se reduce en 1.
  (Dull), pon Pelna en la Break Zone: Todos los Delanteros Categoría XV que controlas ganan +2000 de poder hasta el final del turno.</text>
      <prop>
        <type>Backup - XV - Kingsglaive</type>
        <manacost>2</manacost>
        <colors>Lightning</colors>
        <pt>0</pt>
      </prop>
      <set picurl="https://fftcg.cdn.sewest.net/images/cards/full/15-098C_eg.jpg">Crystal Dominion</set>
      <tablerow>0</tablerow>
    </card>
    <card>
      <name>Magitek Armor (15-099C)</name>
      <text>(Dull), descarta 2 cartas: Elige 1 Delantero. Rómpelo. Unidad Magitec no se activará durante tu siguiente Active Phase.</text>
      <prop>
        <type>Forward - THEATRHYTHM · VI - Standard Unit</type>
        <manacost>5</manacost>
        <colors>Lightning</colors>
        <pt>9000</pt>
      </prop>
      <set picurl="https://fftcg.cdn.sewest.net/images/cards/full/15-099C_eg.jpg">Crystal Dominion</set>
      <tablerow>2</tablerow>
    </card>
    <card>
      <name>Ragelise (15-100R)</name>
      <text>Al final de cada uno de tus turnos, si un Delantero ha pasado del terreno de juego a la Break Zone este turno, ganas (C).
  Daños 3 -- [EX BURST] Cuando Ragelise entra al terreno de juego, ganas (C).</text>
      <prop>
        <type>Forward - XI - Spitewarden</type>
        <manacost>2</manacost>
        <colors>Lightning</colors>
        <pt>5000</pt>
      </prop>
      <set picurl="https://fftcg.cdn.sewest.net/images/cards/full/15-100R_eg.jpg">Crystal Dominion</set>
      <tablerow>2</tablerow>
    </card>
    <card>
      <name>Ramuh (15-101R)</name>
      <text>Selecciona hasta 2 de las siguientes 4 acciones.
  "Elige 1 Monstruo de coste 2 o menos. Rómpelo."
  "Elige 1 Delantero de coste 4 o menos. Ponlo en dull."
  "Elige 1 Delantero activo. Inflígele 7000 puntos de daño."
  "Elige 1 Delantero Rayo. Este gana Prisa hasta el final del turno."</text>
      <prop>
        <type>Summon - MOBIUS · VII</type>
        <manacost>3</manacost>
        <colors>Lightning</colors>
        <pt>0</pt>
      </prop>
      <set picurl="https://fftcg.cdn.sewest.net/images/cards/full/15-101R_eg.jpg">Crystal Dominion</set>
      <tablerow>3</tablerow>
    </card>
    <card>
      <name>Ramuh (6-102R)</name>
      <text>Selecciona hasta 2 de las siguientes 4 acciones.
  "Elige 1 Monstruo de coste 2 o menos. Rómpelo."
  "Elige 1 Delantero de coste 4 o menos. Ponlo en dull."
  "Elige 1 Delantero activo. Inflígele 7000 puntos de daño."
  "Elige 1 Delantero Rayo. Este gana Prisa hasta el final del turno."</text>
      <prop>
        <type>Summon - MOBIUS · VII</type>
        <manacost>3</manacost>
        <colors>Lightning</colors>
        <pt>0</pt>
      </prop>
      <set picurl="https://fftcg.cdn.sewest.net/images/cards/full/6-102R_eg.jpg">Crystal Dominion</set>
      <tablerow>3</tablerow>
    </card>
    <card>
      <name>Lilisette (15-102H)</name>
      <text>Pon en dull una Oficio Bailarín/Bailarina o Nombre de la carta Bailarín/Bailarina activa: Elige 1 Delantero. Ponlo en dull.
  Pon en dull un total de 4 Oficio Bailarín/Bailarina o Nombre de la carta Bailarín/Bailarina activas: Inflige 8000 puntos de daño a todos los Delanteros activos.
  Floritura apoteósica(S): Durante este turno, si una Oficio Bailarín/Bailarina o Nombre de la carta Bailarín/Bailarina que controlas recibe daño de una Invocación o habilidad, el daño se vuelve 0 en su lugar.</text>
      <prop>
        <type>Forward - MOBIUS · XI - Dancer</type>
        <manacost>3</manacost>
        <colors>Lightning</colors>
        <pt>7000</pt>
      </prop>
      <set picurl="https://fftcg.cdn.sewest.net/images/cards/full/15-102H_eg.jpg">Crystal Dominion</set>
      <tablerow>2</tablerow>
    </card>
    <card>
      <name>Regis (15-103R)</name>
      <text>El coste requerido para lanzar tus Oficio Glaive real se reduce en 1.
  Cuando Regis es objetivo de las Invocaciones o habilidades de tu oponente, puedes poner 1 Oficio Glaive real que controlas en la Break Zone. Cuando lo haces, cancela su efecto.
  Daños 3 -- Regis gana +1000 de poder.</text>
      <prop>
        <type>Forward - XV - King</type>
        <manacost>4</manacost>
        <colors>Lightning</colors>
        <pt>8000</pt>
      </prop>
      <set picurl="https://fftcg.cdn.sewest.net/images/cards/full/15-103R_eg.jpg">Crystal Dominion</set>
      <tablerow>2</tablerow>
    </card>
    <card>
      <name>Lady Lilith (15-104L)</name>
      <text>Retira del juego 1 Delantero que no sea Lady Lilith: Ganas (C). Solo puedes usar esta habilidad una vez por turno.
  (C): Elige 1 Delantero Rayo. Este gana Prisa hasta el final del turno. Solo puedes usar esta habilidad una vez por turno.
  (C)(C): Elige 1 Delantero de coste 5 o menos. Rómpelo.</text>
      <prop>
        <type>Forward - XI - Lady Lilith</type>
        <manacost>2</manacost>
        <colors>Lightning</colors>
        <pt>5000</pt>
      </prop>
      <set picurl="https://fftcg.cdn.sewest.net/images/cards/full/15-104L_eg.jpg">Crystal Dominion</set>
      <tablerow>2</tablerow>
    </card>
    <card>
      <name>Remora (15-105C)</name>
      <text>Antes de pagar el coste para lanzar Rémora, puedes pagar (C) para reducir en 2 el coste requerido para lanzar Rémora.
  Elige 1 Delantero que controlas y 1 Delantero controlado por tu oponente. Hasta el final del turno, el primero gana +7000 de poder y el segundo pierde 7000 de poder.</text>
      <prop>
        <type>Summon - XII</type>
        <manacost>4</manacost>
        <colors>Lightning</colors>
        <pt>0</pt>
      </prop>
      <set picurl="https://fftcg.cdn.sewest.net/images/cards/full/15-105C_eg.jpg">Crystal Dominion</set>
      <tablerow>3</tablerow>
    </card>
    <card>
      <name>Atomos (15-106C)</name>
      <text>Antes de pagar el coste para lanzar Átomo, puedes pagar (C) para reducir en 2 el coste requerido para lanzar Átomo.
  Tu oponente selecciona 1 Delantero que controla. Ponlo en la Break Zone.</text>
      <prop>
        <type>Summon - XI</type>
        <manacost>3</manacost>
        <colors>Water</colors>
        <pt>0</pt>
      </prop>
      <set picurl="https://fftcg.cdn.sewest.net/images/cards/full/15-106C_eg.jpg">Crystal Dominion</set>
      <tablerow>3</tablerow>
    </card>
    <card>
      <name>Umaro (15-107H)</name>
      <text>Cuando Umaro entra al terreno de juego, si no pagas (C), pon Umaro en la Break Zone.
  Cuando Umaro pasa del terreno de juego a la Break Zone, ganas (C).</text>
      <prop>
        <type>Forward - VI - Yeti</type>
        <manacost>1</manacost>
        <colors>Water</colors>
        <pt>9000</pt>
      </prop>
      <set picurl="https://fftcg.cdn.sewest.net/images/cards/full/15-107H_eg.jpg">Crystal Dominion</set>
      <tablerow>2</tablerow>
    </card>
    <card>
      <name>Dancer (15-108C)</name>
      <text>(Dull), pon Bailarina en la Break Zone: Elige 1 Delantero controlado por tu oponente. Hasta el final del turno, este pierde todas sus Categorías y todas sus habilidades.</text>
      <prop>
        <type>Backup - XI - Standard Unit</type>
        <manacost>2</manacost>
        <colors>Water</colors>
        <pt>0</pt>
      </prop>
      <set picurl="https://fftcg.cdn.sewest.net/images/cards/full/15-108C_eg.jpg">Crystal Dominion</set>
      <tablerow>0</tablerow>
    </card>
    <card>
      <name>Ultros (15-109R)</name>
      <text>Cuando Ultros entra al terreno de juego desde el mazo, elige 1 Delantero. Ponlo en la parte inferior del mazo de su propietario.
  (Water)(Water): Pon Ultros en la parte inferior del mazo de su propietario. Si lo haces, baraja tu mazo. Después, revela las 5 cartas de la parte superior de tu mazo. Juega 1 Nombre de la carta Ultros de entre ellas al terreno de juego y pon el resto en la parte inferior de tu mazo en el orden que quieras. Solo puedes usar esta habilidad una vez por turno.</text>
      <prop>
        <type>Forward - VI - Octopus</type>
        <manacost>1</manacost>
        <colors>Water</colors>
        <pt>3000</pt>
      </prop>
      <set picurl="https://fftcg.cdn.sewest.net/images/cards/full/15-109R_eg.jpg">Crystal Dominion</set>
      <tablerow>2</tablerow>
    </card>
    <card>
      <name>Gau (15-110C)</name>
      <text>[EX BURST] Cuando Gau entra al terreno de juego, ganas (C).
  Daños 3 -- Gau gana +3000 de poder.</text>
      <prop>
        <type>Forward - DFF · VI - Wild Child</type>
        <manacost>2</manacost>
        <colors>Water</colors>
        <pt>5000</pt>
      </prop>
      <set picurl="https://fftcg.cdn.sewest.net/images/cards/full/15-110C_eg.jpg">Crystal Dominion</set>
      <tablerow>2</tablerow>
    </card>
    <card>
      <name>Keiss (15-111C)</name>
      <text>Si un Delantero que controlabas formó un equipo este 
  turno, el coste requerido para lanzar Keiss se reduce 
  en 2.
  Cuando un equipo que controlas ataca, activa Keiss.</text>
      <prop>
        <type>Backup - DFF · FFCC - Partner</type>
        <manacost>2</manacost>
        <colors>Water</colors>
        <pt>0</pt>
      </prop>
      <set picurl="https://fftcg.cdn.sewest.net/images/cards/full/15-111C_eg.jpg">Crystal Dominion</set>
      <tablerow>0</tablerow>
    </card>
    <card>
      <name>Shinryu Celestia (15-112R)</name>
      <text>Neodraco Celestia es también Nombre de la carta Celestia en cualquier situación.
  Cuando Neodraco Celestia entra al terreno de juego, puedes poner 1 personaje que controlas en la Break Zone. Cuando lo haces, elige 1 Delantero. Este pierde 7000 de poder hasta el final del turno.
  Cuando un personaje Categoría TYPE-0 que controlas pasa del terreno de juego a la Break Zone, elige 1 Delantero. Este pierde 3000 de poder hasta el final del turno.</text>
      <prop>
        <type>Forward - TYPE-0 - L'Cie</type>
        <manacost>4</manacost>
        <colors>Water</colors>
        <pt>8000</pt>
      </prop>
      <set picurl="https://fftcg.cdn.sewest.net/images/cards/full/15-112R_eg.jpg">Crystal Dominion</set>
      <tablerow>2</tablerow>
    </card>
    <card>
      <name>Strago (15-113C)</name>
      <text>(C)(Dull): Elige 1 Delantero controlado por tu oponente. Devuélvelo a la mano de su propietario. Coge 1 carta.</text>
      <prop>
        <type>Forward - DFF · VI - Blue Mage</type>
        <manacost>3</manacost>
        <colors>Water</colors>
        <pt>7000</pt>
      </prop>
      <set picurl="https://fftcg.cdn.sewest.net/images/cards/full/15-113C_eg.jpg">Crystal Dominion</set>
      <tablerow>2</tablerow>
    </card>
    <card>
      <name>Dracoknight (15-114C)</name>
      <text>Cuando Lancero real pasa del terreno de juego a la Break Zone, puedes buscar 1 Nombre de la carta Lancero real y añadirla a tu mano.</text>
      <prop>
        <type>Forward - TYPE-0 - Standard Unit</type>
        <manacost>3</manacost>
        <colors>Water</colors>
        <pt>7000</pt>
      </prop>
      <set picurl="https://fftcg.cdn.sewest.net/images/cards/full/15-114C_eg.jpg">Crystal Dominion</set>
      <tablerow>2</tablerow>
    </card>
    <card>
      <name>Penelo (15-115H)</name>
      <text>(5) (Este coste se reduce en 1 por cada Oficio Pirata del aire que controlas que no sea Penelo.): Selecciona 1 de las siguientes 3 acciones. Solo puedes usar esta habilidad una vez por turno. 
  "Elige 1 Delantero Oficio Pirata del aire que controlas que no sea Penelo. Este gana 'Este Delantero no puede ser objetivo de las habilidades de tu oponente' hasta el final del turno." "Elige 1 Delantero. Este pierde 3000 de poder hasta el final del turno." "Coge 1 carta."</text>
      <prop>
        <type>Forward - XII - Dancer/Sky Pirate</type>
        <manacost>2</manacost>
        <colors>Water</colors>
        <pt>5000</pt>
      </prop>
      <set picurl="https://fftcg.cdn.sewest.net/images/cards/full/15-115H_eg.jpg">Crystal Dominion</set>
      <tablerow>2</tablerow>
    </card>
    <card>
      <name>Hilda (15-116C)</name>
      <text>[EX BURST] Cuando Hilda entra al terreno de juego, coge 1 carta.
  Daños 5 -- Cuando Hilda entra al terreno de juego, elige 1 Delantero de coste 3 o menos de tu Break Zone. Juégalo al terreno de juego.</text>
      <prop>
        <type>Backup - II - Princess</type>
        <manacost>4</manacost>
        <colors>Water</colors>
        <pt>0</pt>
      </prop>
      <set picurl="https://fftcg.cdn.sewest.net/images/cards/full/15-116C_eg.jpg">Crystal Dominion</set>
      <tablerow>0</tablerow>
    </card>
    <card>
      <name>Famfrit (15-117R)</name>
      <text>Cada jugador selecciona hasta 2 Delanteros o Monstruos que controla (selecciona cuantos sea posible). Ponlos en la Break Zone.</text>
      <prop>
        <type>Summon - MOBIUS</type>
        <manacost>6</manacost>
        <colors>Water</colors>
        <pt>0</pt>
      </prop>
      <set picurl="https://fftcg.cdn.sewest.net/images/cards/full/15-117R_eg.jpg">Crystal Dominion</set>
      <tablerow>3</tablerow>
    </card>
    <card>
      <name>Famfrit (9-113H)</name>
      <text>Cada jugador selecciona hasta 2 Delanteros o Monstruos que controla (selecciona cuantos sea posible). Ponlos en la Break Zone.</text>
      <prop>
        <type>Summon - MOBIUS</type>
        <manacost>6</manacost>
        <colors>Water</colors>
        <pt>0</pt>
      </prop>
      <set picurl="https://fftcg.cdn.sewest.net/images/cards/full/9-113H_eg.jpg">Crystal Dominion</set>
      <tablerow>3</tablerow>
    </card>
    <card>
      <name>Blue Wyrm (15-118C)</name>
      <text>Cuando Dragón azul entra al terreno de juego, coge 1 carta.
  (0): Hasta el final del turno, Dragón azul también pasa a ser un Delantero con 6000 de poder. Al final del turno, rompe Dragón azul. Solo puedes usar esta habilidad una vez por turno.</text>
      <prop>
        <type>Monster - XII - Dragon</type>
        <manacost>2</manacost>
        <colors>Water</colors>
        <pt>6000</pt>
      </prop>
      <set picurl="https://fftcg.cdn.sewest.net/images/cards/full/15-118C_eg.jpg">Crystal Dominion</set>
      <tablerow>1</tablerow>
    </card>
    <card>
      <name>Porom (15-119L)</name>
      <text>Al final de cada uno de tus turnos, pon 1 Contador EXP sobre cada Oficio Aprendiz de mago que controlas.
  Por cada Contador EXP sobre Porom, Porom gana +1000 de poder.
  (0): Elige 1 Delantero de coste 5 o menos. Este pierde todas las habilidades hasta el final del turno. Si hay 3 o más Contadores EXP sobre Porom, su poder también pasa a ser 1000 hasta el final del turno. Solo puedes usar esta habilidad una vez por turno.</text>
      <prop>
        <type>Forward - IV - Apprentice Mage</type>
        <manacost>2</manacost>
        <colors>Water</colors>
        <pt>4000</pt>
      </prop>
      <set picurl="https://fftcg.cdn.sewest.net/images/cards/full/15-119L_eg.jpg">Crystal Dominion</set>
      <tablerow>2</tablerow>
    </card>
    <card>
      <name>Mind Flayer (15-120H)</name>
      <text>Mira las 2 cartas de la parte superior del mazo de tu oponente. Retira de juego 1 carta de entre ellas y pon el resto en la parte inferior del mazo de tu oponente. Puedes lanzar la carta retirada como si te perteneciera sin pagar su coste este turno.</text>
      <prop>
        <type>Summon - IV</type>
        <manacost>4</manacost>
        <colors>Water</colors>
        <pt>0</pt>
      </prop>
      <set picurl="https://fftcg.cdn.sewest.net/images/cards/full/15-120H_eg.jpg">Crystal Dominion</set>
      <tablerow>3</tablerow>
    </card>
    <card>
      <name>Mayakov (15-121R)</name>
      <text>Las Oficio Bailarín/Bailarina y Nombre de la carta Bailarín/Bailarina que controlas no pueden ser objetivo de las habilidades de tu oponente.
  Cuando Mayakov entra al terreno de juego, puedes jugar 1 Oficio Bailarín/Bailarina o Nombre de la carta Bailarín/Bailarina de coste 3 o menos de tu mano al terreno de juego.</text>
      <prop>
        <type>Forward - XI - Dancer</type>
        <manacost>4</manacost>
        <colors>Water</colors>
        <pt>8000</pt>
      </prop>
      <set picurl="https://fftcg.cdn.sewest.net/images/cards/full/15-121R_eg.jpg">Crystal Dominion</set>
      <tablerow>2</tablerow>
    </card>
    <card>
      <name>Mog (VI) (15-122L)</name>
      <text>Cuando Mog (VI) entra al terreno de juego, puedes pagar (C). Cuando lo haces, coge 2 cartas, después descarta 1 carta de tu mano.
  Al final de cada uno de tus turnos, elige hasta 1 Delantero que no sea Mog (VI). Durante este turno, si has cogido 4 o más cartas, devuélvelo a la mano de su propietario. Si has cogido 6 o más cartas, ponlo en la Break Zone en su lugar.
  Hidroarmonía (S)(Water): Coge 2 cartas. Solo puedes usar esta habilidad una vez por turno.</text>
      <prop>
        <type>Forward - VI - Warrior/Moogle</type>
        <manacost>2</manacost>
        <colors>Water</colors>
        <pt>5000</pt>
      </prop>
      <set picurl="https://fftcg.cdn.sewest.net/images/cards/full/15-122L_eg.jpg">Crystal Dominion</set>
      <tablerow>2</tablerow>
    </card>
    <card>
      <name>Oracle (15-123C)</name>
      <text>Cuando Oráculo entra al terreno de juego, ganas (C).
  (Dull), pon Oráculo en la Break Zone: Elige 1 Delantero. Durante este turno, el siguiente daño que reciba se reduce en 1000 en su lugar. Solo puedes usar esta habilidad durante tu turno.</text>
      <prop>
        <type>Backup - V - Standard Unit</type>
        <manacost>2</manacost>
        <colors>Water</colors>
        <pt>0</pt>
      </prop>
      <set picurl="https://fftcg.cdn.sewest.net/images/cards/full/15-123C_eg.jpg">Crystal Dominion</set>
      <tablerow>0</tablerow>
    </card>
    <card>
      <name>Relm (15-124H)</name>
      <text>Cuando Relm entra al terreno de juego, elige 1 Delantero o Monstruo que controlas. Puedes devolverlo a la mano de su propietario. Cuando lo haces, ganas (C).
  (C)(Dull): Busca 1 Monstruo de coste 2 o menos y juégalo al terreno de juego.
  (C)(C)(Dull): Busca 1 Monstruo de coste 5 o menos y juégalo al terreno de juego.</text>
      <prop>
        <type>Forward - VI - Pictomancer</type>
        <manacost>3</manacost>
        <colors>Water</colors>
        <pt>6000</pt>
      </prop>
      <set picurl="https://fftcg.cdn.sewest.net/images/cards/full/15-124H_eg.jpg">Crystal Dominion</set>
      <tablerow>2</tablerow>
    </card>
    <card>
      <name>Lunafreya (15-125R)</name>
      <text>Si no controlas un Delantero Nombre de la carta Noctis, Lunafreya no puede atacar o bloquear.
  Cuando Lunafreya entra al terreno de juego, elige 1 Delantero Categoría XV que controlas que no sea Lunafreya. Mientras Lunafreya está en el terreno de juego, este gana +2000 de poder y "Este Delantero no puede ser objetivo de las Invocaciones o habilidades de tu oponente."</text>
      <prop>
        <type>Forward - XV - Oracle</type>
        <manacost>1</manacost>
        <colors>Water</colors>
        <pt>7000</pt>
      </prop>
      <set picurl="https://fftcg.cdn.sewest.net/images/cards/full/15-125R_eg.jpg">Crystal Dominion</set>
      <tablerow>2</tablerow>
    </card>
    <card>
      <name>Lenna (15-126R)</name>
      <text>Cuando Lena entra al terreno de juego, puedes pagar (C). Cuando lo haces, elige 1 Delantero de coste 2 o menos de tu Break Zone. Juégalo al terreno de juego.
  Cuando Lena entra al terreno de juego, puedes pagar (C)(C). Cuando lo haces, elige 1 Delantero de coste 3 o menos de tu Break Zone que no sea Nombre de la carta Lena. Juégalo al terreno de juego.</text>
      <prop>
        <type>Forward - THEATRHYTHM · V - Princess/Warrior of Light</type>
        <manacost>3</manacost>
        <colors>Water</colors>
        <pt>7000</pt>
      </prop>
      <set picurl="https://fftcg.cdn.sewest.net/images/cards/full/15-126R_eg.jpg">Crystal Dominion</set>
      <tablerow>2</tablerow>
    </card>
    <card>
      <name>Ace (15-127H)</name>
      <text>Solo puedes lanzar hasta 2 cartas por turno.
  Puedes lanzar Delanteros de tu Break Zone.
  Si una carta pasa a tu Break Zone en cualquier situación, retírala del juego en su lugar.
  Cuando Ace entra al terreno de juego, descarta tu mano.</text>
      <prop>
        <type>Forward - TYPE-0 - Class Zero Cadet</type>
        <manacost>4</manacost>
        <colors>Light</colors>
        <pt>8000</pt>
      </prop>
      <set picurl="https://fftcg.cdn.sewest.net/images/cards/full/15-127H_eg.jpg">Crystal Dominion</set>
      <tablerow>2</tablerow>
    </card>
    <card>
      <name>Noctis (15-128L)</name>
      <text>Noctis puede formar un equipo con Delanteros de cualquier elemento.
  Cuando un equipo que controlas ataca, selecciona 1 de las siguientes 5 acciones. Si 3 o más Delanteros forman el equipo, selecciona hasta 2 de las siguientes 5 acciones en su lugar.
  "Elige 1 Delantero. Inflígele 8000 puntos de daño." "Elige 1 Monstruo. Rómpelo." "Elige 1 personaje. Ponlo en dull y congélalo." "Noctis gana Prisa hasta el final del turno." "Coge 1 carta."</text>
      <prop>
        <type>Forward - XV - Prince</type>
        <manacost>2</manacost>
        <colors>Light</colors>
        <pt>6000</pt>
      </prop>
      <set picurl="https://fftcg.cdn.sewest.net/images/cards/full/15-128L_eg.jpg">Crystal Dominion</set>
      <tablerow>2</tablerow>
    </card>
    <card>
      <name>Ardyn (15-129L)</name>
      <text>Cuando Ardyn entra al terreno de juego, descarta tu mano. Cuando lo haces, tu oponente selecciona 1 más que el número de cartas descartadas de las siguientes 3 acciones. Tu oponente puede seleccionar la misma acción más de una vez.
  "Tu oponente selecciona 1 personaje que controla. Ponlo en la Break Zone."
  "Tu oponente pone en la Break Zone las 20 cartas de la parte superior de su mazo."
  "Ardyn inflige a tu oponente 1 punto de daño."</text>
      <prop>
        <type>Forward - XV - Chief Minister</type>
        <manacost>5</manacost>
        <colors>Dark</colors>
        <pt>9000</pt>
      </prop>
      <set picurl="https://fftcg.cdn.sewest.net/images/cards/full/15-129L_eg.jpg">Crystal Dominion</set>
      <tablerow>2</tablerow>
    </card>
    <card>
      <name>Nox Suzaku (15-130H)</name>
      <text>Solo puedes jugar La Tiniebla de Gules si un Delantero que controlabas ha pasado del terreno de juego a la Break Zone este turno.
  Al final de cada uno de tus turnos, revela las 3 cartas de la parte superior de tu mazo. Juega hasta 1 Delantero de coste 4 o menos de entre ellas al terreno de juego y pon el resto en la Break Zone.</text>
      <prop>
        <type>Forward - TYPE-0 - Nox Suzaku</type>
        <manacost>3</manacost>
        <colors>Dark</colors>
        <pt>8000</pt>
      </prop>
      <set picurl="https://fftcg.cdn.sewest.net/images/cards/full/15-130H_eg.jpg">Crystal Dominion</set>
      <tablerow>2</tablerow>
    </card>
    <card>
      <name>Wedge (15-131S)</name>
      <text>Si controlas una Oficio AVALANCHA, el coste requerido para lanzar Wedge se reduce en 2.
  Cuando 2 o más Delanteros Oficio AVALANCHA que controlas forman un equipo y atacan, elige 1 personaje en dull de coste 4 o más controlado por tu oponente. Rómpelo.</text>
      <prop>
        <type>Forward - VII - AVALANCHE Operative</type>
        <manacost>3</manacost>
        <colors>Earth</colors>
        <pt>7000</pt>
      </prop>
      <set picurl="https://fftcg.cdn.sewest.net/images/cards/full/15-131S_eg.jpg">Crystal Dominion</set>
      <tablerow>2</tablerow>
    </card>
    <card>
      <name>Jessie (15-132S)</name>
      <text>Si controlas una Oficio AVALANCHA, el coste requerido para lanzar Jessie se reduce en 2.
  Cuando 2 o más Delanteros Oficio AVALANCHA que controlas forman un equipo y atacan, selecciona 1 de las siguientes 2 acciones. "Juega 1 Nombre de la carta Cloud de tu mano al terreno de juego." "Busca 1 Nombre de la carta Cloud y añádela a tu mano."</text>
      <prop>
        <type>Forward - VII - AVALANCHE Operative</type>
        <manacost>3</manacost>
        <colors>Earth</colors>
        <pt>7000</pt>
      </prop>
      <set picurl="https://fftcg.cdn.sewest.net/images/cards/full/15-132S_eg.jpg">Crystal Dominion</set>
      <tablerow>2</tablerow>
    </card>
    <card>
      <name>Barret (15-133S)</name>
      <text>Si controlas una Oficio AVALANCHA, el coste requerido para lanzar Barret se reduce en 2.
  Pon en dull Barret activo: Elige 1 Delantero controlado por tu oponente. Rómpelo. Solo puedes usar esta habilidad si una Oficio AVALANCHA que controlabas ha pasado del terreno de juego a la Break Zone este turno.
</text>
      <prop>
        <type>Forward - VII - AVALANCHE Operative</type>
        <manacost>3</manacost>
        <colors>Earth</colors>
        <pt>7000</pt>
      </prop>
      <set picurl="https://fftcg.cdn.sewest.net/images/cards/full/15-133S_eg.jpg">Crystal Dominion</set>
      <tablerow>2</tablerow>
    </card>
    <card>
      <name>Biggs (15-134S)</name>
      <text>Si controlas una Oficio AVALANCHA, el coste requerido para lanzar Biggs se reduce en 2.
  Cuando 2 o más Delanteros Oficio AVALANCHA que controlas forman un equipo y atacan, coge 1 carta, hasta el final del turno, todos los Delanteros que forman el equipo ganan "Este Delantero no puede romperse."</text>
      <prop>
        <type>Forward - VII - AVALANCHE Operative</type>
        <manacost>3</manacost>
        <colors>Earth</colors>
        <pt>7000</pt>
      </prop>
      <set picurl="https://fftcg.cdn.sewest.net/images/cards/full/15-134S_eg.jpg">Crystal Dominion</set>
      <tablerow>2</tablerow>
    </card>
    <card>
      <name>Tseng (15-135S)</name>
      <text>Los Delanteros Oficio Miembro de los Turcos que controlas que no sean Tseng ganan +2000 de poder.
  Cuando Tseng entra al terreno de juego, revela las 5 cartas de la parte superior de tu mazo. Añade 1 Oficio Miembro de los Turcos de entre ellas a tu mano y pon el resto en la parte inferior de tu mazo en el orden que quieras. Después, puedes jugar 1Oficio Miembro de los Turcos de tu mano al terreno de juego.
</text>
      <prop>
        <type>Forward - VII - Member of the Turks</type>
        <manacost>4</manacost>
        <colors>Lightning</colors>
        <pt>8000</pt>
      </prop>
      <set picurl="https://fftcg.cdn.sewest.net/images/cards/full/15-135S_eg.jpg">Crystal Dominion</set>
      <tablerow>2</tablerow>
    </card>
    <card>
      <name>President Shinra (15-136S)</name>
      <text>[EX BURST] Cuando Presidente Shinra entra al terreno de juego, puedes buscar 1 Nombre de la carta Rufus u Oficio Miembro de los Turcos y añadirla a tu mano.</text>
      <prop>
        <type>Backup - VII - President of Shinra</type>
        <manacost>4</manacost>
        <colors>Lightning</colors>
        <pt>0</pt>
      </prop>
      <set picurl="https://fftcg.cdn.sewest.net/images/cards/full/15-136S_eg.jpg">Crystal Dominion</set>
      <tablerow>0</tablerow>
    </card>
    <card>
      <name>Rude (15-137S)</name>
      <text>Si controlas una Oficio Presidente de Shinra, los Delanteros Oficio Miembro de los Turcos que controlas ganan +1000 de poder y Bravura.
  Al principio de la Attack Phase durante cada uno de tus turnos, si controlas 4 o más Oficio Miembro de los Turcos, pon en dull todos los Delanteros controlados por tu oponente.
</text>
      <prop>
        <type>Forward - VII - Member of the Turks</type>
        <manacost>3</manacost>
        <colors>Lightning</colors>
        <pt>7000</pt>
      </prop>
      <set picurl="https://fftcg.cdn.sewest.net/images/cards/full/15-137S_eg.jpg">Crystal Dominion</set>
      <tablerow>2</tablerow>
    </card>
    <card>
      <name>Reno (15-138S)</name>
      <text>Si controlas una Oficio Presidente de Shinra, los Delanteros Oficio Miembro de los Turcos que controlas ganan +1000 de poder e Iniciativa.
  Al principio de la Attack Phase durante cada uno de tus turnos, si controlas 4 o más Oficio Miembro de los Turcos, todos los Delanteros Oficio Miembro de los Turcos que controlas ganan Prisa hasta el final del turno.
</text>
      <prop>
        <type>Forward - VII - Member of the Turks</type>
        <manacost>3</manacost>
        <colors>Lightning</colors>
        <pt>7000</pt>
      </prop>
      <set picurl="https://fftcg.cdn.sewest.net/images/cards/full/15-138S_eg.jpg">Crystal Dominion</set>
      <tablerow>2</tablerow>
    </card>
    <card>
      <name>Cloud (15-139S)</name>
      <text>Cuando Cloud entra al terreno de juego, si controlas un Delantero Oficio AVALANCHA, selecciona hasta 2 de las siguientes 3 acciones. "Elige 1 Delantero. Inflígele 10000 puntos de daño." "Elige 1 Oficio AVALANCHA de coste 4 o menos de tu Break Zone. Juégala al terreno de juego." "Todos los Delanteros que controlas ganan Prisa hasta el final del turno."</text>
      <prop>
        <type>Forward - VII - Merc</type>
        <manacost>6</manacost>
        <colors>Fire, Earth</colors>
        <pt>8000</pt>
      </prop>
      <set picurl="https://fftcg.cdn.sewest.net/images/cards/full/15-139S_eg.jpg">Crystal Dominion</set>
      <tablerow>2</tablerow>
    </card>
    <card>
      <name>Rufus (15-140S)</name>
      <text>Iniciativa Bravura
  Daños 5 -- Cuando Rufus entra al terreno de juego, puedes pagar (Ice)(Ice)(Lightning)(Lightning)(2). Cuando lo haces, elige tantas Oficio Miembro de los Turcos con distintos nombres de tu Break Zone como quieras. Juégalas al terreno de juego.
</text>
      <prop>
        <type>Forward - VII - President of Shinra</type>
        <manacost>4</manacost>
        <colors>Ice, Lightning</colors>
        <pt>9000</pt>
      </prop>
      <set picurl="https://fftcg.cdn.sewest.net/images/cards/full/15-140S_eg.jpg">Crystal Dominion</set>
      <tablerow>2</tablerow>
    </card>
    <card>
      <name> (C-001)</name>
      <text></text>
      <prop>
        <type>Crystal - Crystal Hunt</type>
        <manacost>0</manacost>
        <colors></colors>
        <pt>0</pt>
      </prop>
      <set picurl="https://fftcg.cdn.sewest.net/images/cards/full/C-001_eg.jpg">Crystal Dominion</set>
      <tablerow>1</tablerow>
    </card>
    <card>
      <name> (C-002)</name>
      <text></text>
      <prop>
        <type>Crystal - Crystal Hunt</type>
        <manacost>0</manacost>
        <colors></colors>
        <pt>0</pt>
      </prop>
      <set picurl="https://fftcg.cdn.sewest.net/images/cards/full/C-002_eg.jpg">Crystal Dominion</set>
      <tablerow>1</tablerow>
    </card>
  </cards>
</cockatrice_carddatabase>