<?xml version="1.0" encoding="UTF-8"?>
<cockatrice_carddatabase version="4">
  <sets>
    <set>
      <name>Dawn of Heroes</name>
      <longname>Dawn of Heroes</longname>
      <settype>Custom</settype>
      <releasedate></releasedate>
    </set>
  </sets>
  <cards>
    <card>
      <name>Ardyn (20-001R)</name>
      <text>Cuando Ardyn entra al terreno de juego, puedes poner 2 Apoyos que controlas en la Break Zone. Si lo haces, revela cartas de la parte superior de tu mazo una a una hasta que aparezcan 2 personajes que no sean Nombre de la carta Ardyn. Juégalos al terreno de juego. Después, baraja las demás cartas reveladas y colócalas en la parte inferior de tu mazo.</text>
      <prop>
        <type>Forward - DFF · XV - Chief Minister</type>
        <manacost>5</manacost>
        <colors>Fire</colors>
        <pt>7000</pt>
      </prop>
      <set picurl="https://fftcg.cdn.sewest.net/images/cards/full/20-001R_eg.jpg">Dawn of Heroes</set>
      <tablerow>2</tablerow>
    </card>
    <card>
      <name>Auron (20-002H)</name>
      <text>Si controlas 2 o más Delanteros, el coste requerido para lanzar Auron se reduce en 2.
  Al final del turno de cada jugador, si Auron ha recibido 4000 o más puntos de daño, coge 1 carta.
  (0): Durante este turno, el siguiente daño que recibas se vuelve 0 e inflige a Auron 8000 puntos de daño en su lugar. Solo puedes usar esta habilidad una vez por turno.</text>
      <prop>
        <type>Forward - X - Guardian</type>
        <manacost>5</manacost>
        <colors>Fire</colors>
        <pt>9000</pt>
      </prop>
      <set picurl="https://fftcg.cdn.sewest.net/images/cards/full/20-002H_eg.jpg">Dawn of Heroes</set>
      <tablerow>2</tablerow>
    </card>
    <card>
      <name>Ifrit (20-003H)</name>
      <text>Selecciona 1 de las siguientes 2 acciones. Si controlas 5 o más personajes Fuego, selecciona hasta 2 de las siguientes 2 acciones en su lugar.
  "Elige 1 Delantero. Inflígele 5000 puntos de daño."
  "Elige 1 Delantero. Inflígele 5000 puntos de daño."</text>
      <prop>
        <type>Summon - FFTA</type>
        <manacost>1</manacost>
        <colors>Fire</colors>
        <pt>0</pt>
      </prop>
      <set picurl="https://fftcg.cdn.sewest.net/images/cards/full/20-003H_eg.jpg">Dawn of Heroes</set>
      <tablerow>3</tablerow>
    </card>
    <card>
      <name>Warrior of Light (20-004C)</name>
      <text>Cuando Guerrero de la Luz entra al terreno de juego, revela las 4 cartas de la parte superior de tu mazo. Retira del juego 1 carta de entre ellas y pon el resto en la parte inferior de tu mazo en el orden que quieras. Puedes lanzarla en cualquier momento en el que normalmente sería posible lanzarla este turno.</text>
      <prop>
        <type>Forward - DFF · I - Warrior of Light</type>
        <manacost>2</manacost>
        <colors>Fire</colors>
        <pt>5000</pt>
      </prop>
      <set picurl="https://fftcg.cdn.sewest.net/images/cards/full/20-004C_eg.jpg">Dawn of Heroes</set>
      <tablerow>2</tablerow>
    </card>
    <card>
      <name>Garland (20-005C)</name>
      <text>Bravura
  [EX BURST] Cuando Garland entra al terreno de juego, elige 1 Delantero controlado por tu oponente. Inflígele 2000 puntos de daño por cada Apoyo que controlas.</text>
      <prop>
        <type>Forward - DFF · I - Knight</type>
        <manacost>6</manacost>
        <colors>Fire</colors>
        <pt>9000</pt>
      </prop>
      <set picurl="https://fftcg.cdn.sewest.net/images/cards/full/20-005C_eg.jpg">Dawn of Heroes</set>
      <tablerow>2</tablerow>
    </card>
    <card>
      <name>Blacksmith (20-006C)</name>
      <text>Cuando Herrero entra al terreno de juego, hasta el final del turno, todos los Delanteros que controlas ganan "Cuando este Delantero ataca, elige 1 Delantero controlado por tu oponente. Inflígele 7000 puntos de daño."</text>
      <prop>
        <type>Backup - XIV - Standard Unit</type>
        <manacost>4</manacost>
        <colors>Fire</colors>
        <pt>0</pt>
      </prop>
      <set picurl="https://fftcg.cdn.sewest.net/images/cards/full/20-006C_eg.jpg">Dawn of Heroes</set>
      <tablerow>0</tablerow>
    </card>
    <card>
      <name>The Demon (20-007L)</name>
      <text>Cuando Demonio entra al terreno de juego o ataca, selecciona 1 de las siguientes 3 acciones. "Elige 1 Delantero. Retira del juego todas las cartas de la Break Zone de tu oponente. Inflígele 1000 puntos de daño por cada carta retirada por este efecto." "Nombra 1 elemento. Inflige 7000 puntos de daño a todos los Delanteros de ese elemento." "Nombra 1 Oficio. Inflige 8000 puntos de daño a todos los Delanteros de ese Oficio."</text>
      <prop>
        <type>Forward - MOBIUS · VI - Warring Triad</type>
        <manacost>7</manacost>
        <colors>Fire</colors>
        <pt>9000</pt>
      </prop>
      <set picurl="https://fftcg.cdn.sewest.net/images/cards/full/20-007L_eg.jpg">Dawn of Heroes</set>
      <tablerow>2</tablerow>
    </card>
    <card>
      <name>Kefka (20-008H)</name>
      <text>Cuando Kefka entra al terreno de juego, retira del juego hasta 3 Oficio Tríade Marcial con distintos nombres de tu Break Zone. Después, pon 1 Contador Magia sobre Kefka por cada carta retirada a causa de esta habilidad.
  Al final de cada uno de tus turnos, puedes retirar tantos Contadores Magia como quieras de Kefka. Cuando lo haces, elige un número de Delanteros menor o igual al número de Contadores Magia retirados. Inflígeles 9000 puntos de daño.</text>
      <prop>
        <type>Forward - VI - Mage</type>
        <manacost>4</manacost>
        <colors>Fire</colors>
        <pt>8000</pt>
      </prop>
      <set picurl="https://fftcg.cdn.sewest.net/images/cards/full/20-008H_eg.jpg">Dawn of Heroes</set>
      <tablerow>2</tablerow>
    </card>
    <card>
      <name>Zack (20-009L)</name>
      <text>Cuando Zack ataca, elige 1 Delantero controlado por tu oponente. Inflígele 5000 puntos de daño por cada Oficio SOLDADO que controlas.
  Cuando Zack abandona el terreno de juego, puedes buscar 1 Delantero Categoría VII de coste 4 o menos y jugarlo al terreno de juego.
  Tormenta astral (S)(Fire)(Dull): Inflige 7000 puntos de daño a todos los Delanteros controlados por tu oponente.</text>
      <prop>
        <type>Forward - VII - SOLDIER</type>
        <manacost>5</manacost>
        <colors>Fire</colors>
        <pt>9000</pt>
      </prop>
      <set picurl="https://fftcg.cdn.sewest.net/images/cards/full/20-009L_eg.jpg">Dawn of Heroes</set>
      <tablerow>2</tablerow>
    </card>
    <card>
      <name>Samurai (20-010C)</name>
      <text>Cuando Samurái entra al terreno de juego, ganas (C).
  (Dull), pon Samurái en la Break Zone: Elige 1 Delantero. Si este inflige daño a un Delantero este turno, el daño aumenta en 1000 en su lugar. Solo puedes usar esta habilidad durante tu turno.</text>
      <prop>
        <type>Backup - V - Standard Unit</type>
        <manacost>2</manacost>
        <colors>Fire</colors>
        <pt>0</pt>
      </prop>
      <set picurl="https://fftcg.cdn.sewest.net/images/cards/full/20-010C_eg.jpg">Dawn of Heroes</set>
      <tablerow>0</tablerow>
    </card>
    <card>
      <name>Samurai (15-007C)</name>
      <text>Cuando Samurái entra al terreno de juego, ganas (C).
  (Dull), pon Samurái en la Break Zone: Elige 1 Delantero. Si este inflige daño a un Delantero este turno, el daño aumenta en 1000 en su lugar. Solo puedes usar esta habilidad durante tu turno.</text>
      <prop>
        <type>Backup - V - Standard Unit</type>
        <manacost>2</manacost>
        <colors>Fire</colors>
        <pt>0</pt>
      </prop>
      <set picurl="https://fftcg.cdn.sewest.net/images/cards/full/15-007C_eg.jpg">Dawn of Heroes</set>
      <tablerow>0</tablerow>
    </card>
    <card>
      <name>Jecht (20-011R)</name>
      <text>Cuando Jecht pasa del terreno de juego a la Break Zone, puedes buscar 1 Delantero Fuego de coste 7 o más y jugarlo al terreno de juego.</text>
      <prop>
        <type>Forward - X - Guardian</type>
        <manacost>5</manacost>
        <colors>Fire</colors>
        <pt>9000</pt>
      </prop>
      <set picurl="https://fftcg.cdn.sewest.net/images/cards/full/20-011R_eg.jpg">Dawn of Heroes</set>
      <tablerow>2</tablerow>
    </card>
    <card>
      <name>Goldsmith (20-012C)</name>
      <text>Cuando Orfebre entra al terreno de juego, elige 1 Delantero. Hasta el final del turno, este gana +3000 de poder y Bravura.
  (Dull), pon Orfebre en la Break Zone: Elige 1 Delantero. Hasta el final del turno, este gana +3000 de poder y Bravura. Solo puedes usar esta habilidad durante tu Main Phase.</text>
      <prop>
        <type>Backup - XIV - Standard Unit</type>
        <manacost>2</manacost>
        <colors>Fire</colors>
        <pt>0</pt>
      </prop>
      <set picurl="https://fftcg.cdn.sewest.net/images/cards/full/20-012C_eg.jpg">Dawn of Heroes</set>
      <tablerow>0</tablerow>
    </card>
    <card>
      <name>Culinarian (20-013C)</name>
      <text>Si controlas 3 o más Apoyos Fuego, el coste requerido para lanzar Chef se reduce en 2.</text>
      <prop>
        <type>Backup - XIV - Standard Unit</type>
        <manacost>2</manacost>
        <colors>Fire</colors>
        <pt>0</pt>
      </prop>
      <set picurl="https://fftcg.cdn.sewest.net/images/cards/full/20-013C_eg.jpg">Dawn of Heroes</set>
      <tablerow>0</tablerow>
    </card>
    <card>
      <name>Tifa (20-014R)</name>
      <text>Prisa
  Cuando un personaje Categoría VII que controlas inflige daño a un Delantero controlado por tu oponente, elige 1 Delantero. Hasta el final del turno, este gana "Este Delantero no puede bloquear."
  Salto mortal (S)(Fire)(1): Elige 1 Delantero. Inflígele 8000 puntos de daño.</text>
      <prop>
        <type>Forward - VII - AVALANCHE Operative</type>
        <manacost>2</manacost>
        <colors>Fire</colors>
        <pt>5000</pt>
      </prop>
      <set picurl="https://fftcg.cdn.sewest.net/images/cards/full/20-014R_eg.jpg">Dawn of Heroes</set>
      <tablerow>2</tablerow>
    </card>
    <card>
      <name>Morrow (20-015C)</name>
      <text>Transporte 2 -- (Fire)
  Prisa
  [EX BURST] Cuando Morrow entra al terreno de juego a causa de Transporte, coge 2 cartas, después descarta 1 carta.</text>
      <prop>
        <type>Forward - FFL - Adventurer-in-Training</type>
        <manacost>3</manacost>
        <colors>Fire</colors>
        <pt>7000</pt>
      </prop>
      <set picurl="https://fftcg.cdn.sewest.net/images/cards/full/20-015C_eg.jpg">Dawn of Heroes</set>
      <tablerow>2</tablerow>
    </card>
    <card>
      <name>Barret (20-016R)</name>
      <text>[EX BURST] Cuando Barret entra al terreno de juego, elige 1 Delantero. Inflígele 3000 puntos de daño por cada Delantero Categoría VII que controlas.
  Catástrofe (S)(Dull): Elige 1 Delantero. Inflígele 10000 puntos de daño. Barret no se activará durante tu próxima Active Phase.</text>
      <prop>
        <type>Forward - VII - AVALANCHE Operative</type>
        <manacost>3</manacost>
        <colors>Fire</colors>
        <pt>7000</pt>
      </prop>
      <set picurl="https://fftcg.cdn.sewest.net/images/cards/full/20-016R_eg.jpg">Dawn of Heroes</set>
      <tablerow>2</tablerow>
    </card>
    <card>
      <name>Palom (20-017R)</name>
      <text>Cuando Palom entra al terreno de juego, puedes pagar (C). Cuando lo haces, elige 1 Delantero. Inflígele 8000 puntos de daño.
  Pon Palom y 1 Nombre de la carta Porom en la Break Zone: Elige 1 Delantero. Inflígele 10000 puntos de daño.</text>
      <prop>
        <type>Forward - IV - Black Mage</type>
        <manacost>2</manacost>
        <colors>Fire</colors>
        <pt>5000</pt>
      </prop>
      <set picurl="https://fftcg.cdn.sewest.net/images/cards/full/20-017R_eg.jpg">Dawn of Heroes</set>
      <tablerow>2</tablerow>
    </card>
    <card>
      <name>Phoinix (20-018H)</name>
      <text>Cuando Phoinix entra al terreno de juego, elige 1 Delantero. Inflígele 9000 puntos de daño.
  Retira del juego 4 cartas de la Break Zone: Hasta el final del turno, Phoinix también pasa a ser un Delantero con 9000 de poder. Solo puedes usar esta habilidad una vez por turno.</text>
      <prop>
        <type>Monster - XIV - Artificial Lifeform</type>
        <manacost>4</manacost>
        <colors>Fire</colors>
        <pt>9000</pt>
      </prop>
      <set picurl="https://fftcg.cdn.sewest.net/images/cards/full/20-018H_eg.jpg">Dawn of Heroes</set>
      <tablerow>1</tablerow>
    </card>
    <card>
      <name>Hedgehog Pie (20-019C)</name>
      <text>Cuando Espín entra al terreno de juego, puedes descartar 1 carta. Cuando lo haces, busca 1 Nombre de la carta Espín de coste 2 o menos y juégala al terreno de juego.
  Pon Espín en la Break Zone: Elige 1 Delantero. Inflígele 5000 puntos de daño.</text>
      <prop>
        <type>Monster - VII - Hedgehog Pie</type>
        <manacost>2</manacost>
        <colors>Fire</colors>
        <pt>0</pt>
      </prop>
      <set picurl="https://fftcg.cdn.sewest.net/images/cards/full/20-019C_eg.jpg">Dawn of Heroes</set>
      <tablerow>1</tablerow>
    </card>
    <card>
      <name>Montblanc (20-020C)</name>
      <text>Cuando Montblanc entra al terreno de juego, elige 1 Delantero. Inflígele 5000 puntos de daño. Si controlas 5 o más personajes Fuego, inflígele 8000 puntos de daño en su lugar.</text>
      <prop>
        <type>Backup - FFTA - Moogle</type>
        <manacost>2</manacost>
        <colors>Fire</colors>
        <pt>0</pt>
      </prop>
      <set picurl="https://fftcg.cdn.sewest.net/images/cards/full/20-020C_eg.jpg">Dawn of Heroes</set>
      <tablerow>0</tablerow>
    </card>
    <card>
      <name>Red XIII (20-021R)</name>
      <text>Solo puedes jugar Red XIII si controlas un Delantero Categoría VII.
  Si controlas 4 o más personajes Categoría VII, Red XIII gana Prisa.</text>
      <prop>
        <type>Forward - VII - Warrior</type>
        <manacost>2</manacost>
        <colors>Fire</colors>
        <pt>9000</pt>
      </prop>
      <set picurl="https://fftcg.cdn.sewest.net/images/cards/full/20-021R_eg.jpg">Dawn of Heroes</set>
      <tablerow>2</tablerow>
    </card>
    <card>
      <name>Alhanalem (20-022C)</name>
      <text>(Dull): Elige 1 Delantero. Ponlo en dull.
  (Dull): Elige 1 Delantero. Congélalo.</text>
      <prop>
        <type>Forward - PICTLOGICA · FFCC - Mage</type>
        <manacost>1</manacost>
        <colors>Ice</colors>
        <pt>3000</pt>
      </prop>
      <set picurl="https://fftcg.cdn.sewest.net/images/cards/full/20-022C_eg.jpg">Dawn of Heroes</set>
      <tablerow>2</tablerow>
    </card>
    <card>
      <name>Armourer (20-023C)</name>
      <text>Si controlas 3 o más Apoyos Frío, el coste requerido para lanzar Armero se reduce en 2.</text>
      <prop>
        <type>Backup - XIV - Standard Unit</type>
        <manacost>2</manacost>
        <colors>Ice</colors>
        <pt>0</pt>
      </prop>
      <set picurl="https://fftcg.cdn.sewest.net/images/cards/full/20-023C_eg.jpg">Dawn of Heroes</set>
      <tablerow>0</tablerow>
    </card>
    <card>
      <name>Calbrena (20-024H)</name>
      <text>Ataque furtivo
  Cuando Calcobrena entra al terreno de juego, elige 1 habilidad que solo tenga como objetivo a 1 personaje controlado por cualquier jugador. La habilidad pasa a tener como objetivo a Calcobrena en su lugar si es posible.
  Cuando Calcobrena recibe daño de un Delantero controlado por tu oponente, elige 1 Delantero controlado por tu oponente. Inflígele daño equivalente al poder de Calcobrena.</text>
      <prop>
        <type>Forward - IV - Doll</type>
        <manacost>3</manacost>
        <colors>Ice</colors>
        <pt>7000</pt>
      </prop>
      <set picurl="https://fftcg.cdn.sewest.net/images/cards/full/20-024H_eg.jpg">Dawn of Heroes</set>
      <tablerow>2</tablerow>
    </card>
    <card>
      <name>Juggler (20-025C)</name>
      <text>Ataque furtivo
  Cuando Malabarista entra al terreno de juego, elige 1 Delantero. Ponlo en dull.</text>
      <prop>
        <type>Backup - FFTA - Standard Unit</type>
        <manacost>2</manacost>
        <colors>Ice</colors>
        <pt>0</pt>
      </prop>
      <set picurl="https://fftcg.cdn.sewest.net/images/cards/full/20-025C_eg.jpg">Dawn of Heroes</set>
      <tablerow>0</tablerow>
    </card>
    <card>
      <name>Edward (20-026C)</name>
      <text>[EX BURST] Cuando Edward entra al terreno de juego, elige 1 Delantero en dull. Si tu oponente controla 2 o más Delanteros en dull, rómpelo.</text>
      <prop>
        <type>Backup - DFF · IV - Bard</type>
        <manacost>2</manacost>
        <colors>Ice</colors>
        <pt>0</pt>
      </prop>
      <set picurl="https://fftcg.cdn.sewest.net/images/cards/full/20-026C_eg.jpg">Dawn of Heroes</set>
      <tablerow>0</tablerow>
    </card>
    <card>
      <name>Genesis (20-027C)</name>
      <text>Transporte 3 -- (Ice)(Ice)
  Cuando Génesis entra al terreno de juego, selecciona 1 de las siguientes 2 acciones. Si Génesis entra al terreno de juego a causa de Transporte, selecciona hasta 2 de las siguientes 2 acciones en su lugar.
  "Elige hasta 2 personajes. Congélalos."
  "Tu oponente descarta 1 carta al azar."</text>
      <prop>
        <type>Forward - PICTLOGICA · VII - SOLDIER</type>
        <manacost>5</manacost>
        <colors>Ice</colors>
        <pt>9000</pt>
      </prop>
      <set picurl="https://fftcg.cdn.sewest.net/images/cards/full/20-027C_eg.jpg">Dawn of Heroes</set>
      <tablerow>2</tablerow>
    </card>
    <card>
      <name>Cissnei (20-028R)</name>
      <text>Cuando Cissnei entra al terreno de juego, pon 1 Contador Shuriken sobre Cissnei.
  (Dull), retira 1 Contador Shuriken de un personaje que controlas: Elige 1 personaje. Ponlo en dull y congélalo.</text>
      <prop>
        <type>Backup - DFF · VII - Member of the Turks</type>
        <manacost>2</manacost>
        <colors>Ice</colors>
        <pt>0</pt>
      </prop>
      <set picurl="https://fftcg.cdn.sewest.net/images/cards/full/20-028R_eg.jpg">Dawn of Heroes</set>
      <tablerow>0</tablerow>
    </card>
    <card>
      <name>Jihl Nabaat (20-029C)</name>
      <text>Si todos los personajes que controlas tienen elemento Frío, Jihl Nabaat gana +2000 de poder.
  Cuando Jihl Nabaat pasa del terreno de juego a la Break Zone, puedes pagar (Ice)(Ice). Cuando lo haces, elige 2 personajes. Ponlos en dull y congélalos.</text>
      <prop>
        <type>Forward - PICTLOGICA · XIII - PSICOM</type>
        <manacost>3</manacost>
        <colors>Ice</colors>
        <pt>7000</pt>
      </prop>
      <set picurl="https://fftcg.cdn.sewest.net/images/cards/full/20-029C_eg.jpg">Dawn of Heroes</set>
      <tablerow>2</tablerow>
    </card>
    <card>
      <name>Setzer (20-030R)</name>
      <text>Los DelanterosCategoría VI que controlas pueden formar un equipo con Delanteros de cualquier elemento.
  Cuando 2 o más Delanteros Categoría VI que controlas forman un equipo y atacan, elige 1 personaje. Ponlo en dull y congélalo.</text>
      <prop>
        <type>Backup - VI - Gambler</type>
        <manacost>2</manacost>
        <colors>Ice</colors>
        <pt>0</pt>
      </prop>
      <set picurl="https://fftcg.cdn.sewest.net/images/cards/full/20-030R_eg.jpg">Dawn of Heroes</set>
      <tablerow>0</tablerow>
    </card>
    <card>
      <name>Celes (20-031R)</name>
      <text>Si controlas una Nombre de la carta Locke, Celes gana Prisa.
  Las Nombre de la carta Locke que controlas ganan Prisa.
  Cuando Celes entra al terreno de juego, elige un número de Delanteros controlados por tu oponente menor o igual al número de personajes Categoría VI que controlas. Ponlos en dull.</text>
      <prop>
        <type>Forward - VI - Rune Knight</type>
        <manacost>2</manacost>
        <colors>Ice</colors>
        <pt>5000</pt>
      </prop>
      <set picurl="https://fftcg.cdn.sewest.net/images/cards/full/20-031R_eg.jpg">Dawn of Heroes</set>
      <tablerow>2</tablerow>
    </card>
    <card>
      <name>SOLDIER: 3rd Class (20-032C)</name>
      <text>Por cada Nombre de la carta SOLDADO de 3.ª clase en tu Break Zone, SOLDADO de 3.ª clase gana +1000 de poder.
  Cuando SOLDADO de 3.ª clase pasa del terreno de juego a la Break Zone, puedes buscar 1 Nombre de la carta SOLDADO de 3.ª clase y jugarla al terreno de juego.</text>
      <prop>
        <type>Forward - VII - Standard Unit</type>
        <manacost>4</manacost>
        <colors>Ice</colors>
        <pt>6000</pt>
      </prop>
      <set picurl="https://fftcg.cdn.sewest.net/images/cards/full/20-032C_eg.jpg">Dawn of Heroes</set>
      <tablerow>2</tablerow>
    </card>
    <card>
      <name>Cerulean Drake (20-033C)</name>
      <text>Cuando Brillóptero entra al terreno de juego, elige 1 Delantero. Congélalo.
  (Dull), pon Brillóptero en la Break Zone: Elige 1 Delantero. Ponlo en dull.
  (Ice)(2)(Dull), pon Brillóptero en la Break Zone: Elige 1 Delantero en dull. Rómpelo.</text>
      <prop>
        <type>Monster - VII - Cerulean Drake</type>
        <manacost>1</manacost>
        <colors>Ice</colors>
        <pt>0</pt>
      </prop>
      <set picurl="https://fftcg.cdn.sewest.net/images/cards/full/20-033C_eg.jpg">Dawn of Heroes</set>
      <tablerow>1</tablerow>
    </card>
    <card>
      <name>Terra (20-034R)</name>
      <text>Cuando Terra entra al terreno de juego, elige 1 Invocación de coste 4 o menos de tu Break Zone. Añádela a tu mano.
  Cuando Terra forma un equipo con un Delantero Categoría VI y ataca, puedes lanzar 1 Invocación de coste 4 o menos de tu mano sin pagar su coste.</text>
      <prop>
        <type>Forward - DFF · VI - Magitek Knight</type>
        <manacost>4</manacost>
        <colors>Ice</colors>
        <pt>8000</pt>
      </prop>
      <set picurl="https://fftcg.cdn.sewest.net/images/cards/full/20-034R_eg.jpg">Dawn of Heroes</set>
      <tablerow>2</tablerow>
    </card>
    <card>
      <name>Knight (20-035C)</name>
      <text>Cuando Caballero entra al terreno de juego, ganas (C).
  (Dull), pon Caballero en la Break Zone: Elige 1 Delantero de coste 3 o menos. Ponlo en dull. Solo puedes usar esta habilidad durante tu turno.</text>
      <prop>
        <type>Backup - V - Standard Unit</type>
        <manacost>2</manacost>
        <colors>Ice</colors>
        <pt>0</pt>
      </prop>
      <set picurl="https://fftcg.cdn.sewest.net/images/cards/full/20-035C_eg.jpg">Dawn of Heroes</set>
      <tablerow>0</tablerow>
    </card>
    <card>
      <name>Knight (15-038C)</name>
      <text>Cuando Caballero entra al terreno de juego, ganas (C).
  (Dull), pon Caballero en la Break Zone: Elige 1 Delantero de coste 3 o menos. Ponlo en dull. Solo puedes usar esta habilidad durante tu turno.</text>
      <prop>
        <type>Backup - V - Standard Unit</type>
        <manacost>2</manacost>
        <colors>Ice</colors>
        <pt>0</pt>
      </prop>
      <set picurl="https://fftcg.cdn.sewest.net/images/cards/full/15-038C_eg.jpg">Dawn of Heroes</set>
      <tablerow>0</tablerow>
    </card>
    <card>
      <name>Number 24 (20-036H)</name>
      <text>Cuando Número 024 entra al terreno de juego o al principio de tu Main Phase 1 durante cada uno de tus turnos, pon 1 Contador Barrera sobre Número 024.
  Si hay un Contador Barrera sobre Número 024, Número 024 gana "Si Número 024 recibe daño, retira 1 Contador Barrera de Número 024 y el daño se vuelve 0 en su lugar."
  Al final de cada uno de tus turnos, si hay 3 o más Contadores Barrera sobre Número 024, pon en dull Número 024.</text>
      <prop>
        <type>Forward - VI - Thaumaturgic Lifeform</type>
        <manacost>3</manacost>
        <colors>Ice</colors>
        <pt>9000</pt>
      </prop>
      <set picurl="https://fftcg.cdn.sewest.net/images/cards/full/20-036H_eg.jpg">Dawn of Heroes</set>
      <tablerow>2</tablerow>
    </card>
    <card>
      <name>Mateus (FFTA) (20-037H)</name>
      <text>Selecciona 1 de las siguientes 2 acciones.
  "Congela todos los Delanteros controlados por tu oponente. Retira Mateus (FFTA) del juego."
  "Congela todos los Apoyos controlados por tu oponente. Retira Mateus (FFTA) del juego."</text>
      <prop>
        <type>Summon - FFTA</type>
        <manacost>2</manacost>
        <colors>Ice</colors>
        <pt>0</pt>
      </prop>
      <set picurl="https://fftcg.cdn.sewest.net/images/cards/full/20-037H_eg.jpg">Dawn of Heroes</set>
      <tablerow>3</tablerow>
    </card>
    <card>
      <name>Wicked Mask (20-038H)</name>
      <text><p>Ataque furtivo<br />
Cuando Hecatombe entra al terreno de juego, elige 1 Invocación que solo tenga como objetivo a 1 personaje en cualquier zona. Puedes elegir otro personaje para que sea el nuevo objetivo (el nuevo personaje debe ser una elección válida).<br />
(0): Hasta el final del turno, Hecatombe también pasa a ser un Delantero con 6000 de poder. Solo puedes usar esta habilidad una vez por turno.</p>
</text>
      <prop>
        <type>Monster - IV - Wicked Mask</type>
        <manacost>3</manacost>
        <colors>Ice</colors>
        <pt>6000</pt>
      </prop>
      <set picurl="https://fftcg.cdn.sewest.net/images/cards/full/20-038H_eg.jpg">Dawn of Heroes</set>
      <tablerow>1</tablerow>
    </card>
    <card>
      <name>Rude (20-039R)</name>
      <text>Solo puedes pagar con CP de Apoyos el coste para lanzar Rude.
  Cuando Rude entra al terreno de juego, elige 1 Delantero controlado por tu oponente. Ponlo en dull y congélalo.
  Puñetazo salvaje (S)(Ice): Elige 1 Delantero en dull. Rómpelo.</text>
      <prop>
        <type>Forward - VII - Member of the Turks</type>
        <manacost>3</manacost>
        <colors>Ice</colors>
        <pt>8000</pt>
      </prop>
      <set picurl="https://fftcg.cdn.sewest.net/images/cards/full/20-039R_eg.jpg">Dawn of Heroes</set>
      <tablerow>2</tablerow>
    </card>
    <card>
      <name>Rufus (20-040L)</name>
      <text>Si tienes una Nombre de la carta Rude y una Nombre de la carta Reno en tu Break Zone, el coste requerido para lanzar Rufus se reduce en 2.
  Cuando Rufus entra al terreno de juego o ataca, selecciona 1 de las siguientes 3 acciones.
  "Elige 1 Delantero. Ponlo en dull y congélalo." "Elige 1 Oficio Miembro de los Turcos de tu Break Zone. Añádela a tu mano." "Tu oponente descarta 1 carta."</text>
      <prop>
        <type>Forward - VII - President of Shinra</type>
        <manacost>4</manacost>
        <colors>Ice</colors>
        <pt>7000</pt>
      </prop>
      <set picurl="https://fftcg.cdn.sewest.net/images/cards/full/20-040L_eg.jpg">Dawn of Heroes</set>
      <tablerow>2</tablerow>
    </card>
    <card>
      <name>Reno (20-041R)</name>
      <text>Cuando Reno ataca, puedes buscar 1 Delantero Nombre de la carta Rude de coste 4 o menos y jugarlo al terreno de juego.
  (Ice): Reno gana Prisa hasta el final del turno.
  Chispas electromagnéticas (S): Elige hasta 2 Delanteros. Ponlos en dull.</text>
      <prop>
        <type>Forward - VII - Member of the Turks</type>
        <manacost>3</manacost>
        <colors>Ice</colors>
        <pt>7000</pt>
      </prop>
      <set picurl="https://fftcg.cdn.sewest.net/images/cards/full/20-041R_eg.jpg">Dawn of Heroes</set>
      <tablerow>2</tablerow>
    </card>
    <card>
      <name>Locke (20-042L)</name>
      <text>[EX BURST] Cuando Locke entra al terreno de juego, revela las 4 cartas de la parte superior de tu mazo. Añade 1 personaje Categoría VI de entre ellas a tu mano y pon el resto en la parte inferior de tu mazo en el orden que quieras.
  Cuando 2 o más Delanteros Categoría VI que controlas forman un equipo y atacan, Locke inflige a tu oponente 1 punto de daño. Si 4 o más Delanteros Categoría VI forman el equipo, también rompe todos los Delanteros controlados por tu oponente.</text>
      <prop>
        <type>Forward - VI - Treasure Hunter</type>
        <manacost>3</manacost>
        <colors>Ice</colors>
        <pt>7000</pt>
      </prop>
      <set picurl="https://fftcg.cdn.sewest.net/images/cards/full/20-042L_eg.jpg">Dawn of Heroes</set>
      <tablerow>2</tablerow>
    </card>
    <card>
      <name>Brother (20-043R)</name>
      <text>Si controlas una Nombre de la carta Rikku, Hermano gana +2000 de poder.
  Cuando Hermano entra al terreno de juego, activa todos los personajes Categoría X que controlas.</text>
      <prop>
        <type>Forward - MOBIUS · X - Gullwings</type>
        <manacost>4</manacost>
        <colors>Wind</colors>
        <pt>8000</pt>
      </prop>
      <set picurl="https://fftcg.cdn.sewest.net/images/cards/full/20-043R_eg.jpg">Dawn of Heroes</set>
      <tablerow>2</tablerow>
    </card>
    <card>
      <name>Edge (20-044L)</name>
      <text>Cuando Edge entra al terreno de juego, selecciona 1 de las siguientes 3 acciones. Si Edge ha sido lanzado, selecciona hasta 3 de las siguientes 3 acciones en su lugar. "Elige 1 Delantero. Este gana +2000 de poder hasta el final del turno." "Elige hasta 2 cartas de la Break Zone de cualquier jugador. Retíralas del juego." "Edge gana Prisa hasta el final del turno."
  (2)(C): Juega Edge al terreno de juego. Solo puedes usar esta habilidad durante tu turno y si Edge está en la Break Zone.</text>
      <prop>
        <type>Forward - IV - Prince/Ninja</type>
        <manacost>3</manacost>
        <colors>Wind</colors>
        <pt>7000</pt>
      </prop>
      <set picurl="https://fftcg.cdn.sewest.net/images/cards/full/20-044L_eg.jpg">Dawn of Heroes</set>
      <tablerow>2</tablerow>
    </card>
    <card>
      <name>Botanist (20-045C)</name>
      <text>Cuando Botánico entra al terreno de juego, puedes retirar del juego 1 Apoyo sin (Generic) que controlas. Cuando lo haces, juega 1 Apoyo de tu mano al terreno de juego. Su habilidad de apoyo no se desencadena.</text>
      <prop>
        <type>Backup - XIV - Standard Unit</type>
        <manacost>3</manacost>
        <colors>Wind</colors>
        <pt>0</pt>
      </prop>
      <set picurl="https://fftcg.cdn.sewest.net/images/cards/full/20-045C_eg.jpg">Dawn of Heroes</set>
      <tablerow>0</tablerow>
    </card>
    <card>
      <name>Ghost (VII) (20-046C)</name>
      <text>Cuando Fantasma (VII) entra al terreno de juego, elige 1 Delantero. Inflígele 3000 puntos de daño.
  (Wind)(Dull), retira Fantasma (VII) del juego: Elige 1 Monstruo que controlas. Retíralo del juego. Juégalo al terreno de juego al final del turno.</text>
      <prop>
        <type>Monster - VII - Ghost</type>
        <manacost>1</manacost>
        <colors>Wind</colors>
        <pt>0</pt>
      </prop>
      <set picurl="https://fftcg.cdn.sewest.net/images/cards/full/20-046C_eg.jpg">Dawn of Heroes</set>
      <tablerow>1</tablerow>
    </card>
    <card>
      <name>Jenova Dreamweaver (20-047H)</name>
      <text>Jénova alfa no puede ser objetivo de las Invocaciones de tu oponente.
  (Wind): Hasta el final del turno, Jénova alfa también pasa a ser un Delantero con 7000 de poder y "Cuando Jénova alfa ataca, puedes buscar 1 Nombre de la carta Jénova alfa y retirarla del juego. Cuando lo haces, inflige 7000 puntos de daño a todos los Delanteros controlados por tu oponente." Solo puedes usar esta habilidad una vez por turno.</text>
      <prop>
        <type>Monster - VII - Jenova</type>
        <manacost>2</manacost>
        <colors>Wind</colors>
        <pt>7000</pt>
      </prop>
      <set picurl="https://fftcg.cdn.sewest.net/images/cards/full/20-047H_eg.jpg">Dawn of Heroes</set>
      <tablerow>1</tablerow>
    </card>
    <card>
      <name>Stiltzkin (20-048R)</name>
      <text>Si controlas una Nombre de la carta Chelinka y Nombre de la carta Yuri, las Nombre de la carta Chelinka y Nombre de la carta Yuri que controlas ganan +2000 de poder.</text>
      <prop>
        <type>Backup - FFCC - Moogle</type>
        <manacost>2</manacost>
        <colors>Wind</colors>
        <pt>0</pt>
      </prop>
      <set picurl="https://fftcg.cdn.sewest.net/images/cards/full/20-048R_eg.jpg">Dawn of Heroes</set>
      <tablerow>0</tablerow>
    </card>
    <card>
      <name>Chelinka (20-049R)</name>
      <text>Cuando Chelinka entra al terreno de juego, puedes descartar 1 carta. Cuando lo haces, busca 1 Nombre de la carta Yuri de coste 4 o menos y juégala al terreno de juego.
  Si Chelinka forma un equipo, el daño infligido a los Delanteros que forman este equipo se vuelve 0 en su lugar.</text>
      <prop>
        <type>Forward - DFF · FFCC - Lay Crystal User</type>
        <manacost>3</manacost>
        <colors>Wind</colors>
        <pt>7000</pt>
      </prop>
      <set picurl="https://fftcg.cdn.sewest.net/images/cards/full/20-049R_eg.jpg">Dawn of Heroes</set>
      <tablerow>2</tablerow>
    </card>
    <card>
      <name>Chocobo (20-050C)</name>
      <text>Cuando Chocobo entra al terreno de juego, elige 1 Delantero que controlas que no sea Oficio Chocobo o Nombre de la carta Chocobo. Mientras está en el terreno de juego, Chocobo gana +4000 de poder.</text>
      <prop>
        <type>Forward - Special - Standard Unit</type>
        <manacost>2</manacost>
        <colors>Wind</colors>
        <pt>5000</pt>
      </prop>
      <set picurl="https://fftcg.cdn.sewest.net/images/cards/full/20-050C_eg.jpg">Dawn of Heroes</set>
      <tablerow>2</tablerow>
    </card>
    <card>
      <name>Fat Chocobo (20-051H)</name>
      <text>El coste requerido para lanzar Chocobo gordo se reduce en 1 por cada 3 personajes Aire que controlas.
  Inflige 8000 puntos de daño a todos los Delanteros controlados por tu oponente.</text>
      <prop>
        <type>Summon - VII</type>
        <manacost>8</manacost>
        <colors>Wind</colors>
        <pt>0</pt>
      </prop>
      <set picurl="https://fftcg.cdn.sewest.net/images/cards/full/20-051H_eg.jpg">Dawn of Heroes</set>
      <tablerow>3</tablerow>
    </card>
    <card>
      <name>Gnash (20-052C)</name>
      <text>Cuando Gnash entra al terreno de juego, elige 1 Apoyo de coste 5 o más. Si has lanzado 3 o más cartas este turno, rómpelo.
  (Wind)(Wind)(2)(Dull), pon Gnash en la Break Zone: Elige 1 Apoyo. Rómpelo.</text>
      <prop>
        <type>Backup - PICTLOGICA · FFCC - Archer</type>
        <manacost>2</manacost>
        <colors>Wind</colors>
        <pt>0</pt>
      </prop>
      <set picurl="https://fftcg.cdn.sewest.net/images/cards/full/20-052C_eg.jpg">Dawn of Heroes</set>
      <tablerow>0</tablerow>
    </card>
    <card>
      <name>Number 128 (20-053H)</name>
      <text>(0): Inflige 7000 puntos de daño a todos los Delanteros controlados por tu oponente. Este daño no puede reducirse. Solo puedes usar esta habilidad si Número 128 ha recibido 4000 o más puntos de daño y solo una vez por turno.
  Viento afilado (S): Inflige 7000 puntos de daño a todos los Delanteros controlados por tu oponente. Este daño no puede reducirse.</text>
      <prop>
        <type>Forward - VI - Thaumaturgic Lifeform</type>
        <manacost>3</manacost>
        <colors>Wind</colors>
        <pt>7000</pt>
      </prop>
      <set picurl="https://fftcg.cdn.sewest.net/images/cards/full/20-053H_eg.jpg">Dawn of Heroes</set>
      <tablerow>2</tablerow>
    </card>
    <card>
      <name>Nono (20-054R)</name>
      <text>[EX BURST] Cuando Nono entra al terreno de juego, activa todos los personajes Aire que controlas.
  Al final de cada uno de tus turnos, elige 1 Delantero que controlas. Actívalo.</text>
      <prop>
        <type>Backup - FFTA - Moogle</type>
        <manacost>4</manacost>
        <colors>Wind</colors>
        <pt>0</pt>
      </prop>
      <set picurl="https://fftcg.cdn.sewest.net/images/cards/full/20-054R_eg.jpg">Dawn of Heroes</set>
      <tablerow>0</tablerow>
    </card>
    <card>
      <name>Prompto (20-055C)</name>
      <text>Cuando Prompto pasa del terreno de juego a la Break Zone, coge 1 carta.
  (Wind)(Dull), pon Prompto en la Break Zone: Elige 1 Delantero. Durante este turno, el siguiente daño que reciba se reduce en 5000 en su lugar.</text>
      <prop>
        <type>Backup - XV - Retainer</type>
        <manacost>2</manacost>
        <colors>Wind</colors>
        <pt>0</pt>
      </prop>
      <set picurl="https://fftcg.cdn.sewest.net/images/cards/full/20-055C_eg.jpg">Dawn of Heroes</set>
      <tablerow>0</tablerow>
    </card>
    <card>
      <name>Bel Dat (20-056H)</name>
      <text>Transporte 2 -- (Wind)
  Cuando se retira un Contador Transporte de Bel Dat, tu oponente pone las 2 cartas de la parte superior de su mazo en la Break Zone. Este efecto solo se desencadena si Bel Dat se retira del juego.
  Cuando Bel Dat entra al terreno de juego, elige 1 Delantero de la Break Zone de tu oponente. Retíralo del juego. Puedes lanzarlo en cualquier momento en el que normalmente sería posible lanzarlo como si te perteneciera.</text>
      <prop>
        <type>Forward - FFCC - Thief</type>
        <manacost>2</manacost>
        <colors>Wind</colors>
        <pt>5000</pt>
      </prop>
      <set picurl="https://fftcg.cdn.sewest.net/images/cards/full/20-056H_eg.jpg">Dawn of Heroes</set>
      <tablerow>2</tablerow>
    </card>
    <card>
      <name>The Goddess (20-057L)</name>
      <text>Cuando Diosa entra al terreno de juego, pon 1 Contador Condena sobre todos los Delanteros controlados por tu oponente.
  Cuando Diosa entra al terreno de juego, al final del turno de tu oponente, rompe todos los Delanteros controlados por tu oponente con un Contador Condena sobre ellos.
  Al final de cada uno de tus turnos, retira del juego todas las cartas de la Break Zone de tu oponente.</text>
      <prop>
        <type>Forward - MOBIUS · VI - Warring Triad</type>
        <manacost>7</manacost>
        <colors>Wind</colors>
        <pt>9000</pt>
      </prop>
      <set picurl="https://fftcg.cdn.sewest.net/images/cards/full/20-057L_eg.jpg">Dawn of Heroes</set>
      <tablerow>2</tablerow>
    </card>
    <card>
      <name>Melphie (20-058C)</name>
      <text>Cuando Melfie entra al terreno de juego, puedes buscar 1 Nombre de la carta Sonon y añadirla a tu mano.
  (Dull), pon Melfie en la Break Zone: Elige 1 Delantero de coste 5 o más. Rómpelo.</text>
      <prop>
        <type>Forward - VII - Warrior</type>
        <manacost>3</manacost>
        <colors>Wind</colors>
        <pt>7000</pt>
      </prop>
      <set picurl="https://fftcg.cdn.sewest.net/images/cards/full/20-058C_eg.jpg">Dawn of Heroes</set>
      <tablerow>2</tablerow>
    </card>
    <card>
      <name>Carpenter (20-059C)</name>
      <text>Si controlas 3 o más Apoyos Aire, el coste requerido para lanzar Carpintero se reduce en 2.</text>
      <prop>
        <type>Backup - XIV - Standard Unit</type>
        <manacost>2</manacost>
        <colors>Wind</colors>
        <pt>0</pt>
      </prop>
      <set picurl="https://fftcg.cdn.sewest.net/images/cards/full/20-059C_eg.jpg">Dawn of Heroes</set>
      <tablerow>0</tablerow>
    </card>
    <card>
      <name>Yuri (20-060R)</name>
      <text>Cuando Yuri entra al terreno de juego, puedes descartar 1 carta. Cuando lo haces, busca 1Nombre de la carta Chelinka de coste 4 o menos y juégala al terreno de juego.
  Cuando Yuri forma un equipo y ataca, selecciona 1 de las siguientes 2 acciones. "Elige 1 Delantero de coste 4 o más. Rómpelo." "Activa todos los personajes que controlas."</text>
      <prop>
        <type>Forward - DFF · FFCC - Lay Crystal User</type>
        <manacost>3</manacost>
        <colors>Wind</colors>
        <pt>7000</pt>
      </prop>
      <set picurl="https://fftcg.cdn.sewest.net/images/cards/full/20-060R_eg.jpg">Dawn of Heroes</set>
      <tablerow>2</tablerow>
    </card>
    <card>
      <name>Yuffie (20-061C)</name>
      <text>Cuando Yuffie entra al terreno de juego, pon 2 Contadores Shuriken sobre Yuffie.
  Cuando Yuffie ataca, puedes retirar 1 Contador Shuriken de Yuffie. Cuando lo haces, elige 1 Delantero. Inflígele 8000 puntos de daño.</text>
      <prop>
        <type>Forward - VII - Ninja</type>
        <manacost>2</manacost>
        <colors>Wind</colors>
        <pt>5000</pt>
      </prop>
      <set picurl="https://fftcg.cdn.sewest.net/images/cards/full/20-061C_eg.jpg">Dawn of Heroes</set>
      <tablerow>2</tablerow>
    </card>
    <card>
      <name>Ritz (20-062R)</name>
      <text>Cuando Ritz entra al terreno de juego, elige 1 Delantero controlado por tu oponente. Inflígele 3000 puntos de daño. Cuando pasa del terreno de juego a la Break Zone este turno, coge 1 carta.</text>
      <prop>
        <type>Forward - PICTLOGICA · FFTA - Fencer</type>
        <manacost>1</manacost>
        <colors>Wind</colors>
        <pt>3000</pt>
      </prop>
      <set picurl="https://fftcg.cdn.sewest.net/images/cards/full/20-062R_eg.jpg">Dawn of Heroes</set>
      <tablerow>2</tablerow>
    </card>
    <card>
      <name>Dragoon (20-063C)</name>
      <text>Cuando Caballero dragón entra al terreno de juego, ganas (C).
  (Dull), pon Caballero dragón en la Break Zone: Elige 1 Delantero. Este gana Iniciativa hasta el final del turno. Solo puedes usar esta habilidad durante tu turno.</text>
      <prop>
        <type>Backup - V - Standard Unit</type>
        <manacost>2</manacost>
        <colors>Wind</colors>
        <pt>0</pt>
      </prop>
      <set picurl="https://fftcg.cdn.sewest.net/images/cards/full/20-063C_eg.jpg">Dawn of Heroes</set>
      <tablerow>0</tablerow>
    </card>
    <card>
      <name>Dragoon (15-058C)</name>
      <text>Cuando Caballero dragón entra al terreno de juego, ganas (C).
  (Dull), pon Caballero dragón en la Break Zone: Elige 1 Delantero. Este gana Iniciativa hasta el final del turno. Solo puedes usar esta habilidad durante tu turno.</text>
      <prop>
        <type>Backup - V - Standard Unit</type>
        <manacost>2</manacost>
        <colors>Wind</colors>
        <pt>0</pt>
      </prop>
      <set picurl="https://fftcg.cdn.sewest.net/images/cards/full/15-058C_eg.jpg">Dawn of Heroes</set>
      <tablerow>0</tablerow>
    </card>
    <card>
      <name>Arkasodara (20-064C)</name>
      <text>Cuando Arkasodara entra al terreno de juego, elige 1 Delantero en dull. Si tu oponente no paga (3), rómpelo.</text>
      <prop>
        <type>Backup - XIV - Standard Unit</type>
        <manacost>3</manacost>
        <colors>Earth</colors>
        <pt>0</pt>
      </prop>
      <set picurl="https://fftcg.cdn.sewest.net/images/cards/full/20-064C_eg.jpg">Dawn of Heroes</set>
      <tablerow>0</tablerow>
    </card>
    <card>
      <name>Antlion (IV) (20-065H)</name>
      <text>Cuando un Apoyo entra a tu terreno de juego o un Apoyo que controlas abandona el terreno de juego, hasta el final del turno, Antoleón (IV) también pasa a ser un Delantero con 9000 de poder y "Cuando Antoleón (IV) recibe daño, elige hasta 1 Delantero controlado por tu oponente. Inflígele la misma cantidad de daño." Este efecto solo se puede desencadenar una vez por turno.</text>
      <prop>
        <type>Monster - IV - Insect</type>
        <manacost>2</manacost>
        <colors>Earth</colors>
        <pt>9000</pt>
      </prop>
      <set picurl="https://fftcg.cdn.sewest.net/images/cards/full/20-065H_eg.jpg">Dawn of Heroes</set>
      <tablerow>1</tablerow>
    </card>
    <card>
      <name>Ignis (20-066R)</name>
      <text>Cuando Ignis entra al terreno de juego, puedes poner 1 Apoyo que controlas en la Break Zone. Cuando lo haces, elige 1 Delantero. Rómpelo.
  Cuando un Apoyo que controlas pasa del terreno de juego a la Break Zone, elige 1 Delantero de tu Break Zone. Añádelo a tu mano. Este efecto solo se puede desencadenar durante tu turno y solo una vez por turno.</text>
      <prop>
        <type>Forward - XV - Retainer</type>
        <manacost>5</manacost>
        <colors>Earth</colors>
        <pt>9000</pt>
      </prop>
      <set picurl="https://fftcg.cdn.sewest.net/images/cards/full/20-066R_eg.jpg">Dawn of Heroes</set>
      <tablerow>2</tablerow>
    </card>
    <card>
      <name>Ifalna (20-067R)</name>
      <text>(X)(Dull), pon Ifalna en la Break Zone: Elige 1 Delantero Tierra de tu Break Zone. Si su coste es X, juégalo al terreno de juego. Solo puedes usar esta habilidad durante tu turno.</text>
      <prop>
        <type>Backup - VII - Ancient</type>
        <manacost>2</manacost>
        <colors>Earth</colors>
        <pt>0</pt>
      </prop>
      <set picurl="https://fftcg.cdn.sewest.net/images/cards/full/20-067R_eg.jpg">Dawn of Heroes</set>
      <tablerow>0</tablerow>
    </card>
    <card>
      <name>Aerith (20-068R)</name>
      <text>Transporte 2 -- (Earth)
  Cuando Aeris entra al terreno de juego a causa de una Invocación o habilidad, elige 1 Delantero de tu Break Zone. Añádelo a tu mano.</text>
      <prop>
        <type>Forward - DFF · VII - Ancient</type>
        <manacost>2</manacost>
        <colors>Earth</colors>
        <pt>5000</pt>
      </prop>
      <set picurl="https://fftcg.cdn.sewest.net/images/cards/full/20-068R_eg.jpg">Dawn of Heroes</set>
      <tablerow>2</tablerow>
    </card>
    <card>
      <name>Chaos (20-069H)</name>
      <text>Cuando Caos entra al terreno de juego, puedes buscar 1 Delantero Oscuridad de coste 4 o menos y jugarlo al terreno de juego.
  (Earth)(Earth), retira del juego Caos y 2 personajes Oscuridad de la Break Zone: Elige 1 Delantero. Rómpelo. Solo puedes usar esta habilidad durante tu turno y si Caos está en la Break Zone.</text>
      <prop>
        <type>Forward - DFF · I - Chaos</type>
        <manacost>6</manacost>
        <colors>Earth</colors>
        <pt>9000</pt>
      </prop>
      <set picurl="https://fftcg.cdn.sewest.net/images/cards/full/20-069H_eg.jpg">Dawn of Heroes</set>
      <tablerow>2</tablerow>
    </card>
    <card>
      <name>Leatherworker (20-070C)</name>
      <text>Si controlas 3 o más Apoyos Tierra, el coste requerido para lanzar Guarnicionero se reduce en 2.</text>
      <prop>
        <type>Backup - XIV - Standard Unit</type>
        <manacost>2</manacost>
        <colors>Earth</colors>
        <pt>0</pt>
      </prop>
      <set picurl="https://fftcg.cdn.sewest.net/images/cards/full/20-070C_eg.jpg">Dawn of Heroes</set>
      <tablerow>0</tablerow>
    </card>
    <card>
      <name>Ciaran (20-071C)</name>
      <text>Cuando Ciaran entra al terreno de juego o ataca, ganas (C).
  (C): Ciaran gana +2000 de poder hasta el final del turno.
  Espada oscura (S): Elige 1 Delantero. Inflígele 3000 puntos de daño por cada punto de daño que has recibido.</text>
      <prop>
        <type>Forward - DFF · FFCC - Crystal Caravanner</type>
        <manacost>3</manacost>
        <colors>Earth</colors>
        <pt>7000</pt>
      </prop>
      <set picurl="https://fftcg.cdn.sewest.net/images/cards/full/20-071C_eg.jpg">Dawn of Heroes</set>
      <tablerow>2</tablerow>
    </card>
    <card>
      <name>Gigas (FFCC) (20-072C)</name>
      <text>Cuando Gigas (FFCC) entra al terreno de juego, elige 1 Delantero. Hasta el final del turno de tu oponente, este gana "Este Delantero no puede atacar ni bloquear."
  (Earth)(Earth)(1)(Dull), pon Gigas (FFCC) en la Break Zone: Elige 1 Delantero. Inflígele 8000 puntos de daño.</text>
      <prop>
        <type>Monster - FFCC - Giant</type>
        <manacost>1</manacost>
        <colors>Earth</colors>
        <pt>0</pt>
      </prop>
      <set picurl="https://fftcg.cdn.sewest.net/images/cards/full/20-072C_eg.jpg">Dawn of Heroes</set>
      <tablerow>1</tablerow>
    </card>
    <card>
      <name>Kimahri (20-073C)</name>
      <text>(0): Elige 1 Delantero que controlas que no sea Kimahri. Durante este turno, el siguiente daño que reciba es recibido por Kimahri en su lugar. Solo puedes usar esta habilidad una vez por turno.
  Descarta 1 carta Tierra: Durante este turno, el siguiente daño que reciba Kimahri se reduce en 4000 en su lugar.</text>
      <prop>
        <type>Forward - PICTLOGICA · X - Guardian</type>
        <manacost>5</manacost>
        <colors>Earth</colors>
        <pt>8000</pt>
      </prop>
      <set picurl="https://fftcg.cdn.sewest.net/images/cards/full/20-073C_eg.jpg">Dawn of Heroes</set>
      <tablerow>2</tablerow>
    </card>
    <card>
      <name>Miner (20-074C)</name>
      <text>Cuando Minero entra al terreno de juego, revela las 5 cartas de la parte superior de tu mazo. Añade 1 Apoyo de entre ellas a tu mano y pon el resto en la parte inferior de tu mazo en el orden que quieras.
  (2)(Dull), pon Minero en la Break Zone: Coge 1 carta.</text>
      <prop>
        <type>Backup - XIV - Standard Unit</type>
        <manacost>3</manacost>
        <colors>Earth</colors>
        <pt>0</pt>
      </prop>
      <set picurl="https://fftcg.cdn.sewest.net/images/cards/full/20-074C_eg.jpg">Dawn of Heroes</set>
      <tablerow>0</tablerow>
    </card>
    <card>
      <name>Cecil (20-075L)</name>
      <text>Puedes pagar (Earth)(Water) (en lugar de pagar su coste con CP) para lanzar Cecil. Si lo haces, cuando Cecil entra al terreno de juego, Cecil te inflige 1 punto de daño.
  Pon Cecil en la Break Zone: Busca 1 Nombre de la carta Cecil con Oficio Paladín y juégala al terreno de juego.
  Estallido tenebroso (S)(Earth): Elige 1 Delantero. Inflígele 8000 puntos de daño.</text>
      <prop>
        <type>Forward - IV - Dark Knight</type>
        <manacost>5</manacost>
        <colors>Earth</colors>
        <pt>9000</pt>
      </prop>
      <set picurl="https://fftcg.cdn.sewest.net/images/cards/full/20-075L_eg.jpg">Dawn of Heroes</set>
      <tablerow>2</tablerow>
    </card>
    <card>
      <name>Sonon (20-076C)</name>
      <text>Si tienes una Nombre de la carta Melfie en tu Break Zone, Sonon gana +1000 de poder y Bravura.
  (Earth)(1), retira del juego Sonon y 1 Nombre de la carta Melfie de la Break Zone: Coge 1 carta. Solo puedes usar esta habilidad si Sonon está en la Break Zone.</text>
      <prop>
        <type>Forward - VII - Warrior</type>
        <manacost>4</manacost>
        <colors>Earth</colors>
        <pt>8000</pt>
      </prop>
      <set picurl="https://fftcg.cdn.sewest.net/images/cards/full/20-076C_eg.jpg">Dawn of Heroes</set>
      <tablerow>2</tablerow>
    </card>
    <card>
      <name>Tifa (20-077L)</name>
      <text>Bravura
  Las Invocaciones o habilidades de tu oponente no pueden poner en dull a Tifa.
  Cuando Tifa entra al terreno de juego, descarta 2 cartas.
  (2): Tifa puede atacar una vez más este turno. Solo puedes pagar con CP de Apoyos el coste para usar esta habilidad.</text>
      <prop>
        <type>Forward - VII - AVALANCHE Operative</type>
        <manacost>1</manacost>
        <colors>Earth</colors>
        <pt>9000</pt>
      </prop>
      <set picurl="https://fftcg.cdn.sewest.net/images/cards/full/20-077L_eg.jpg">Dawn of Heroes</set>
      <tablerow>2</tablerow>
    </card>
    <card>
      <name>Noctis (20-078H)</name>
      <text>Cuando Noctis entra al terreno de juego, elige 1 Delantero. Hasta el final del turno, este gana +2000 de poder y Bravura.
  Cuando Noctis pasa del terreno de juego a la Break Zone, puedes poner 1 personaje que controlas en la Break Zone. Cuando lo haces, juega Noctis desde la Break Zone al terreno de juego en dull. Noctis gana +2000 de poder. (Este efecto no termina al final del turno.)</text>
      <prop>
        <type>Forward - XV - Prince</type>
        <manacost>3</manacost>
        <colors>Earth</colors>
        <pt>7000</pt>
      </prop>
      <set picurl="https://fftcg.cdn.sewest.net/images/cards/full/20-078H_eg.jpg">Dawn of Heroes</set>
      <tablerow>2</tablerow>
    </card>
    <card>
      <name>Geomancer (20-079C)</name>
      <text>Cuando Geomante entra al terreno de juego, ganas (C).
  (Dull), pon Geomante en la Break Zone: Elige 1 Delantero. Este gana Bravura hasta el final del turno. Solo puedes usar esta habilidad durante tu turno.</text>
      <prop>
        <type>Backup - V - Standard Unit</type>
        <manacost>2</manacost>
        <colors>Earth</colors>
        <pt>0</pt>
      </prop>
      <set picurl="https://fftcg.cdn.sewest.net/images/cards/full/20-079C_eg.jpg">Dawn of Heroes</set>
      <tablerow>0</tablerow>
    </card>
    <card>
      <name>Geomancer (15-080C)</name>
      <text>Cuando Geomante entra al terreno de juego, ganas (C).
  (Dull), pon Geomante en la Break Zone: Elige 1 Delantero. Este gana Bravura hasta el final del turno. Solo puedes usar esta habilidad durante tu turno.</text>
      <prop>
        <type>Backup - V - Standard Unit</type>
        <manacost>2</manacost>
        <colors>Earth</colors>
        <pt>0</pt>
      </prop>
      <set picurl="https://fftcg.cdn.sewest.net/images/cards/full/15-080C_eg.jpg">Dawn of Heroes</set>
      <tablerow>0</tablerow>
    </card>
    <card>
      <name>Fake (20-080R)</name>
      <text>Bravura
  Si hay 1 o menos Contadores Tiempo sobre Fake, Fake no puede atacar ni bloquear.
  Cuando recibes un punto de daño, pon 1 Contador Tiempo sobre Fake.</text>
      <prop>
        <type>Forward - FFL - Mysterious Man</type>
        <manacost>2</manacost>
        <colors>Earth</colors>
        <pt>10000</pt>
      </prop>
      <set picurl="https://fftcg.cdn.sewest.net/images/cards/full/20-080R_eg.jpg">Dawn of Heroes</set>
      <tablerow>2</tablerow>
    </card>
    <card>
      <name>Fenrir (20-081H)</name>
      <text>Si Fenril elige un Delantero de coste 2 o menos, el coste requerido para lanzar Fenril se reduce en 1.
  Elige 1 Delantero. Hasta el final del turno, este gana "Este Delantero no puede ser objetivo de las Invocaciones de tu oponente."</text>
      <prop>
        <type>Summon - VI</type>
        <manacost>1</manacost>
        <colors>Earth</colors>
        <pt>0</pt>
      </prop>
      <set picurl="https://fftcg.cdn.sewest.net/images/cards/full/20-081H_eg.jpg">Dawn of Heroes</set>
      <tablerow>3</tablerow>
    </card>
    <card>
      <name>Mira (20-082C)</name>
      <text>[EX BURST] Cuando Mira entra al terreno de juego, revela las 5 cartas de la parte superior de tu mazo. Añade 1 Monstruo de entre ellas a tu mano y pon el resto en la parte inferior de tu mazo en el orden que quieras.
  Pon Mira en la Break Zone: Elige 1 Monstruo. Hasta el final del turno, este gana "Este personaje no puede romperse."</text>
      <prop>
        <type>Forward - FFCC - Dark Lord</type>
        <manacost>1</manacost>
        <colors>Earth</colors>
        <pt>3000</pt>
      </prop>
      <set picurl="https://fftcg.cdn.sewest.net/images/cards/full/20-082C_eg.jpg">Dawn of Heroes</set>
      <tablerow>2</tablerow>
    </card>
    <card>
      <name>The Magus Sisters (XIV) (20-083R)</name>
      <text>Hermanas Magus (XIV) no puede ser objetivo de las Invocaciones de tu oponente.
  Los Delanteros controlados por tu oponente pierden Prisa.
  Los Delanteros controlados por tu oponente no pueden ganar Prisa.
  (Dull), descarta 1 Invocación: Elige 1 Delantero. Inflígele 8000 puntos de daño.</text>
      <prop>
        <type>Forward - XIV - Manusya Deities</type>
        <manacost>4</manacost>
        <colors>Earth</colors>
        <pt>8000</pt>
      </prop>
      <set picurl="https://fftcg.cdn.sewest.net/images/cards/full/20-083R_eg.jpg">Dawn of Heroes</set>
      <tablerow>2</tablerow>
    </card>
    <card>
      <name>Leo (20-084R)</name>
      <text>Los DelanterosCategoría FFCC que controlas ganan +1000 de poder.
  Cuando Leo entra al terreno de juego, puedes buscar 1 Delantero Categoría FFCC de coste 4 o menos y jugarlo al terreno de juego.</text>
      <prop>
        <type>Backup - FFCC - King</type>
        <manacost>6</manacost>
        <colors>Earth</colors>
        <pt>0</pt>
      </prop>
      <set picurl="https://fftcg.cdn.sewest.net/images/cards/full/20-084R_eg.jpg">Dawn of Heroes</set>
      <tablerow>0</tablerow>
    </card>
    <card>
      <name>Assassin (20-085C)</name>
      <text>Cuando Asesino entra al terreno de juego, puedes pagar (Lightning)(Lightning)(1). Cuando lo haces, elige 1 Delantero. Inflígele 3000 puntos de daño.
  Pon Asesino en la Break Zone: Elige 1 Delantero dañado. Rómpelo. Solo puedes usar esta habilidad durante tu turno.</text>
      <prop>
        <type>Forward - FFTA - Standard Unit</type>
        <manacost>1</manacost>
        <colors>Lightning</colors>
        <pt>3000</pt>
      </prop>
      <set picurl="https://fftcg.cdn.sewest.net/images/cards/full/20-085C_eg.jpg">Dawn of Heroes</set>
      <tablerow>2</tablerow>
    </card>
    <card>
      <name>Alisaie (20-086H)</name>
      <text>Cuando Alisaie entra al terreno de juego, elige 1 Delantero Oficio Totema del Séptimo Amanecer de coste 3 o menos de tu Break Zone. Juégalo al terreno de juego.
  Cuando un Delantero Agua entra a tu terreno de juego, elige 1 Delantero controlado por tu oponente. Ponlo en dull. Este efecto solo se puede desencadenar una vez por turno.</text>
      <prop>
        <type>Forward - XIV - Scion of the Seventh Dawn</type>
        <manacost>4</manacost>
        <colors>Lightning</colors>
        <pt>5000</pt>
      </prop>
      <set picurl="https://fftcg.cdn.sewest.net/images/cards/full/20-086H_eg.jpg">Dawn of Heroes</set>
      <tablerow>2</tablerow>
    </card>
    <card>
      <name>Angeal (20-087R)</name>
      <text>Cuando Angeal entra al terreno de juego, elige 1 Delantero de coste 4 o menos. Si controlas 2 o más Oficio SOLDADO, rómpelo.
  Pon Angeal en la Break Zone: Elige 1 Delantero. Este gana +3000 de poder hasta el final del turno.</text>
      <prop>
        <type>Forward - PICTLOGICA · VII - SOLDIER</type>
        <manacost>3</manacost>
        <colors>Lightning</colors>
        <pt>7000</pt>
      </prop>
      <set picurl="https://fftcg.cdn.sewest.net/images/cards/full/20-087R_eg.jpg">Dawn of Heroes</set>
      <tablerow>2</tablerow>
    </card>
    <card>
      <name>Estinien (20-088L)</name>
      <text>Transporte 1 -- (Lightning)
  Prisa
  Cuando Estinien entra al terreno de juego a causa de Transporte, hasta el final del turno, Estinien gana Bravura y "Estinien puede atacar dos veces en el mismo turno."
  Cuando Estinien ataca, hasta el final del turno, Estinien gana +10000 de poder e Iniciativa.</text>
      <prop>
        <type>Forward - XIV - Scion of the Seventh Dawn</type>
        <manacost>4</manacost>
        <colors>Lightning</colors>
        <pt>8000</pt>
      </prop>
      <set picurl="https://fftcg.cdn.sewest.net/images/cards/full/20-088L_eg.jpg">Dawn of Heroes</set>
      <tablerow>2</tablerow>
    </card>
    <card>
      <name>Kadaj (20-089C)</name>
      <text>Cuando Kadaj entra al terreno de juego o pasa del terreno de juego a la Break Zone, elige 1 Delantero controlado por tu oponente. Este pierde 4000 de poder hasta el final del turno.</text>
      <prop>
        <type>Forward - DFF · VII - Remnant</type>
        <manacost>4</manacost>
        <colors>Lightning</colors>
        <pt>8000</pt>
      </prop>
      <set picurl="https://fftcg.cdn.sewest.net/images/cards/full/20-089C_eg.jpg">Dawn of Heroes</set>
      <tablerow>2</tablerow>
    </card>
    <card>
      <name>G'raha Tia (20-090H)</name>
      <text>Si controlas un personaje Categoría XIV Oficio Soldado, G'raha Tia gana +3000 de poder.
  Cuando G'raha Tia entra al terreno de juego, puedes pagar (X). Cuando lo haces, busca 1 Delantero Oficio Totema del Séptimo Amanecer de coste X y juégalo al terreno de juego.</text>
      <prop>
        <type>Forward - XIV - Scion of the Seventh Dawn</type>
        <manacost>3</manacost>
        <colors>Lightning</colors>
        <pt>7000</pt>
      </prop>
      <set picurl="https://fftcg.cdn.sewest.net/images/cards/full/20-090H_eg.jpg">Dawn of Heroes</set>
      <tablerow>2</tablerow>
    </card>
    <card>
      <name>Illusionist (20-091C)</name>
      <text>(Dull), pon Ilusionista en la Break Zone: Elige 1 Delantero. Si este inflige daño a un Delantero controlado por tu oponente este turno, el daño aumenta en 2000 en su lugar.</text>
      <prop>
        <type>Backup - FFTA - Standard Unit</type>
        <manacost>2</manacost>
        <colors>Lightning</colors>
        <pt>0</pt>
      </prop>
      <set picurl="https://fftcg.cdn.sewest.net/images/cards/full/20-091C_eg.jpg">Dawn of Heroes</set>
      <tablerow>0</tablerow>
    </card>
    <card>
      <name>The Emperor (20-092R)</name>
      <text>El coste requerido para usar habilidades de acción aumenta en (2) para los personajes controlados por tu oponente.
  Cuando El Emperador pasa del terreno de juego a la Break Zone, puedes buscar 1 Nombre de la carta El Emperador de coste 3 o menos y jugarla al terreno de juego en dull.</text>
      <prop>
        <type>Forward - DFF · II - Emperor</type>
        <manacost>3</manacost>
        <colors>Lightning</colors>
        <pt>7000</pt>
      </prop>
      <set picurl="https://fftcg.cdn.sewest.net/images/cards/full/20-092R_eg.jpg">Dawn of Heroes</set>
      <tablerow>2</tablerow>
    </card>
    <card>
      <name>Shadow Dragon (20-093H)</name>
      <text>Cuando una Nombre de la carta Golbez entra a tu terreno de juego, puedes pagar (1). Cuando lo haces, juega Dragón sombrío al terreno de juego. Este efecto solo se desencadena si Dragón sombrío está en la Break Zone.
  Cuando Dragón sombrío entra al terreno de juego, elige 1 Delantero de coste 3 o menos controlado por tu oponente. Rómpelo.
  (0): Hasta el final del turno, Dragón sombrío también pasa a ser un Delantero con 3000 de poder. Solo puedes usar esta habilidad una vez por turno.</text>
      <prop>
        <type>Monster - IV - Dragon</type>
        <manacost>3</manacost>
        <colors>Lightning</colors>
        <pt>3000</pt>
      </prop>
      <set picurl="https://fftcg.cdn.sewest.net/images/cards/full/20-093H_eg.jpg">Dawn of Heroes</set>
      <tablerow>1</tablerow>
    </card>
    <card>
      <name>Cor (20-094R)</name>
      <text>Si controlas una Oficio Rey, Cor gana +2000 de poder y "Cuando Cor pasa del terreno de juego a la Break Zone, puedes retirar del juego las 10 cartas de la parte superior de tu mazo. Cuando lo haces, juega Cor desde la Break Zone al terreno de juego en dull."</text>
      <prop>
        <type>Forward - DFF · XV - Captain</type>
        <manacost>4</manacost>
        <colors>Lightning</colors>
        <pt>8000</pt>
      </prop>
      <set picurl="https://fftcg.cdn.sewest.net/images/cards/full/20-094R_eg.jpg">Dawn of Heroes</set>
      <tablerow>2</tablerow>
    </card>
    <card>
      <name>Weaver (20-095C)</name>
      <text>Si controlas 3 o más Apoyos Rayo, el coste requerido para lanzar Tejedor se reduce en 2.</text>
      <prop>
        <type>Backup - XIV - Standard Unit</type>
        <manacost>2</manacost>
        <colors>Lightning</colors>
        <pt>0</pt>
      </prop>
      <set picurl="https://fftcg.cdn.sewest.net/images/cards/full/20-095C_eg.jpg">Dawn of Heroes</set>
      <tablerow>0</tablerow>
    </card>
    <card>
      <name>Johnny (20-096C)</name>
      <text>Cuando Johnny entra al terreno de juego, elige 1 personaje que no sea Nombre de la carta Johnny de tu Break Zone. Añádelo a tu mano.
  (Lightning)(1)(Dull), pon Johnny en la Break Zone: Elige 1 personaje Categoría VII de tu Break Zone. Añádelo a tu mano.</text>
      <prop>
        <type>Backup - VII - Sector Seven Slum Dweller</type>
        <manacost>4</manacost>
        <colors>Lightning</colors>
        <pt>0</pt>
      </prop>
      <set picurl="https://fftcg.cdn.sewest.net/images/cards/full/20-096C_eg.jpg">Dawn of Heroes</set>
      <tablerow>0</tablerow>
    </card>
    <card>
      <name>Sephiroth (20-097C)</name>
      <text>Transporte 3 -- (Lightning)
  Cuando Sefirot entra al terreno de juego, elige 1 Delantero que no sea Sefirot. Rómpelo.
  Zanshin (S): Elige 1 Delantero de coste 3 o menos. Rómpelo.</text>
      <prop>
        <type>Forward - DFF · VII - War Hero</type>
        <manacost>7</manacost>
        <colors>Lightning</colors>
        <pt>8000</pt>
      </prop>
      <set picurl="https://fftcg.cdn.sewest.net/images/cards/full/20-097C_eg.jpg">Dawn of Heroes</set>
      <tablerow>2</tablerow>
    </card>
    <card>
      <name>Chadley (20-098R)</name>
      <text>Cuando Chadley entra al terreno de juego, puedes descartar 1 carta. Cuando lo haces, busca 1 Invocación Rayo y añádela a tu mano.
  (Dull), descarta 1 Invocación, pon Chadley en la Break Zone: Elige 1 Delantero de tu Break Zone. Añádelo a tu mano.</text>
      <prop>
        <type>Backup - VII - Scientist</type>
        <manacost>2</manacost>
        <colors>Lightning</colors>
        <pt>0</pt>
      </prop>
      <set picurl="https://fftcg.cdn.sewest.net/images/cards/full/20-098R_eg.jpg">Dawn of Heroes</set>
      <tablerow>0</tablerow>
    </card>
    <card>
      <name>Ninja (20-099C)</name>
      <text>Cuando Ninja entra al terreno de juego, ganas (C).
  (Dull), pon Ninja en la Break Zone: Elige 1 Delantero. Inflígele 1000 puntos de daño. Solo puedes usar esta habilidad durante tu turno.</text>
      <prop>
        <type>Backup - V - Standard Unit</type>
        <manacost>2</manacost>
        <colors>Lightning</colors>
        <pt>0</pt>
      </prop>
      <set picurl="https://fftcg.cdn.sewest.net/images/cards/full/20-099C_eg.jpg">Dawn of Heroes</set>
      <tablerow>0</tablerow>
    </card>
    <card>
      <name>Ninja (15-095C)</name>
      <text>Cuando Ninja entra al terreno de juego, ganas (C).
  (Dull), pon Ninja en la Break Zone: Elige 1 Delantero. Inflígele 1000 puntos de daño. Solo puedes usar esta habilidad durante tu turno.</text>
      <prop>
        <type>Backup - V - Standard Unit</type>
        <manacost>2</manacost>
        <colors>Lightning</colors>
        <pt>0</pt>
      </prop>
      <set picurl="https://fftcg.cdn.sewest.net/images/cards/full/15-095C_eg.jpg">Dawn of Heroes</set>
      <tablerow>0</tablerow>
    </card>
    <card>
      <name>Fusoya (20-100R)</name>
      <text>[EX BURST] Cuando Fusoya entra al terreno de juego, si tienes 2 o más Invocaciones en tu Break Zone, coge 1 carta.
  Cuando Fusoya ataca, puedes lanzar 1 Invocación de coste 2 o menos de tu mano sin pagar su coste.</text>
      <prop>
        <type>Forward - PICTLOGICA · IV - Lunarian</type>
        <manacost>2</manacost>
        <colors>Lightning</colors>
        <pt>4000</pt>
      </prop>
      <set picurl="https://fftcg.cdn.sewest.net/images/cards/full/20-100R_eg.jpg">Dawn of Heroes</set>
      <tablerow>2</tablerow>
    </card>
    <card>
      <name>Behemoth (20-101C)</name>
      <text>Cuando Bégimo entra al terreno de juego, elige 1 Delantero. Inflígele 7000 puntos de daño.
  (Lightning)(Lightning)(Dull), pon Bégimo en la Break Zone: Elige 1 Delantero dañado. Rómpelo.</text>
      <prop>
        <type>Monster - FFCC - Behemoth</type>
        <manacost>2</manacost>
        <colors>Lightning</colors>
        <pt>0</pt>
      </prop>
      <set picurl="https://fftcg.cdn.sewest.net/images/cards/full/20-101C_eg.jpg">Dawn of Heroes</set>
      <tablerow>1</tablerow>
    </card>
    <card>
      <name>Mira (20-102L)</name>
      <text>Cuando un Delantero de tu oponente entra al terreno de juego, puedes pagar (1) y descartar 1 Monstruo. Cuando lo haces, rompe ese Delantero.
  Pon 1 Monstruo en la Break Zone: Juega Mira al terreno de juego en dull. Solo puedes usar esta habilidad durante tu turno y si Mira está en la Break Zone.</text>
      <prop>
        <type>Forward - FFCC - Dark Lord</type>
        <manacost>2</manacost>
        <colors>Lightning</colors>
        <pt>5000</pt>
      </prop>
      <set picurl="https://fftcg.cdn.sewest.net/images/cards/full/20-102L_eg.jpg">Dawn of Heroes</set>
      <tablerow>2</tablerow>
    </card>
    <card>
      <name>Ramuh (20-103H)</name>
      <text>Selecciona hasta 2 de las siguientes 3 acciones.
  "Elige 1 Delantero. Ponlo en dull."
  "Elige 1 Delantero. Inflígele 5000 puntos de daño."
  "Elige 1 Delantero. Este gana Prisa hasta el final del turno."</text>
      <prop>
        <type>Summon - FFTA</type>
        <manacost>2</manacost>
        <colors>Lightning</colors>
        <pt>0</pt>
      </prop>
      <set picurl="https://fftcg.cdn.sewest.net/images/cards/full/20-103H_eg.jpg">Dawn of Heroes</set>
      <tablerow>3</tablerow>
    </card>
    <card>
      <name>Ramza (20-104R)</name>
      <text>Cuando Ramza entra al terreno de juego, si tienes un (C), Ramza gana Prisa y "Cuando Ramza pasa del terreno de juego a la Break Zone, elige 1 Delantero controlado por tu oponente. Rómpelo." (Estos efectos no terminan al final del turno.)</text>
      <prop>
        <type>Forward - DFF · FFT - Knight/Warrior</type>
        <manacost>2</manacost>
        <colors>Lightning</colors>
        <pt>5000</pt>
      </prop>
      <set picurl="https://fftcg.cdn.sewest.net/images/cards/full/20-104R_eg.jpg">Dawn of Heroes</set>
      <tablerow>2</tablerow>
    </card>
    <card>
      <name>Reeve (20-105C)</name>
      <text>[EX BURST] Cuando Reeve entra al terreno de juego, mira las 3 cartas de la parte superior de tu mazo. Añade 1 carta de entre ellas a tu mano y pon el resto en la parte inferior de tu mazo en el orden que quieras.</text>
      <prop>
        <type>Backup - VII - Shinra Executive</type>
        <manacost>4</manacost>
        <colors>Lightning</colors>
        <pt>0</pt>
      </prop>
      <set picurl="https://fftcg.cdn.sewest.net/images/cards/full/20-105C_eg.jpg">Dawn of Heroes</set>
      <tablerow>0</tablerow>
    </card>
    <card>
      <name>Alphinaud (20-106R)</name>
      <text>Cuando Alphinaud entra al terreno de juego, tu oponente selecciona 1 Delantero en dull que controla. Ponlo en la Break Zone.
  Daños 3 -- Alphinaud gana +2000 de poder.</text>
      <prop>
        <type>Forward - XIV - Scion of the Seventh Dawn</type>
        <manacost>3</manacost>
        <colors>Water</colors>
        <pt>6000</pt>
      </prop>
      <set picurl="https://fftcg.cdn.sewest.net/images/cards/full/20-106R_eg.jpg">Dawn of Heroes</set>
      <tablerow>2</tablerow>
    </card>
    <card>
      <name>Urianger (20-107H)</name>
      <text>Cuando Urianger entra al terreno de juego, si 1 o más de tus cartas han sido retiradas del juego, puedes buscar 1 Delantero Categoría XIV y añadirlo a tu mano.</text>
      <prop>
        <type>Forward - XIV - Scion of the Seventh Dawn</type>
        <manacost>2</manacost>
        <colors>Water</colors>
        <pt>4000</pt>
      </prop>
      <set picurl="https://fftcg.cdn.sewest.net/images/cards/full/20-107H_eg.jpg">Dawn of Heroes</set>
      <tablerow>2</tablerow>
    </card>
    <card>
      <name>O'aka (20-108C)</name>
      <text>[EX BURST] Cuando Oaka entra al terreno de juego, si controlas 3 o más Apoyos, coge 2 cartas, después descarta 1 carta.</text>
      <prop>
        <type>Backup - MOBIUS · X - Merchant</type>
        <manacost>3</manacost>
        <colors>Water</colors>
        <pt>0</pt>
      </prop>
      <set picurl="https://fftcg.cdn.sewest.net/images/cards/full/20-108C_eg.jpg">Dawn of Heroes</set>
      <tablerow>0</tablerow>
    </card>
    <card>
      <name>Cecil (20-109H)</name>
      <text>Cuando Cecil o un personaje Categoría IV entra a tu terreno de juego, ganas (C). Este efecto solo se puede desencadenar una vez por turno.
  (C): Elige 1 Delantero Categoría IV que controlas. Hasta el final del turno, este gana +1000 de poder y "Este Delantero no puede ser objetivo de las habilidades de tu oponente."
  Estallido de luz (S): Elige 1 Delantero. Este pierde 5000 de poder hasta el final del turno.</text>
      <prop>
        <type>Forward - IV - Paladin</type>
        <manacost>4</manacost>
        <colors>Water</colors>
        <pt>8000</pt>
      </prop>
      <set picurl="https://fftcg.cdn.sewest.net/images/cards/full/20-109H_eg.jpg">Dawn of Heroes</set>
      <tablerow>2</tablerow>
    </card>
    <card>
      <name>Hippokampos (20-110H)</name>
      <text>Pon en dull 3 personajes activos que no sean Hippokampos: Inflige 1000 puntos de daño por cada 2 personajes que controlas a todos los Delanteros controlados por tu oponente. Después, hasta el final del turno, Hippokampos también pasa a ser un Delantero con 8000 de poder. Solo puedes usar esta habilidad una vez por turno.</text>
      <prop>
        <type>Monster - XIV - Artificial Lifeform</type>
        <manacost>3</manacost>
        <colors>Water</colors>
        <pt>8000</pt>
      </prop>
      <set picurl="https://fftcg.cdn.sewest.net/images/cards/full/20-110H_eg.jpg">Dawn of Heroes</set>
      <tablerow>1</tablerow>
    </card>
    <card>
      <name>Blugu (20-111C)</name>
      <text>Cuando Pompez entra al terreno de juego, elige 1 Delantero. Ponlo en dull o actívalo.
  (Water)(Dull), pon Pompez en la Break Zone: Elige 1 habilidad de apoyo que tenga como objetivo a un Delantero que controlas. Cancela su efecto.</text>
      <prop>
        <type>Monster - VII - Blugu</type>
        <manacost>1</manacost>
        <colors>Water</colors>
        <pt>0</pt>
      </prop>
      <set picurl="https://fftcg.cdn.sewest.net/images/cards/full/20-111C_eg.jpg">Dawn of Heroes</set>
      <tablerow>1</tablerow>
    </card>
    <card>
      <name>Frimelda (20-112C)</name>
      <text>Cuando Frimelda ataca, coge 1 carta, después descarta 1 carta. Cuando descartas un Delantero por este efecto, elige 1 Delantero. Hasta el final del turno, este pierde 3000 de poder y Frimelda gana +3000 de poder.</text>
      <prop>
        <type>Forward - PICTLOGICA · FFTA2 - Sword Saint</type>
        <manacost>3</manacost>
        <colors>Water</colors>
        <pt>7000</pt>
      </prop>
      <set picurl="https://fftcg.cdn.sewest.net/images/cards/full/20-112C_eg.jpg">Dawn of Heroes</set>
      <tablerow>2</tablerow>
    </card>
    <card>
      <name>Porom (20-113R)</name>
      <text>Cuando Porom entra al terreno de juego o pasa del terreno de juego a la Break Zone, coge 1 carta, después descarta 1 carta. Si la carta descartada es Categoría IV, también ganas (C).</text>
      <prop>
        <type>Forward - IV - White Mage</type>
        <manacost>2</manacost>
        <colors>Water</colors>
        <pt>5000</pt>
      </prop>
      <set picurl="https://fftcg.cdn.sewest.net/images/cards/full/20-113R_eg.jpg">Dawn of Heroes</set>
      <tablerow>2</tablerow>
    </card>
    <card>
      <name>The Fiend (20-114L)</name>
      <text>Durante cada turno, cuando tu oponente lanza una Invocación por primera vez en ese turno, cancela su efecto.
  Daños 3 -- Durante cada turno, cuando Belcebú es objetivo de la habilidad de tu oponente por primera vez en ese turno, cancela su efecto.
  Daños 5 -- Belcebú gana +1000 de poder, Bravura y "Si Belcebú recibe daño por valor inferior al poder de Belcebú, el daño se vuelve 0 en su lugar."</text>
      <prop>
        <type>Forward - MOBIUS · VI - Warring Triad</type>
        <manacost>4</manacost>
        <colors>Water</colors>
        <pt>8000</pt>
      </prop>
      <set picurl="https://fftcg.cdn.sewest.net/images/cards/full/20-114L_eg.jpg">Dawn of Heroes</set>
      <tablerow>2</tablerow>
    </card>
    <card>
      <name>Mist (20-115R)</name>
      <text>Transporte 4 -- (0)
  Cuando se retira un Contador Transporte de Mist, mira la carta superior de tu mazo. Puedes ponerla en la Break Zone. Este efecto solo se desencadena si Mist se retira del juego.
  Cuando Mist entra al terreno de juego, coge 1 carta.</text>
      <prop>
        <type>Forward - FFL - Fayth of Eureka</type>
        <manacost>2</manacost>
        <colors>Water</colors>
        <pt>2000</pt>
      </prop>
      <set picurl="https://fftcg.cdn.sewest.net/images/cards/full/20-115R_eg.jpg">Dawn of Heroes</set>
      <tablerow>2</tablerow>
    </card>
    <card>
      <name>Meliadoul (20-116R)</name>
      <text>Cuando Meliadoul entra al terreno de juego, elige 1 Delantero controlado por tu oponente. Mientras Meliadoul está en el terreno de juego, este pierde todas sus habilidades.
  Daños 3 -- Meliadoul gana +1000 de poder.</text>
      <prop>
        <type>Forward - PICTLOGICA · FFT - Knight Templar</type>
        <manacost>3</manacost>
        <colors>Water</colors>
        <pt>7000</pt>
      </prop>
      <set picurl="https://fftcg.cdn.sewest.net/images/cards/full/20-116R_eg.jpg">Dawn of Heroes</set>
      <tablerow>2</tablerow>
    </card>
    <card>
      <name>Yuna (20-117L)</name>
      <text>Cuando Yuna es objetivo de la habilidad de tu oponente, puedes descartar 1 Invocación. Cuando lo haces, cancela sus efectos.
  Cuando lanzas una Invocación, coge 1 carta. Este efecto solo se puede desencadenar una vez por turno.
  Sanctus (S): Elige 1 Delantero. Inflígele 3000 puntos de daño por cada Invocación en tu Break Zone.</text>
      <prop>
        <type>Forward - X - Summoner</type>
        <manacost>5</manacost>
        <colors>Water</colors>
        <pt>8000</pt>
      </prop>
      <set picurl="https://fftcg.cdn.sewest.net/images/cards/full/20-117L_eg.jpg">Dawn of Heroes</set>
      <tablerow>2</tablerow>
    </card>
    <card>
      <name>Unicorn (20-118H)</name>
      <text>Selecciona 1 de las siguientes 2 acciones. Si controlas un Delantero Categoría VI, selecciona hasta 2 de las siguientes 2 acciones en su lugar.
  "Elige 1 Delantero. Actívalo. Coge 1 carta."
  "Elige 1 Delantero de coste 4 o menos controlado por tu oponente. Devuélvelo a la mano de su propietario."</text>
      <prop>
        <type>Summon - VI</type>
        <manacost>2</manacost>
        <colors>Water</colors>
        <pt>0</pt>
      </prop>
      <set picurl="https://fftcg.cdn.sewest.net/images/cards/full/20-118H_eg.jpg">Dawn of Heroes</set>
      <tablerow>3</tablerow>
    </card>
    <card>
      <name>Oracle (20-119C)</name>
      <text>Cuando Oráculo entra al terreno de juego, ganas (C).
  (Dull), pon Oráculo en la Break Zone: Elige 1 Delantero. Durante este turno, el siguiente daño que reciba se reduce en 1000 en su lugar. Solo puedes usar esta habilidad durante tu turno.</text>
      <prop>
        <type>Backup - V - Standard Unit</type>
        <manacost>2</manacost>
        <colors>Water</colors>
        <pt>0</pt>
      </prop>
      <set picurl="https://fftcg.cdn.sewest.net/images/cards/full/20-119C_eg.jpg">Dawn of Heroes</set>
      <tablerow>0</tablerow>
    </card>
    <card>
      <name>Oracle (15-123C)</name>
      <text>Cuando Oráculo entra al terreno de juego, ganas (C).
  (Dull), pon Oráculo en la Break Zone: Elige 1 Delantero. Durante este turno, el siguiente daño que reciba se reduce en 1000 en su lugar. Solo puedes usar esta habilidad durante tu turno.</text>
      <prop>
        <type>Backup - V - Standard Unit</type>
        <manacost>2</manacost>
        <colors>Water</colors>
        <pt>0</pt>
      </prop>
      <set picurl="https://fftcg.cdn.sewest.net/images/cards/full/15-123C_eg.jpg">Dawn of Heroes</set>
      <tablerow>0</tablerow>
    </card>
    <card>
      <name>Fisher (20-120C)</name>
      <text>(Dull), pon Pescador en la Break Zone: Coge 1 carta por cada 10 cartas Agua en tu Break Zone.</text>
      <prop>
        <type>Backup - XIV - Standard Unit</type>
        <manacost>2</manacost>
        <colors>Water</colors>
        <pt>0</pt>
      </prop>
      <set picurl="https://fftcg.cdn.sewest.net/images/cards/full/20-120C_eg.jpg">Dawn of Heroes</set>
      <tablerow>0</tablerow>
    </card>
    <card>
      <name>Lunafreya (20-121C)</name>
      <text>Transporte 3 -- (Water)
  Cuando Lunafreya entra al terreno de juego, tu oponente selecciona 1 Delantero que controla. Ponlo en la Break Zone.
  Cuando Lunafreya entra al terreno de juego a causa de Transporte, elige 1 Delantero controlado por tu oponente. Devuélvelo a la mano de su propietario.</text>
      <prop>
        <type>Forward - DFF · XV - Oracle</type>
        <manacost>4</manacost>
        <colors>Water</colors>
        <pt>5000</pt>
      </prop>
      <set picurl="https://fftcg.cdn.sewest.net/images/cards/full/20-121C_eg.jpg">Dawn of Heroes</set>
      <tablerow>2</tablerow>
    </card>
    <card>
      <name>Leslie (20-122R)</name>
      <text>Cuando Leslie entra al terreno de juego, puedes descartar 1 carta. Cuando lo haces, elige 1 Delantero controlado por tu oponente. Devuélvelo a la mano de su propietario. Si la carta descartada es Categoría VII, también coge 1 carta.</text>
      <prop>
        <type>Forward - VII - Lackey</type>
        <manacost>1</manacost>
        <colors>Water</colors>
        <pt>3000</pt>
      </prop>
      <set picurl="https://fftcg.cdn.sewest.net/images/cards/full/20-122R_eg.jpg">Dawn of Heroes</set>
      <tablerow>2</tablerow>
    </card>
    <card>
      <name>Loporrit (20-123C)</name>
      <text>Cuando Loporrit entra al terreno de juego, coge 2 cartas, después pon 1 carta de tu mano en la parte inferior de tu mazo.
  (2)(Dull), pon Loporrit en la Break Zone: Coge 2 cartas, después pon 1 carta de tu mano en la parte inferior de tu mazo. Solo puedes usar esta habilidad durante tu turno.</text>
      <prop>
        <type>Backup - XIV - Standard Unit</type>
        <manacost>3</manacost>
        <colors>Water</colors>
        <pt>0</pt>
      </prop>
      <set picurl="https://fftcg.cdn.sewest.net/images/cards/full/20-123C_eg.jpg">Dawn of Heroes</set>
      <tablerow>0</tablerow>
    </card>
    <card>
      <name>Alchemist (20-124C)</name>
      <text>Si controlas 3 o más Apoyos Agua, el coste requerido para lanzar Alquimista se reduce en 2.</text>
      <prop>
        <type>Backup - XIV - Standard Unit</type>
        <manacost>2</manacost>
        <colors>Water</colors>
        <pt>0</pt>
      </prop>
      <set picurl="https://fftcg.cdn.sewest.net/images/cards/full/20-124C_eg.jpg">Dawn of Heroes</set>
      <tablerow>0</tablerow>
    </card>
    <card>
      <name>Rosa (20-125R)</name>
      <text>El coste requerido para lanzar tus Delanteros Categoría IV puede pagarse con CP de cualquier elemento.
  Cuando una Nombre de la carta Cecil entra a tu terreno de juego, coge 1 carta. Este efecto solo se puede desencadenar una vez por turno.</text>
      <prop>
        <type>Forward - IV - White Mage</type>
        <manacost>1</manacost>
        <colors>Water</colors>
        <pt>3000</pt>
      </prop>
      <set picurl="https://fftcg.cdn.sewest.net/images/cards/full/20-125R_eg.jpg">Dawn of Heroes</set>
      <tablerow>2</tablerow>
    </card>
    <card>
      <name>Wakka (20-126C)</name>
      <text>El coste requerido para lanzar Wakka se reduce en 1 por cada Apoyo que controlas.
  Cuando Wakka ataca, puedes poner 1 Apoyo que controlas en la Break Zone. Cuando lo haces, elige 1 Delantero. Inflígele 8000 puntos de daño.</text>
      <prop>
        <type>Forward - PICTLOGICA · X - Guardian/Blitzballer</type>
        <manacost>7</manacost>
        <colors>Water</colors>
        <pt>9000</pt>
      </prop>
      <set picurl="https://fftcg.cdn.sewest.net/images/cards/full/20-126C_eg.jpg">Dawn of Heroes</set>
      <tablerow>2</tablerow>
    </card>
    <card>
      <name>Shinryu (20-127L)</name>
      <text>Si tu oponente controla 3 o más Delanteros más que tú, el coste requerido para lanzar Shinryu se reduce en 3.
  Bravura
  Cuando Shinryu entra al terreno de juego, puedes buscar 1 carta y añadirla a tu mano.
  Ola sísmica (S)(6): Rompe todos los Delanteros controlados por tu oponente. Solo puedes usar esta habilidad durante tu turno.</text>
      <prop>
        <type>Forward - DFF - Dragon</type>
        <manacost>5</manacost>
        <colors>Light</colors>
        <pt>9000</pt>
      </prop>
      <set picurl="https://fftcg.cdn.sewest.net/images/cards/full/20-127L_eg.jpg">Dawn of Heroes</set>
      <tablerow>2</tablerow>
    </card>
    <card>
      <name>Materia (20-128H)</name>
      <text>Puedes jugar 2 o más personajes Luz al terreno de juego.
  Cuando Materia entra al terreno de juego, ganas (C).
  (1)(C)(Dull): Revela las 4 cartas de la parte superior de tu mazo. Añade 1 Delantero de entre ellas a tu mano y pon el resto en la parte inferior de tu mazo en el orden que quieras. Solo puedes usar esta habilidad una vez por turno.
  (2)(Dull): Ganas (C).</text>
      <prop>
        <type>Backup - DFF - Goddess</type>
        <manacost>1</manacost>
        <colors>Light</colors>
        <pt>0</pt>
      </prop>
      <set picurl="https://fftcg.cdn.sewest.net/images/cards/full/20-128H_eg.jpg">Dawn of Heroes</set>
      <tablerow>0</tablerow>
    </card>
    <card>
      <name>Spiritus (20-129H)</name>
      <text>Puedes jugar 2 o más personajes Oscuridad al terreno de juego.
  Cuando Spiritus entra al terreno de juego, ganas (C).
  Al final de cada uno de tus turnos, si has pagado 2 o más (C) este turno, ganas (C).
  (C)(Dull): Elige 1 Delantero. Este gana +5000 de poder hasta el final del turno.</text>
      <prop>
        <type>Backup - DFF - God</type>
        <manacost>1</manacost>
        <colors>Dark</colors>
        <pt>0</pt>
      </prop>
      <set picurl="https://fftcg.cdn.sewest.net/images/cards/full/20-129H_eg.jpg">Dawn of Heroes</set>
      <tablerow>0</tablerow>
    </card>
    <card>
      <name>Zenos (20-130L)</name>
      <text>Puedes lanzar Zenos desde tu Break Zone.
  Cuando Zenos entra al terreno de juego desde la Break Zone, al final del turno, retira Zenos del juego.
  Cuando Zenos entra al terreno de juego, elige 1 Delantero de coste 3 o menos. Rómpelo. Cuando pasa del terreno de juego a la Break Zone este turno, selecciona 1 de las siguientes 2 acciones. "Tu oponente descarta 1 carta." "Zenos gana Prisa hasta el final del turno."</text>
      <prop>
        <type>Forward - XIV - Reaper</type>
        <manacost>4</manacost>
        <colors>Dark</colors>
        <pt>9000</pt>
      </prop>
      <set picurl="https://fftcg.cdn.sewest.net/images/cards/full/20-130L_eg.jpg">Dawn of Heroes</set>
      <tablerow>2</tablerow>
    </card>
  </cards>
</cockatrice_carddatabase>