<?xml version="1.0" encoding="UTF-8"?>
<cockatrice_carddatabase version="4">
  <sets>
    <set>
      <name>Dissidia Collection Set</name>
      <longname>Dissidia Collection Set</longname>
      <settype>Custom</settype>
      <releasedate></releasedate>
    </set>
  </sets>
  <cards>
    <card>
      <name>Y'shtola (21-036H)</name>
      <text>Si tu oponente tiene 2 cartas o menos en su mano, Y'shtola gana Prisa.
  Cuando Y'shtola ataca, elige 1 Delantero controlado por tu oponente. Inflígele 9000 puntos de daño menos 1000 puntos de daño por cada carta que tu oponente tenga en su mano.</text>
      <prop>
        <type>Forward - DFF · XIV - Scion of the Seventh Dawn</type>
        <manacost>4</manacost>
        <colors>Ice</colors>
        <pt>8000</pt>
      </prop>
      <set picurl="https://fftcg.cdn.sewest.net/images/cards/full/21-036H_eg.jpg">Dissidia Collection Set</set>
      <tablerow>2</tablerow>
    </card>
    <card>
      <name>Onion Knight (21-125S)</name>
      <text>Prisa
  Cuando Caballero cebolla entra al terreno de juego, puedes pagar (C)(C). Cuando lo haces, busca 1 Delantero Categoría DFF de coste 3 o menos y juégalo al terreno de juego.
  Espada y brujería (S): Inflige 10000 puntos de daño al Delantero que bloquea a Caballero cebolla.</text>
      <prop>
        <type>Forward - DFF · III - Onion Knight/Warrior of Light</type>
        <manacost>4</manacost>
        <colors>Fire</colors>
        <pt>8000</pt>
      </prop>
      <set picurl="https://fftcg.cdn.sewest.net/images/cards/full/21-125S_eg.jpg">Dissidia Collection Set</set>
      <tablerow>2</tablerow>
    </card>
    <card>
      <name>Cloud (21-126S)</name>
      <text>Puedes pagar (C)(C) (en lugar de pagar su coste con CP) para lanzar Cloud.
  [EX BURST] Cuando Cloud entra al terreno de juego, elige 1 Delantero. Inflígele 3000 puntos de daño por cada Delantero Categoría DFF que controlas.</text>
      <prop>
        <type>Forward - DFF · VII - SOLDIER</type>
        <manacost>5</manacost>
        <colors>Fire</colors>
        <pt>9000</pt>
      </prop>
      <set picurl="https://fftcg.cdn.sewest.net/images/cards/full/21-126S_eg.jpg">Dissidia Collection Set</set>
      <tablerow>2</tablerow>
    </card>
    <card>
      <name>Firion (21-127S)</name>
      <text>Cuando Firion entra al terreno de juego, elige 1 Delantero. Inflígele 3000 puntos de daño. Si controlas 2 o más Delanteros Categoría DFF, inflígele 7000 puntos de daño en su lugar.
  Cuando un personaje controlado por tu oponente pasa del terreno de juego a la Break Zone, ganas (C). Este efecto solo se puede desencadenar una vez por turno.</text>
      <prop>
        <type>Forward - DFF · II - Warrior/Rebel</type>
        <manacost>2</manacost>
        <colors>Fire</colors>
        <pt>5000</pt>
      </prop>
      <set picurl="https://fftcg.cdn.sewest.net/images/cards/full/21-127S_eg.jpg">Dissidia Collection Set</set>
      <tablerow>2</tablerow>
    </card>
    <card>
      <name>Shantotto (21-128S)</name>
      <text>Cuando Shantotto entra al terreno de juego, puedes pagar (C)(C). Cuando lo haces, elige 1 Delantero Categoría DFF de coste 5 o menos de tu Break Zone. Juégalo al terreno de juego.
  Guadaña de salvación (S)(Ice): Elige hasta 3 personajes. Ponlos en dull y congélalos.</text>
      <prop>
        <type>Forward - DFF · XI - Mage</type>
        <manacost>5</manacost>
        <colors>Ice</colors>
        <pt>9000</pt>
      </prop>
      <set picurl="https://fftcg.cdn.sewest.net/images/cards/full/21-128S_eg.jpg">Dissidia Collection Set</set>
      <tablerow>2</tablerow>
    </card>
    <card>
      <name>Terra (21-129S)</name>
      <text>Cuando Terra entra al terreno de juego, tu oponente descarta 1 carta. Si controlas 2 o más Delanteros Categoría DFF, también ganas (C).
  (C)(Dull): Elige 1 Delantero. Ponlo en dull y congélalo. Coge 1 carta.</text>
      <prop>
        <type>Forward - DFF · VI - Magitek Knight</type>
        <manacost>3</manacost>
        <colors>Ice</colors>
        <pt>7000</pt>
      </prop>
      <set picurl="https://fftcg.cdn.sewest.net/images/cards/full/21-129S_eg.jpg">Dissidia Collection Set</set>
      <tablerow>2</tablerow>
    </card>
    <card>
      <name>Noctis (21-130S)</name>
      <text>Debes controlar un Delantero Categoría DFF para lanzar Noctis.
  [EX BURST] Cuando Noctis entra al terreno de juego, elige 1 Delantero en dull controlado por tu oponente. Rómpelo.</text>
      <prop>
        <type>Forward - DFF · XV - Prince</type>
        <manacost>3</manacost>
        <colors>Ice</colors>
        <pt>9000</pt>
      </prop>
      <set picurl="https://fftcg.cdn.sewest.net/images/cards/full/21-130S_eg.jpg">Dissidia Collection Set</set>
      <tablerow>2</tablerow>
    </card>
    <card>
      <name>Warrior of Light (21-131S)</name>
      <text>Cuando Guerrero de la Luz o un Delantero Categoría DFF entra a tu terreno de juego, ganas (C). Este efecto solo se puede desencadenar una vez por turno.
  (C): Hasta el final del turno, Guerrero de la Luz gana +1000 de poder y "Guerrero de la Luz no puede ser objetivo de las habilidades de tu oponente."</text>
      <prop>
        <type>Forward - DFF · I - Warrior of Light</type>
        <manacost>2</manacost>
        <colors>Wind</colors>
        <pt>5000</pt>
      </prop>
      <set picurl="https://fftcg.cdn.sewest.net/images/cards/full/21-131S_eg.jpg">Dissidia Collection Set</set>
      <tablerow>2</tablerow>
    </card>
    <card>
      <name>Cecil (21-132S)</name>
      <text>Cecil no puede ser objetivo de las habilidades de tu oponente.
  Si Cecil recibe daño de las habilidades de tu oponente, el daño se vuelve 0 en su lugar.
  Los Delanteros Categoría DFF que controlas que no sean Cecil ganan +2000 de poder.
  Fuerza de paladín (S)(Wind): Elige 1 Delantero de coste 4 o más. Rómpelo.</text>
      <prop>
        <type>Forward - DFF · IV - Paladin</type>
        <manacost>4</manacost>
        <colors>Wind</colors>
        <pt>8000</pt>
      </prop>
      <set picurl="https://fftcg.cdn.sewest.net/images/cards/full/21-132S_eg.jpg">Dissidia Collection Set</set>
      <tablerow>2</tablerow>
    </card>
    <card>
      <name>Tidus (21-133S)</name>
      <text>[EX BURST] Cuando Tidus entra al terreno de juego, elige 1 Delantero controlado por tu oponente. Devuélvelo a la mano de su propietario.
  Cuando un Delantero controlado por tu oponente regresa a la mano de su propietario desde el terreno de juego, coge 1 carta y ganas (C). Este efecto solo se puede desencadenar una vez por turno.</text>
      <prop>
        <type>Forward - DFF · X - Guardian/Blitzballer</type>
        <manacost>5</manacost>
        <colors>Wind</colors>
        <pt>9000</pt>
      </prop>
      <set picurl="https://fftcg.cdn.sewest.net/images/cards/full/21-133S_eg.jpg">Dissidia Collection Set</set>
      <tablerow>2</tablerow>
    </card>
    <card>
      <name>Bartz (21-134S)</name>
      <text>Cuando Bartz entra al terreno de juego, puedes buscar 1 personaje Categoría DFF que no sea Luz ni Oscuridad y añadirlo a tu mano. Ganas (C).
  Retira del juego Bartz de la Break Zone: Ganas (C). Solo puedes usar esta habilidad si controlas 2 o más Delanteros Categoría DFF y si Bartz está en la Break Zone.</text>
      <prop>
        <type>Forward - DFF · V - Wanderer/Warrior of Light</type>
        <manacost>4</manacost>
        <colors>Light</colors>
        <pt>8000</pt>
      </prop>
      <set picurl="https://fftcg.cdn.sewest.net/images/cards/full/21-134S_eg.jpg">Dissidia Collection Set</set>
      <tablerow>2</tablerow>
    </card>
  </cards>
</cockatrice_carddatabase>