<?xml version="1.0" encoding="UTF-8"?>
<cockatrice_carddatabase version="4">
  <sets>
    <set>
      <name>Emissaries of Light</name>
      <longname>Emissaries of Light</longname>
      <settype>Custom</settype>
      <releasedate></releasedate>
    </set>
  </sets>
  <cards>
    <card>
      <name>Vaan (16-001R)</name>
      <text>Cuando Vaan entra al terreno de juego, elige 1 Delantero controlado por tu oponente. Inflígele 3000 puntos de daño. Si has lanzado 3 o más cartas este turno, inflígele 8000 puntos de daño en su lugar.
  Espiral roja (S)(Dull): Elige 1 Delantero. Inflígele 7000 puntos de daño.</text>
      <prop>
        <type>Backup - XII - Sky Pirate</type>
        <manacost>2</manacost>
        <colors>Fire</colors>
        <pt>0</pt>
      </prop>
      <set picurl="https://fftcg.cdn.sewest.net/images/cards/full/16-001R_eg.jpg">Emissaries of Light</set>
      <tablerow>0</tablerow>
    </card>
    <card>
      <name>Ace (16-002H)</name>
      <text>[EX BURST] Cuando Ace entra al terreno de juego, elige 1 Delantero. Revela tantas cartas como quieras de tu mano. Inflígele 3000 puntos de daño por cada elemento distinto entre las cartas reveladas.
  Cuando Ace ataca, hasta el final del turno, Ace gana +1000 de poder por cada elemento distinto entre los personajes que controlas.</text>
      <prop>
        <type>Forward - DFF · TYPE-0 - Class Zero Cadet</type>
        <manacost>4</manacost>
        <colors>Fire</colors>
        <pt>7000</pt>
      </prop>
      <set picurl="https://fftcg.cdn.sewest.net/images/cards/full/16-002H_eg.jpg">Emissaries of Light</set>
      <tablerow>2</tablerow>
    </card>
    <card>
      <name>Elbis (16-003C)</name>
      <text>[EX BURST] Cuando Elbis entra al terreno de juego, elige 1 Delantero controlado por tu oponente. Inflígele 3000 puntos de daño por cada Oficio Miembro de los Mayordomos de Morze que controlas.</text>
      <prop>
        <type>Backup - FFBE - Morze's Soiree Member</type>
        <manacost>2</manacost>
        <colors>Fire</colors>
        <pt>0</pt>
      </prop>
      <set picurl="https://fftcg.cdn.sewest.net/images/cards/full/16-003C_eg.jpg">Emissaries of Light</set>
      <tablerow>0</tablerow>
    </card>
    <card>
      <name>Onion Knight (16-004C)</name>
      <text>Cuando Caballero cebolla entra al terreno de juego, descarta 2 cartas, después coge 2 cartas.</text>
      <prop>
        <type>Forward - DFF · III - Sage/Warrior of Light</type>
        <manacost>4</manacost>
        <colors>Fire</colors>
        <pt>8000</pt>
      </prop>
      <set picurl="https://fftcg.cdn.sewest.net/images/cards/full/16-004C_eg.jpg">Emissaries of Light</set>
      <tablerow>2</tablerow>
    </card>
    <card>
      <name>Cloud (16-005C)</name>
      <text>Cuando Cloud entra al terreno de juego, selecciona 1 de las siguientes 3 acciones.
  "Elige 1 Delantero. Inflígele 5000 puntos de daño."
  "Elige 1 Delantero Categoría VII de tu Break Zone. Añádelo a tu mano."
  "Elige 1 Delantero sin (Generic) que controlas. Busca 1 Delantero con el mismo nombre y añádelo a tu mano."</text>
      <prop>
        <type>Backup - VII - Merc</type>
        <manacost>3</manacost>
        <colors>Fire</colors>
        <pt>0</pt>
      </prop>
      <set picurl="https://fftcg.cdn.sewest.net/images/cards/full/16-005C_eg.jpg">Emissaries of Light</set>
      <tablerow>0</tablerow>
    </card>
    <card>
      <name>Crimson Hound (16-006C)</name>
      <text>Cuando Sabueso carmesí entra al terreno de juego, elige 1 Delantero. Inflígele 8000 puntos de daño.
  (1), pon Sabueso carmesí en la Break Zone: Mira las 2 cartas de la parte superior de tu mazo. Colócalas en la parte superior y/o inferior de tu mazo en el orden que quieras.</text>
      <prop>
        <type>Monster - VII - Dog</type>
        <manacost>3</manacost>
        <colors>Fire</colors>
        <pt>0</pt>
      </prop>
      <set picurl="https://fftcg.cdn.sewest.net/images/cards/full/16-006C_eg.jpg">Emissaries of Light</set>
      <tablerow>1</tablerow>
    </card>
    <card>
      <name>Black Waltz 2 (16-007R)</name>
      <text>Cuando Vals Negro 2 se descarta de tu mano a causa de una habilidad, elige 1 Delantero. Inflígele 4000 puntos de daño.
  (0): Descarta 1 Oficio Mago negro de tu mano. Cuando lo haces, elige 1 Delantero controlado por tu oponente. Inflígele 5000 puntos de daño.</text>
      <prop>
        <type>Forward - IX - Black Mage</type>
        <manacost>3</manacost>
        <colors>Fire</colors>
        <pt>7000</pt>
      </prop>
      <set picurl="https://fftcg.cdn.sewest.net/images/cards/full/16-007R_eg.jpg">Emissaries of Light</set>
      <tablerow>2</tablerow>
    </card>
    <card>
      <name>Black Mage (16-008C)</name>
      <text>Cuando Mago negro entra al terreno de juego, elige 1 Delantero. Inflígele 3000 puntos de daño. Si tienes una Invocación en tu Break Zone, inflígele 5000 puntos de daño en su lugar.</text>
      <prop>
        <type>Forward - FFTA - Standard Unit</type>
        <manacost>3</manacost>
        <colors>Fire</colors>
        <pt>7000</pt>
      </prop>
      <set picurl="https://fftcg.cdn.sewest.net/images/cards/full/16-008C_eg.jpg">Emissaries of Light</set>
      <tablerow>2</tablerow>
    </card>
    <card>
      <name>Samurai (16-009C)</name>
      <text>(Dull), pon Samurái en la Break Zone: Elige 1 Delantero Fuego de coste 4 o menos de tu Break Zone. Juégalo al terreno de juego. Cuando entra al terreno de juego, si es un Oficio Samurái o un Nombre de la carta Samurái, inflige 2000 puntos de daño a todos los Delanteros controlados por tu oponente. Solo puedes usar esta habilidad durante tu turno.</text>
      <prop>
        <type>Backup - XI - Standard Unit</type>
        <manacost>4</manacost>
        <colors>Fire</colors>
        <pt>0</pt>
      </prop>
      <set picurl="https://fftcg.cdn.sewest.net/images/cards/full/16-009C_eg.jpg">Emissaries of Light</set>
      <tablerow>0</tablerow>
    </card>
    <card>
      <name>Djinn (16-010H)</name>
      <text>Si un Delantero Fuego que controlas inflige daño a un Delantero, el daño aumenta en 1000 en su lugar.
  Daños 3 -- (0): Hasta el final del turno, Jinn también pasa a ser un Delantero con 7000 de poder e Iniciativa. Solo puedes usar esta habilidad una vez por turno.</text>
      <prop>
        <type>Monster - III - Djinn</type>
        <manacost>2</manacost>
        <colors>Fire</colors>
        <pt>7000</pt>
      </prop>
      <set picurl="https://fftcg.cdn.sewest.net/images/cards/full/16-010H_eg.jpg">Emissaries of Light</set>
      <tablerow>1</tablerow>
    </card>
    <card>
      <name>Squall (16-011L)</name>
      <text>Si cualquier jugador tiene 2 o menos cartas en su mano, Squall gana Prisa.
  Si tanto tú como tu oponente no tenéis cartas en la mano, Squall gana Iniciativa, Bravura y "Squall puede atacar dos veces en el mismo turno".
  Cuando Squall ataca, inflige 4000 puntos de daño a todos los Delanteros controlados por tu oponente.
  Cuando Squall es bloqueado, inflige 4000 puntos de daño a todos los Delanteros controlados por tu oponente.</text>
      <prop>
        <type>Forward - VIII - SeeD Candidate</type>
        <manacost>4</manacost>
        <colors>Fire</colors>
        <pt>8000</pt>
      </prop>
      <set picurl="https://fftcg.cdn.sewest.net/images/cards/full/16-011L_eg.jpg">Emissaries of Light</set>
      <tablerow>2</tablerow>
    </card>
    <card>
      <name>Suzaku (16-012R)</name>
      <text>Si tienes una Oficio Shijin en tu Break Zone, el coste requerido para lanzar Suzaku puede pagarse con CP de cualquier elemento.
  [EX BURST] Cuando Suzaku entra al terreno de juego, puedes buscar 1 Delantero Oficio Shijin que no sea Nombre de la carta Suzaku y añadirlo a tu mano.
  Cuando Suzaku ataca, elige 1 Delantero controlado por tu oponente. Inflígele 5000 puntos de daño.</text>
      <prop>
        <type>Forward - XI - Shijin</type>
        <manacost>4</manacost>
        <colors>Fire</colors>
        <pt>7000</pt>
      </prop>
      <set picurl="https://fftcg.cdn.sewest.net/images/cards/full/16-012R_eg.jpg">Emissaries of Light</set>
      <tablerow>2</tablerow>
    </card>
    <card>
      <name>Sol (16-013H)</name>
      <text>Cuando Sol entra al terreno de juego, puedes pagar (C). Cuando lo haces, juega 1 Delantero de coste 4 o menos de tu mano al terreno de juego.
  Cuando un equipo que controlas ataca, ganas (C).
  (C): Todos los Delanteros que controlas ganan +2000 de poder hasta el final del turno.</text>
      <prop>
        <type>Forward - FFL - Warrior of Light</type>
        <manacost>2</manacost>
        <colors>Fire</colors>
        <pt>5000</pt>
      </prop>
      <set picurl="https://fftcg.cdn.sewest.net/images/cards/full/16-013H_eg.jpg">Emissaries of Light</set>
      <tablerow>2</tablerow>
    </card>
    <card>
      <name>Delita (16-014R)</name>
      <text>Cuando Delita entra al terreno de juego, inflige 4000 puntos de daño a todos los Delanteros.
  Cuando un personaje dañado por Delita pasa del terreno de juego a la Break Zone en el mismo turno, ganas (C).
  Retira del juego 1 Delantero que no sea Delita: Hasta el final del turno, Delita gana "Si Delita inflige daño a un Delantero, el daño aumenta en 2000 en su lugar".</text>
      <prop>
        <type>Forward - FFBE · FFT - Knight</type>
        <manacost>5</manacost>
        <colors>Fire</colors>
        <pt>9000</pt>
      </prop>
      <set picurl="https://fftcg.cdn.sewest.net/images/cards/full/16-014R_eg.jpg">Emissaries of Light</set>
      <tablerow>2</tablerow>
    </card>
    <card>
      <name>Morrow (16-015H)</name>
      <text>Prisa
  Los Delanteros que controlas pueden formar un equipo con Delanteros de cualquier elemento.
  Cuando Morrow forma un equipo y ataca, descarta 1 carta de tu mano. Si lo haces, coge 2 cartas.
  Daños 5 -- Cuando Morrow forma un equipo y ataca, Morrow inflige a tu oponente 1 punto de daño.</text>
      <prop>
        <type>Forward - FFL - Adventurer-in-Training</type>
        <manacost>3</manacost>
        <colors>Fire</colors>
        <pt>6000</pt>
      </prop>
      <set picurl="https://fftcg.cdn.sewest.net/images/cards/full/16-015H_eg.jpg">Emissaries of Light</set>
      <tablerow>2</tablerow>
    </card>
    <card>
      <name>Bahamut (16-016C)</name>
      <text>Elige 1 Delantero. Inflígele 9000 puntos de daño. Si el coste para lanzar Bahamut se ha pagado con CP de 3 o más elementos distintos, inflígele 12000 puntos de daño en su lugar.</text>
      <prop>
        <type>Summon - VII</type>
        <manacost>4</manacost>
        <colors>Fire</colors>
        <pt>0</pt>
      </prop>
      <set picurl="https://fftcg.cdn.sewest.net/images/cards/full/16-016C_eg.jpg">Emissaries of Light</set>
      <tablerow>3</tablerow>
    </card>
    <card>
      <name>Ramza (16-017R)</name>
      <text>(C): Ramza gana Prisa y el poder de Ramza pasa a ser 9000.
  (C): Ramza gana Iniciativa, Bravura y "Ramza puede atacar dos veces en el mismo turno".
  (Estos efectos no terminan al final del turno.)</text>
      <prop>
        <type>Forward - FFBE · FFT - Knight</type>
        <manacost>2</manacost>
        <colors>Fire</colors>
        <pt>5000</pt>
      </prop>
      <set picurl="https://fftcg.cdn.sewest.net/images/cards/full/16-017R_eg.jpg">Emissaries of Light</set>
      <tablerow>2</tablerow>
    </card>
    <card>
      <name>Lilty (16-018C)</name>
      <text>(Dull): Devuelve Lilti a la mano de su propietario. Solo puedes usar esta habilidad durante tu turno.
  Daños 5 -- Cuando Lilti entra al terreno de juego, puedes poner Lilti en la Break Zone. Cuando lo haces, elige 1 Delantero. Inflígele 10000 puntos de daño.</text>
      <prop>
        <type>Backup - FFCC - Standard Unit</type>
        <manacost>2</manacost>
        <colors>Fire</colors>
        <pt>0</pt>
      </prop>
      <set picurl="https://fftcg.cdn.sewest.net/images/cards/full/16-018C_eg.jpg">Emissaries of Light</set>
      <tablerow>0</tablerow>
    </card>
    <card>
      <name>Luneth (16-019R)</name>
      <text>Al principio de la Attack Phase durante cada uno de tus turnos, selecciona 1 de las siguientes 2 acciones.
  "Elige 1 Oficio Guerrero de la Luz que no sea Luneth. Hasta el final del turno, esta gana +1000 de poder, Prisa e Iniciativa."
  "Elige 1 Delantero. Inflígele 1000 puntos de daño por cada Oficio Guerrero de la Luz o personaje Fuego que controlas."</text>
      <prop>
        <type>Forward - III - Warrior of Light</type>
        <manacost>2</manacost>
        <colors>Fire</colors>
        <pt>5000</pt>
      </prop>
      <set picurl="https://fftcg.cdn.sewest.net/images/cards/full/16-019R_eg.jpg">Emissaries of Light</set>
      <tablerow>2</tablerow>
    </card>
    <card>
      <name>Luso (16-020L)</name>
      <text>Al principio de la Attack Phase durante cada uno de tus turnos, si has recibido 5 o menos puntos de daño, baraja tu mazo, después revela la carta superior de tu mazo. Si es un personaje Fuego, puedes jugarlo al terreno de juego.
  Daños 6 -- Al principio de la Attack Phase durante cada uno de tus turnos, puedes buscar 1 personaje Fuego y jugarlo al terreno de juego.</text>
      <prop>
        <type>Forward - FFTA2 - Clan Gully Member</type>
        <manacost>6</manacost>
        <colors>Fire</colors>
        <pt>5000</pt>
      </prop>
      <set picurl="https://fftcg.cdn.sewest.net/images/cards/full/16-020L_eg.jpg">Emissaries of Light</set>
      <tablerow>2</tablerow>
    </card>
    <card>
      <name>Rain (16-021C)</name>
      <text>[EX BURST] Cuando Rain entra al terreno de juego, elige 1 Delantero controlado por tu oponente. Si un Delantero que controlabas ha pasado del terreno de juego a la Break Zone este turno, inflígele 9000 puntos de daño.</text>
      <prop>
        <type>Forward - FFBE - Knight</type>
        <manacost>5</manacost>
        <colors>Fire</colors>
        <pt>9000</pt>
      </prop>
      <set picurl="https://fftcg.cdn.sewest.net/images/cards/full/16-021C_eg.jpg">Emissaries of Light</set>
      <tablerow>2</tablerow>
    </card>
    <card>
      <name>Erwin (16-022R)</name>
      <text>Cuando Erwin entra al terreno de juego, tu oponente descarta 1 carta de su mano. Si controlas 4 o más Oficio Miembro de los Mayordomos de Morze, tu oponente revela su mano, y tú seleccionas 1 carta para que tu oponente la descarte de su mano en su lugar.</text>
      <prop>
        <type>Forward - FFBE - Morze's Soiree Member</type>
        <manacost>4</manacost>
        <colors>Ice</colors>
        <pt>8000</pt>
      </prop>
      <set picurl="https://fftcg.cdn.sewest.net/images/cards/full/16-022R_eg.jpg">Emissaries of Light</set>
      <tablerow>2</tablerow>
    </card>
    <card>
      <name>Agrias (16-023H)</name>
      <text>Si controlas un personaje Categoría FFT que no sea Agrias, Agrias gana +3000 de poder.
  Cuando Agrias es objetivo de las Invocaciones o habilidades de tu oponente, tu oponente descarta 1 carta de su mano.
  Cuando Agrias ataca, ganas (C).</text>
      <prop>
        <type>Forward - FFBE · FFT - Knight/Holy Knight</type>
        <manacost>2</manacost>
        <colors>Ice</colors>
        <pt>5000</pt>
      </prop>
      <set picurl="https://fftcg.cdn.sewest.net/images/cards/full/16-023H_eg.jpg">Emissaries of Light</set>
      <tablerow>2</tablerow>
    </card>
    <card>
      <name>Vincent (16-024H)</name>
      <text>Cuando Vincent entra al terreno de juego, elige 1 Apoyo. Mientras Vincent está en el terreno de juego, este no se activa durante la Active Phase de quien lo controla.
  Sable del caos (S): Hasta el final del turno, Vincent gana +2000 de poder, "Vincent no puede ser objetivo de las Invocaciones o habilidades de tu oponente" y "Si Vincent recibe daño de una Invocación o habilidad, el daño se vuelve 0 en su lugar".</text>
      <prop>
        <type>Forward - VII - Gunslinger</type>
        <manacost>3</manacost>
        <colors>Ice</colors>
        <pt>7000</pt>
      </prop>
      <set picurl="https://fftcg.cdn.sewest.net/images/cards/full/16-024H_eg.jpg">Emissaries of Light</set>
      <tablerow>2</tablerow>
    </card>
    <card>
      <name>Bard (16-025C)</name>
      <text>(Dull): Devuelve Bardo a la mano de su propietario. Solo puedes usar esta habilidad durante tu turno.
  Daños 5 -- Cuando Bardo entra al terreno de juego, puedes poner Bardo en la Break Zone. Cuando lo haces, tu oponente descarta 2 cartas.</text>
      <prop>
        <type>Backup - None - Standard Unit</type>
        <manacost>2</manacost>
        <colors>Ice</colors>
        <pt>0</pt>
      </prop>
      <set picurl="https://fftcg.cdn.sewest.net/images/cards/full/16-025C_eg.jpg">Emissaries of Light</set>
      <tablerow>0</tablerow>
    </card>
    <card>
      <name>Cloud of Darkness (16-026L)</name>
      <text>Cuando Nube de Oscuridad entra al terreno de juego, puedes pagar (C)(C). Cuando lo haces, elige 1 Delantero controlado por tu oponente. Retíralo del juego. Mientras Nube de Oscuridad está en el terreno de juego, tu oponente no puede jugar copias de la carta retirada.
  Daños 3 -- Nube de Oscuridad gana +2000 de poder.</text>
      <prop>
        <type>Forward - III - Wraith</type>
        <manacost>3</manacost>
        <colors>Ice</colors>
        <pt>7000</pt>
      </prop>
      <set picurl="https://fftcg.cdn.sewest.net/images/cards/full/16-026L_eg.jpg">Emissaries of Light</set>
      <tablerow>2</tablerow>
    </card>
    <card>
      <name>Black Waltz 1 (16-027C)</name>
      <text>Cuando Vals Negro 1 se descarta de tu mano a causa de una habilidad, elige 1 Delantero. Inflígele 4000 puntos de daño.
  (0): Descarta 1 Oficio Mago negro de tu mano. Cuando lo haces, elige 1 Delantero en dull controlado por tu oponente. Inflígele 7000 puntos de daño.</text>
      <prop>
        <type>Forward - IX - Black Mage</type>
        <manacost>3</manacost>
        <colors>Ice</colors>
        <pt>7000</pt>
      </prop>
      <set picurl="https://fftcg.cdn.sewest.net/images/cards/full/16-027C_eg.jpg">Emissaries of Light</set>
      <tablerow>2</tablerow>
    </card>
    <card>
      <name>Shiva (16-028C)</name>
      <text>Elige 1 Delantero en dull. Rómpelo. Si el coste para lanzar Shiva se ha pagado con CP de 3 o más elementos distintos, tu oponente descarta 1 carta de su mano.</text>
      <prop>
        <type>Summon - VII</type>
        <manacost>4</manacost>
        <colors>Ice</colors>
        <pt>0</pt>
      </prop>
      <set picurl="https://fftcg.cdn.sewest.net/images/cards/full/16-028C_eg.jpg">Emissaries of Light</set>
      <tablerow>3</tablerow>
    </card>
    <card>
      <name>Shelke (16-029R)</name>
      <text>Las Invocaciones o habilidades de tu oponente no pueden reducir el poder de los Delanteros que controlas.
  Las Invocaciones o habilidades de tu oponente no pueden aumentar el poder de los Delanteros controlados por tu oponente.
  Antitécnica (S): Elige tantas habilidades de apoyo como quieras. Cancela sus efectos.</text>
      <prop>
        <type>Forward - WOFF - Tsviets</type>
        <manacost>3</manacost>
        <colors>Ice</colors>
        <pt>6000</pt>
      </prop>
      <set picurl="https://fftcg.cdn.sewest.net/images/cards/full/16-029R_eg.jpg">Emissaries of Light</set>
      <tablerow>2</tablerow>
    </card>
    <card>
      <name>Shantotto (16-030L)</name>
      <text>Si tu oponente tiene 1 carta o menos en su mano, el coste requerido para lanzar Shantotto se reduce en 3.
  Cuando Shantotto entra al terreno de juego, elige 1 personaje que no sea Nombre de la carta Shantotto de tu Break Zone. Añádelo a tu mano.
  (Ice)(1)(C), retira del juego Shantotto de tu mano: Pon en dull todos los Delanteros controlados por tu oponente. Solo puedes usar esta habilidad si Shantotto está en tu mano.</text>
      <prop>
        <type>Forward - DFF · XI - Mage</type>
        <manacost>4</manacost>
        <colors>Ice</colors>
        <pt>8000</pt>
      </prop>
      <set picurl="https://fftcg.cdn.sewest.net/images/cards/full/16-030L_eg.jpg">Emissaries of Light</set>
      <tablerow>2</tablerow>
    </card>
    <card>
      <name>Scarlet (16-031R)</name>
      <text>Cuando se pone un Contador Desarrollo sobre Escarlata, selecciona de las siguientes 3 acciones un número menor o igual al número de Contadores Desarrollo sobre Escarlata. Este efecto solo se puede desencadenar una vez por turno.
  "Elige hasta 2 personajes. Ponlos en dull." "Elige 1 personaje. Congélalo." 
  "Tu oponente descarta 1 carta de su mano."
  (1)(Dull): Pon 1 Contador Desarrollo sobre Escarlata. Solo puedes usar esta habilidad durante tu turno.</text>
      <prop>
        <type>Forward - VII - Shinra Executive</type>
        <manacost>2</manacost>
        <colors>Ice</colors>
        <pt>5000</pt>
      </prop>
      <set picurl="https://fftcg.cdn.sewest.net/images/cards/full/16-031R_eg.jpg">Emissaries of Light</set>
      <tablerow>2</tablerow>
    </card>
    <card>
      <name>Serah (16-032H)</name>
      <text>Cuando Serah entra al terreno de juego, si controlas 2 o más personajes Frío que no sean Serah, tu oponente descarta 1 carta de su mano.
  Cuando Serah entra al terreno de juego, si controlas un personaje Categoría XIII de un elemento que no sea Frío, coge 1 carta.</text>
      <prop>
        <type>Forward - XIII - Saboteur</type>
        <manacost>3</manacost>
        <colors>Ice</colors>
        <pt>7000</pt>
      </prop>
      <set picurl="https://fftcg.cdn.sewest.net/images/cards/full/16-032H_eg.jpg">Emissaries of Light</set>
      <tablerow>2</tablerow>
    </card>
    <card>
      <name>Celes (16-033C)</name>
      <text>[EX BURST] Cuando Celes entra al terreno de juego, elige hasta 2 Apoyos controlados por tu oponente. Congélalos.</text>
      <prop>
        <type>Backup - WOFF - Rune Knight</type>
        <manacost>3</manacost>
        <colors>Ice</colors>
        <pt>0</pt>
      </prop>
      <set picurl="https://fftcg.cdn.sewest.net/images/cards/full/16-033C_eg.jpg">Emissaries of Light</set>
      <tablerow>0</tablerow>
    </card>
    <card>
      <name>DG Sniper (16-034C)</name>
      <text>Cuando Francotirador DG entra al terreno de juego, elige 1 Delantero controlado por tu oponente. Ponlo en dull y congélalo.
  (C)(Dull): Elige 1 Delantero en dull. Rómpelo.</text>
      <prop>
        <type>Forward - VII - Standard Unit</type>
        <manacost>4</manacost>
        <colors>Ice</colors>
        <pt>8000</pt>
      </prop>
      <set picurl="https://fftcg.cdn.sewest.net/images/cards/full/16-034C_eg.jpg">Emissaries of Light</set>
      <tablerow>2</tablerow>
    </card>
    <card>
      <name>YKT-63 (16-035C)</name>
      <text>Cuando Unidad blindada 63 entra al terreno de juego, elige 1 Delantero. Ponlo en dull y congélalo. Si tu oponente tiene 1 carta o menos en su mano, rómpelo en su lugar.
  (1), pon Unidad blindada 63 en la Break Zone: Mira las 2 cartas de la parte superior de tu mazo. Colócalas en la parte superior y/o inferior de tu mazo en el orden que quieras.</text>
      <prop>
        <type>Monster - X - War Machine</type>
        <manacost>3</manacost>
        <colors>Ice</colors>
        <pt>0</pt>
      </prop>
      <set picurl="https://fftcg.cdn.sewest.net/images/cards/full/16-035C_eg.jpg">Emissaries of Light</set>
      <tablerow>1</tablerow>
    </card>
    <card>
      <name>Devout (16-036C)</name>
      <text>Cuando Devoto entra al terreno de juego, ganas (C). Tu oponente descarta 1 carta de su mano.</text>
      <prop>
        <type>Backup - III - Standard Unit</type>
        <manacost>4</manacost>
        <colors>Ice</colors>
        <pt>0</pt>
      </prop>
      <set picurl="https://fftcg.cdn.sewest.net/images/cards/full/16-036C_eg.jpg">Emissaries of Light</set>
      <tablerow>0</tablerow>
    </card>
    <card>
      <name>Babus (16-037R)</name>
      <text>Cuando Babus entra al terreno de juego, tu oponente selecciona 2 de las siguientes 4 acciones.
  "Omite la Main Phase 1 y Main Phase 2 de tu oponente en su siguiente turno."
  "Congela todos los personajes controlados por tu oponente."
  "Tu oponente selecciona 1 Delantero que controla. Ponlo en la Break Zone."
  "Tu oponente descarta 2 cartas de su mano."</text>
      <prop>
        <type>Backup - FFTA - Runeseeker</type>
        <manacost>6</manacost>
        <colors>Ice</colors>
        <pt>0</pt>
      </prop>
      <set picurl="https://fftcg.cdn.sewest.net/images/cards/full/16-037R_eg.jpg">Emissaries of Light</set>
      <tablerow>0</tablerow>
    </card>
    <card>
      <name>Byblos (16-038H)</name>
      <text>Cuando tu oponente descarta 1 o más cartas de su mano a causa de tus Invocaciones o habilidades, elige 1 Delantero controlado por tu oponente. Ponlo en dull y congélalo.
  Daños 3 -- (0): Hasta el final del turno, Byblos también pasa a ser un Delantero con 7000 de poder y "Cuando Byblos ataca, tu oponente descarta 1 carta de su mano". Solo puedes usar esta habilidad una vez por turno.</text>
      <prop>
        <type>Monster - V - Evil Spirit</type>
        <manacost>2</manacost>
        <colors>Ice</colors>
        <pt>7000</pt>
      </prop>
      <set picurl="https://fftcg.cdn.sewest.net/images/cards/full/16-038H_eg.jpg">Emissaries of Light</set>
      <tablerow>1</tablerow>
    </card>
    <card>
      <name>Heavy Armored Soldier (16-039C)</name>
      <text>[EX BURST] Cuando Soldado con blindaje pesado entra al terreno de juego, puedes buscar 1 Delantero Oficio Soldado y añadirlo a tu mano.</text>
      <prop>
        <type>Forward - VII - Deepground Soldier</type>
        <manacost>5</manacost>
        <colors>Ice</colors>
        <pt>8000</pt>
      </prop>
      <set picurl="https://fftcg.cdn.sewest.net/images/cards/full/16-039C_eg.jpg">Emissaries of Light</set>
      <tablerow>2</tablerow>
    </card>
    <card>
      <name>Mustadio (16-040R)</name>
      <text>Ataque furtivo
  Durante este turno, si tu oponente ha descartado una carta de su mano a causa de tus Invocaciones o habilidades, el coste requerido para lanzar Mustadio se reduce en 3.
  Cuando Mustadio entra al terreno de juego, elige 1 personaje. Ponlo en dull.
  Cuando Mustadio pasa del terreno de juego a la Break Zone, ganas (C).</text>
      <prop>
        <type>Forward - FFBE · FFT - Machinist</type>
        <manacost>3</manacost>
        <colors>Ice</colors>
        <pt>7000</pt>
      </prop>
      <set picurl="https://fftcg.cdn.sewest.net/images/cards/full/16-040R_eg.jpg">Emissaries of Light</set>
      <tablerow>2</tablerow>
    </card>
    <card>
      <name>Yunalesca (16-041C)</name>
      <text>(Dull), descarta 1 carta: Tu oponente descarta 1 carta de su mano. Solo puedes usar esta habilidad durante tu turno y solo una vez por turno.</text>
      <prop>
        <type>Backup - X - Summoner</type>
        <manacost>2</manacost>
        <colors>Ice</colors>
        <pt>0</pt>
      </prop>
      <set picurl="https://fftcg.cdn.sewest.net/images/cards/full/16-041C_eg.jpg">Emissaries of Light</set>
      <tablerow>0</tablerow>
    </card>
    <card>
      <name>Lasswell (16-042R)</name>
      <text>Cuando Lasswell o una Oficio Caballero entra a tu terreno de juego, elige 1 personaje. Ponlo en dull y congélalo.
  Al final de cada uno de tus turnos, si una Oficio Caballero que controlabas ha atacado este turno, tu oponente descarta 1 carta de su mano.</text>
      <prop>
        <type>Forward - FFBE - Knight</type>
        <manacost>2</manacost>
        <colors>Ice</colors>
        <pt>5000</pt>
      </prop>
      <set picurl="https://fftcg.cdn.sewest.net/images/cards/full/16-042R_eg.jpg">Emissaries of Light</set>
      <tablerow>2</tablerow>
    </card>
    <card>
      <name>Atomos (16-043H)</name>
      <text>Durante cada turno, cuando lanzas tu segunda carta, elige hasta 2 Apoyos. Actívalos.
  Daños 3 -- (0): Hasta el final del turno, Átomo también pasa a ser un Delantero con 7000 de poder y "Cuando Átomo ataca, activa todos los Apoyos que controlas". Solo puedes usar esta habilidad una vez por turno.</text>
      <prop>
        <type>Monster - V - Atomos</type>
        <manacost>2</manacost>
        <colors>Wind</colors>
        <pt>7000</pt>
      </prop>
      <set picurl="https://fftcg.cdn.sewest.net/images/cards/full/16-043H_eg.jpg">Emissaries of Light</set>
      <tablerow>1</tablerow>
    </card>
    <card>
      <name>Wol (16-044L)</name>
      <text>El coste requerido para lanzar Wol se reduce en 1 por cada personaje de coste 5 o más que controlas (no puede ser 0).
  Los Delanteros de coste 5 o más que controlas que no sean Wol ganan "Este Delantero no puede ser objetivo de las Invocaciones o habilidades de tu oponente". 
  Cuando lanzas un personaje de coste 5 o más, coge 1 carta. Este efecto solo se puede desencadenar una vez por turno.</text>
      <prop>
        <type>Forward - MOBIUS - Warrior of Dawn</type>
        <manacost>5</manacost>
        <colors>Wind</colors>
        <pt>9000</pt>
      </prop>
      <set picurl="https://fftcg.cdn.sewest.net/images/cards/full/16-044L_eg.jpg">Emissaries of Light</set>
      <tablerow>2</tablerow>
    </card>
    <card>
      <name>Gargoyle (16-045C)</name>
      <text>Cuando Gárgola entra al terreno de juego, elige 1 Delantero de coste 5 o más. Rómpelo.
  (1), pon Gárgola en la Break Zone: Mira las 2 cartas de la parte superior de tu mazo. Colócalas en la parte superior y/o inferior de tu mazo en el orden que quieras.
</text>
      <prop>
        <type>Monster - VII - Gargoyle</type>
        <manacost>3</manacost>
        <colors>Wind</colors>
        <pt>0</pt>
      </prop>
      <set picurl="https://fftcg.cdn.sewest.net/images/cards/full/16-045C_eg.jpg">Emissaries of Light</set>
      <tablerow>1</tablerow>
    </card>
    <card>
      <name>Chocobo Chick (VII) (16-046C)</name>
      <text>Activa todos los Apoyos que controlas. Coge 1 carta. Si el coste para lanzar Chocobito (VII) se ha pagado con CP de 3 o más elementos distintos, todos los Delanteros que controlas también ganan +2000 de poder hasta el final del turno.</text>
      <prop>
        <type>Summon - VII</type>
        <manacost>4</manacost>
        <colors>Wind</colors>
        <pt>0</pt>
      </prop>
      <set picurl="https://fftcg.cdn.sewest.net/images/cards/full/16-046C_eg.jpg">Emissaries of Light</set>
      <tablerow>3</tablerow>
    </card>
    <card>
      <name>Sherlotta (16-047R)</name>
      <text>[EX BURST] Cuando Sherlotta entra al terreno de juego, ganas (C).
  Cuando Sherlotta pasa del terreno de juego a la Break Zone, ganas (C).
  Descarta Sherlotta: Ganas (C). Solo puedes usar esta habilidad si Sherlotta está en tu mano.</text>
      <prop>
        <type>Forward - FFCC - Mysterious Woman</type>
        <manacost>4</manacost>
        <colors>Wind</colors>
        <pt>6000</pt>
      </prop>
      <set picurl="https://fftcg.cdn.sewest.net/images/cards/full/16-047R_eg.jpg">Emissaries of Light</set>
      <tablerow>2</tablerow>
    </card>
    <card>
      <name>Zidane (16-048H)</name>
      <text>Cuando Yitán entra al terreno de juego o ataca, tu oponente retira del juego la carta superior de su mazo. Tú puedes lanzarla en cualquier momento en el que normalmente sería posible lanzarla como si te perteneciera. El coste requerido para lanzarla puede pagarse con CP de cualquier elemento.
  Cuando Yitán entra al terreno de juego, si has lanzado 3 o más cartas este turno, Yitán gana Prisa hasta el final del turno.</text>
      <prop>
        <type>Forward - DFF · IX - Tantalus Member/Thief</type>
        <manacost>2</manacost>
        <colors>Wind</colors>
        <pt>5000</pt>
      </prop>
      <set picurl="https://fftcg.cdn.sewest.net/images/cards/full/16-048H_eg.jpg">Emissaries of Light</set>
      <tablerow>2</tablerow>
    </card>
    <card>
      <name>Seiryu (16-049R)</name>
      <text>Si tienes una Oficio Shijin en tu Break Zone, el coste requerido para lanzar Seiryu puede pagarse con CP de cualquier elemento.
  [EX BURST] Cuando Seiryu entra al terreno de juego, puedes buscar 1 Delantero Oficio Shijin que no sea Nombre de la carta Seiryu y añadirlo a tu mano.
  Seiryu no puede ser objetivo de las habilidades de tu oponente.</text>
      <prop>
        <type>Forward - XI - Shijin</type>
        <manacost>4</manacost>
        <colors>Wind</colors>
        <pt>7000</pt>
      </prop>
      <set picurl="https://fftcg.cdn.sewest.net/images/cards/full/16-049R_eg.jpg">Emissaries of Light</set>
      <tablerow>2</tablerow>
    </card>
    <card>
      <name>Ceodore (16-050H)</name>
      <text>Cuando Ceodore entra al terreno de juego, puedes poner en dull 3 personajes Categoría IV activos que controlas. Cuando lo haces, elige 1 personaje de coste 4 o más. Rómpelo.
  Al principio de la Attack Phase durante cada uno de tus turnos, activa todos los Delanteros Categoría IV que controlas.</text>
      <prop>
        <type>Forward - IV - Prince</type>
        <manacost>4</manacost>
        <colors>Wind</colors>
        <pt>8000</pt>
      </prop>
      <set picurl="https://fftcg.cdn.sewest.net/images/cards/full/16-050H_eg.jpg">Emissaries of Light</set>
      <tablerow>2</tablerow>
    </card>
    <card>
      <name>Cecil (16-051L)</name>
      <text>Cuando Cecil entra al terreno de juego, puedes jugar 1 personaje de coste 4 o menos de tu mano al terreno de juego. Cuando entra al terreno de juego, si es un personaje Categoría IV, elige hasta 2 Apoyos. Actívalos.
  Cuando 1 o más personajes que controlas son objetivo de las Invocaciones o habilidades de tu oponente, si tu oponente no paga (2), cancela su efecto.</text>
      <prop>
        <type>Forward - DFF · IV - Paladin</type>
        <manacost>5</manacost>
        <colors>Wind</colors>
        <pt>8000</pt>
      </prop>
      <set picurl="https://fftcg.cdn.sewest.net/images/cards/full/16-051L_eg.jpg">Emissaries of Light</set>
      <tablerow>2</tablerow>
    </card>
    <card>
      <name>Selkie (16-052C)</name>
      <text>(Dull): Devuelve Selki a la mano de su propietario. Solo puedes usar esta habilidad durante tu turno.
  Daños 5 -- Cuando Selki entra al terreno de juego, puedes poner Selki en la Break Zone. Cuando lo haces, elige 1 personaje de coste 4 o más. Rómpelo.</text>
      <prop>
        <type>Backup - FFCC - Standard Unit</type>
        <manacost>2</manacost>
        <colors>Wind</colors>
        <pt>0</pt>
      </prop>
      <set picurl="https://fftcg.cdn.sewest.net/images/cards/full/16-052C_eg.jpg">Emissaries of Light</set>
      <tablerow>0</tablerow>
    </card>
    <card>
      <name>King Tycoon (16-053H)</name>
      <text>Cuando Rey Tycoon entra al terreno de juego, elige tantos Delanteros o Monstruos controlados por tu oponente como quieras. Devuélvelos a las manos de sus propietarios.</text>
      <prop>
        <type>Backup - V - King</type>
        <manacost>5</manacost>
        <colors>Wind</colors>
        <pt>0</pt>
      </prop>
      <set picurl="https://fftcg.cdn.sewest.net/images/cards/full/16-053H_eg.jpg">Emissaries of Light</set>
      <tablerow>0</tablerow>
    </card>
    <card>
      <name>Chocobo (16-054C)</name>
      <text>Cuando Chocobo pasa del terreno de juego a la Break Zone, elige 1 personaje de coste 2 o menos de tu Break Zone. Añádelo a tu mano.</text>
      <prop>
        <type>Forward - XIII - Standard Unit</type>
        <manacost>3</manacost>
        <colors>Wind</colors>
        <pt>6000</pt>
      </prop>
      <set picurl="https://fftcg.cdn.sewest.net/images/cards/full/16-054C_eg.jpg">Emissaries of Light</set>
      <tablerow>2</tablerow>
    </card>
    <card>
      <name>Chocobo Sam (16-055C)</name>
      <text>Cuando Sam, el experto en chocobos, entra al terreno de juego, puedes buscar 1 Oficio Chocobo o Nombre de la carta Chocobo y añadirla a tu mano.
  (Wind)(Dull): Elige 1 Delantero. Este gana +1000 de poder hasta el final del turno. Si es un Oficio Chocobo o un Nombre de la carta Chocobo, este gana +3000 de poder hasta el final del turno en su lugar.</text>
      <prop>
        <type>Backup - VII - Owner</type>
        <manacost>4</manacost>
        <colors>Wind</colors>
        <pt>0</pt>
      </prop>
      <set picurl="https://fftcg.cdn.sewest.net/images/cards/full/16-055C_eg.jpg">Emissaries of Light</set>
      <tablerow>0</tablerow>
    </card>
    <card>
      <name>Fat Chocobo (16-056R)</name>
      <text>Chocobo gordo no puede atacar ni bloquear.
  Al final de cada uno de tus turnos, revela la carta superior de tu mazo. Si es un personaje Aire, añádelo a tu mano.
  (Dull): Juega 1 Apoyo Aire de coste 2 o menos de tu mano al terreno de juego. Solo puedes usar esta habilidad una vez por turno.
  Verdura gysahl (S): Chocobo gordo gana +10000 de poder hasta el final del turno.</text>
      <prop>
        <type>Forward - IX - Chocobo</type>
        <manacost>4</manacost>
        <colors>Wind</colors>
        <pt>7000</pt>
      </prop>
      <set picurl="https://fftcg.cdn.sewest.net/images/cards/full/16-056R_eg.jpg">Emissaries of Light</set>
      <tablerow>2</tablerow>
    </card>
    <card>
      <name>Ninja (16-057C)</name>
      <text>Retira del juego las 2 cartas de la parte superior de tu mazo: Elige 1 Delantero. Inflígele 2000 puntos de daño. Solo puedes usar esta habilidad una vez por turno.</text>
      <prop>
        <type>Forward - XI - Standard Unit</type>
        <manacost>4</manacost>
        <colors>Wind</colors>
        <pt>8000</pt>
      </prop>
      <set picurl="https://fftcg.cdn.sewest.net/images/cards/full/16-057C_eg.jpg">Emissaries of Light</set>
      <tablerow>2</tablerow>
    </card>
    <card>
      <name>Fina (16-058R)</name>
      <text>Fina no puede ser objetivo de las Invocaciones o habilidades de tu oponente.
  Retira del juego Fina de tu mano: Elige 1 habilidad de apoyo perteneciente a un Delantero. Cancela su efecto. Solo puedes usar esta habilidad si controlas 4 o más Apoyos Aire y si Fina está en tu mano.</text>
      <prop>
        <type>Forward - FFBE - White Mage</type>
        <manacost>3</manacost>
        <colors>Wind</colors>
        <pt>7000</pt>
      </prop>
      <set picurl="https://fftcg.cdn.sewest.net/images/cards/full/16-058R_eg.jpg">Emissaries of Light</set>
      <tablerow>2</tablerow>
    </card>
    <card>
      <name>Pecciotta (16-059C)</name>
      <text>[EX BURST] Cuando Pecciotta entra al terreno de juego, activa todas las Oficio Miembro de los Mayordomos de Morze que controlas.</text>
      <prop>
        <type>Forward - FFBE - Morze's Soiree Member</type>
        <manacost>3</manacost>
        <colors>Wind</colors>
        <pt>7000</pt>
      </prop>
      <set picurl="https://fftcg.cdn.sewest.net/images/cards/full/16-059C_eg.jpg">Emissaries of Light</set>
      <tablerow>2</tablerow>
    </card>
    <card>
      <name>Madam M (16-060C)</name>
      <text>[EX BURST] Cuando Madame M entra al terreno de juego, revela las 4 cartas de la parte superior de tu mazo. Añade 1 personaje Aire de entre ellas a tu mano y pon el resto en la parte inferior de tu mazo en el orden que quieras.</text>
      <prop>
        <type>Backup - VII - Owner</type>
        <manacost>4</manacost>
        <colors>Wind</colors>
        <pt>0</pt>
      </prop>
      <set picurl="https://fftcg.cdn.sewest.net/images/cards/full/16-060C_eg.jpg">Emissaries of Light</set>
      <tablerow>0</tablerow>
    </card>
    <card>
      <name>Yuri (16-061R)</name>
      <text>Cuando Yuri entra al terreno de juego, revela las 5 cartas de la parte superior de tu mazo. Añade 1 carta de entre ellas a tu mano o juega 1 personaje Aire de coste 3 de entre ellas al terreno de juego, y pon el resto en la parte inferior de tu mazo en el orden que quieras.</text>
      <prop>
        <type>Forward - FFCC - Lay Crystal User</type>
        <manacost>5</manacost>
        <colors>Wind</colors>
        <pt>7000</pt>
      </prop>
      <set picurl="https://fftcg.cdn.sewest.net/images/cards/full/16-061R_eg.jpg">Emissaries of Light</set>
      <tablerow>2</tablerow>
    </card>
    <card>
      <name>Lexa (16-062C)</name>
      <text>Las Nombre de la carta Madam Edel que controlas no pueden ser objetivo de las Invocaciones de tu oponente.
  (Dull): Elige 1 Delantero Nombre de la carta Madam Edel o Delantero Oficio Miembro de los Mayordomos de Morze que controlas. Este gana +1000 de poder hasta el final del turno.</text>
      <prop>
        <type>Backup - FFBE - Morze's Soiree Member</type>
        <manacost>2</manacost>
        <colors>Wind</colors>
        <pt>0</pt>
      </prop>
      <set picurl="https://fftcg.cdn.sewest.net/images/cards/full/16-062C_eg.jpg">Emissaries of Light</set>
      <tablerow>0</tablerow>
    </card>
    <card>
      <name>Rosa (16-063R)</name>
      <text>(Dull): Los Delanteros Nombre de la carta Ceodore y Delanteros Nombre de la carta Cecil que controlas ganan +1000 de poder hasta el final del turno.</text>
      <prop>
        <type>Backup - THEATRHYTHM · IV - White Mage</type>
        <manacost>2</manacost>
        <colors>Wind</colors>
        <pt>0</pt>
      </prop>
      <set picurl="https://fftcg.cdn.sewest.net/images/cards/full/16-063R_eg.jpg">Emissaries of Light</set>
      <tablerow>0</tablerow>
    </card>
    <card>
      <name>Dark Knight (16-064C)</name>
      <text>El coste requerido para lanzar Caballero oscuro se reduce en 1 por cada punto de daño que has recibido.
  (Earth)(1)(Dull): Elige 1 Delantero. Hasta el final del turno, este gana +1000 de poder por cada punto de daño que has recibido.</text>
      <prop>
        <type>Backup - XI - Standard Unit</type>
        <manacost>3</manacost>
        <colors>Earth</colors>
        <pt>0</pt>
      </prop>
      <set picurl="https://fftcg.cdn.sewest.net/images/cards/full/16-064C_eg.jpg">Emissaries of Light</set>
      <tablerow>0</tablerow>
    </card>
    <card>
      <name>Amber (16-065C)</name>
      <text>[EX BURST] Cuando Ámbar entra al terreno de juego, puedes buscar 1 Nombre de la carta Madam Edel u Oficio Miembro de los Mayordomos de Morze y añadirla a tu mano.</text>
      <prop>
        <type>Backup - FFBE - Morze's Soiree Member</type>
        <manacost>4</manacost>
        <colors>Earth</colors>
        <pt>0</pt>
      </prop>
      <set picurl="https://fftcg.cdn.sewest.net/images/cards/full/16-065C_eg.jpg">Emissaries of Light</set>
      <tablerow>0</tablerow>
    </card>
    <card>
      <name>Heretical Knight Garland (16-066R)</name>
      <text>Bravura
  Cuando Caballero herético Garland entra al terreno de juego, elige 1 Delantero que controlas que no sea Caballero herético Garland. Mientras Caballero herético Garland está en el terreno de juego, este gana +4000 de poder y Bravura.
  (Earth)(Earth)(2): Pon en dull Caballero herético Garland. Hasta el final del turno, Caballero herético Garland gana "Caballero herético Garland no puede romperse".</text>
      <prop>
        <type>Forward - MOBIUS - Knight</type>
        <manacost>4</manacost>
        <colors>Earth</colors>
        <pt>8000</pt>
      </prop>
      <set picurl="https://fftcg.cdn.sewest.net/images/cards/full/16-066R_eg.jpg">Emissaries of Light</set>
      <tablerow>2</tablerow>
    </card>
    <card>
      <name>Aerith (16-067L)</name>
      <text>Los Delanteros que controlas que no sean Aeris ganan +2000 de poder.
  Cuando Aeris pasa del terreno de juego a la Break Zone, puedes retirar Aeris del juego. Cuando lo haces, pon 3 Contadores Auto-Lázaro sobre Aeris.
  Al principio de la Main Phase 1 durante cada uno de tus turnos, si hay 1 o más Contadores Auto-Lázaro sobre Aeris, retira 1 Contador Auto-Lázaro de Aeris. Después, si no hay ningún Contador Auto-Lázaro sobre Aeris, juega Aeris al terreno de juego. Este efecto solo se desencadena si Aeris se retira del juego.</text>
      <prop>
        <type>Forward - VII - Ancient</type>
        <manacost>2</manacost>
        <colors>Earth</colors>
        <pt>5000</pt>
      </prop>
      <set picurl="https://fftcg.cdn.sewest.net/images/cards/full/16-067L_eg.jpg">Emissaries of Light</set>
      <tablerow>2</tablerow>
    </card>
    <card>
      <name>Eiko (16-068C)</name>
      <text>(Earth)(1)(Dull), pon Eiko en la Break Zone: Elige 1 Delantero. Inflígele 10000 puntos de daño.</text>
      <prop>
        <type>Backup - WOFF - Summoner</type>
        <manacost>3</manacost>
        <colors>Earth</colors>
        <pt>0</pt>
      </prop>
      <set picurl="https://fftcg.cdn.sewest.net/images/cards/full/16-068C_eg.jpg">Emissaries of Light</set>
      <tablerow>0</tablerow>
    </card>
    <card>
      <name>Ciaran (16-069C)</name>
      <text>Por cada Apoyo que controlas, Ciaran gana +1000 de poder.
  Disparo del alma (S)(Earth): Elige 1 Delantero. Inflígele daño equivalente al poder de Ciaran.</text>
      <prop>
        <type>Forward - THEATRHYTHM · FFCC - Crystal Caravanner</type>
        <manacost>2</manacost>
        <colors>Earth</colors>
        <pt>4000</pt>
      </prop>
      <set picurl="https://fftcg.cdn.sewest.net/images/cards/full/16-069C_eg.jpg">Emissaries of Light</set>
      <tablerow>2</tablerow>
    </card>
    <card>
      <name>Kirin (16-070L)</name>
      <text>Bravura
  Las Invocaciones o habilidades de tu oponente no pueden poner en dull a Kirin.
  Los Delanteros Oficio Shijin que controlas ganan +1000 de poder.
  Cuando Kirin entra al terreno de juego, revela las 5 cartas de la parte superior de tu mazo. Juega 1 Delantero de coste 4 de entre ellas al terreno de juego y pon el resto en la parte inferior de tu mazo en el orden que quieras.</text>
      <prop>
        <type>Forward - XI - Kirin</type>
        <manacost>6</manacost>
        <colors>Earth</colors>
        <pt>9000</pt>
      </prop>
      <set picurl="https://fftcg.cdn.sewest.net/images/cards/full/16-070L_eg.jpg">Emissaries of Light</set>
      <tablerow>2</tablerow>
    </card>
    <card>
      <name>Gladiator (16-071C)</name>
      <text>(Dull): Devuelve Gladiador a la mano de su propietario. Solo puedes usar esta habilidad durante tu turno.
  Daños 5 -- Cuando Gladiador entra al terreno de juego, puedes poner Gladiador en la Break Zone. Cuando lo haces, hasta el final del turno, todos los Delanteros que controlas ganan +10000 de poder y Bravura.</text>
      <prop>
        <type>Backup - FFTA - Standard Unit</type>
        <manacost>2</manacost>
        <colors>Earth</colors>
        <pt>0</pt>
      </prop>
      <set picurl="https://fftcg.cdn.sewest.net/images/cards/full/16-071C_eg.jpg">Emissaries of Light</set>
      <tablerow>0</tablerow>
    </card>
    <card>
      <name>Beastmaster (16-072C)</name>
      <text>Cuando Adiestrador entra al terreno de juego, revela las 5 cartas de la parte superior de tu mazo. Añade 1 Monstruo de entre ellas a tu mano y pon el resto en la parte inferior de tu mazo en el orden que quieras.</text>
      <prop>
        <type>Forward - XI - Standard Unit</type>
        <manacost>3</manacost>
        <colors>Earth</colors>
        <pt>7000</pt>
      </prop>
      <set picurl="https://fftcg.cdn.sewest.net/images/cards/full/16-072C_eg.jpg">Emissaries of Light</set>
      <tablerow>2</tablerow>
    </card>
    <card>
      <name>Benjamin (16-073C)</name>
      <text>Daños 3 -- Benjamin gana +1000 de poder y Bravura.
  Daños 5 -- Cuando Benjamin entra al terreno de juego, elige 1 personaje en dull controlado por tu oponente. Rómpelo.</text>
      <prop>
        <type>Forward - THEATRHYTHM · MQ - Warrior</type>
        <manacost>5</manacost>
        <colors>Earth</colors>
        <pt>9000</pt>
      </prop>
      <set picurl="https://fftcg.cdn.sewest.net/images/cards/full/16-073C_eg.jpg">Emissaries of Light</set>
      <tablerow>2</tablerow>
    </card>
    <card>
      <name>Cactuar (16-074C)</name>
      <text>Elige 1 Delantero. Rómpelo. Si el coste para lanzar Cactilio se ha pagado con CP de 2 o menos elementos distintos, Cactilio te inflige 1 punto de daño.</text>
      <prop>
        <type>Summon - VII</type>
        <manacost>4</manacost>
        <colors>Earth</colors>
        <pt>0</pt>
      </prop>
      <set picurl="https://fftcg.cdn.sewest.net/images/cards/full/16-074C_eg.jpg">Emissaries of Light</set>
      <tablerow>3</tablerow>
    </card>
    <card>
      <name>Shinju (16-075R)</name>
      <text>El coste requerido para lanzar tus Oficio Miembro de los Mayordomos de Morze puede pagarse con CP de cualquier elemento.
  Los Delanteros Oficio Miembro de los Mayordomos de Morze que controlas pueden formar un equipo con Delanteros Oficio Miembro de los Mayordomos de Morze de cualquier elemento.</text>
      <prop>
        <type>Backup - FFBE - Morze's Soiree Member</type>
        <manacost>2</manacost>
        <colors>Earth</colors>
        <pt>0</pt>
      </prop>
      <set picurl="https://fftcg.cdn.sewest.net/images/cards/full/16-075R_eg.jpg">Emissaries of Light</set>
      <tablerow>0</tablerow>
    </card>
    <card>
      <name>Sophie (16-076R)</name>
      <text>Si Sophie inflige daño a un Delantero a causa de una habilidad, duplica el daño en su lugar.
  Cuando lanzas un personaje de coste 5 o más, elige 1 Delantero controlado por tu oponente. Inflígele daño equivalente al poder de Sophie. Este efecto solo se puede desencadenar una vez por turno.</text>
      <prop>
        <type>Forward - MOBIUS - Wild Rider</type>
        <manacost>2</manacost>
        <colors>Earth</colors>
        <pt>5000</pt>
      </prop>
      <set picurl="https://fftcg.cdn.sewest.net/images/cards/full/16-076R_eg.jpg">Emissaries of Light</set>
      <tablerow>2</tablerow>
    </card>
    <card>
      <name>Terra (16-077R)</name>
      <text>Los Apoyos Categoría VI que controlas pueden generar CP de cualquier elemento.
  (Fire): Hasta el final del turno, Terra gana +2000 de poder y Prisa.
  (Ice): Elige 1 personaje. Congélalo.
  (Water): Elige 1 personaje. Ponlo en dull.
  (Fire)(Ice)(Water)(Dull): Elige 1 Delantero. Rómpelo.</text>
      <prop>
        <type>Forward - DFF · VI - Magitek Knight</type>
        <manacost>3</manacost>
        <colors>Earth</colors>
        <pt>7000</pt>
      </prop>
      <set picurl="https://fftcg.cdn.sewest.net/images/cards/full/16-077R_eg.jpg">Emissaries of Light</set>
      <tablerow>2</tablerow>
    </card>
    <card>
      <name>Demonolith (16-078C)</name>
      <text>Cuando Dämonolith entra al terreno de juego, elige 1 Delantero que controlas y 1 Delantero controlado por tu oponente. El primero inflige un daño igual a su poder al segundo.
  (1), pon Dämonolith en la Break Zone: Mira las 2 cartas de la parte superior de tu mazo. Colócalas en la parte superior y/o inferior de tu mazo en el orden que quieras.</text>
      <prop>
        <type>Monster - X - Demonolith</type>
        <manacost>3</manacost>
        <colors>Earth</colors>
        <pt>0</pt>
      </prop>
      <set picurl="https://fftcg.cdn.sewest.net/images/cards/full/16-078C_eg.jpg">Emissaries of Light</set>
      <tablerow>1</tablerow>
    </card>
    <card>
      <name>Hades (16-079H)</name>
      <text>Al final de cada uno de tus turnos, puedes descartar 1 Apoyo. Si lo haces, coge 1 carta.
  Daños 3 -- (0): Hasta el final del turno, Hades también pasa a ser un Delantero con 7000 de poder y "Cuando Hades ataca, elige 1 Delantero controlado por tu oponente. Este gana 'Cuando este Delantero recibe daño, rompe este Delantero' hasta el final del turno". Solo puedes usar esta habilidad una vez por turno.</text>
      <prop>
        <type>Monster - IX - Ultimate Synthesizer</type>
        <manacost>2</manacost>
        <colors>Earth</colors>
        <pt>7000</pt>
      </prop>
      <set picurl="https://fftcg.cdn.sewest.net/images/cards/full/16-079H_eg.jpg">Emissaries of Light</set>
      <tablerow>1</tablerow>
    </card>
    <card>
      <name>Madam Edel (16-080H)</name>
      <text>Las Oficio Miembro de los Mayordomos de Morze que controlas ganan "Si este personaje recibe daño de las Invocaciones o habilidades de tu oponente, el daño se vuelve 0 en su lugar" y "Las Invocaciones o habilidades de tu oponente que no infligen daño no pueden romper a este personaje".
  Cuando Madam Edel entra al terreno de juego, elige 1 Oficio Miembro de los Mayordomos de Morze de tu Break Zone. Juégala al terreno de juego.</text>
      <prop>
        <type>Forward - FFBE - Adventurer</type>
        <manacost>4</manacost>
        <colors>Earth</colors>
        <pt>8000</pt>
      </prop>
      <set picurl="https://fftcg.cdn.sewest.net/images/cards/full/16-080H_eg.jpg">Emissaries of Light</set>
      <tablerow>2</tablerow>
    </card>
    <card>
      <name>Mira (16-081R)</name>
      <text>Cuando Mira entra al terreno de juego, elige 1 Monstruo de tu Break Zone. Si su coste es igual o inferior al daño que has recibido, juégalo al terreno de juego.
  Cuando un Monstruo que controlas pasa del terreno de juego a la Break Zone, elige 1 Delantero controlado por tu oponente. Inflígele 2000 puntos de daño.</text>
      <prop>
        <type>Forward - FFCC - Dark Lord</type>
        <manacost>2</manacost>
        <colors>Earth</colors>
        <pt>5000</pt>
      </prop>
      <set picurl="https://fftcg.cdn.sewest.net/images/cards/full/16-081R_eg.jpg">Emissaries of Light</set>
      <tablerow>2</tablerow>
    </card>
    <card>
      <name>Mont Leonis (16-082H)</name>
      <text>(0): Durante este turno, el siguiente daño que reciba Mont Leonis de una Invocación o habilidad se vuelve 0 en su lugar. Solo puedes usar esta habilidad una vez por turno.
  Hoja provocadora (S): Elige hasta 2 Delanteros controlados por tu oponente. Inflígeles 9000 puntos de daño. Solo puedes usar esta habilidad mientras Mont Leonis está atacando.</text>
      <prop>
        <type>Forward - FFBE - Prince/Lord</type>
        <manacost>4</manacost>
        <colors>Earth</colors>
        <pt>9000</pt>
      </prop>
      <set picurl="https://fftcg.cdn.sewest.net/images/cards/full/16-082H_eg.jpg">Emissaries of Light</set>
      <tablerow>2</tablerow>
    </card>
    <card>
      <name>Layle (16-083H)</name>
      <text>Bravura
  Todos los Delanteros deben atacar una vez por turno si es posible.
  Todos los Delanteros deben bloquear si es posible.
  Descarta 1 carta: Layle gana +1000 de poder hasta el final del turno.</text>
      <prop>
        <type>Forward - FFCC - Crystal Bearer</type>
        <manacost>5</manacost>
        <colors>Earth</colors>
        <pt>8000</pt>
      </prop>
      <set picurl="https://fftcg.cdn.sewest.net/images/cards/full/16-083H_eg.jpg">Emissaries of Light</set>
      <tablerow>2</tablerow>
    </card>
    <card>
      <name>Leslie (16-084R)</name>
      <text>Al principio de la Main Phase 1 durante cada uno de tus turnos, elige 2 Delanteros que controlas. Si controlas un Delantero de un elemento que no sea Tierra, rómpelos y rompe Leslie.
  Al final de cada uno de tus turnos, puedes ceder el control de Leslie a tu oponente.</text>
      <prop>
        <type>Backup - VII - Lackey</type>
        <manacost>6</manacost>
        <colors>Earth</colors>
        <pt>0</pt>
      </prop>
      <set picurl="https://fftcg.cdn.sewest.net/images/cards/full/16-084R_eg.jpg">Emissaries of Light</set>
      <tablerow>0</tablerow>
    </card>
    <card>
      <name>Assassin (16-085C)</name>
      <text>(Lightning)(Dull), pon Asesino en la Break Zone: Elige 1 Delantero que haya entrado al terreno de juego este turno. Inflígele 8000 puntos de daño.</text>
      <prop>
        <type>Backup - FFTA - Standard Unit</type>
        <manacost>2</manacost>
        <colors>Lightning</colors>
        <pt>0</pt>
      </prop>
      <set picurl="https://fftcg.cdn.sewest.net/images/cards/full/16-085C_eg.jpg">Emissaries of Light</set>
      <tablerow>0</tablerow>
    </card>
    <card>
      <name>Ixion (16-086C)</name>
      <text>Elige 1 Delantero. Este pierde 8000 de poder hasta el final del turno. Si el coste para lanzar Ixion se ha pagado con CP de 3 o más elementos distintos, todos los Delanteros controlados por tu oponente también pierden 2000 de poder hasta el final del turno.</text>
      <prop>
        <type>Summon - X</type>
        <manacost>4</manacost>
        <colors>Lightning</colors>
        <pt>0</pt>
      </prop>
      <set picurl="https://fftcg.cdn.sewest.net/images/cards/full/16-086C_eg.jpg">Emissaries of Light</set>
      <tablerow>3</tablerow>
    </card>
    <card>
      <name>Puppetmaster (16-087C)</name>
      <text>Cuando Marionetista entra al terreno de juego, puedes descartar 1 carta. Cuando lo haces, elige 1 personaje de tu Break Zone. Añádelo a tu mano.</text>
      <prop>
        <type>Forward - XI - Standard Unit</type>
        <manacost>3</manacost>
        <colors>Lightning</colors>
        <pt>7000</pt>
      </prop>
      <set picurl="https://fftcg.cdn.sewest.net/images/cards/full/16-087C_eg.jpg">Emissaries of Light</set>
      <tablerow>2</tablerow>
    </card>
    <card>
      <name>Black Waltz 3 (16-088L)</name>
      <text>Cuando Vals Negro 3 se descarta de tu mano a causa de una habilidad, elige 1 Delantero. Inflígele 4000 puntos de daño.
  Cuando Vals Negro 3 pasa del terreno de juego a la Break Zone, elige hasta 2 Oficio Mago negro que no sean Nombre de la carta Vals Negro 3 de tu Break Zone. Añádelas a tu mano.
  (0): Descarta 1 Oficio Mago negro de tu mano. Cuando lo haces, elige 1 Delantero de coste 3 o menos controlado por tu oponente. Rómpelo.</text>
      <prop>
        <type>Forward - IX - Black Mage</type>
        <manacost>3</manacost>
        <colors>Lightning</colors>
        <pt>7000</pt>
      </prop>
      <set picurl="https://fftcg.cdn.sewest.net/images/cards/full/16-088L_eg.jpg">Emissaries of Light</set>
      <tablerow>2</tablerow>
    </card>
    <card>
      <name>Zack (16-089H)</name>
      <text>Si controlas un personaje Categoría VII de un elemento que no sea Rayo, el coste requerido para lanzar Zack se reduce en 2.
  Cuando Zack pasa del terreno de juego a la Break Zone, puedes jugar 1 personaje Categoría VII de tu mano al terreno de juego. Si su coste es 5 o más, Zack te inflige 1 punto de daño.</text>
      <prop>
        <type>Forward - VII - SOLDIER</type>
        <manacost>5</manacost>
        <colors>Lightning</colors>
        <pt>9000</pt>
      </prop>
      <set picurl="https://fftcg.cdn.sewest.net/images/cards/full/16-089H_eg.jpg">Emissaries of Light</set>
      <tablerow>2</tablerow>
    </card>
    <card>
      <name>Seymour (16-090R)</name>
      <text>Cuando Seymour entra al terreno de juego, elige 1 Delantero controlado por tu oponente. Si tienes 3 o más Invocaciones en tu Break Zone, rómpelo.
  (Dull), retira del juego 6 Invocaciones de la Break Zone: Seymour inflige a tu oponente 1 punto de daño.</text>
      <prop>
        <type>Forward - X - Summoner</type>
        <manacost>4</manacost>
        <colors>Lightning</colors>
        <pt>7000</pt>
      </prop>
      <set picurl="https://fftcg.cdn.sewest.net/images/cards/full/16-090R_eg.jpg">Emissaries of Light</set>
      <tablerow>2</tablerow>
    </card>
    <card>
      <name>Chadley (16-091C)</name>
      <text>Cuando Chadley entra al terreno de juego, pon 2 Contadores Ciencia sobre Chadley.
  (Dull), retira 1 Contador Ciencia de Chadley: Elige 1 Delantero de tu Break Zone. Añádelo a tu mano.</text>
      <prop>
        <type>Backup - VII - Scientist</type>
        <manacost>4</manacost>
        <colors>Lightning</colors>
        <pt>0</pt>
      </prop>
      <set picurl="https://fftcg.cdn.sewest.net/images/cards/full/16-091C_eg.jpg">Emissaries of Light</set>
      <tablerow>0</tablerow>
    </card>
    <card>
      <name>Noel (16-092C)</name>
      <text>[EX BURST] Cuando Noel entra al terreno de juego, elige hasta 2 Delanteros controlados por tu oponente. Ponlos en dull.
  (Dull), pon Noel en la Break Zone: Pon en dull todos los Delanteros controlados por tu oponente.</text>
      <prop>
        <type>Forward - XIII - Commando</type>
        <manacost>5</manacost>
        <colors>Lightning</colors>
        <pt>9000</pt>
      </prop>
      <set picurl="https://fftcg.cdn.sewest.net/images/cards/full/16-092C_eg.jpg">Emissaries of Light</set>
      <tablerow>2</tablerow>
    </card>
    <card>
      <name>Noctis (16-093R)</name>
      <text>El coste requerido para lanzar Noctis se reduce en 1 por cada personaje Categoría XV que controlas.
  Cuando un personaje Categoría XV que no sea Noctis entra a tu terreno de juego, elige 1 Delantero controlado por tu oponente. Ponlo en dull.
  Cuando un personaje Categoría XV que controlas que no sea Noctis pasa del terreno de juego a la Break Zone, elige 1 Delantero controlado por tu oponente. Ponlo en dull.</text>
      <prop>
        <type>Forward - XV - Prince</type>
        <manacost>5</manacost>
        <colors>Lightning</colors>
        <pt>9000</pt>
      </prop>
      <set picurl="https://fftcg.cdn.sewest.net/images/cards/full/16-093R_eg.jpg">Emissaries of Light</set>
      <tablerow>2</tablerow>
    </card>
    <card>
      <name>Palmer (16-094C)</name>
      <text>(Lightning)(Dull), pon Palmer en la Break Zone: Mira las 4 cartas de la parte superior de tu mazo. Añade 2 cartas de entre ellas a tu mano y pon el resto en la Break Zone. Solo puedes usar esta habilidad si no tienes ninguna carta en tu mano.</text>
      <prop>
        <type>Backup - VII - Shinra Executive</type>
        <manacost>2</manacost>
        <colors>Lightning</colors>
        <pt>0</pt>
      </prop>
      <set picurl="https://fftcg.cdn.sewest.net/images/cards/full/16-094C_eg.jpg">Emissaries of Light</set>
      <tablerow>0</tablerow>
    </card>
    <card>
      <name>Vivi (16-095H)</name>
      <text>[EX BURST] Cuando Vivi entra al terreno de juego, elige 1 Oficio Mago negro que no sea Nombre de la carta Vivi de tu Break Zone. Añádela a tu mano.
  (Dull): Elige 1 Delantero. Inflígele 4000 puntos de daño por cada Oficio Mago negro que controlas.</text>
      <prop>
        <type>Forward - IX - Black Mage</type>
        <manacost>4</manacost>
        <colors>Lightning</colors>
        <pt>8000</pt>
      </prop>
      <set picurl="https://fftcg.cdn.sewest.net/images/cards/full/16-095H_eg.jpg">Emissaries of Light</set>
      <tablerow>2</tablerow>
    </card>
    <card>
      <name>Byakko (16-096R)</name>
      <text>Si tienes una Oficio Shijin en tu Break Zone, el coste requerido para lanzar Byakko puede pagarse con CP de cualquier elemento.
  [EX BURST] Cuando Byakko entra al terreno de juego, puedes buscar 1 Delantero Oficio Shijin que no sea Nombre de la carta Byakko y añadirlo a tu mano.
  Cuando Byakko ataca, elige 1 Delantero. Ponlo en dull.</text>
      <prop>
        <type>Forward - XI - Shijin</type>
        <manacost>4</manacost>
        <colors>Lightning</colors>
        <pt>7000</pt>
      </prop>
      <set picurl="https://fftcg.cdn.sewest.net/images/cards/full/16-096R_eg.jpg">Emissaries of Light</set>
      <tablerow>2</tablerow>
    </card>
    <card>
      <name>Hyoh (16-097H)</name>
      <text>(Lightning): Hyou gana Prisa y el poder de Hyou pasa a ser 7000.
  (Lightning)(Lightning)(Lightning): Hyou gana "Si Hyou inflige daño a tu oponente, el daño se vuelve 2 en su lugar" y el poder de Hyou pasa a ser 10000. Solo puedes usar esta habilidad si Hyou tiene 7000 o más de poder.
  (Estos efectos no terminan al final del turno.)</text>
      <prop>
        <type>Forward - FFBE - Member of the Orders</type>
        <manacost>1</manacost>
        <colors>Lightning</colors>
        <pt>3000</pt>
      </prop>
      <set picurl="https://fftcg.cdn.sewest.net/images/cards/full/16-097H_eg.jpg">Emissaries of Light</set>
      <tablerow>2</tablerow>
    </card>
    <card>
      <name>Spectral Keeper (16-098H)</name>
      <text>Al principio de la Attack Phase durante cada uno de tus turnos, elige 1 Delantero controlado por tu oponente. Ponlo en dull.
  Daños 3 -- (0): Hasta el final del turno, Custodio infernal también pasa a ser un Delantero con 7000 de poder y "Cuando Custodio infernal ataca, elige 1 Delantero. Ponlo en dull". Solo puedes usar esta habilidad una vez por turno.</text>
      <prop>
        <type>Monster - X - Spectral Keeper</type>
        <manacost>2</manacost>
        <colors>Lightning</colors>
        <pt>7000</pt>
      </prop>
      <set picurl="https://fftcg.cdn.sewest.net/images/cards/full/16-098H_eg.jpg">Emissaries of Light</set>
      <tablerow>1</tablerow>
    </card>
    <card>
      <name>Merald (16-099C)</name>
      <text>Si controlas 2 o más Oficio Miembro de los Mayordomos de Morze, Merald gana Prisa.
  Cuando Merald entra al terreno de juego, elige 1 Delantero controlado por tu oponente. Si controlas 4 o más Oficio Miembro de los Mayordomos de Morze, rómpelo.</text>
      <prop>
        <type>Forward - FFBE - Morze's Soiree Member</type>
        <manacost>4</manacost>
        <colors>Lightning</colors>
        <pt>8000</pt>
      </prop>
      <set picurl="https://fftcg.cdn.sewest.net/images/cards/full/16-099C_eg.jpg">Emissaries of Light</set>
      <tablerow>2</tablerow>
    </card>
    <card>
      <name>Y'shtola (16-100L)</name>
      <text>Cuando Y'shtola entra al terreno de juego, elige 1 Delantero controlado por tu oponente. Hasta el final del turno, este pierde 4000 de poder por cada Delantero Oficio Totema del Séptimo Amanecer que controlas.
  Pon en dull 1 Delantero Oficio Totema del Séptimo Amanecer activo: Elige 1 Delantero Categoría XIV. Hasta el final del turno, este gana Prisa e Iniciativa.
  Pulso de la creación (S)(Lightning)(Lightning)(Dull): Inflige 9000 puntos de daño a todos los Delanteros que no seanOficio Totema del Séptimo Amanecer.</text>
      <prop>
        <type>Forward - DFF · XIV - Scion of the Seventh Dawn</type>
        <manacost>3</manacost>
        <colors>Lightning</colors>
        <pt>7000</pt>
      </prop>
      <set picurl="https://fftcg.cdn.sewest.net/images/cards/full/16-100L_eg.jpg">Emissaries of Light</set>
      <tablerow>2</tablerow>
    </card>
    <card>
      <name>Yuke (16-101C)</name>
      <text>(Dull): Devuelve Yuko a la mano de su propietario. Solo puedes usar esta habilidad durante tu turno.
  Daños 5 -- Cuando Yuko entra al terreno de juego, puedes poner Yuko en la Break Zone. Cuando lo haces, elige 1 Delantero de coste 5 o menos. Rómpelo.</text>
      <prop>
        <type>Backup - FFCC - Standard Unit</type>
        <manacost>2</manacost>
        <colors>Lightning</colors>
        <pt>0</pt>
      </prop>
      <set picurl="https://fftcg.cdn.sewest.net/images/cards/full/16-101C_eg.jpg">Emissaries of Light</set>
      <tablerow>0</tablerow>
    </card>
    <card>
      <name>Lann (16-102R)</name>
      <text>Cuando Lann entra al terreno de juego, elige 1 Monstruo de tu Break Zone. Puedes retirarlo del juego. Si lo haces, Lann gana +2000 de poder y "Al principio de la Attack Phase durante el turno de cada jugador, elige 1 Delantero controlado por tu oponente. Ponlo en dull". (Este efecto no termina al final del turno.)</text>
      <prop>
        <type>Forward - WOFF - Mirage Keeper</type>
        <manacost>3</manacost>
        <colors>Lightning</colors>
        <pt>7000</pt>
      </prop>
      <set picurl="https://fftcg.cdn.sewest.net/images/cards/full/16-102R_eg.jpg">Emissaries of Light</set>
      <tablerow>2</tablerow>
    </card>
    <card>
      <name>Larva (16-103C)</name>
      <text>Cuando Máscara entra al terreno de juego, elige 1 Delantero de coste 3 o menos. Rómpelo.
  (1), pon Máscara en la Break Zone: Mira las 2 cartas de la parte superior de tu mazo. Colócalas en la parte superior y/o inferior de tu mazo en el orden que quieras.</text>
      <prop>
        <type>Monster - X - Evil Spirit</type>
        <manacost>3</manacost>
        <colors>Lightning</colors>
        <pt>0</pt>
      </prop>
      <set picurl="https://fftcg.cdn.sewest.net/images/cards/full/16-103C_eg.jpg">Emissaries of Light</set>
      <tablerow>1</tablerow>
    </card>
    <card>
      <name>Reeve (16-104R)</name>
      <text>Cuando Reeve entra al terreno de juego, elige 1 Delantero de coste 2 o menos de tu Break Zone. Juégalo al terreno de juego. Mientras está en el terreno de juego, Reeve no se activa durante tu Active Phase.</text>
      <prop>
        <type>Backup - VII - Shinra Executive</type>
        <manacost>3</manacost>
        <colors>Lightning</colors>
        <pt>0</pt>
      </prop>
      <set picurl="https://fftcg.cdn.sewest.net/images/cards/full/16-104R_eg.jpg">Emissaries of Light</set>
      <tablerow>0</tablerow>
    </card>
    <card>
      <name>Reynn (16-105R)</name>
      <text>Cuando Reynn entra al terreno de juego, elige 1 Monstruo de tu Break Zone. Puedes retirarlo del juego. Si lo haces, Reynn gana +2000 de poder y "Al principio de la Attack Phase durante el turno de cada jugador, elige 1 Delantero. Este gana Prisa hasta el final del turno". (Este efecto no termina al final del turno.)</text>
      <prop>
        <type>Forward - WOFF - Mirage Keeper</type>
        <manacost>3</manacost>
        <colors>Lightning</colors>
        <pt>7000</pt>
      </prop>
      <set picurl="https://fftcg.cdn.sewest.net/images/cards/full/16-105R_eg.jpg">Emissaries of Light</set>
      <tablerow>2</tablerow>
    </card>
    <card>
      <name>Andrea Rhodea (16-106R)</name>
      <text>Pon en dull 2 personajes Categoría VII activos: Todos los Delanteros controlados por tu oponente pierden todas las habilidades hasta el final del turno.
  (Dull), pon en dull 1 Nombre de la carta Cloud activa, pon Andreas Rhodea en la Break Zone: Elige 1 Delantero. Ponlo en la parte inferior del mazo de su propietario.</text>
      <prop>
        <type>Forward - VII - Owner/Dancer</type>
        <manacost>1</manacost>
        <colors>Water</colors>
        <pt>3000</pt>
      </prop>
      <set picurl="https://fftcg.cdn.sewest.net/images/cards/full/16-106R_eg.jpg">Emissaries of Light</set>
      <tablerow>2</tablerow>
    </card>
    <card>
      <name>Ezel (16-107R)</name>
      <text>Cuando Ezel entra al terreno de juego, puedes buscar 1 Delantero del mismo coste que el total de cartas descartadas para lanzar Ezel y añadirlo a tu mano.</text>
      <prop>
        <type>Backup - FFTA - Hermetic</type>
        <manacost>4</manacost>
        <colors>Water</colors>
        <pt>0</pt>
      </prop>
      <set picurl="https://fftcg.cdn.sewest.net/images/cards/full/16-107R_eg.jpg">Emissaries of Light</set>
      <tablerow>0</tablerow>
    </card>
    <card>
      <name>Kimahri (16-108C)</name>
      <text>Cada Delantero que controlas con un Contador Ronso sobre él gana "Si este Delantero recibe daño de las Invocaciones o habilidades de tu oponente, el daño se vuelve 0 en su lugar".
  Cuando Kimahri entra al terreno de juego, elige 1 Delantero que controlas. Pon 1 Contador Ronso sobre él.</text>
      <prop>
        <type>Backup - DFF · X - Guardian</type>
        <manacost>2</manacost>
        <colors>Water</colors>
        <pt>0</pt>
      </prop>
      <set picurl="https://fftcg.cdn.sewest.net/images/cards/full/16-108C_eg.jpg">Emissaries of Light</set>
      <tablerow>0</tablerow>
    </card>
    <card>
      <name>Kyrie (16-109C)</name>
      <text>[EX BURST] Cuando Kyrie entra al terreno de juego, tu oponente revela su mano. Después, mira las 2 cartas de la parte superior de tu mazo. Colócalas en la parte superior y/o inferior de tu mazo en el orden que quieras.</text>
      <prop>
        <type>Backup - VII - Informant</type>
        <manacost>2</manacost>
        <colors>Water</colors>
        <pt>0</pt>
      </prop>
      <set picurl="https://fftcg.cdn.sewest.net/images/cards/full/16-109C_eg.jpg">Emissaries of Light</set>
      <tablerow>0</tablerow>
    </card>
    <card>
      <name>Clavat (16-110C)</name>
      <text>(Dull): Devuelve Clavate a la mano de su propietario. Solo puedes usar esta habilidad durante tu turno.
  Daños 5 -- Cuando Clavate entra al terreno de juego, puedes poner Clavate en la Break Zone. Cuando lo haces, coge 2 cartas.</text>
      <prop>
        <type>Backup - FFCC - Standard Unit</type>
        <manacost>2</manacost>
        <colors>Water</colors>
        <pt>0</pt>
      </prop>
      <set picurl="https://fftcg.cdn.sewest.net/images/cards/full/16-110C_eg.jpg">Emissaries of Light</set>
      <tablerow>0</tablerow>
    </card>
    <card>
      <name>Genbu (16-111R)</name>
      <text>Si tienes una Oficio Shijin en tu Break Zone, el coste requerido para lanzar Genbu puede pagarse con CP de cualquier elemento.
  [EX BURST] Cuando Genbu entra al terreno de juego, puedes buscar 1 Delantero Oficio Shijin que no sea Nombre de la carta Genbu y añadirlo a tu mano.
  Si Genbu recibe daño, el daño se reduce en 3000 en su lugar.</text>
      <prop>
        <type>Forward - XI - Shijin</type>
        <manacost>4</manacost>
        <colors>Water</colors>
        <pt>7000</pt>
      </prop>
      <set picurl="https://fftcg.cdn.sewest.net/images/cards/full/16-111R_eg.jpg">Emissaries of Light</set>
      <tablerow>2</tablerow>
    </card>
    <card>
      <name>Corsair (16-112C)</name>
      <text>Cuando Corsario entra al terreno de juego, coge 2 cartas, después descarta 1 carta de tu mano.
  (Water)(1)(Dull), pon Corsario en la Break Zone: Coge 1 carta.</text>
      <prop>
        <type>Backup - XI - Standard Unit</type>
        <manacost>4</manacost>
        <colors>Water</colors>
        <pt>0</pt>
      </prop>
      <set picurl="https://fftcg.cdn.sewest.net/images/cards/full/16-112C_eg.jpg">Emissaries of Light</set>
      <tablerow>0</tablerow>
    </card>
    <card>
      <name>Sahagin (16-113C)</name>
      <text>Cuando Sahuagin entra al terreno de juego, elige 1 Delantero controlado por tu oponente. Devuélvelo a la mano de su propietario. Coge 1 carta, después descarta 1 carta de tu mano.
  (1), pon Sahuagin en la Break Zone: Mira las 2 cartas de la parte superior de tu mazo. Colócalas en la parte superior y/o inferior de tu mazo en el orden que quieras.</text>
      <prop>
        <type>Monster - VII - Sahagin</type>
        <manacost>3</manacost>
        <colors>Water</colors>
        <pt>0</pt>
      </prop>
      <set picurl="https://fftcg.cdn.sewest.net/images/cards/full/16-113C_eg.jpg">Emissaries of Light</set>
      <tablerow>1</tablerow>
    </card>
    <card>
      <name>White Mage (16-114C)</name>
      <text>Cuando descartas 1 o más cartas a causa de Invocaciones o habilidades, coge 1 carta. Este efecto solo se puede desencadenar durante el turno de tu oponente.</text>
      <prop>
        <type>Forward - FFTA - Standard Unit</type>
        <manacost>3</manacost>
        <colors>Water</colors>
        <pt>7000</pt>
      </prop>
      <set picurl="https://fftcg.cdn.sewest.net/images/cards/full/16-114C_eg.jpg">Emissaries of Light</set>
      <tablerow>2</tablerow>
    </card>
    <card>
      <name>Sarah (MOBIUS) (16-115H)</name>
      <text>Cuando Sarah (MOBIUS) entra al terreno de juego, ganas (C).
  Cuando ganas un (C), revela la carta superior de tu mazo. Si es un Apoyo, añádelo a tu mano. Si no es un Apoyo, ponlo en la parte superior o inferior de tu mazo.
  (C): Hasta el final del turno, Sarah (MOBIUS) gana +1000 de poder y "Si Sarah (MOBIUS) recibe daño por valor inferior a su poder, el daño se vuelve 0 en su lugar".</text>
      <prop>
        <type>Forward - MOBIUS - Nachtflug</type>
        <manacost>3</manacost>
        <colors>Water</colors>
        <pt>7000</pt>
      </prop>
      <set picurl="https://fftcg.cdn.sewest.net/images/cards/full/16-115H_eg.jpg">Emissaries of Light</set>
      <tablerow>2</tablerow>
    </card>
    <card>
      <name>Tidus (16-116L)</name>
      <text>Tidus no puede ser bloqueado.
  Cuando Tidus pasa del terreno de juego al mazo de su propietario, coge 3 cartas.
  Cuando Tidus es objetivo de las Invocaciones o habilidades de tu oponente, puedes poner Tidus en la parte inferior del mazo de su propietario. Cuando lo haces, elige 1 Delantero controlado por tu oponente. Ponlo en la parte inferior del mazo de su propietario.</text>
      <prop>
        <type>Forward - DFF · X - Guardian</type>
        <manacost>3</manacost>
        <colors>Water</colors>
        <pt>7000</pt>
      </prop>
      <set picurl="https://fftcg.cdn.sewest.net/images/cards/full/16-116L_eg.jpg">Emissaries of Light</set>
      <tablerow>2</tablerow>
    </card>
    <card>
      <name>Tros (16-117H)</name>
      <text>Cuando un Delantero controlado por tu oponente regresa a la mano de su propietario desde el terreno de juego, coge 1 carta. Este efecto solo se puede desencadenar una vez por turno.
  Daños 3 -- (0): Hasta el final del turno, Thros también pasa a ser un Delantero con 7000 de poder y "Cuando Thros ataca, elige 1 Delantero de coste 4 o menos controlado por tu oponente. Devuélvelo a la mano de su propietario". Solo puedes usar esta habilidad una vez por turno.</text>
      <prop>
        <type>Monster - X - Octopus</type>
        <manacost>2</manacost>
        <colors>Water</colors>
        <pt>7000</pt>
      </prop>
      <set picurl="https://fftcg.cdn.sewest.net/images/cards/full/16-117H_eg.jpg">Emissaries of Light</set>
      <tablerow>1</tablerow>
    </card>
    <card>
      <name>Fiona (16-118C)</name>
      <text>[EX BURST] Cuando Fiona entra al terreno de juego, coge 1 carta.
  Cuando Fiona es objetivo de las Invocaciones o habilidades de tu oponente, puedes poner Fiona en la parte superior del mazo de su propietario.</text>
      <prop>
        <type>Forward - FFCC - Princess</type>
        <manacost>4</manacost>
        <colors>Water</colors>
        <pt>8000</pt>
      </prop>
      <set picurl="https://fftcg.cdn.sewest.net/images/cards/full/16-118C_eg.jpg">Emissaries of Light</set>
      <tablerow>2</tablerow>
    </card>
    <card>
      <name>Fusoya (16-119H)</name>
      <text>Cuando Fusoya entra al terreno de juego, selecciona de las siguientes acciones de arriba a abajo un número menor o igual al número de elementos que no sean Agua del coste pagado para lanzar Fusoya.
  "Coge 1 carta."
  "Elige 1 Invocación de tu Break Zone. Añádela a tu mano."
  "Elige 1 personaje controlado por tu oponente. Devuélvelo a la mano de su propietario."
  "Elige 1 Delantero. Ponlo en la parte superior del mazo de su propietario."</text>
      <prop>
        <type>Forward - IV - Lunarian</type>
        <manacost>5</manacost>
        <colors>Water</colors>
        <pt>8000</pt>
      </prop>
      <set picurl="https://fftcg.cdn.sewest.net/images/cards/full/16-119H_eg.jpg">Emissaries of Light</set>
      <tablerow>2</tablerow>
    </card>
    <card>
      <name>Firion (16-120C)</name>
      <text>Cuando un Delantero que ha recibido daño de Firion pasa del terreno de juego a la Break Zone en el mismo turno, coge 2 cartas.</text>
      <prop>
        <type>Forward - DFF · II - Warrior/Rebel</type>
        <manacost>5</manacost>
        <colors>Water</colors>
        <pt>9000</pt>
      </prop>
      <set picurl="https://fftcg.cdn.sewest.net/images/cards/full/16-120C_eg.jpg">Emissaries of Light</set>
      <tablerow>2</tablerow>
    </card>
    <card>
      <name>Vesvia (16-121R)</name>
      <text>[EX BURST] Cuando Vesvia entra al terreno de juego, si controlas 2 o más Oficio Miembro de los Mayordomos de Morze, coge 1 carta.
  Cuando Vesvia entra al terreno de juego, si controlas 4 o más Oficio Miembro de los Mayordomos de Morze, coge 1 carta.</text>
      <prop>
        <type>Forward - FFBE - Morze's Soiree Member</type>
        <manacost>4</manacost>
        <colors>Water</colors>
        <pt>8000</pt>
      </prop>
      <set picurl="https://fftcg.cdn.sewest.net/images/cards/full/16-121R_eg.jpg">Emissaries of Light</set>
      <tablerow>2</tablerow>
    </card>
    <card>
      <name>Marche (16-122R)</name>
      <text>Cuando Marche entra al terreno de juego, puedes buscar 1 personaje de coste 2 o menos que no sea Luz ni Oscuridad y jugarlo al terreno de juego.
  Cuando Marche ataca, si controlas 3 o más personajes Categoría FFTA , coge 1 carta. Si controlas 5 o más, coge 2 cartas en su lugar.</text>
      <prop>
        <type>Forward - FFTA - Clan Leader</type>
        <manacost>6</manacost>
        <colors>Water</colors>
        <pt>7000</pt>
      </prop>
      <set picurl="https://fftcg.cdn.sewest.net/images/cards/full/16-122R_eg.jpg">Emissaries of Light</set>
      <tablerow>2</tablerow>
    </card>
    <card>
      <name>Meia (16-123L)</name>
      <text>Prisa
  Meia no puede atacar ni bloquear.
  (Dull): Lanza 1 Invocación de tu mano. El coste requerido para lanzarla se reduce en 3 y puede pagarse con CP de cualquier elemento (no puede ser 0). Retira del juego esa Invocación tras usarla en lugar de ponerla en la Break Zone.</text>
      <prop>
        <type>Forward - MOBIUS - Amalthea</type>
        <manacost>1</manacost>
        <colors>Water</colors>
        <pt>7000</pt>
      </prop>
      <set picurl="https://fftcg.cdn.sewest.net/images/cards/full/16-123L_eg.jpg">Emissaries of Light</set>
      <tablerow>2</tablerow>
    </card>
    <card>
      <name>Lightning (16-124H)</name>
      <text>Cuando Lightning entra al terreno de juego, elige 1 Delantero. Si el número de Delanteros controlados por tu oponente es mayor que el número de Delanteros que controlas, retíralo del juego.
  Cambio de arquetipo (S): Retira Lightning del juego. Juega Lightning al terreno de juego al final del turno.</text>
      <prop>
        <type>Forward - XIII - Savior</type>
        <manacost>3</manacost>
        <colors>Water</colors>
        <pt>7000</pt>
      </prop>
      <set picurl="https://fftcg.cdn.sewest.net/images/cards/full/16-124H_eg.jpg">Emissaries of Light</set>
      <tablerow>2</tablerow>
    </card>
    <card>
      <name>Leviathan (16-125C)</name>
      <text>Elige 1 Delantero de coste 5 o menos. Ponlo en la parte superior o inferior del mazo de su propietario. Si el coste para lanzar Leviatán se ha pagado con CP de 3 o más elementos distintos, también coge 1 carta, después descarta 1 carta de tu mano.</text>
      <prop>
        <type>Summon - VII</type>
        <manacost>4</manacost>
        <colors>Water</colors>
        <pt>0</pt>
      </prop>
      <set picurl="https://fftcg.cdn.sewest.net/images/cards/full/16-125C_eg.jpg">Emissaries of Light</set>
      <tablerow>3</tablerow>
    </card>
    <card>
      <name>Leo (16-126R)</name>
      <text>Debes controlar personajes de coste 1, 2, 3, 4, 5 y 6 para lanzar Leo.
  No puedes jugar Leo a causa de Invocaciones o habilidades.
  Cuando Leo entra al terreno de juego, mira las 5 cartas de la parte superior de tu mazo. Lanza 1 carta de entre ellas sin pagar su coste y pon el resto en la parte inferior de tu mazo en el orden que quieras.</text>
      <prop>
        <type>Forward - FFCC - King</type>
        <manacost>1</manacost>
        <colors>Water</colors>
        <pt>7000</pt>
      </prop>
      <set picurl="https://fftcg.cdn.sewest.net/images/cards/full/16-126R_eg.jpg">Emissaries of Light</set>
      <tablerow>2</tablerow>
    </card>
    <card>
      <name>Warrior of Light (16-127L)</name>
      <text>Por cada Delantero que controlas que no sea Guerrero de la Luz, Guerrero de la Luz gana +1000 de poder.
  Retira del juego Guerrero de la Luz: Hasta el final del turno, todos los Delanteros que controlas ganan "Este Delantero no puede romperse". Solo puedes usar esta habilidad durante el turno de tu oponente.</text>
      <prop>
        <type>Forward - DFF · I - Warrior of Light</type>
        <manacost>2</manacost>
        <colors>Light</colors>
        <pt>5000</pt>
      </prop>
      <set picurl="https://fftcg.cdn.sewest.net/images/cards/full/16-127L_eg.jpg">Emissaries of Light</set>
      <tablerow>2</tablerow>
    </card>
    <card>
      <name>Bartz (16-128H)</name>
      <text>(4), pon Bartz en la Break Zone: Elige 1 Delantero. Rómpelo.
  (2), retira del juego Bartz de la Break Zone: Revela las 5 cartas de la parte superior de tu mazo. Añade 1 Oficio Guerrero de la Luz de entre ellas a tu mano y pon el resto en la parte inferior de tu mazo en el orden que quieras. Solo puedes usar esta habilidad si Bartz está en la Break Zone.</text>
      <prop>
        <type>Forward - V - Wanderer/Warrior of Light</type>
        <manacost>1</manacost>
        <colors>Light</colors>
        <pt>5000</pt>
      </prop>
      <set picurl="https://fftcg.cdn.sewest.net/images/cards/full/16-128H_eg.jpg">Emissaries of Light</set>
      <tablerow>2</tablerow>
    </card>
    <card>
      <name>Chaos (16-129L)</name>
      <text>El coste requerido para lanzar Caos se reduce en 2 por cada elemento entre los personajes controlados por tu oponente.
  Cuando Caos entra al terreno de juego, tu oponente selecciona 1 Delantero que controla que no sea Luz ni Oscuridad. Pasas a controlarlo.
  (Dull), pon en la Break Zone 1 personaje que controlas propiedad de tu oponente: Elige 1 Delantero. Rómpelo.</text>
      <prop>
        <type>Forward - I - Chaos</type>
        <manacost>11</manacost>
        <colors>Dark</colors>
        <pt>8000</pt>
      </prop>
      <set picurl="https://fftcg.cdn.sewest.net/images/cards/full/16-129L_eg.jpg">Emissaries of Light</set>
      <tablerow>2</tablerow>
    </card>
    <card>
      <name>Twintania (16-130H)</name>
      <text>Titán gemelo es también un Monstruo en cualquier situación.
  Titán gemelo entra al terreno de juego en dull.
  Cuando Titán gemelo entra al terreno de juego, o Titán gemelo activo se pone en dull, pon 1 Contador Gigafulgor sobre Titán gemelo.
  Al principio de la Main Phase 1 durante cada uno de tus turnos, retira 1 Contador Gigafulgor de Titán gemelo. Cuando lo haces, elige 1 Delantero controlado por tu oponente. Inflígele 7000 puntos de daño.</text>
      <prop>
        <type>Forward - V - Beast</type>
        <manacost>2</manacost>
        <colors>Dark</colors>
        <pt>8000</pt>
      </prop>
      <set picurl="https://fftcg.cdn.sewest.net/images/cards/full/16-130H_eg.jpg">Emissaries of Light</set>
      <tablerow>2</tablerow>
    </card>
    <card>
      <name>Jecht (16-131S)</name>
      <text>[EX BURST] Cuando Jecht entra al terreno de juego, elige 1 Delantero controlado por tu oponente. Inflígele 4000 puntos de daño y 1000 puntos adicionales por cada personaje Categoría X que controlas.
  Pon Jecht en la Break Zone: Busca 1 personaje Luz u Oscuridad y añádelo a tu mano.</text>
      <prop>
        <type>Forward - DFF · X - Guardian</type>
        <manacost>5</manacost>
        <colors>Fire</colors>
        <pt>9000</pt>
      </prop>
      <set picurl="https://fftcg.cdn.sewest.net/images/cards/full/16-131S_eg.jpg">Emissaries of Light</set>
      <tablerow>2</tablerow>
    </card>
    <card>
      <name>Bahamut (16-132S)</name>
      <text>Antes de pagar el coste para lanzar Bahamut, puedes retirar del juego 10 personajes Fuego y/o personajes Categoría X de tu Break Zone para reducir en 5 el coste requerido para lanzar Bahamut.
  Elige 1 Delantero. Inflígele 10000 puntos de daño. Si pasa del terreno de juego a la Break Zone este turno, retíralo del juego en su lugar.</text>
      <prop>
        <type>Summon - X</type>
        <manacost>6</manacost>
        <colors>Fire</colors>
        <pt>0</pt>
      </prop>
      <set picurl="https://fftcg.cdn.sewest.net/images/cards/full/16-132S_eg.jpg">Emissaries of Light</set>
      <tablerow>3</tablerow>
    </card>
    <card>
      <name>Braska (16-133S)</name>
      <text>Puedes usar la habilidad especial de Braska descartando una Invocación en lugar de una Nombre de la carta Braska para pagar el coste.
  Invocación (S): Elige 1 Delantero. Inflígele 7000 puntos de daño.
  Invocación+ (S)(Fire)(Fire)(Wind)(Water): Elige 2 Delanteros controlados por tu oponente. Rómpelos. Braska inflige a tu oponente 1 punto de daño.</text>
      <prop>
        <type>Forward - X - Summoner</type>
        <manacost>2</manacost>
        <colors>Fire</colors>
        <pt>5000</pt>
      </prop>
      <set picurl="https://fftcg.cdn.sewest.net/images/cards/full/16-133S_eg.jpg">Emissaries of Light</set>
      <tablerow>2</tablerow>
    </card>
    <card>
      <name>Yuna (16-134S)</name>
      <text>Cuando Yuna entra al terreno de juego, selecciona 1 de las siguientes 2 acciones. Si has recibido 5 o más puntos de daño, selecciona hasta 2 de las siguientes 2 acciones en su lugar.
  "Elige 1 Oficio Guardián de coste 2 o menos de tu Break Zone. Juégala al terreno de juego." "Activa todos los Apoyos que controlas."
  Daños 3 -- Yuna gana "Los Delanteros Oficio Guardián que controlas ganan +2000 de poder."</text>
      <prop>
        <type>Forward - DFF · X - Summoner</type>
        <manacost>4</manacost>
        <colors>Wind</colors>
        <pt>7000</pt>
      </prop>
      <set picurl="https://fftcg.cdn.sewest.net/images/cards/full/16-134S_eg.jpg">Emissaries of Light</set>
      <tablerow>2</tablerow>
    </card>
    <card>
      <name>Lulu (16-135S)</name>
      <text>Cuando Lulu entra al terreno de juego, elige 1 Nombre de la carta Yuna o Invocación de tu Break Zone. Puedes añadirla a tu mano.
  Cuando lanzas una Invocación, elige hasta 1 Delantero controlado por tu oponente. Su poder pasa a ser 5000 hasta el final del turno. Este efecto solo se desencadena durante tu turno.</text>
      <prop>
        <type>Forward - DFF · X - Guardian</type>
        <manacost>3</manacost>
        <colors>Wind</colors>
        <pt>5000</pt>
      </prop>
      <set picurl="https://fftcg.cdn.sewest.net/images/cards/full/16-135S_eg.jpg">Emissaries of Light</set>
      <tablerow>2</tablerow>
    </card>
    <card>
      <name>Auron (16-136S)</name>
      <text>Las Invocaciones o habilidades de tu oponente elegirán como objetivo a Auron siempre que sea posible.
  Si controlas un Delantero Oficio Invocador o un Delantero Oficio Guardián que no sea Auron, Auron gana "Cuando Auron pasa del terreno de juego a la Break Zone, coge 1 carta."
  Daños 3 -- Auron gana +3000 de poder.</text>
      <prop>
        <type>Forward - X - Guardian</type>
        <manacost>2</manacost>
        <colors>Water</colors>
        <pt>4000</pt>
      </prop>
      <set picurl="https://fftcg.cdn.sewest.net/images/cards/full/16-136S_eg.jpg">Emissaries of Light</set>
      <tablerow>2</tablerow>
    </card>
    <card>
      <name>Rikku (16-137S)</name>
      <text>[EX BURST] Cuando Rikku ataca, elige 1 Delantero controlado por tu oponente. Devuélvelo a la mano de su propietario. Si controlas un Delantero Oficio Invocador, ponlo en la parte superior del mazo de su propietario y coge 1 carta en su lugar.</text>
      <prop>
        <type>Forward - X - Al Bhed/Guardian</type>
        <manacost>4</manacost>
        <colors>Water</colors>
        <pt>8000</pt>
      </prop>
      <set picurl="https://fftcg.cdn.sewest.net/images/cards/full/16-137S_eg.jpg">Emissaries of Light</set>
      <tablerow>2</tablerow>
    </card>
    <card>
      <name>Wakka (16-138S)</name>
      <text>Puedes retirar 3 Contadores Ruleta de Wakka para usar la habilidad especial de Wakka sin pagar su coste.
  Cuando Wakka o un Delantero Categoría X entra a tu terreno de juego, pon 1 Contador Ruleta sobre Wakka.
  Aurochs unidos (S)(Water): Elige 1 Delantero. Este pierde todas sus habilidades hasta el final del turno. Rómpelo.</text>
      <prop>
        <type>Forward - X - Guardian</type>
        <manacost>2</manacost>
        <colors>Water</colors>
        <pt>5000</pt>
      </prop>
      <set picurl="https://fftcg.cdn.sewest.net/images/cards/full/16-138S_eg.jpg">Emissaries of Light</set>
      <tablerow>2</tablerow>
    </card>
    <card>
      <name>Tidus (16-139S)</name>
      <text>El coste requerido para lanzar Tidus se reduce en 1 por cada Delantero Categoría X que controlas.
  [EX BURST] Cuando Tidus entra al terreno de juego, puedes buscar 1 Nombre de la carta Jecht, Nombre de la carta Yuna o Nombre de la carta Wakka y añadirla a tu mano.
  Cuando Tidus ataca, todos los Delanteros que controlas ganan +2000 de poder hasta el final del turno.</text>
      <prop>
        <type>Forward - X - Guardian</type>
        <manacost>3</manacost>
        <colors>Light</colors>
        <pt>7000</pt>
      </prop>
      <set picurl="https://fftcg.cdn.sewest.net/images/cards/full/16-139S_eg.jpg">Emissaries of Light</set>
      <tablerow>2</tablerow>
    </card>
    <card>
      <name>Sin (16-140S)</name>
      <text>Cuando Sinh se añade a tu mano desde el mazo a causa de un efecto de búsqueda, puedes pagar (3). Cuando lo haces, elige 1 Delantero. Rómpelo.
  Cuando Sinh entra al terreno de juego, rompe todos los Delanteros que no sean Sinh. Si has recibido 6 puntos de daño, rompe todos los Delanteros controlados por tu oponente en su lugar.</text>
      <prop>
        <type>Forward - X - Final Aeon</type>
        <manacost>9</manacost>
        <colors>Dark</colors>
        <pt>10000</pt>
      </prop>
      <set picurl="https://fftcg.cdn.sewest.net/images/cards/full/16-140S_eg.jpg">Emissaries of Light</set>
      <tablerow>2</tablerow>
    </card>
    <card>
      <name> (C-003)</name>
      <text></text>
      <prop>
        <type>Crystal - Crystal Hunt</type>
        <manacost>0</manacost>
        <colors></colors>
        <pt>0</pt>
      </prop>
      <set picurl="https://fftcg.cdn.sewest.net/images/cards/full/C-003_eg.jpg">Emissaries of Light</set>
      <tablerow>1</tablerow>
    </card>
    <card>
      <name> (C-004)</name>
      <text></text>
      <prop>
        <type>Crystal - Crystal Hunt</type>
        <manacost>0</manacost>
        <colors></colors>
        <pt>0</pt>
      </prop>
      <set picurl="https://fftcg.cdn.sewest.net/images/cards/full/C-004_eg.jpg">Emissaries of Light</set>
      <tablerow>1</tablerow>
    </card>
  </cards>
</cockatrice_carddatabase>