<?xml version="1.0" encoding="UTF-8"?>
<cockatrice_carddatabase version="4">
  <sets>
    <set>
      <name>From Nightmares</name>
      <longname>From Nightmares</longname>
      <settype>Custom</settype>
      <releasedate></releasedate>
    </set>
  </sets>
  <cards>
    <card>
      <name>Ifrit (19-001R)</name>
      <text>Si un Delantero Fuego ha entrado a tu terreno de juego este turno, el coste requerido para lanzar Ifrit se reduce en 3.
  Elige 1 Delantero. Inflígele 7000 puntos de daño.</text>
      <prop>
        <type>Summon - IX</type>
        <manacost>3</manacost>
        <colors>Fire</colors>
        <pt>0</pt>
      </prop>
      <set picurl="https://fftcg.cdn.sewest.net/images/cards/full/19-001R_eg.jpg">From Nightmares</set>
      <tablerow>3</tablerow>
    </card>
    <card>
      <name>Ace (19-002L)</name>
      <text>Cuando Ace entra al terreno de juego, si no retiras del juego 5 cartas Fuego de tu Break Zone, pon Ace en la Break Zone.
  Cuando Ace ataca, elige 1 Delantero controlado por tu oponente. Inflígele 10000 puntos de daño.
  Espiral de naipes (S): Hasta el final del turno, Ace gana Bravura y "Ace puede atacar dos veces en el mismo turno".</text>
      <prop>
        <type>Forward - DFF · TYPE-0 - Class Zero Cadet</type>
        <manacost>1</manacost>
        <colors>Fire</colors>
        <pt>9000</pt>
      </prop>
      <set picurl="https://fftcg.cdn.sewest.net/images/cards/full/19-002L_eg.jpg">From Nightmares</set>
      <tablerow>2</tablerow>
    </card>
    <card>
      <name>Edgar (19-003R)</name>
      <text>(Fire)(2)(Dull), pon Edgar en la Break Zone: Elige 1 Nombre de la carta Sabin de coste 4 o menos de tu Break Zone. Juégala al terreno de juego.
  Autoballesta (S)(Dull): Elige hasta 3 Delanteros. Inflígeles 5000 puntos de daño.</text>
      <prop>
        <type>Backup - VI - King</type>
        <manacost>2</manacost>
        <colors>Fire</colors>
        <pt>0</pt>
      </prop>
      <set picurl="https://fftcg.cdn.sewest.net/images/cards/full/19-003R_eg.jpg">From Nightmares</set>
      <tablerow>0</tablerow>
    </card>
    <card>
      <name>Kukki-Chebukki (19-004R)</name>
      <text>(Dull): Elige 1 Delantero. Inflígele 2000 puntos de daño. Si pasa del terreno de juego a la Break Zone este turno, retíralo del juego en su lugar.</text>
      <prop>
        <type>Forward - XI - Black Mage</type>
        <manacost>3</manacost>
        <colors>Fire</colors>
        <pt>6000</pt>
      </prop>
      <set picurl="https://fftcg.cdn.sewest.net/images/cards/full/19-004R_eg.jpg">From Nightmares</set>
      <tablerow>2</tablerow>
    </card>
    <card>
      <name>Sazh (19-005C)</name>
      <text>Cuando Sazh entra al terreno de juego, puedes buscar 1 Nombre de la carta Dajh y añadirla a tu mano.</text>
      <prop>
        <type>Forward - DFF · XIII - L'Cie</type>
        <manacost>2</manacost>
        <colors>Fire</colors>
        <pt>5000</pt>
      </prop>
      <set picurl="https://fftcg.cdn.sewest.net/images/cards/full/19-005C_eg.jpg">From Nightmares</set>
      <tablerow>2</tablerow>
    </card>
    <card>
      <name>Tifa (19-006C)</name>
      <text>Transporte 3 -- (Fire)(1)
  Bravura
  Tifa puede atacar dos veces en el mismo turno.</text>
      <prop>
        <type>Forward - THEATRHYTHM · VII - Martial Artist</type>
        <manacost>5</manacost>
        <colors>Fire</colors>
        <pt>9000</pt>
      </prop>
      <set picurl="https://fftcg.cdn.sewest.net/images/cards/full/19-006C_eg.jpg">From Nightmares</set>
      <tablerow>2</tablerow>
    </card>
    <card>
      <name>Dajh (19-007C)</name>
      <text>[EX BURST] Cuando Dajh entra al terreno de juego, puedes descartar 1 carta. Si lo haces, coge 1 carta.
  Las Nombre de la carta Sazh que controlas ganan +1000 de poder e Iniciativa.</text>
      <prop>
        <type>Backup - XIII - L'Cie</type>
        <manacost>2</manacost>
        <colors>Fire</colors>
        <pt>0</pt>
      </prop>
      <set picurl="https://fftcg.cdn.sewest.net/images/cards/full/19-007C_eg.jpg">From Nightmares</set>
      <tablerow>0</tablerow>
    </card>
    <card>
      <name>Buffasaur (19-008R)</name>
      <text>Cuando un Delantero de tu oponente entra al terreno de juego, puedes poner Buffasaur en la Break Zone. Cuando lo haces, inflígele 8000 puntos de daño. Buffasaur te inflige 1 punto de daño.</text>
      <prop>
        <type>Monster - FFCC - Buffasaur</type>
        <manacost>2</manacost>
        <colors>Fire</colors>
        <pt>0</pt>
      </prop>
      <set picurl="https://fftcg.cdn.sewest.net/images/cards/full/19-008R_eg.jpg">From Nightmares</set>
      <tablerow>1</tablerow>
    </card>
    <card>
      <name>Bomb (19-009C)</name>
      <text>Si controlas 3 o más Apoyos Fuego, Bom también pasa a ser un Delantero con 5000 de poder y "Cuando Bom pasa del terreno de juego a la Break Zone, elige 1 Delantero. Inflígele 2000 puntos de daño".
  Cuando Bom entra al terreno de juego, puedes poner en dull 2 Apoyos Fuego activos que controlas. Cuando lo haces, busca 1 Nombre de la carta Bom de coste 2 o menos y juégala al terreno de juego.</text>
      <prop>
        <type>Monster - IX - Bomb</type>
        <manacost>2</manacost>
        <colors>Fire</colors>
        <pt>5000</pt>
      </prop>
      <set picurl="https://fftcg.cdn.sewest.net/images/cards/full/19-009C_eg.jpg">From Nightmares</set>
      <tablerow>1</tablerow>
    </card>
    <card>
      <name>Sabin (19-010H)</name>
      <text>Si controlas 4 o más personajes Categoría VI, el coste requerido para lanzar Sabin se reduce en 2.
  Cuando Sabin entra al terreno de juego, elige un número de Delanteros controlados por tu oponente menor o igual al número de personajes Categoría VI que han pasado de tu terreno de juego a la Break Zone durante este turno. Inflígeles 8000 puntos de daño.</text>
      <prop>
        <type>Forward - VI - Monk</type>
        <manacost>4</manacost>
        <colors>Fire</colors>
        <pt>8000</pt>
      </prop>
      <set picurl="https://fftcg.cdn.sewest.net/images/cards/full/19-010H_eg.jpg">From Nightmares</set>
      <tablerow>2</tablerow>
    </card>
    <card>
      <name>Miyu (19-011C)</name>
      <text>Cuando Miyu entra al terreno de juego, puedes buscar 1 Oficio Aspirante y añadirla a tu mano.</text>
      <prop>
        <type>Backup - TYPE-0 - Agito Cadet</type>
        <manacost>4</manacost>
        <colors>Fire</colors>
        <pt>0</pt>
      </prop>
      <set picurl="https://fftcg.cdn.sewest.net/images/cards/full/19-011C_eg.jpg">From Nightmares</set>
      <tablerow>0</tablerow>
    </card>
    <card>
      <name>Monk (19-012C)</name>
      <text>(Dull), pon Monje en la Break Zone: Elige 1 Delantero atacante. Este gana +4000 de poder hasta el final del turno.
  Daños 3 -- Cuando Monje entra al terreno de juego, elige 1 Delantero. Inflígele 7000 puntos de daño.</text>
      <prop>
        <type>Backup - FFEX - Standard Unit</type>
        <manacost>2</manacost>
        <colors>Fire</colors>
        <pt>0</pt>
      </prop>
      <set picurl="https://fftcg.cdn.sewest.net/images/cards/full/19-012C_eg.jpg">From Nightmares</set>
      <tablerow>0</tablerow>
    </card>
    <card>
      <name>Lilty (19-013C)</name>
      <text>Bravura
  Cuando Lilti entra al terreno de juego, elige 1 Delantero. Si el coste para lanzar Lilti se ha pagado con CP de 3 o más elementos distintos, inflígele 8000 puntos de daño.</text>
      <prop>
        <type>Forward - FFCC - Standard Unit</type>
        <manacost>4</manacost>
        <colors>Fire</colors>
        <pt>8000</pt>
      </prop>
      <set picurl="https://fftcg.cdn.sewest.net/images/cards/full/19-013C_eg.jpg">From Nightmares</set>
      <tablerow>2</tablerow>
    </card>
    <card>
      <name>Luneth (19-014C)</name>
      <text>Cuando Luneth entra al terreno de juego, inflige 5000 puntos de daño a todos los Delanteros controlados por tu oponente.</text>
      <prop>
        <type>Backup - III - Warrior of Light</type>
        <manacost>4</manacost>
        <colors>Fire</colors>
        <pt>0</pt>
      </prop>
      <set picurl="https://fftcg.cdn.sewest.net/images/cards/full/19-014C_eg.jpg">From Nightmares</set>
      <tablerow>0</tablerow>
    </card>
    <card>
      <name>Ruby Weapon (19-015R)</name>
      <text>Si Arma rubí recibe daño, el daño se vuelve 1000 en su lugar.
  Cuando Arma rubí bloquea, pon en dull Arma rubí.
  Remolino de arena (S): Elige 1 Delantero. Retíralo del juego. Solo puedes usar esta habilidad si tu oponente controla 2 o más Delanteros.</text>
      <prop>
        <type>Forward - MOBIUS · VII - Weapon</type>
        <manacost>6</manacost>
        <colors>Fire</colors>
        <pt>9000</pt>
      </prop>
      <set picurl="https://fftcg.cdn.sewest.net/images/cards/full/19-015R_eg.jpg">From Nightmares</set>
      <tablerow>2</tablerow>
    </card>
    <card>
      <name>Laragorn (19-016H)</name>
      <text>Cuando Laragorn entra al terreno de juego, puedes buscar 1 Nombre de la carta Moebius o Nombre de la carta Curlax y jugarla al terreno de juego.
  (Fire)(Ice)(Lightning)(Dull): Elige 1 Nombre de la carta Moebius o Nombre de la carta Curlax de tu Break Zone. Juégala al terreno de juego.</text>
      <prop>
        <type>Forward - VI - Dream Stooge</type>
        <manacost>4</manacost>
        <colors>Fire</colors>
        <pt>6000</pt>
      </prop>
      <set picurl="https://fftcg.cdn.sewest.net/images/cards/full/19-016H_eg.jpg">From Nightmares</set>
      <tablerow>2</tablerow>
    </card>
    <card>
      <name>Leon (19-017R)</name>
      <text>Si controlas 4 o más Oficio Rebelde, Leon gana +4000 de poder y Prisa.
  Cuando Leon entra al terreno de juego, puedes buscar 1 Nombre de la carta María y añadirla a tu mano.</text>
      <prop>
        <type>Forward - II - Warrior/Rebel</type>
        <manacost>3</manacost>
        <colors>Fire</colors>
        <pt>5000</pt>
      </prop>
      <set picurl="https://fftcg.cdn.sewest.net/images/cards/full/19-017R_eg.jpg">From Nightmares</set>
      <tablerow>2</tablerow>
    </card>
    <card>
      <name>Waltrill (19-018R)</name>
      <text>Al final de cada uno de tus turnos, ganas (C).</text>
      <prop>
        <type>Forward - FFCC - Yuke</type>
        <manacost>2</manacost>
        <colors>Ice</colors>
        <pt>5000</pt>
      </prop>
      <set picurl="https://fftcg.cdn.sewest.net/images/cards/full/19-018R_eg.jpg">From Nightmares</set>
      <tablerow>2</tablerow>
    </card>
    <card>
      <name>Vincent (19-019R)</name>
      <text>Cuando Vincent entra al terreno de juego, elige hasta 3 Apoyos. Congélalos.
  (Dull): Elige 1 personaje. Congélalo.
  Tiro de pesadilla (S)(Ice)(Dull): Elige 1 Delantero. Inflígele 8000 puntos de daño.</text>
      <prop>
        <type>Forward - DFF · VII - Gunslinger</type>
        <manacost>3</manacost>
        <colors>Ice</colors>
        <pt>7000</pt>
      </prop>
      <set picurl="https://fftcg.cdn.sewest.net/images/cards/full/19-019R_eg.jpg">From Nightmares</set>
      <tablerow>2</tablerow>
    </card>
    <card>
      <name>Umaro (19-020H)</name>
      <text>Bravura
  Pon Umaro en la Break Zone: Elige 1 Delantero. Inflígele daño equivalente al poder de Umaro.
  Descarta 2 personajes Categoría VI: Juega Umaro al terreno de juego en dull. Solo puedes usar esta habilidad durante tu Main Phase y si Umaro está en la Break Zone.</text>
      <prop>
        <type>Forward - VI - Yeti</type>
        <manacost>4</manacost>
        <colors>Ice</colors>
        <pt>8000</pt>
      </prop>
      <set picurl="https://fftcg.cdn.sewest.net/images/cards/full/19-020H_eg.jpg">From Nightmares</set>
      <tablerow>2</tablerow>
    </card>
    <card>
      <name>Cloud of Darkness (19-021C)</name>
      <text>Cuando Nube de Oscuridad entra al terreno de juego, elige 1 Monstruo controlado por tu oponente. Rómpelo.
  Daños 3 -- Nube de Oscuridad gana Bravura.</text>
      <prop>
        <type>Forward - DFF · III - Wraith</type>
        <manacost>5</manacost>
        <colors>Ice</colors>
        <pt>9000</pt>
      </prop>
      <set picurl="https://fftcg.cdn.sewest.net/images/cards/full/19-021C_eg.jpg">From Nightmares</set>
      <tablerow>2</tablerow>
    </card>
    <card>
      <name>Shiva (19-022R)</name>
      <text>Si un Delantero Frío ha entrado a tu terreno de juego este turno, el coste requerido para lanzar Shiva se reduce en 4.
  Elige 1 Delantero controlado por tu oponente. Ponlo en dull y congélalo. Coge 1 carta.</text>
      <prop>
        <type>Summon - FFEX</type>
        <manacost>4</manacost>
        <colors>Ice</colors>
        <pt>0</pt>
      </prop>
      <set picurl="https://fftcg.cdn.sewest.net/images/cards/full/19-022R_eg.jpg">From Nightmares</set>
      <tablerow>3</tablerow>
    </card>
    <card>
      <name>Snow (19-023C)</name>
      <text>Si tu oponente tiene 1 carta o menos en su mano, Snow gana +2000 de poder.
  Cuando Snow bloquea, tu oponente descarta 1 carta.</text>
      <prop>
        <type>Forward - DFF · XIII - Sentinel/L'Cie</type>
        <manacost>4</manacost>
        <colors>Ice</colors>
        <pt>8000</pt>
      </prop>
      <set picurl="https://fftcg.cdn.sewest.net/images/cards/full/19-023C_eg.jpg">From Nightmares</set>
      <tablerow>2</tablerow>
    </card>
    <card>
      <name>Sarah (MOBIUS) (19-024L)</name>
      <text>Sarah (MOBIUS) no puede atacar ni bloquear.
  (Dull): Elige 1 Delantero. Este gana +2000 de poder hasta el final del turno.
  (Dull): Elige 2 Delanteros. Ponlos en dull.
  (Dull): Elige 1 habilidad de apoyo de tu oponente. Si tu oponente no paga (2), cancela su efecto.</text>
      <prop>
        <type>Forward - MOBIUS - Twilight Queen</type>
        <manacost>2</manacost>
        <colors>Ice</colors>
        <pt>8000</pt>
      </prop>
      <set picurl="https://fftcg.cdn.sewest.net/images/cards/full/19-024L_eg.jpg">From Nightmares</set>
      <tablerow>2</tablerow>
    </card>
    <card>
      <name>Sephiroth (19-025R)</name>
      <text>Ataque furtivo
  El coste requerido para lanzar Sefirot se reduce en 1 por cada punto de daño que has recibido.
  Cuando Sefirot entra al terreno de juego, elige 1 Delantero en dull. Rómpelo.</text>
      <prop>
        <type>Backup - VII - War Hero</type>
        <manacost>6</manacost>
        <colors>Ice</colors>
        <pt>0</pt>
      </prop>
      <set picurl="https://fftcg.cdn.sewest.net/images/cards/full/19-025R_eg.jpg">From Nightmares</set>
      <tablerow>0</tablerow>
    </card>
    <card>
      <name>Curlax (19-026H)</name>
      <text>Cuando una Oficio Hermano onírico que controlas pasa del terreno de juego a la Break Zone, tu oponente descarta 1 carta.
  (0): Elige 1 Delantero. Ponlo en dull y congélalo. Solo puedes usar esta habilidad si controlas una Nombre de la carta Moebius y Nombre de la carta Laragorn y solo una vez por turno.</text>
      <prop>
        <type>Forward - VI - Dream Stooge</type>
        <manacost>3</manacost>
        <colors>Ice</colors>
        <pt>6000</pt>
      </prop>
      <set picurl="https://fftcg.cdn.sewest.net/images/cards/full/19-026H_eg.jpg">From Nightmares</set>
      <tablerow>2</tablerow>
    </card>
    <card>
      <name>Chocobo Eater (19-027R)</name>
      <text>Cuando Comechocobos entra al terreno de juego, elige 1 Delantero de coste 2 o menos controlado por tu oponente. Retíralo del juego mientras Comechocobos está en el terreno de juego.</text>
      <prop>
        <type>Monster - X - Chocobo Eater</type>
        <manacost>1</manacost>
        <colors>Ice</colors>
        <pt>0</pt>
      </prop>
      <set picurl="https://fftcg.cdn.sewest.net/images/cards/full/19-027R_eg.jpg">From Nightmares</set>
      <tablerow>1</tablerow>
    </card>
    <card>
      <name>Terra (19-028C)</name>
      <text>[EX BURST] Cuando Terra entra al terreno de juego, selecciona 1 de las siguientes 2 acciones.
  "Elige 1 Delantero en dull. Inflígele 8000 puntos de daño."
  "Elige 1 Invocación de tu Break Zone. Añádela a tu mano."
</text>
      <prop>
        <type>Backup - DFF · VI - Magitek Knight</type>
        <manacost>4</manacost>
        <colors>Ice</colors>
        <pt>0</pt>
      </prop>
      <set picurl="https://fftcg.cdn.sewest.net/images/cards/full/19-028C_eg.jpg">From Nightmares</set>
      <tablerow>0</tablerow>
    </card>
    <card>
      <name>Tohno (19-029C)</name>
      <text>Cuando Tohno entra al terreno de juego, elige 1 Delantero. Congélalo.
  (Dull), pon Tohno en la Break Zone: Tu oponente descarta 1 carta. Solo puedes usar esta habilidad durante tu turno.</text>
      <prop>
        <type>Backup - TYPE-0 - Agito Cadet</type>
        <manacost>2</manacost>
        <colors>Ice</colors>
        <pt>0</pt>
      </prop>
      <set picurl="https://fftcg.cdn.sewest.net/images/cards/full/19-029C_eg.jpg">From Nightmares</set>
      <tablerow>0</tablerow>
    </card>
    <card>
      <name>Norschtalen (19-030R)</name>
      <text>Cuando Norschtalen entra al terreno de juego, selecciona 1 de las siguientes 2 acciones.
  "Elige 1 Delantero Categoría FFCC que no sea Nombre de la carta Norschtalen de tu Break Zone. Añádelo a tu mano."
  "Elige 1 Delantero Nombre de la carta Waltrill de tu Break Zone. Juégalo al terreno de juego."</text>
      <prop>
        <type>Forward - FFCC - Yuke</type>
        <manacost>2</manacost>
        <colors>Ice</colors>
        <pt>5000</pt>
      </prop>
      <set picurl="https://fftcg.cdn.sewest.net/images/cards/full/19-030R_eg.jpg">From Nightmares</set>
      <tablerow>2</tablerow>
    </card>
    <card>
      <name>Flan (19-031C)</name>
      <text>Cuando Flan pasa del terreno de juego a la Break Zone, puedes buscar 1 Nombre de la carta Flan y añadirla a tu mano.
  (0): Hasta el final del turno, Flan también pasa a ser un Delantero con 3000 de poder. Solo puedes usar esta habilidad durante tu turno y solo una vez por turno.</text>
      <prop>
        <type>Monster - IX - Flan</type>
        <manacost>1</manacost>
        <colors>Ice</colors>
        <pt>3000</pt>
      </prop>
      <set picurl="https://fftcg.cdn.sewest.net/images/cards/full/19-031C_eg.jpg">From Nightmares</set>
      <tablerow>1</tablerow>
    </card>
    <card>
      <name>Yuke (19-032C)</name>
      <text>Iniciativa
  Cuando Yuko entra al terreno de juego, elige 1 Delantero en dull. Si el coste para lanzar Yuko se ha pagado con CP de 3 o más elementos distintos, rómpelo.</text>
      <prop>
        <type>Forward - FFCC - Standard Unit</type>
        <manacost>4</manacost>
        <colors>Ice</colors>
        <pt>8000</pt>
      </prop>
      <set picurl="https://fftcg.cdn.sewest.net/images/cards/full/19-032C_eg.jpg">From Nightmares</set>
      <tablerow>2</tablerow>
    </card>
    <card>
      <name>Lean (19-033C)</name>
      <text>Cuando Lean entra al terreno de juego, si tu oponente tiene 1 carta o menos en su mano, puedes buscar 1 carta y añadirla a tu mano.</text>
      <prop>
        <type>Backup - TYPE-0 - Scientist</type>
        <manacost>3</manacost>
        <colors>Ice</colors>
        <pt>0</pt>
      </prop>
      <set picurl="https://fftcg.cdn.sewest.net/images/cards/full/19-033C_eg.jpg">From Nightmares</set>
      <tablerow>0</tablerow>
    </card>
    <card>
      <name>Nu Mou (19-034C)</name>
      <text>(Dull), pon Nu mou en la Break Zone: Elige 1 personaje. Ponlo en dull y congélalo.
  Daños 3 -- Cuando Nu mou entra al terreno de juego, tu oponente descarta 1 carta.</text>
      <prop>
        <type>Backup - XII - Standard Unit</type>
        <manacost>2</manacost>
        <colors>Ice</colors>
        <pt>0</pt>
      </prop>
      <set picurl="https://fftcg.cdn.sewest.net/images/cards/full/19-034C_eg.jpg">From Nightmares</set>
      <tablerow>0</tablerow>
    </card>
    <card>
      <name>Alexander (19-035R)</name>
      <text>Si un Delantero Aire ha entrado a tu terreno de juego este turno, el coste requerido para lanzar Alejandro se reduce en 4.
  Selecciona 1 de las siguientes 2 acciones.
  "Elige 1 Delantero de coste 5 o más. Rómpelo."
  "Elige 1 Monstruo. Rómpelo. Coge 1 carta."</text>
      <prop>
        <type>Summon - FFEX</type>
        <manacost>4</manacost>
        <colors>Wind</colors>
        <pt>0</pt>
      </prop>
      <set picurl="https://fftcg.cdn.sewest.net/images/cards/full/19-035R_eg.jpg">From Nightmares</set>
      <tablerow>3</tablerow>
    </card>
    <card>
      <name>Vayne (19-036L)</name>
      <text>Cuando Vayne entra al terreno de juego o al principio de tu Main Phase 1 durante cada uno de tus turnos, elige 1 carta retirada del juego con un Contador Transporte sobre ella. Puedes retirar 1 Contador Transporte de ella.
  Cuando se retira un Contador Transporte de la carta de cualquier jugador, coge 1 carta. Este efecto solo se puede desencadenar una vez por turno.</text>
      <prop>
        <type>Forward - XII - Consul</type>
        <manacost>4</manacost>
        <colors>Wind</colors>
        <pt>8000</pt>
      </prop>
      <set picurl="https://fftcg.cdn.sewest.net/images/cards/full/19-036L_eg.jpg">From Nightmares</set>
      <tablerow>2</tablerow>
    </card>
    <card>
      <name>Wol (19-037R)</name>
      <text>Cuando Wol entra al terreno de juego, si hay exactamente 3 elementos distintos entre los personajes que controlas, puedes buscar 1 Delantero multielemento y añadirlo a tu mano.</text>
      <prop>
        <type>Forward - MOBIUS - Moogle Suit</type>
        <manacost>2</manacost>
        <colors>Wind</colors>
        <pt>5000</pt>
      </prop>
      <set picurl="https://fftcg.cdn.sewest.net/images/cards/full/19-037R_eg.jpg">From Nightmares</set>
      <tablerow>2</tablerow>
    </card>
    <card>
      <name>Evrae (19-038R)</name>
      <text>(0): Elige 1 Apoyo que controlas. Actívalo. Solo puedes usar esta habilidad durante tu turno y solo una vez por turno.</text>
      <prop>
        <type>Monster - X - Evrae</type>
        <manacost>1</manacost>
        <colors>Wind</colors>
        <pt>0</pt>
      </prop>
      <set picurl="https://fftcg.cdn.sewest.net/images/cards/full/19-038R_eg.jpg">From Nightmares</set>
      <tablerow>1</tablerow>
    </card>
    <card>
      <name>Emerald Weapon (19-039R)</name>
      <text>Cuando Arma esmeralda se descarta a causa de las Invocaciones o habilidades de tu oponente, puedes pagar (1). Si lo haces, juega Arma esmeralda de tu Break Zone al terreno de juego.
  Tormenta de aire (S)(Wind)(Wind)(Wind)(Dull): Inflige 2000 puntos de daño por cada Apoyo controlado por tu oponente a todos los Delanteros controlados por tu oponente.</text>
      <prop>
        <type>Forward - MOBIUS · VII - Weapon</type>
        <manacost>5</manacost>
        <colors>Wind</colors>
        <pt>9000</pt>
      </prop>
      <set picurl="https://fftcg.cdn.sewest.net/images/cards/full/19-039R_eg.jpg">From Nightmares</set>
      <tablerow>2</tablerow>
    </card>
    <card>
      <name>Thief (19-040C)</name>
      <text>Si Ladrón recibe daño de las habilidades de tu oponente, el daño se vuelve 0 en su lugar.
  Cuando Ladrón entra al terreno de juego, si el coste para lanzar Ladrón se ha pagado con CP de 3 o más elementos distintos, tu oponente pone las 3 cartas de la parte superior de su mazo en la Break Zone.</text>
      <prop>
        <type>Forward - III - Standard Unit</type>
        <manacost>4</manacost>
        <colors>Wind</colors>
        <pt>8000</pt>
      </prop>
      <set picurl="https://fftcg.cdn.sewest.net/images/cards/full/19-040C_eg.jpg">From Nightmares</set>
      <tablerow>2</tablerow>
    </card>
    <card>
      <name>Cid Highwind (19-041H)</name>
      <text>(Dull), devuelve 1 personaje Categoría VII que no sea Cid Highwind a la mano de su propietario: Elige 2 personajes. Actívalos. Solo puedes usar esta habilidad una vez por turno.</text>
      <prop>
        <type>Forward - VII - Engineer</type>
        <manacost>2</manacost>
        <colors>Wind</colors>
        <pt>5000</pt>
      </prop>
      <set picurl="https://fftcg.cdn.sewest.net/images/cards/full/19-041H_eg.jpg">From Nightmares</set>
      <tablerow>2</tablerow>
    </card>
    <card>
      <name>White Mage (19-042C)</name>
      <text>(1)(Dull), pon Mago blanco en la Break Zone: Elige 1 Delantero multielemento de tu Break Zone. Añádelo a tu mano.
  Daños 3 -- Cuando Mago blanco entra al terreno de juego, elige hasta 2 Apoyos. Actívalos.
</text>
      <prop>
        <type>Backup - III - Standard Unit</type>
        <manacost>2</manacost>
        <colors>Wind</colors>
        <pt>0</pt>
      </prop>
      <set picurl="https://fftcg.cdn.sewest.net/images/cards/full/19-042C_eg.jpg">From Nightmares</set>
      <tablerow>0</tablerow>
    </card>
    <card>
      <name>Zu (19-043C)</name>
      <text>Cuando un personaje en dull que controlas se activa a causa de tus Invocaciones o habilidades, hasta el final del turno, Zu también pasa a ser un Delantero con 8000 de poder. Este efecto solo se puede desencadenar una vez por turno.</text>
      <prop>
        <type>Monster - X - Zu</type>
        <manacost>2</manacost>
        <colors>Wind</colors>
        <pt>8000</pt>
      </prop>
      <set picurl="https://fftcg.cdn.sewest.net/images/cards/full/19-043C_eg.jpg">From Nightmares</set>
      <tablerow>1</tablerow>
    </card>
    <card>
      <name>Sarah (MOBIUS) (19-044R)</name>
      <text>Los Delanteros Categoría MOBIUS que controlas ganan +1000 de poder.</text>
      <prop>
        <type>Backup - MOBIUS - Raven Peeress</type>
        <manacost>3</manacost>
        <colors>Wind</colors>
        <pt>0</pt>
      </prop>
      <set picurl="https://fftcg.cdn.sewest.net/images/cards/full/19-044R_eg.jpg">From Nightmares</set>
      <tablerow>0</tablerow>
    </card>
    <card>
      <name>Sophie (19-045H)</name>
      <text>Transporte 1 -- (Wind)
  Cuando Sophie entra al terreno de juego, selecciona de las siguientes 3 acciones un número menor o igual al número de Delanteros que controlas que no sean Sophie.
  "Elige 1 Monstruo. Rómpelo."
  "Activa todos los Apoyos que controlas."
  "Hasta el final del turno, Sophie gana +2000 de poder y Prisa."</text>
      <prop>
        <type>Forward - MOBIUS - Freelancer</type>
        <manacost>4</manacost>
        <colors>Wind</colors>
        <pt>7000</pt>
      </prop>
      <set picurl="https://fftcg.cdn.sewest.net/images/cards/full/19-045H_eg.jpg">From Nightmares</set>
      <tablerow>2</tablerow>
    </card>
    <card>
      <name>Buddy (19-046C)</name>
      <text>Cuando Colega entra al terreno de juego, puedes buscar 1 Apoyo Categoría X y añadirlo a tu mano.</text>
      <prop>
        <type>Backup - X - Gullwings</type>
        <manacost>4</manacost>
        <colors>Wind</colors>
        <pt>0</pt>
      </prop>
      <set picurl="https://fftcg.cdn.sewest.net/images/cards/full/19-046C_eg.jpg">From Nightmares</set>
      <tablerow>0</tablerow>
    </card>
    <card>
      <name>Gramps (19-047C)</name>
      <text>Daños 5 -- [EX BURST] Cuando Abuelo entra al terreno de juego, elige 1 Delantero de coste 4 o más. Rómpelo.</text>
      <prop>
        <type>Backup - FFL - Elderly Man</type>
        <manacost>2</manacost>
        <colors>Wind</colors>
        <pt>0</pt>
      </prop>
      <set picurl="https://fftcg.cdn.sewest.net/images/cards/full/19-047C_eg.jpg">From Nightmares</set>
      <tablerow>0</tablerow>
    </card>
    <card>
      <name>Bartz (19-048C)</name>
      <text>(Dull), pon Bartz en la parte inferior del mazo de su propietario: Coge 2 cartas.</text>
      <prop>
        <type>Forward - FFEX · V - Wanderer</type>
        <manacost>2</manacost>
        <colors>Wind</colors>
        <pt>5000</pt>
      </prop>
      <set picurl="https://fftcg.cdn.sewest.net/images/cards/full/19-048C_eg.jpg">From Nightmares</set>
      <tablerow>2</tablerow>
    </card>
    <card>
      <name>Makki-Chebukki (19-049R)</name>
      <text>(Dull): Tu oponente pone la carta superior de su mazo en la Break Zone. Solo puedes usar esta habilidad una vez por turno.</text>
      <prop>
        <type>Forward - XI - Ranger</type>
        <manacost>3</manacost>
        <colors>Wind</colors>
        <pt>6000</pt>
      </prop>
      <set picurl="https://fftcg.cdn.sewest.net/images/cards/full/19-049R_eg.jpg">From Nightmares</set>
      <tablerow>2</tablerow>
    </card>
    <card>
      <name>Matoya (19-050C)</name>
      <text>Cuando Matoya entra al terreno de juego, elige 1 Delantero. Su poder pasa a ser 4000 hasta el final del turno.
  (Wind)(Wind)(1), pon Matoya en la Break Zone: Inflige 4000 puntos de daño a todos los Delanteros controlados por tu oponente.</text>
      <prop>
        <type>Forward - FFL - Dancer</type>
        <manacost>3</manacost>
        <colors>Wind</colors>
        <pt>7000</pt>
      </prop>
      <set picurl="https://fftcg.cdn.sewest.net/images/cards/full/19-050C_eg.jpg">From Nightmares</set>
      <tablerow>2</tablerow>
    </card>
    <card>
      <name>Rikku (19-051C)</name>
      <text>Al pagar el coste para lanzar una carta Categoría X, si Rikku está en el terreno de juego, Rikku puede generar CP de cualquier elemento.</text>
      <prop>
        <type>Backup - THEATRHYTHM · X - Gullwings</type>
        <manacost>2</manacost>
        <colors>Wind</colors>
        <pt>0</pt>
      </prop>
      <set picurl="https://fftcg.cdn.sewest.net/images/cards/full/19-051C_eg.jpg">From Nightmares</set>
      <tablerow>0</tablerow>
    </card>
    <card>
      <name>Undead Princess (19-052C)</name>
      <text>Pon Princesa zombi en la Break Zone: Elige 1 Delantero. Este gana +4000 de poder hasta el final del turno.
  Retira del juego Princesa zombi de la Break Zone: Elige 1 Delantero Tierra. Este gana +2000 de poder hasta el final del turno. Solo puedes usar esta habilidad durante tu Main Phase y si Princesa zombi está en la Break Zone.
</text>
      <prop>
        <type>Forward - FFCC - Undead</type>
        <manacost>1</manacost>
        <colors>Earth</colors>
        <pt>2000</pt>
      </prop>
      <set picurl="https://fftcg.cdn.sewest.net/images/cards/full/19-052C_eg.jpg">From Nightmares</set>
      <tablerow>2</tablerow>
    </card>
    <card>
      <name>Vanille (19-053C)</name>
      <text>Cuando Vanille entra al terreno de juego, elige 1 carta de la Break Zone de tu oponente. Retírala del juego.
  (Dull): Elige 1 Invocación. Si tu oponente no paga (2), cancela su efecto.</text>
      <prop>
        <type>Backup - THEATRHYTHM · XIII - Saboteur/L'Cie</type>
        <manacost>2</manacost>
        <colors>Earth</colors>
        <pt>0</pt>
      </prop>
      <set picurl="https://fftcg.cdn.sewest.net/images/cards/full/19-053C_eg.jpg">From Nightmares</set>
      <tablerow>0</tablerow>
    </card>
    <card>
      <name>Vincent (19-054C)</name>
      <text>Cuando Vincent entra al terreno de juego, elige 1 Delantero. Inflígele 5000 puntos de daño.
  Daños 3 -- (Dull), pon Vincent en la Break Zone: Elige 1 Delantero. Inflígele 7000 puntos de daño.</text>
      <prop>
        <type>Backup - THEATRHYTHM · VII - Gunslinger</type>
        <manacost>2</manacost>
        <colors>Earth</colors>
        <pt>0</pt>
      </prop>
      <set picurl="https://fftcg.cdn.sewest.net/images/cards/full/19-054C_eg.jpg">From Nightmares</set>
      <tablerow>0</tablerow>
    </card>
    <card>
      <name>Eiko (19-055R)</name>
      <text>Pon en dull 3 Oficio Invocador activas: Lanza 1 Invocación de coste 7 o menos de tu mano sin pagar su coste.</text>
      <prop>
        <type>Forward - THEATRHYTHM · IX - Summoner</type>
        <manacost>2</manacost>
        <colors>Earth</colors>
        <pt>5000</pt>
      </prop>
      <set picurl="https://fftcg.cdn.sewest.net/images/cards/full/19-055R_eg.jpg">From Nightmares</set>
      <tablerow>2</tablerow>
    </card>
    <card>
      <name>Graff (19-056C)</name>
      <text>Cuando Graff entra al terreno de juego, elige 1 Delantero. Si el coste para lanzar Graff solo se ha pagado con CP Tierra, rómpelo.</text>
      <prop>
        <type>Forward - MOBIUS - Épéiste</type>
        <manacost>5</manacost>
        <colors>Earth</colors>
        <pt>9000</pt>
      </prop>
      <set picurl="https://fftcg.cdn.sewest.net/images/cards/full/19-056C_eg.jpg">From Nightmares</set>
      <tablerow>2</tablerow>
    </card>
    <card>
      <name>Kefka (19-057L)</name>
      <text>Si tu oponente controla 3 o más Delanteros, el coste requerido para lanzar Kefka se reduce en 5.
  Bravura
  Cuando Kefka pasa del terreno de juego a la Break Zone, elige 1 Invocación de coste 4 o menos de tu Break Zone. Puedes lanzarla sin pagar su coste. Si la lanzas, retira del juego esa Invocación tras usarla en lugar de ponerla en la Break Zone.</text>
      <prop>
        <type>Forward - VI - Mage</type>
        <manacost>5</manacost>
        <colors>Earth</colors>
        <pt>9000</pt>
      </prop>
      <set picurl="https://fftcg.cdn.sewest.net/images/cards/full/19-057L_eg.jpg">From Nightmares</set>
      <tablerow>2</tablerow>
    </card>
    <card>
      <name>Jenova SYNTHESIS (19-058R)</name>
      <text>Cuando Jénova･SÍNTESIS entra al terreno de juego, inflige 4000 puntos de daño a todos los Delanteros controlados por tu oponente. Si controlas 5 o más Apoyos Tierra, inflige 8000 puntos de daño a todos los Delanteros controlados por tu oponente en su lugar.</text>
      <prop>
        <type>Forward - MOBIUS · VII - Jenova</type>
        <manacost>5</manacost>
        <colors>Earth</colors>
        <pt>9000</pt>
      </prop>
      <set picurl="https://fftcg.cdn.sewest.net/images/cards/full/19-058R_eg.jpg">From Nightmares</set>
      <tablerow>2</tablerow>
    </card>
    <card>
      <name>Aster Protoflorian (19-059R)</name>
      <text>Cuando Yu Jin Xiang entra al terreno de juego, puedes pagar (Earth)(Earth). Cuando lo haces, elige 1 Delantero. Rómpelo.
  Cuando Yu Jin Xiang entra al terreno de juego, puedes pagar (Earth)(Earth). Cuando lo haces, elige 1 Apoyo. Rómpelo.</text>
      <prop>
        <type>Monster - XIII - Annihilator</type>
        <manacost>3</manacost>
        <colors>Earth</colors>
        <pt>0</pt>
      </prop>
      <set picurl="https://fftcg.cdn.sewest.net/images/cards/full/19-059R_eg.jpg">From Nightmares</set>
      <tablerow>1</tablerow>
    </card>
    <card>
      <name>Animist (19-060C)</name>
      <text>(1)(Dull), pon Animista en la Break Zone: Busca 1 Monstruo de coste 2 o menos y juégalo al terreno de juego.
  Daños 3 -- Cuando Animista entra al terreno de juego, puedes buscar 1 Monstruo de coste 4 o menos y añadirlo a tu mano.</text>
      <prop>
        <type>Backup - FFTA - Standard Unit</type>
        <manacost>2</manacost>
        <colors>Earth</colors>
        <pt>0</pt>
      </prop>
      <set picurl="https://fftcg.cdn.sewest.net/images/cards/full/19-060C_eg.jpg">From Nightmares</set>
      <tablerow>0</tablerow>
    </card>
    <card>
      <name>Doga (19-061H)</name>
      <text>Cuando Doga entra al terreno de juego, puedes descartar 1 Invocación. Cuando lo haces, ganas (C)(C).
  (Fire)(C)(Dull): Inflige 7000 puntos de daño a todos los Delanteros controlados por tu oponente.
  (Lightning)(C)(Dull): Elige 1 Delantero. Rómpelo.</text>
      <prop>
        <type>Forward - III - Magus</type>
        <manacost>2</manacost>
        <colors>Earth</colors>
        <pt>5000</pt>
      </prop>
      <set picurl="https://fftcg.cdn.sewest.net/images/cards/full/19-061H_eg.jpg">From Nightmares</set>
      <tablerow>2</tablerow>
    </card>
    <card>
      <name>Nacht (19-062R)</name>
      <text>Si un Delantero ha entrado a tu terreno de juego a causa de Transporte este turno, el coste requerido para lanzar Nacht se reduce en 5.
  [EX BURST] Cuando Nacht entra al terreno de juego, elige 1 Delantero que controlas y 1 Delantero controlado por tu oponente. Cada Delantero inflige al otro daño equivalente a su poder.</text>
      <prop>
        <type>Forward - FFL - Warrior of Darkness</type>
        <manacost>6</manacost>
        <colors>Earth</colors>
        <pt>9000</pt>
      </prop>
      <set picurl="https://fftcg.cdn.sewest.net/images/cards/full/19-062R_eg.jpg">From Nightmares</set>
      <tablerow>2</tablerow>
    </card>
    <card>
      <name>Barret (19-063H)</name>
      <text>Cuando lanzas una carta multielemento, inflige 4000 puntos de daño a todos los Delanteros controlados por tu oponente.
  Cuando Barret pasa del terreno de juego a la Break Zone, elige 1 Delantero de tu Break Zone que no sea Nombre de la carta Barret. Añádelo a tu mano.</text>
      <prop>
        <type>Forward - VII - Warrior</type>
        <manacost>4</manacost>
        <colors>Earth</colors>
        <pt>8000</pt>
      </prop>
      <set picurl="https://fftcg.cdn.sewest.net/images/cards/full/19-063H_eg.jpg">From Nightmares</set>
      <tablerow>2</tablerow>
    </card>
    <card>
      <name>Fenrir (19-064R)</name>
      <text>Si un Delantero Tierra ha entrado a tu terreno de juego este turno, el coste requerido para lanzar Fenril se reduce en 3.
  Selecciona 1 de las siguientes 2 acciones.
  "Elige 1 Delantero multielemento. Rómpelo."
  "Elige 1 Delantero Luz u Oscuridad. Rómpelo."</text>
      <prop>
        <type>Summon - FFEX</type>
        <manacost>3</manacost>
        <colors>Earth</colors>
        <pt>0</pt>
      </prop>
      <set picurl="https://fftcg.cdn.sewest.net/images/cards/full/19-064R_eg.jpg">From Nightmares</set>
      <tablerow>3</tablerow>
    </card>
    <card>
      <name>The Deathlord (19-065C)</name>
      <text>(Earth)(Earth)(1)(Dull), pon Señor de la muerte en la Break Zone: Elige hasta 2 personajes de tu Break Zone. Añádelos a tu mano. Señor de la muerte te inflige 1 punto de daño.</text>
      <prop>
        <type>Backup - PICTLOGICA · FFL - Deathlord</type>
        <manacost>2</manacost>
        <colors>Earth</colors>
        <pt>0</pt>
      </prop>
      <set picurl="https://fftcg.cdn.sewest.net/images/cards/full/19-065C_eg.jpg">From Nightmares</set>
      <tablerow>0</tablerow>
    </card>
    <card>
      <name>Behemoth (19-066C)</name>
      <text>Cuando Bégimo entra al terreno de juego, puedes pagar (Earth). Cuando lo haces, elige 1 Delantero. Este no puede atacar ni bloquear hasta el final del siguiente turno.
  (Earth): Hasta el final del turno, Bégimo también pasa a ser un Delantero con 7000 de poder. Solo puedes usar esta habilidad una vez por turno.</text>
      <prop>
        <type>Monster - IV - Behemoth</type>
        <manacost>1</manacost>
        <colors>Earth</colors>
        <pt>7000</pt>
      </prop>
      <set picurl="https://fftcg.cdn.sewest.net/images/cards/full/19-066C_eg.jpg">From Nightmares</set>
      <tablerow>1</tablerow>
    </card>
    <card>
      <name>Monk (19-067C)</name>
      <text>Cuando Monje entra al terreno de juego, todos los Delanteros que controlas ganan +2000 de poder hasta el final del turno.
  Cuando Monje entra al terreno de juego, elige 1 Delantero controlado por tu oponente. Si el coste para lanzar Monje se ha pagado con CP de 3 o más elementos distintos, Monje y el Delantero elegido infligen al otro daño equivalente a su poder.</text>
      <prop>
        <type>Forward - III - Standard Unit</type>
        <manacost>4</manacost>
        <colors>Earth</colors>
        <pt>8000</pt>
      </prop>
      <set picurl="https://fftcg.cdn.sewest.net/images/cards/full/19-067C_eg.jpg">From Nightmares</set>
      <tablerow>2</tablerow>
    </card>
    <card>
      <name>Rydia (19-068R)</name>
      <text>Cuando Rydia entra al terreno de juego, puedes buscar hasta 1 Oficio Invocador y hasta 1 Invocación que no compartan elemento, y añadirlas a tu mano.</text>
      <prop>
        <type>Backup - IV - Summoner</type>
        <manacost>5</manacost>
        <colors>Earth</colors>
        <pt>0</pt>
      </prop>
      <set picurl="https://fftcg.cdn.sewest.net/images/cards/full/19-068R_eg.jpg">From Nightmares</set>
      <tablerow>0</tablerow>
    </card>
    <card>
      <name>Emperor (FFL) (19-069R)</name>
      <text>Caja negra (S)(Dull): Revela la carta superior de tu mazo. Si es un Delantero, inflige 8000 puntos de daño a todos los Delanteros controlados por tu oponente. Si es un Apoyo, pon en dull y congela todos los personajes controlados por tu oponente. Si es una Invocación o Monstruo, coge 4 cartas.</text>
      <prop>
        <type>Forward - FFL - Emperor</type>
        <manacost>5</manacost>
        <colors>Lightning</colors>
        <pt>9000</pt>
      </prop>
      <set picurl="https://fftcg.cdn.sewest.net/images/cards/full/19-069R_eg.jpg">From Nightmares</set>
      <tablerow>2</tablerow>
    </card>
    <card>
      <name>Edge (19-070C)</name>
      <text>Cuando Edge entra al terreno de juego, pon 3 Contadores Shuriken sobre Edge.
  (Dull), retira 1 Contador Shuriken de Edge: Elige 1 Delantero. Inflígele 5000 puntos de daño.</text>
      <prop>
        <type>Forward - THEATRHYTHM · IV - Ninja</type>
        <manacost>2</manacost>
        <colors>Lightning</colors>
        <pt>4000</pt>
      </prop>
      <set picurl="https://fftcg.cdn.sewest.net/images/cards/full/19-070C_eg.jpg">From Nightmares</set>
      <tablerow>2</tablerow>
    </card>
    <card>
      <name>Elgo (19-071C)</name>
      <text>[EX BURST] Cuando Elgo entra al terreno de juego, elige 1 carta multielemento de tu Break Zone. Añádela a tu mano.</text>
      <prop>
        <type>Backup - FFL - Red Mage</type>
        <manacost>4</manacost>
        <colors>Lightning</colors>
        <pt>0</pt>
      </prop>
      <set picurl="https://fftcg.cdn.sewest.net/images/cards/full/19-071C_eg.jpg">From Nightmares</set>
      <tablerow>0</tablerow>
    </card>
    <card>
      <name>Eald'narche (19-072C)</name>
      <text>Cuando Eald'narche entra al terreno de juego, puedes descartar 1 carta. Cuando lo haces, elige 1 Delantero. Rómpelo.</text>
      <prop>
        <type>Forward - THEATRHYTHM · XI - Descendant of the Zilart</type>
        <manacost>5</manacost>
        <colors>Lightning</colors>
        <pt>9000</pt>
      </prop>
      <set picurl="https://fftcg.cdn.sewest.net/images/cards/full/19-072C_eg.jpg">From Nightmares</set>
      <tablerow>2</tablerow>
    </card>
    <card>
      <name>Kain (19-073C)</name>
      <text>Ataque furtivo
  Cuando Kain entra al terreno de juego, elige 1 Delantero. Este gana Iniciativa hasta el final del turno.</text>
      <prop>
        <type>Backup - THEATRHYTHM · IV - Dragoon</type>
        <manacost>2</manacost>
        <colors>Lightning</colors>
        <pt>0</pt>
      </prop>
      <set picurl="https://fftcg.cdn.sewest.net/images/cards/full/19-073C_eg.jpg">From Nightmares</set>
      <tablerow>0</tablerow>
    </card>
    <card>
      <name>Scholar (19-074C)</name>
      <text>(Dull), pon Erudito en la Break Zone: Elige 1 Delantero dañado. Inflígele 8000 puntos de daño.
  Daños 3 -- Cuando Erudito entra al terreno de juego, elige 1 Delantero de coste 3 o menos controlado por tu oponente. Rómpelo.</text>
      <prop>
        <type>Backup - XI - Standard Unit</type>
        <manacost>2</manacost>
        <colors>Lightning</colors>
        <pt>0</pt>
      </prop>
      <set picurl="https://fftcg.cdn.sewest.net/images/cards/full/19-074C_eg.jpg">From Nightmares</set>
      <tablerow>0</tablerow>
    </card>
    <card>
      <name>Chimera (19-075C)</name>
      <text>Cuando Quimera entra al terreno de juego, elige 1 personaje de coste 3 o menos que controlas. Rómpelo.
  (0): Hasta el final del turno, Quimera también pasa a ser un Delantero con 8000 de poder. Solo puedes usar esta habilidad una vez por turno.</text>
      <prop>
        <type>Monster - IV - Chimera</type>
        <manacost>1</manacost>
        <colors>Lightning</colors>
        <pt>8000</pt>
      </prop>
      <set picurl="https://fftcg.cdn.sewest.net/images/cards/full/19-075C_eg.jpg">From Nightmares</set>
      <tablerow>1</tablerow>
    </card>
    <card>
      <name>Kuja (19-076R)</name>
      <text>[EX BURST] Cuando Kuja entra al terreno de juego, elige 1 Delantero de coste 2 o menos. Rómpelo.
  (Dull), pon Kuja en la Break Zone: Elige 1 Delantero. Ponlo en dull.</text>
      <prop>
        <type>Backup - DFF · IX - Genome</type>
        <manacost>2</manacost>
        <colors>Lightning</colors>
        <pt>0</pt>
      </prop>
      <set picurl="https://fftcg.cdn.sewest.net/images/cards/full/19-076R_eg.jpg">From Nightmares</set>
      <tablerow>0</tablerow>
    </card>
    <card>
      <name>Golbez (19-077L)</name>
      <text>Transporte 4 -- (Lightning)(2)
  Cuando se retira un Contador Transporte de Golbez, puedes jugar 1 Oficio Archidiablo de tu mano al terreno de juego. Cuando lo haces, coge 1 carta. Este efecto solo se desencadena si Golbez se retira del juego.
  Todos los Delanteros Oficio Archidiablo que controlas ganan +3000 de poder.</text>
      <prop>
        <type>Forward - IV - Warlock</type>
        <manacost>4</manacost>
        <colors>Lightning</colors>
        <pt>8000</pt>
      </prop>
      <set picurl="https://fftcg.cdn.sewest.net/images/cards/full/19-077L_eg.jpg">From Nightmares</set>
      <tablerow>2</tablerow>
    </card>
    <card>
      <name>Jinnai (19-078C)</name>
      <text>(Dull): Elige 1 Delantero. Ponlo en dull.
  (4): Activa Jinnai.</text>
      <prop>
        <type>Forward - FFL - Ninja</type>
        <manacost>3</manacost>
        <colors>Lightning</colors>
        <pt>7000</pt>
      </prop>
      <set picurl="https://fftcg.cdn.sewest.net/images/cards/full/19-078C_eg.jpg">From Nightmares</set>
      <tablerow>2</tablerow>
    </card>
    <card>
      <name>Moebius (19-079H)</name>
      <text>Si controlas 3 o más Oficio Hermano onírico, los Delanteros Oficio Hermano onírico que controlas ganan +2000 de poder.
  Cuando Moebius entra al terreno de juego, elige 1 Nombre de la carta Curlax o Nombre de la carta Laragorn de tu Break Zone. Añádela a tu mano.</text>
      <prop>
        <type>Forward - VI - Dream Stooge</type>
        <manacost>3</manacost>
        <colors>Lightning</colors>
        <pt>6000</pt>
      </prop>
      <set picurl="https://fftcg.cdn.sewest.net/images/cards/full/19-079H_eg.jpg">From Nightmares</set>
      <tablerow>2</tablerow>
    </card>
    <card>
      <name>Vivi (19-080R)</name>
      <text>Cuando Vivi entra al terreno de juego, puedes revelar tantas cartas Rayo como quieras de tu mano. Cuando lo haces, elige 1 Delantero. Inflígele 2000 puntos de daño por cada carta revelada.</text>
      <prop>
        <type>Forward - PICTLOGICA · IX - Black Mage</type>
        <manacost>1</manacost>
        <colors>Lightning</colors>
        <pt>3000</pt>
      </prop>
      <set picurl="https://fftcg.cdn.sewest.net/images/cards/full/19-080R_eg.jpg">From Nightmares</set>
      <tablerow>2</tablerow>
    </card>
    <card>
      <name>Behemoth (19-081R)</name>
      <text>Cuando Bégimo entra al terreno de juego, elige 1 Delantero de coste 5 o menos. Rómpelo.
  Al principio de la Attack Phase durante cada uno de tus turnos, elige 1 Delantero controlado por tu oponente. Ponlo en dull.</text>
      <prop>
        <type>Monster - THEATRHYTHM - Behemoth</type>
        <manacost>5</manacost>
        <colors>Lightning</colors>
        <pt>0</pt>
      </prop>
      <set picurl="https://fftcg.cdn.sewest.net/images/cards/full/19-081R_eg.jpg">From Nightmares</set>
      <tablerow>1</tablerow>
    </card>
    <card>
      <name>Lightning (19-082H)</name>
      <text>Prisa
  Cuando Lightning pasa del terreno de juego a la Break Zone, puedes jugar 1 Delantero Categoría XIII de coste 6 o menos de tu mano al terreno de juego.
  Descarta 1 Nombre de la carta Odín: Elige 1 Delantero controlado por tu oponente. Rómpelo y rompe Lightning.</text>
      <prop>
        <type>Forward - XIII - Ravager/L'Cie</type>
        <manacost>5</manacost>
        <colors>Lightning</colors>
        <pt>9000</pt>
      </prop>
      <set picurl="https://fftcg.cdn.sewest.net/images/cards/full/19-082H_eg.jpg">From Nightmares</set>
      <tablerow>2</tablerow>
    </card>
    <card>
      <name>Ramuh (19-083R)</name>
      <text>Si un Delantero Rayo ha entrado a tu terreno de juego este turno, el coste requerido para lanzar Lamú se reduce en 3.
  Elige 1 Delantero de coste 3 o menos. Inflígele 8000 puntos de daño.</text>
      <prop>
        <type>Summon - IX</type>
        <manacost>3</manacost>
        <colors>Lightning</colors>
        <pt>0</pt>
      </prop>
      <set picurl="https://fftcg.cdn.sewest.net/images/cards/full/19-083R_eg.jpg">From Nightmares</set>
      <tablerow>3</tablerow>
    </card>
    <card>
      <name>Ricard (19-084R)</name>
      <text>Cuando Arturo entra al terreno de juego, revela las 5 cartas de la parte superior de tu mazo. Añade 1 carta Rayo de entre ellas a tu mano y pon el resto en la parte inferior de tu mazo en el orden que quieras.
  (Dull), pon Arturo en la Break Zone: Elige 1 Delantero. Este gana Iniciativa hasta el final del turno.</text>
      <prop>
        <type>Backup - II - Dragoon</type>
        <manacost>3</manacost>
        <colors>Lightning</colors>
        <pt>0</pt>
      </prop>
      <set picurl="https://fftcg.cdn.sewest.net/images/cards/full/19-084R_eg.jpg">From Nightmares</set>
      <tablerow>0</tablerow>
    </card>
    <card>
      <name>Dragoon (19-085C)</name>
      <text>Prisa
  Cuando Caballero dragón entra al terreno de juego, elige 1 Delantero de coste 3 o menos. Si el coste para lanzar Caballero dragón se ha pagado con CP de 3 o más elementos distintos, rómpelo.</text>
      <prop>
        <type>Forward - III - Standard Unit</type>
        <manacost>4</manacost>
        <colors>Lightning</colors>
        <pt>8000</pt>
      </prop>
      <set picurl="https://fftcg.cdn.sewest.net/images/cards/full/19-085C_eg.jpg">From Nightmares</set>
      <tablerow>2</tablerow>
    </card>
    <card>
      <name>Ashe (19-086R)</name>
      <text>[EX BURST] Cuando Ashe entra al terreno de juego, elige 1 Delantero. Actívalo.
  Al principio de la Attack Phase durante cada uno de tus turnos, puedes devolver Ashe a la mano de su propietario.</text>
      <prop>
        <type>Backup - XII - Princess</type>
        <manacost>2</manacost>
        <colors>Water</colors>
        <pt>0</pt>
      </prop>
      <set picurl="https://fftcg.cdn.sewest.net/images/cards/full/19-086R_eg.jpg">From Nightmares</set>
      <tablerow>0</tablerow>
    </card>
    <card>
      <name>Wol (19-087R)</name>
      <text>Wol no puede atacar.
  Cuchilla (S)(Dull): Elige 1 Delantero. Inflígele 9000 puntos de daño. Este daño no puede reducirse.</text>
      <prop>
        <type>Forward - MOBIUS - Tonberry Suit</type>
        <manacost>2</manacost>
        <colors>Water</colors>
        <pt>9000</pt>
      </prop>
      <set picurl="https://fftcg.cdn.sewest.net/images/cards/full/19-087R_eg.jpg">From Nightmares</set>
      <tablerow>2</tablerow>
    </card>
    <card>
      <name>Aerith (19-088C)</name>
      <text>(Dull), pon Aeris en la Break Zone: Elige 1 carta Luz de tu Break Zone. Añádela a tu mano.</text>
      <prop>
        <type>Backup - FFEX · VII - Ancient</type>
        <manacost>2</manacost>
        <colors>Water</colors>
        <pt>0</pt>
      </prop>
      <set picurl="https://fftcg.cdn.sewest.net/images/cards/full/19-088C_eg.jpg">From Nightmares</set>
      <tablerow>0</tablerow>
    </card>
    <card>
      <name>Gau (19-089H)</name>
      <text>Ataque furtivo
  Cuando Gau entra al terreno de juego, elige 1 Delantero Categoría VI que controlas. Hasta el final del turno, este gana +1000 de poder por cada personaje Categoría VI que controlas.
  (1)(Dull): Pon Gau en la parte superior del mazo de su propietario y baraja tu mazo. Coge 1 carta.</text>
      <prop>
        <type>Forward - VI - Wild Child</type>
        <manacost>2</manacost>
        <colors>Water</colors>
        <pt>4000</pt>
      </prop>
      <set picurl="https://fftcg.cdn.sewest.net/images/cards/full/19-089H_eg.jpg">From Nightmares</set>
      <tablerow>2</tablerow>
    </card>
    <card>
      <name>Clavat (19-090C)</name>
      <text>Cuando Clavate entra al terreno de juego, coge 1 carta, después descarta 1 carta.
  Cuando Clavate entra al terreno de juego, si el coste para lanzar Clavate se ha pagado con CP de 3 o más elementos distintos, tu oponente selecciona 1 Delantero que controla. Ponlo en la Break Zone.</text>
      <prop>
        <type>Forward - FFCC - Standard Unit</type>
        <manacost>4</manacost>
        <colors>Water</colors>
        <pt>8000</pt>
      </prop>
      <set picurl="https://fftcg.cdn.sewest.net/images/cards/full/19-090C_eg.jpg">From Nightmares</set>
      <tablerow>2</tablerow>
    </card>
    <card>
      <name>Sapphire Weapon (19-091R)</name>
      <text>Si tienes 5 o más Oficio Arma en tu Break Zone, el coste requerido para lanzar Arma zafiro se reduce en 5.
  Cuando Arma zafiro pasa del terreno de juego a la Break Zone, coge 2 cartas.</text>
      <prop>
        <type>Forward - MOBIUS · VII - Weapon</type>
        <manacost>5</manacost>
        <colors>Water</colors>
        <pt>9000</pt>
      </prop>
      <set picurl="https://fftcg.cdn.sewest.net/images/cards/full/19-091R_eg.jpg">From Nightmares</set>
      <tablerow>2</tablerow>
    </card>
    <card>
      <name>White Mage (19-092C)</name>
      <text>(1)(Dull), pon Mago blanco en la Break Zone: Elige 1 Delantero controlado por tu oponente. Devuélvelo a la mano de su propietario.
  Daños 3 -- Cuando Mago blanco entra al terreno de juego, coge 1 carta.</text>
      <prop>
        <type>Backup - III - Standard Unit</type>
        <manacost>2</manacost>
        <colors>Water</colors>
        <pt>0</pt>
      </prop>
      <set picurl="https://fftcg.cdn.sewest.net/images/cards/full/19-092C_eg.jpg">From Nightmares</set>
      <tablerow>0</tablerow>
    </card>
    <card>
      <name>Strago (19-093H)</name>
      <text>[EX BURST] Cuando Strago entra al terreno de juego o pasa del terreno de juego a la Break Zone, revela las 4 cartas de la parte superior de tu mazo. Añade 1 personaje Categoría VI de entre ellas a tu mano y pon el resto en la parte inferior de tu mazo en el orden que quieras.
  Ráfaga vengativa (S): Elige 1 Delantero. Hasta el final del turno, este pierde 2000 de poder por cada punto de daño que has recibido.</text>
      <prop>
        <type>Forward - VI - Blue Mage</type>
        <manacost>3</manacost>
        <colors>Water</colors>
        <pt>7000</pt>
      </prop>
      <set picurl="https://fftcg.cdn.sewest.net/images/cards/full/19-093H_eg.jpg">From Nightmares</set>
      <tablerow>2</tablerow>
    </card>
    <card>
      <name>Sanctuary Keeper (19-094R)</name>
      <text>Al principio de la Attack Phase durante el turno de cada jugador, elige 1 Delantero. Actívalo y este gana +2000 de poder hasta el final del turno.</text>
      <prop>
        <type>Monster - X - Sanctuary Keeper</type>
        <manacost>3</manacost>
        <colors>Water</colors>
        <pt>0</pt>
      </prop>
      <set picurl="https://fftcg.cdn.sewest.net/images/cards/full/19-094R_eg.jpg">From Nightmares</set>
      <tablerow>1</tablerow>
    </card>
    <card>
      <name>Sophia (19-095C)</name>
      <text>Al principio de la Attack Phase durante cada uno de tus turnos, elige 1 Delantero controlado por tu oponente. Este pierde 2000 de poder hasta el final del turno.</text>
      <prop>
        <type>Forward - FFL - Devout</type>
        <manacost>2</manacost>
        <colors>Water</colors>
        <pt>5000</pt>
      </prop>
      <set picurl="https://fftcg.cdn.sewest.net/images/cards/full/19-095C_eg.jpg">From Nightmares</set>
      <tablerow>2</tablerow>
    </card>
    <card>
      <name>Tidus (19-096C)</name>
      <text>[EX BURST] Cuando Tidus entra al terreno de juego, selecciona 1 de las siguientes 2 acciones.
  "Elige 1 Delantero. Devuélvelo a la mano de su propietario."
  "Coge 1 carta."</text>
      <prop>
        <type>Forward - THEATRHYTHM · X - Guardian</type>
        <manacost>6</manacost>
        <colors>Water</colors>
        <pt>8000</pt>
      </prop>
      <set picurl="https://fftcg.cdn.sewest.net/images/cards/full/19-096C_eg.jpg">From Nightmares</set>
      <tablerow>2</tablerow>
    </card>
    <card>
      <name>Tonberry (19-097C)</name>
      <text>Cuando Tomberi entra al terreno de juego, coge 1 carta.
  Descarta 1 carta: Hasta el final del turno, Tomberi también pasa a ser un Delantero con 2000 de poder y "Cuando Tomberi inflige daño a un Delantero, rómpelo". Solo puedes usar esta habilidad una vez por turno.</text>
      <prop>
        <type>Monster - IX - Tonberry</type>
        <manacost>2</manacost>
        <colors>Water</colors>
        <pt>2000</pt>
      </prop>
      <set picurl="https://fftcg.cdn.sewest.net/images/cards/full/19-097C_eg.jpg">From Nightmares</set>
      <tablerow>1</tablerow>
    </card>
    <card>
      <name>Yuna (19-098C)</name>
      <text>Cuando Yuna entra al terreno de juego, tu oponente selecciona 1 Delantero que controla. Ponlo en la Break Zone.</text>
      <prop>
        <type>Backup - FFEX · X - Gullwings</type>
        <manacost>5</manacost>
        <colors>Water</colors>
        <pt>0</pt>
      </prop>
      <set picurl="https://fftcg.cdn.sewest.net/images/cards/full/19-098C_eg.jpg">From Nightmares</set>
      <tablerow>0</tablerow>
    </card>
    <card>
      <name>Josef (19-099R)</name>
      <text>Si controlas una Nombre de la carta Firion, Josef gana +2000 de poder y "Cuando Josef ataca, coge 1 carta".
  Cuando Josef entra al terreno de juego, puedes jugar 1 Delantero Categoría II de coste 3 o menos de tu mano al terreno de juego.</text>
      <prop>
        <type>Forward - PICTLOGICA · II - Rebel/Monk</type>
        <manacost>3</manacost>
        <colors>Water</colors>
        <pt>7000</pt>
      </prop>
      <set picurl="https://fftcg.cdn.sewest.net/images/cards/full/19-099R_eg.jpg">From Nightmares</set>
      <tablerow>2</tablerow>
    </card>
    <card>
      <name>Larsa (19-100C)</name>
      <text>Cuando Larsa entra al terreno de juego, puedes descartar 1 carta. Cuando lo haces, busca 1 Delantero Categoría XII y añádelo a tu mano.
  (Water)(Dull), pon Larsa en la Break Zone: Elige 1 Delantero. Durante este turno, el siguiente daño que reciba se reduce en 2000 en su lugar.</text>
      <prop>
        <type>Backup - XII - Fourthborn Son of the Emperor</type>
        <manacost>2</manacost>
        <colors>Water</colors>
        <pt>0</pt>
      </prop>
      <set picurl="https://fftcg.cdn.sewest.net/images/cards/full/19-100C_eg.jpg">From Nightmares</set>
      <tablerow>0</tablerow>
    </card>
    <card>
      <name>Leviathan (19-101R)</name>
      <text>Si un Delantero Agua ha entrado a tu terreno de juego este turno, el coste requerido para lanzar Leviatán se reduce en 3.
  Elige 1 Delantero controlado por tu oponente. Devuélvelo a la mano de su propietario. Hasta el final del siguiente turno, tu oponente no puede lanzar copias de él.</text>
      <prop>
        <type>Summon - IX</type>
        <manacost>3</manacost>
        <colors>Water</colors>
        <pt>0</pt>
      </prop>
      <set picurl="https://fftcg.cdn.sewest.net/images/cards/full/19-101R_eg.jpg">From Nightmares</set>
      <tablerow>3</tablerow>
    </card>
    <card>
      <name>Refia (19-102L)</name>
      <text>Al principio de la Attack Phase durante cada uno de tus turnos, activa todas las Oficio Guerrero de la Luz que controlas. Cuando 4 o más personajes en dull se activan a causa de este efecto, coge 1 carta.
  Pon en dull 4 Oficio Guerrero de la Luz activas: Elige 1 Delantero controlado por tu oponente. Ponlo en la parte superior o inferior del mazo de su propietario. Solo puedes usar esta habilidad una vez por turno.</text>
      <prop>
        <type>Forward - III - Warrior of Light</type>
        <manacost>3</manacost>
        <colors>Water</colors>
        <pt>7000</pt>
      </prop>
      <set picurl="https://fftcg.cdn.sewest.net/images/cards/full/19-102L_eg.jpg">From Nightmares</set>
      <tablerow>2</tablerow>
    </card>
    <card>
      <name>Tidus (19-103H)</name>
      <text>[EX BURST] Cuando Tidus entra al terreno de juego, elige 1 Delantero de coste 5 o menos controlado por tu oponente. Ponlo en la parte inferior del mazo de su propietario.
  Retira del juego 20 cartas de la Break Zone: Juega Tidus al terreno de juego. Solo puedes usar esta habilidad durante tu Main Phase y si Tidus está en la Break Zone.</text>
      <prop>
        <type>Forward - X - Guardian</type>
        <manacost>4</manacost>
        <colors>Light</colors>
        <pt>8000</pt>
      </prop>
      <set picurl="https://fftcg.cdn.sewest.net/images/cards/full/19-103H_eg.jpg">From Nightmares</set>
      <tablerow>2</tablerow>
    </card>
    <card>
      <name>Madeen (19-104H)</name>
      <text>Debes controlar un Delantero Luz para lanzar Madine.
  Elige 1 Delantero. Retíralo del juego.</text>
      <prop>
        <type>Summon - IX</type>
        <manacost>1</manacost>
        <colors>Light</colors>
        <pt>0</pt>
      </prop>
      <set picurl="https://fftcg.cdn.sewest.net/images/cards/full/19-104H_eg.jpg">From Nightmares</set>
      <tablerow>3</tablerow>
    </card>
    <card>
      <name>Ark (19-105H)</name>
      <text>El coste requerido para lanzar Ark se reduce en 1 por cada CP requerido para lanzar el Delantero Oscuridad de coste más alto que controlas.
  Elige 1 Delantero controlado por tu oponente. Rómpelo. Tu oponente descarta 2 cartas.</text>
      <prop>
        <type>Summon - IX</type>
        <manacost>9</manacost>
        <colors>Dark</colors>
        <pt>0</pt>
      </prop>
      <set picurl="https://fftcg.cdn.sewest.net/images/cards/full/19-105H_eg.jpg">From Nightmares</set>
      <tablerow>3</tablerow>
    </card>
    <card>
      <name>Sin (19-106H)</name>
      <text>Si has recibido 6 puntos de daño, el coste requerido para lanzar Sinh se reduce en 6.
  Si Sinh abandona el terreno de juego, retira Sinh del juego en su lugar.
  Cuando Sinh entra al terreno de juego por un lanzamiento tuyo, tu oponente selecciona 1 Delantero o Apoyo que controla por cada 2 puntos de daño que has recibido (selecciona cuantos sea posible). Ponlos en la Break Zone.</text>
      <prop>
        <type>Forward - X - Final Aeon</type>
        <manacost>6</manacost>
        <colors>Dark</colors>
        <pt>9000</pt>
      </prop>
      <set picurl="https://fftcg.cdn.sewest.net/images/cards/full/19-106H_eg.jpg">From Nightmares</set>
      <tablerow>2</tablerow>
    </card>
    <card>
      <name>Vaan (19-107C)</name>
      <text>[EX BURST] Cuando Vaan entra al terreno de juego, selecciona 1 de las siguientes 2 acciones.
  "Elige 1 Delantero. Inflígele 5000 puntos de daño."
  "Activa todos los Apoyos que controlas."</text>
      <prop>
        <type>Forward - FFEX · XII - Sky Pirate</type>
        <manacost>4</manacost>
        <colors>Fire, Wind</colors>
        <pt>8000</pt>
      </prop>
      <set picurl="https://fftcg.cdn.sewest.net/images/cards/full/19-107C_eg.jpg">From Nightmares</set>
      <tablerow>2</tablerow>
    </card>
    <card>
      <name>Zidane (19-108L)</name>
      <text>Prisa
  Yitán no puede ser bloqueado por un Delantero de coste 3 o más.
  Cuando Yitán entra al terreno de juego o ataca, tu oponente revela su mano. Puedes seleccionar 1 carta de su mano. Si lo haces, retírala del juego y tu oponente coge 1 carta.</text>
      <prop>
        <type>Forward - DFF · IX - Tantalus Member/Thief</type>
        <manacost>2</manacost>
        <colors>Fire, Wind</colors>
        <pt>7000</pt>
      </prop>
      <set picurl="https://fftcg.cdn.sewest.net/images/cards/full/19-108L_eg.jpg">From Nightmares</set>
      <tablerow>2</tablerow>
    </card>
    <card>
      <name>Cherukiki (19-109H)</name>
      <text>Los Delanteros Categoría XI que controlas pueden usar habilidades de acción con (Dull) en el coste como si tuvieran Prisa.
  (Dull): Busca hasta 1 Nombre de la carta Kukki-Chebukki y hasta 1 Nombre de la carta Makki-Chebukki y juégalas al terreno de juego.</text>
      <prop>
        <type>Forward - XI - White Mage</type>
        <manacost>5</manacost>
        <colors>Fire, Wind</colors>
        <pt>5000</pt>
      </prop>
      <set picurl="https://fftcg.cdn.sewest.net/images/cards/full/19-109H_eg.jpg">From Nightmares</set>
      <tablerow>2</tablerow>
    </card>
    <card>
      <name>The Emperor (19-110H)</name>
      <text>Transporte 2 -- (2)
  Cuando El Emperador entra al terreno de juego a causa de una habilidad, selecciona 1 de las siguientes 2 acciones.
  "Retira del juego todas las cartas de la Break Zone de tu oponente."
  "Elige 1 Delantero de tu Break Zone. Añádelo a tu mano."</text>
      <prop>
        <type>Forward - DFF · II - Emperor</type>
        <manacost>4</manacost>
        <colors>Ice, Earth</colors>
        <pt>9000</pt>
      </prop>
      <set picurl="https://fftcg.cdn.sewest.net/images/cards/full/19-110H_eg.jpg">From Nightmares</set>
      <tablerow>2</tablerow>
    </card>
    <card>
      <name>Prishe (19-111L)</name>
      <text>Transporte 2 -- (Ice)(Earth)(2)
  Cuando Prishe de tu mano se retira del juego a causa de Transporte, elige 1 Delantero. Inflígele 8000 puntos de daño.
  Cuando Prishe entra al terreno de juego, elige hasta 1 Delantero y hasta 1 Apoyo. Ponlos en dull y congélalos.</text>
      <prop>
        <type>Forward - XI - Abhorrent One/Monk</type>
        <manacost>3</manacost>
        <colors>Ice, Earth</colors>
        <pt>9000</pt>
      </prop>
      <set picurl="https://fftcg.cdn.sewest.net/images/cards/full/19-111L_eg.jpg">From Nightmares</set>
      <tablerow>2</tablerow>
    </card>
    <card>
      <name>Larkeicus (19-112C)</name>
      <text>Cuando Larkeicus entra al terreno de juego, elige 1 Monstruo de coste 3 o menos de tu Break Zone. Juégalo al terreno de juego.</text>
      <prop>
        <type>Forward - FFCC - Doctor</type>
        <manacost>3</manacost>
        <colors>Ice, Earth</colors>
        <pt>7000</pt>
      </prop>
      <set picurl="https://fftcg.cdn.sewest.net/images/cards/full/19-112C_eg.jpg">From Nightmares</set>
      <tablerow>2</tablerow>
    </card>
    <card>
      <name>Gilgamesh (19-113C)</name>
      <text>Transporte 1 -- (Wind)(Lightning)
  Prisa Bravura
  Huracán (S)(Wind)(Lightning)(1)(Dull): Elige 1 Delantero. Rómpelo.</text>
      <prop>
        <type>Forward - DFF · V - Praetorian</type>
        <manacost>4</manacost>
        <colors>Wind, Lightning</colors>
        <pt>8000</pt>
      </prop>
      <set picurl="https://fftcg.cdn.sewest.net/images/cards/full/19-113C_eg.jpg">From Nightmares</set>
      <tablerow>2</tablerow>
    </card>
    <card>
      <name>Cloud (19-114L)</name>
      <text>El coste requerido para lanzar Cloud se reduce en 2 por cada carta que hayas lanzado este turno (no puede ser 1 o menos).
  Cuando Cloud entra al terreno de juego, elige hasta 1 Delantero de coste 4 o menos y hasta 1 Delantero de coste 5 o más. Rómpelos.
  (Elementos de la carta: Aire/Rayo)</text>
      <prop>
        <type>Forward - VII - Warrior</type>
        <manacost>6</manacost>
        <colors>Wind, Lightning</colors>
        <pt>9000</pt>
      </prop>
      <set picurl="https://fftcg.cdn.sewest.net/images/cards/full/19-114L_eg.jpg">From Nightmares</set>
      <tablerow>2</tablerow>
    </card>
    <card>
      <name>Veriaulde (19-115H)</name>
      <text>Si hay un Contador Cobaya sobre Veriaulde, Veriaulde gana "Cuando Veriaulde ataca, pon en dull todos los Delanteros controlados por tu oponente" y el poder de Veriaulde pasa a ser 9000.
  Retira del juego las 5 cartas de la parte superior de tu mazo: Pon 1 Contador Cobaya sobre Veriaulde.
  Daños 3 -- Veriaulde gana Prisa.</text>
      <prop>
        <type>Forward - FFCC - Yuke</type>
        <manacost>2</manacost>
        <colors>Wind, Lightning</colors>
        <pt>7000</pt>
      </prop>
      <set picurl="https://fftcg.cdn.sewest.net/images/cards/full/19-115H_eg.jpg">From Nightmares</set>
      <tablerow>2</tablerow>
    </card>
    <card>
      <name>Paine (19-116C)</name>
      <text>Cuando Paine entra al terreno de juego, elige 2 cartas de la Break Zone de cualquier jugador. Si controlas 3 o más personajes Categoría X, retíralos del juego y coge 1 carta.</text>
      <prop>
        <type>Forward - THEATRHYTHM · X - Gullwings</type>
        <manacost>2</manacost>
        <colors>Wind, Water</colors>
        <pt>7000</pt>
      </prop>
      <set picurl="https://fftcg.cdn.sewest.net/images/cards/full/19-116C_eg.jpg">From Nightmares</set>
      <tablerow>2</tablerow>
    </card>
    <card>
      <name>Hilda (19-117H)</name>
      <text>(Dull): Busca 1 Nombre de la carta Scott y juégala al terreno de juego.
  (Dull): Elige 1 Delantero Categoría II de tu Break Zone. Añádelo a tu mano. Solo puedes usar esta habilidad una vez por turno.</text>
      <prop>
        <type>Forward - II - Princess</type>
        <manacost>2</manacost>
        <colors>Wind, Water</colors>
        <pt>6000</pt>
      </prop>
      <set picurl="https://fftcg.cdn.sewest.net/images/cards/full/19-117H_eg.jpg">From Nightmares</set>
      <tablerow>2</tablerow>
    </card>
    <card>
      <name>Yuna (19-118L)</name>
      <text>Cuando Yuna entra al terreno de juego, elige 1 Delantero controlado por tu oponente. Si su coste es igual o inferior al número de personajes Categoría X que controlas, ponlo en la parte superior o inferior del mazo de su propietario.
  Daños 5 -- Cuando Yuna entra al terreno de juego, puedes buscar 1 personaje Categoría X de coste 6 o menos y jugarlo al terreno de juego.</text>
      <prop>
        <type>Forward - X - Gullwings</type>
        <manacost>3</manacost>
        <colors>Wind, Water</colors>
        <pt>8000</pt>
      </prop>
      <set picurl="https://fftcg.cdn.sewest.net/images/cards/full/19-118L_eg.jpg">From Nightmares</set>
      <tablerow>2</tablerow>
    </card>
    <card>
      <name>Unei (19-119L)</name>
      <text>Antes de pagar el coste para lanzar Une, puedes retirar del juego un total de 2 Invocaciones Tierra y/o Agua de tu Break Zone para reducir en 2 el coste requerido para lanzar Une.
  Cuando Une entra al terreno de juego, elige hasta 1 Delantero controlado por tu oponente y hasta 1 Apoyo controlado por tu oponente. Devuélvelos a la mano de su propietario.
  (Dull): Elige 1 Invocación de tu Break Zone. Añádela a tu mano. Solo puedes usar esta habilidad una vez por turno.</text>
      <prop>
        <type>Forward - III - Magus</type>
        <manacost>6</manacost>
        <colors>Earth, Water</colors>
        <pt>9000</pt>
      </prop>
      <set picurl="https://fftcg.cdn.sewest.net/images/cards/full/19-119L_eg.jpg">From Nightmares</set>
      <tablerow>2</tablerow>
    </card>
    <card>
      <name>Garnet (19-120C)</name>
      <text>Transporte 2 -- (Earth)(Water)
  Cuando Garnet entra al terreno de juego, elige 1 Invocación de tu Break Zone. Añádela a tu mano.
  Cuando Garnet entra al terreno de juego a causa de Transporte, elige 1 Invocación de tu Break Zone. Añádela a tu mano.</text>
      <prop>
        <type>Forward - IX - Summoner</type>
        <manacost>3</manacost>
        <colors>Earth, Water</colors>
        <pt>8000</pt>
      </prop>
      <set picurl="https://fftcg.cdn.sewest.net/images/cards/full/19-120C_eg.jpg">From Nightmares</set>
      <tablerow>2</tablerow>
    </card>
    <card>
      <name>Meia (19-121H)</name>
      <text>Bravura
  Los Delanteros Categoría MOBIUS que controlas que no sean Meia ganan +1000 de poder y Bravura.
  Cuando Meia entra al terreno de juego, revela las 5 cartas de la parte superior de tu mazo. Añade hasta 2 Categoría MOBIUS de entre ellas a tu mano y pon el resto en la parte inferior de tu mazo en el orden que quieras.</text>
      <prop>
        <type>Forward - MOBIUS - Azure Witch</type>
        <manacost>5</manacost>
        <colors>Earth, Water</colors>
        <pt>9000</pt>
      </prop>
      <set picurl="https://fftcg.cdn.sewest.net/images/cards/full/19-121H_eg.jpg">From Nightmares</set>
      <tablerow>2</tablerow>
    </card>
    <card>
      <name>Zack (19-122C)</name>
      <text>Transporte 2 -- (Fire)(Lightning)
[EX BURST] Cuando Zack entra al terreno de juego, elige 1 Delantero. Inflígele 7000 puntos de daño.
  Cuando Zack entra al terreno de juego a causa de Transporte, hasta el final del turno, Zack gana Prisa, Iniciativa y Bravura.</text>
      <prop>
        <type>Forward - DFF · VII - SOLDIER</type>
        <manacost>5</manacost>
        <colors>Lightning, Fire</colors>
        <pt>9000</pt>
      </prop>
      <set picurl="https://fftcg.cdn.sewest.net/images/cards/full/19-122C_eg.jpg">From Nightmares</set>
      <tablerow>2</tablerow>
    </card>
    <card>
      <name>Anima (19-123H)</name>
      <text>Cuando Ánima entra al terreno de juego, elige 2 cartas de tu Break Zone. Retíralas del juego.
  Al final de cada uno de tus turnos, retira del juego la carta superior de tu mazo. Después, si hay 5 o más cartas retiradas por la habilidad de Ánima, añádelas a tu mano y rompe todos los Delanteros controlados por tu oponente.</text>
      <prop>
        <type>Forward - XIII - Fal'Cie</type>
        <manacost>4</manacost>
        <colors>Lightning, Fire</colors>
        <pt>9000</pt>
      </prop>
      <set picurl="https://fftcg.cdn.sewest.net/images/cards/full/19-123H_eg.jpg">From Nightmares</set>
      <tablerow>2</tablerow>
    </card>
    <card>
      <name>Y'shtola (19-124L)</name>
      <text>Cuando Y'shtola entra al terreno de juego, puedes recibir 1 punto de daño. Cuando lo haces, hasta el final del turno, Y'shtola gana Prisa y "Y'shtola no puede ser bloqueado".
  Cuando cualquier jugador recibe un punto de daño, elige 1 Delantero controlado por tu oponente. Inflígele 4000 puntos de daño.</text>
      <prop>
        <type>Forward - DFF · XIV - Scion of the Seventh Dawn</type>
        <manacost>3</manacost>
        <colors>Lightning, Fire</colors>
        <pt>8000</pt>
      </prop>
      <set picurl="https://fftcg.cdn.sewest.net/images/cards/full/19-124L_eg.jpg">From Nightmares</set>
      <tablerow>2</tablerow>
    </card>
    <card>
      <name>Mog (VI) (19-125H)</name>
      <text>El coste requerido para lanzar Mog (VI) se reduce en 1 por cada personaje Categoría VI que controlas.
  Cuando Mog (VI) ataca, todos los Delanteros que controlas ganan Iniciativa hasta el final del turno.
  Daños 3 -- Cuando Mog (VI) entra al terreno de juego, elige 1 personaje. Ponlo en dull y congélalo. Coge 1 carta.</text>
      <prop>
        <type>Forward - VI - Warrior/Moogle</type>
        <manacost>4</manacost>
        <colors>Water, Ice</colors>
        <pt>9000</pt>
      </prop>
      <set picurl="https://fftcg.cdn.sewest.net/images/cards/full/19-125H_eg.jpg">From Nightmares</set>
      <tablerow>2</tablerow>
    </card>
    <card>
      <name>Shadow Lord (19-126C)</name>
      <text>Cuando Rey de la oscuridad entra al terreno de juego, tu oponente descarta 1 carta. Coge 1 carta.</text>
      <prop>
        <type>Forward - THEATRHYTHM · XI - Kindred</type>
        <manacost>6</manacost>
        <colors>Water, Ice</colors>
        <pt>9000</pt>
      </prop>
      <set picurl="https://fftcg.cdn.sewest.net/images/cards/full/19-126C_eg.jpg">From Nightmares</set>
      <tablerow>2</tablerow>
    </card>
    <card>
      <name>Relm (19-127L)</name>
      <text>Cuando Relm entra al terreno de juego, selecciona 1 de las siguientes 2 acciones.
  "Elige 1 Monstruo de la Break Zone de tu oponente. Juégalo a tu terreno de juego."
  "Durante este turno, si tu próxima Invocación de coste 4 o menos lanzada de tu mano pasa a la Break Zone, retírala del juego en su lugar. Después, lánzala otra vez sin pagar su coste."</text>
      <prop>
        <type>Forward - VI - Pictomancer</type>
        <manacost>2</manacost>
        <colors>Water, Ice</colors>
        <pt>5000</pt>
      </prop>
      <set picurl="https://fftcg.cdn.sewest.net/images/cards/full/19-127L_eg.jpg">From Nightmares</set>
      <tablerow>2</tablerow>
    </card>
    <card>
      <name>Warrior of Light (19-128L)</name>
      <text>Solo puedes pagar con CP de Apoyos el coste para lanzar Guerrero de la Luz.
  Prisa Iniciativa Bravura
  Cuando Guerrero de la Luz entra al terreno de juego por un lanzamiento tuyo, activa todos los Apoyos que controlas. Coge 1 carta.
  (Dull): Elige 1 Delantero. Inflígele 5000 puntos de daño.</text>
      <prop>
        <type>Forward - I - Warrior of Light</type>
        <manacost>4</manacost>
        <colors>Fire, Wind, Earth, Water</colors>
        <pt>10000</pt>
      </prop>
      <set picurl="https://fftcg.cdn.sewest.net/images/cards/full/19-128L_eg.jpg">From Nightmares</set>
      <tablerow>2</tablerow>
    </card>
    <card>
      <name>Vanille (19-129S)</name>
      <text>[EX BURST] Cuando Vanille entra al terreno de juego, puedes buscar 1 Nombre de la carta Lightning, Nombre de la carta Fang o Nombre de la carta Hope y añadirla a tu mano.
  Aquiles+ (S): durante este turno, si un Delantero controlado por tu oponente recibe daño, duplica el daño en su lugar. Inflige 2000 puntos de daño a todos los Delanteros controlados por tu oponente.</text>
      <prop>
        <type>Forward - XIII - Saboteur/L'Cie</type>
        <manacost>3</manacost>
        <colors>Fire</colors>
        <pt>7000</pt>
      </prop>
      <set picurl="https://fftcg.cdn.sewest.net/images/cards/full/19-129S_eg.jpg">From Nightmares</set>
      <tablerow>2</tablerow>
    </card>
    <card>
      <name>Bahamut (19-130S)</name>
      <text>Si controlas 3 o más personajes Categoría XIII , el coste requerido para lanzar Bahamut se reduce en 3.
  Elige 1 Delantero. Inflígele 10000 puntos de daño. Si pasa del terreno de juego a la Break Zone este turno, retíralo del juego en su lugar.</text>
      <prop>
        <type>Summon - XIII</type>
        <manacost>5</manacost>
        <colors>Fire</colors>
        <pt>0</pt>
      </prop>
      <set picurl="https://fftcg.cdn.sewest.net/images/cards/full/19-130S_eg.jpg">From Nightmares</set>
      <tablerow>3</tablerow>
    </card>
    <card>
      <name>Fang (19-131S)</name>
      <text>Prisa
  Cuando Fang ataca, durante este turno, el coste requerido para lanzar tu próxima Nombre de la carta Bahamut se reduce en 2.
  Cuando lanzas una Invocación Fuego, activa Fang. Hasta el final del turno, Fang gana "Si Fang inflige daño a tu oponente, el daño se vuelve 2 en su lugar".</text>
      <prop>
        <type>Forward - DFF · XIII - Commando/L'Cie</type>
        <manacost>4</manacost>
        <colors>Fire</colors>
        <pt>8000</pt>
      </prop>
      <set picurl="https://fftcg.cdn.sewest.net/images/cards/full/19-131S_eg.jpg">From Nightmares</set>
      <tablerow>2</tablerow>
    </card>
    <card>
      <name>Snow (19-132S)</name>
      <text>Si controlas una Nombre de la carta Lightning, Snow y las Nombre de la carta Lightning que controlas ganan "Este personaje no puede ser objetivo de las Invocaciones de tu oponente".
  Cuando Snow entra al terreno de juego, selecciona 1 de las siguientes 2 acciones.
  "Tu oponente descarta 1 carta."
  "Elige hasta 3 personajes. Si controlas una Nombre de la carta Serah, ponlos en dull y congélalos."</text>
      <prop>
        <type>Forward - XIII - L'Cie</type>
        <manacost>4</manacost>
        <colors>Ice</colors>
        <pt>8000</pt>
      </prop>
      <set picurl="https://fftcg.cdn.sewest.net/images/cards/full/19-132S_eg.jpg">From Nightmares</set>
      <tablerow>2</tablerow>
    </card>
    <card>
      <name>Serah (19-133S)</name>
      <text>[EX BURST] Cuando Serah entra al terreno de juego, puedes buscar 1 Nombre de la carta Mogu (XIII-2) de coste 1 y añadirla a tu mano.
  Cuando una Oficio Moguri entra a tu terreno de juego, elige hasta 2 personajes. Ponlos en dull o actívalos. Este efecto solo se puede desencadenar una vez por turno.
  Golpe gélido (S)(Dull): Elige 1 Delantero. Inflígele 8000 puntos de daño.</text>
      <prop>
        <type>Forward - XIII - Ravager</type>
        <manacost>2</manacost>
        <colors>Ice</colors>
        <pt>5000</pt>
      </prop>
      <set picurl="https://fftcg.cdn.sewest.net/images/cards/full/19-133S_eg.jpg">From Nightmares</set>
      <tablerow>2</tablerow>
    </card>
    <card>
      <name>Mog (XIII-2) (19-134S)</name>
      <text>Las Nombre de la carta Serah que controlas no pueden ser objetivo de las Invocaciones o habilidades de tu oponente.
  (0): Elige 1 Delantero Categoría XIII. Este gana +2000 de poder hasta el final del turno. Solo puedes usar esta habilidad una vez por turno.</text>
      <prop>
        <type>Forward - XIII - Moogle</type>
        <manacost>1</manacost>
        <colors>Ice</colors>
        <pt>2000</pt>
      </prop>
      <set picurl="https://fftcg.cdn.sewest.net/images/cards/full/19-134S_eg.jpg">From Nightmares</set>
      <tablerow>2</tablerow>
    </card>
    <card>
      <name>Cid Raines (19-135S)</name>
      <text>Cuando Cid Raines entra al terreno de juego, elige 1 Delantero de coste 4 o menos controlado por tu oponente. Rómpelo.
  Daños 3 -- Cid Raines gana +1000 de poder e Iniciativa.
  Daños 5 -- Cuando Cid Raines ataca, elige 1 Delantero controlado por tu oponente. Rómpelo.</text>
      <prop>
        <type>Forward - XIII - L'Cie</type>
        <manacost>6</manacost>
        <colors>Lightning</colors>
        <pt>9000</pt>
      </prop>
      <set picurl="https://fftcg.cdn.sewest.net/images/cards/full/19-135S_eg.jpg">From Nightmares</set>
      <tablerow>2</tablerow>
    </card>
    <card>
      <name>Noel (19-136S)</name>
      <text>Prisa
  Cuando Noel ataca, hasta el final del turno, Noel gana +1000 de poder por cada personaje Categoría XIII que controlas.
  Cuando un Delantero controlado por tu oponente abandona el terreno de juego, elige 1 Delantero controlado por tu oponente. Ponlo en dull.</text>
      <prop>
        <type>Forward - DFF · XIII - Commando</type>
        <manacost>2</manacost>
        <colors>Lightning</colors>
        <pt>5000</pt>
      </prop>
      <set picurl="https://fftcg.cdn.sewest.net/images/cards/full/19-136S_eg.jpg">From Nightmares</set>
      <tablerow>2</tablerow>
    </card>
    <card>
      <name>Hope (19-137S)</name>
      <text>Si controlas 5 o más personajes Categoría XIII, Hope gana +1000 de poder.
  Cuando Hope entra al terreno de juego, selecciona 1 de las siguientes 2 acciones.
  "Busca 1 Delantero Categoría XIII y añádelo a tu mano."
  "Elige 1 Delantero activo. Hasta el final del turno, este pierde 1000 de poder por cada personaje Categoría XIII que controlas."</text>
      <prop>
        <type>Forward - DFF · XIII - Ravager/L'Cie</type>
        <manacost>4</manacost>
        <colors>Lightning</colors>
        <pt>8000</pt>
      </prop>
      <set picurl="https://fftcg.cdn.sewest.net/images/cards/full/19-137S_eg.jpg">From Nightmares</set>
      <tablerow>2</tablerow>
    </card>
    <card>
      <name>Lightning (19-138S)</name>
      <text>Prisa
  Cuando 1 o más Delanteros Categoría XIII que controlas atacan, todos los Delanteros que controlas ganan +1000 de poder hasta el final del turno. Si 2 o más Delanteros Categoría XIII estaban atacando este turno, también coge 1 carta. Si 3 o más Delanteros Categoría XIII estaban atacando este turno, Lightning también inflige a tu oponente 1 punto de daño.</text>
      <prop>
        <type>Forward - XIII - Ravager/L'Cie</type>
        <manacost>2</manacost>
        <colors>Light</colors>
        <pt>7000</pt>
      </prop>
      <set picurl="https://fftcg.cdn.sewest.net/images/cards/full/19-138S_eg.jpg">From Nightmares</set>
      <tablerow>2</tablerow>
    </card>
  </cards>
</cockatrice_carddatabase>