<?xml version="1.0" encoding="UTF-8"?>
<cockatrice_carddatabase version="4">
  <sets>
    <set>
      <name>Crystal Dominion</name>
      <longname>Crystal Dominion</longname>
      <settype>Custom</settype>
      <releasedate></releasedate>
    </set>
    <set>
      <name>From Nightmares</name>
      <longname>From Nightmares</longname>
      <settype>Custom</settype>
      <releasedate></releasedate>
    </set>
    <set>
      <name>Hidden Trials</name>
      <longname>Hidden Trials</longname>
      <settype>Custom</settype>
      <releasedate></releasedate>
    </set>
  </sets>
  <cards>
    <card>
      <name>Lightning (15-041L)</name>
      <text>El coste requerido para lanzar Lightning aumenta en 1 por cada carta que tu oponente tenga en su mano.
  Si tienes 2 cartas o menos en tu mano, Lightning gana +1000 de poder y Prisa.
  Al final de cada uno de tus turnos, si ninguno de los jugadores tiene cartas en su mano, Lightning inflige a tu oponente 1 punto de daño.</text>
      <prop>
        <type>Forward - XIII - Ravager/L'Cie</type>
        <manacost>1</manacost>
        <colors>Ice</colors>
        <pt>9000</pt>
      </prop>
      <set picurl="https://fftcg.cdn.sewest.net/images/cards/full/15-041L_eg.jpg">Crystal Dominion</set>
      <tablerow>2</tablerow>
    </card>
    <card>
      <name>Rydia (15-083L)</name>
      <text>Si Rydia recibe daño de las Invocaciones o habilidades de tu oponente, el daño se vuelve 0 en su lugar.
  Cuando Rydia o un personaje Categoría IV entra a tu terreno de juego, pon 2 Contadores Crecimiento sobre Rydia.
  (0): Lanza 1 Invocación de coste igual o inferior al número de Contadores Crecimiento sobre Rydia de tu mano sin pagar su coste. Solo puedes usar esta habilidad una vez por turno.</text>
      <prop>
        <type>Forward - IV - Summoner</type>
        <manacost>2</manacost>
        <colors>Earth</colors>
        <pt>5000</pt>
      </prop>
      <set picurl="https://fftcg.cdn.sewest.net/images/cards/full/15-083L_eg.jpg">Crystal Dominion</set>
      <tablerow>2</tablerow>
    </card>
    <card>
      <name>Refia (19-102L)</name>
      <text>Al principio de la Attack Phase durante cada uno de tus turnos, activa todas las Oficio Guerrero de la Luz que controlas. Cuando 4 o más personajes en dull se activan a causa de este efecto, coge 1 carta.
  Pon en dull 4 Oficio Guerrero de la Luz activas: Elige 1 Delantero controlado por tu oponente. Ponlo en la parte superior o inferior del mazo de su propietario. Solo puedes usar esta habilidad una vez por turno.</text>
      <prop>
        <type>Forward - III - Warrior of Light</type>
        <manacost>3</manacost>
        <colors>Water</colors>
        <pt>7000</pt>
      </prop>
      <set picurl="https://fftcg.cdn.sewest.net/images/cards/full/19-102L_eg.jpg">From Nightmares</set>
      <tablerow>2</tablerow>
    </card>
    <card>
      <name>Garland (23-001C)</name>
      <text>Cuando Garland entra al terreno de juego, elige 1 Delantero controlado por tu oponente. Pasas a controlarlo hasta el final del turno.</text>
      <prop>
        <type>Backup - PICTLOGICA · I - Knight</type>
        <manacost>2</manacost>
        <colors>Fire</colors>
        <pt>0</pt>
      </prop>
      <set picurl="https://fftcg.cdn.sewest.net/images/cards/full/23-001C_eg.jpg">Hidden Trials</set>
      <tablerow>0</tablerow>
    </card>
    <card>
      <name>Caius (23-002L)</name>
      <text>Bravura
  Cuando Caius entra al terreno de juego, puedes buscar 1 Nombre de la carta Bahamut y añadirla a tu mano. Durante este turno, el coste requerido para lanzar tu próxima Nombre de la carta Bahamut se reduce en 5.
  Cuando Caius pasa del terreno de juego a la Break Zone, puedes descartar 3 cartas. Cuando lo haces, juega Caius de la Break Zone al terreno de juego en dull.</text>
      <prop>
        <type>Forward - XIII - Guardian of the Seeress</type>
        <manacost>5</manacost>
        <colors>Fire</colors>
        <pt>9000</pt>
      </prop>
      <set picurl="https://fftcg.cdn.sewest.net/images/cards/full/23-002L_eg.jpg">Hidden Trials</set>
      <tablerow>2</tablerow>
    </card>
    <card>
      <name>Kain (23-003C)</name>
      <text>Prisa Iniciativa
  Cuando Kain ataca, todos los Delanteros con Prisa o Iniciativa que controlas ganan +2000 de poder hasta el final del turno.
  Salto doble (S)(Fire): Elige 1 Delantero. Inflígele 8000 puntos de daño.</text>
      <prop>
        <type>Forward - PICTLOGICA · IV - Dragoon</type>
        <manacost>4</manacost>
        <colors>Fire</colors>
        <pt>7000</pt>
      </prop>
      <set picurl="https://fftcg.cdn.sewest.net/images/cards/full/23-003C_eg.jpg">Hidden Trials</set>
      <tablerow>2</tablerow>
    </card>
    <card>
      <name>Kefka (23-004R)</name>
      <text>Cuando Kefka ataca, elige 1 Delantero controlado por tu oponente. Inflígele 4000 puntos de daño.
  Daños 5 -- Kefka gana +2000 de poder, Prisa y "Si Kefka inflige daño a un Delantero o a tu oponente, duplica el daño en su lugar."</text>
      <prop>
        <type>Forward - VI - Mage</type>
        <manacost>3</manacost>
        <colors>Fire</colors>
        <pt>7000</pt>
      </prop>
      <set picurl="https://fftcg.cdn.sewest.net/images/cards/full/23-004R_eg.jpg">Hidden Trials</set>
      <tablerow>2</tablerow>
    </card>
    <card>
      <name>Golbez (23-005R)</name>
      <text>(Dull): Inflige 5000 puntos de daño a todos los Delanteros controlados por tu oponente.
  (Fire)(Dull): Elige 1 Delantero de tu Break Zone. Añádelo a tu mano. Solo puedes usar esta habilidad una vez por turno.
  (Fire)(Fire)(1)(Dull): Elige 1 Delantero. Rómpelo.</text>
      <prop>
        <type>Forward - DFF · IV - Warlock</type>
        <manacost>5</manacost>
        <colors>Fire</colors>
        <pt>9000</pt>
      </prop>
      <set picurl="https://fftcg.cdn.sewest.net/images/cards/full/23-005R_eg.jpg">Hidden Trials</set>
      <tablerow>2</tablerow>
    </card>
    <card>
      <name>Soulcage (23-006R)</name>
      <text>Si controlas 2 o más Monstruos, Onodrim también pasa a ser un Delantero con 9000 de poder.
  Cuando Onodrim pasa del terreno de juego a la Break Zone, puedes retirar Onodrim del juego. Cuando lo haces, elige 1 Monstruo de tu Break Zone. Añádelo a tu mano.</text>
      <prop>
        <type>Monster - IX - Undead</type>
        <manacost>2</manacost>
        <colors>Fire</colors>
        <pt>9000</pt>
      </prop>
      <set picurl="https://fftcg.cdn.sewest.net/images/cards/full/23-006R_eg.jpg">Hidden Trials</set>
      <tablerow>1</tablerow>
    </card>
    <card>
      <name>Samurai (23-007C)</name>
      <text>Cuando Samurái entra al terreno de juego, ganas (C).
  (Dull), pon Samurái en la Break Zone: Elige 1 Delantero. Si este inflige daño a un Delantero este turno, el daño aumenta en 1000 en su lugar. Solo puedes usar esta habilidad durante tu turno.</text>
      <prop>
        <type>Backup - V - Standard Unit</type>
        <manacost>2</manacost>
        <colors>Fire</colors>
        <pt>0</pt>
      </prop>
      <set picurl="https://fftcg.cdn.sewest.net/images/cards/full/23-007C_eg.jpg">Hidden Trials</set>
      <tablerow>0</tablerow>
    </card>
    <card>
      <name>Samurai (15-007C)</name>
      <text>Cuando Samurái entra al terreno de juego, ganas (C).
  (Dull), pon Samurái en la Break Zone: Elige 1 Delantero. Si este inflige daño a un Delantero este turno, el daño aumenta en 1000 en su lugar. Solo puedes usar esta habilidad durante tu turno.</text>
      <prop>
        <type>Backup - V - Standard Unit</type>
        <manacost>2</manacost>
        <colors>Fire</colors>
        <pt>0</pt>
      </prop>
      <set picurl="https://fftcg.cdn.sewest.net/images/cards/full/15-007C_eg.jpg">Hidden Trials</set>
      <tablerow>0</tablerow>
    </card>
    <card>
      <name>Zidane (23-008H)</name>
      <text>Cuando Yitán entra al terreno de juego, puedes buscar 2 Delanteros Categoría IX con distintos nombres que no sean Nombre de la carta Yitán y añadirlos a tu mano.</text>
      <prop>
        <type>Forward - IX - Tantalus Member/Thief</type>
        <manacost>4</manacost>
        <colors>Fire</colors>
        <pt>5000</pt>
      </prop>
      <set picurl="https://fftcg.cdn.sewest.net/images/cards/full/23-008H_eg.jpg">Hidden Trials</set>
      <tablerow>2</tablerow>
    </card>
    <card>
      <name>Zorn &amp; Thorn (23-009H)</name>
      <text>Cuando Ton y Son entra al terreno de juego o ataca, elige 1 Delantero controlado por tu oponente. Hasta el final del turno, este gana "Este Delantero debe bloquear si es posible."
  Cuando Ton y Son pasa del terreno de juego a la Break Zone, puedes buscar 1 Monstruo de coste 2 o menos y jugarlo al terreno de juego.</text>
      <prop>
        <type>Forward - IX - Court Jester</type>
        <manacost>2</manacost>
        <colors>Fire</colors>
        <pt>5000</pt>
      </prop>
      <set picurl="https://fftcg.cdn.sewest.net/images/cards/full/23-009H_eg.jpg">Hidden Trials</set>
      <tablerow>2</tablerow>
    </card>
    <card>
      <name>SOLDIER Candidate (23-010C)</name>
      <text>Iniciativa
  Si tienes 2 o más Delanteros Oficio Soldado en tu Break Zone, Candidato a SOLDADO gana +3000 de poder.</text>
      <prop>
        <type>Forward - VII - Standard Unit</type>
        <manacost>2</manacost>
        <colors>Fire</colors>
        <pt>5000</pt>
      </prop>
      <set picurl="https://fftcg.cdn.sewest.net/images/cards/full/23-010C_eg.jpg">Hidden Trials</set>
      <tablerow>2</tablerow>
    </card>
    <card>
      <name>Terra (23-011L)</name>
      <text>[EX BURST] Cuando Terra entra al terreno de juego o pasa del terreno de juego a la Break Zone, elige 1 Invocación de tu Break Zone. Añádela a tu mano. Durante este turno, el coste requerido para lanzar tu próxima Invocación se reduce en 2 (no puede ser 0).
  Las Invocaciones de tu Break Zone no pueden ser retiradas del juego por las Invocaciones o habilidades de tu oponente.</text>
      <prop>
        <type>Forward - VI - Magitek Knight</type>
        <manacost>5</manacost>
        <colors>Fire</colors>
        <pt>5000</pt>
      </prop>
      <set picurl="https://fftcg.cdn.sewest.net/images/cards/full/23-011L_eg.jpg">Hidden Trials</set>
      <tablerow>2</tablerow>
    </card>
    <card>
      <name>Tifa (23-012C)</name>
      <text>Cuando un Delantero que ha recibido daño de Tifa pasa del terreno de juego a la Break Zone en el mismo turno, ganas (C).
  Cuando Tifa ataca, elige 1 Delantero. Inflígele 2000 puntos de daño.
  (C): Hasta el final del turno, Tifa gana +2000 de poder y Prisa.</text>
      <prop>
        <type>Forward - DFF · VII - Martial Artist</type>
        <manacost>3</manacost>
        <colors>Fire</colors>
        <pt>7000</pt>
      </prop>
      <set picurl="https://fftcg.cdn.sewest.net/images/cards/full/23-012C_eg.jpg">Hidden Trials</set>
      <tablerow>2</tablerow>
    </card>
    <card>
      <name>Morrow (23-013C)</name>
      <text>Daños 5 -- Cuando Morrow entra al terreno de juego, elige 1 Delantero. Inflígele 9000 puntos de daño.</text>
      <prop>
        <type>Backup - PICTLOGICA · FFL - Adventurer-in-Training</type>
        <manacost>1</manacost>
        <colors>Fire</colors>
        <pt>0</pt>
      </prop>
      <set picurl="https://fftcg.cdn.sewest.net/images/cards/full/23-013C_eg.jpg">Hidden Trials</set>
      <tablerow>0</tablerow>
    </card>
    <card>
      <name>Nelapa (23-014H)</name>
      <text>Cuando tu oponente lanza una Invocación, selecciona hasta 2 de las siguientes 2 acciones.
  "Elige 1 Delantero. Inflígele 10000 puntos de daño."
  "Nelapa le inflige a tu oponente 1 punto de daño."</text>
      <prop>
        <type>Forward - VI - Mage</type>
        <manacost>2</manacost>
        <colors>Fire</colors>
        <pt>5000</pt>
      </prop>
      <set picurl="https://fftcg.cdn.sewest.net/images/cards/full/23-014H_eg.jpg">Hidden Trials</set>
      <tablerow>2</tablerow>
    </card>
    <card>
      <name>Notsugo (23-015C)</name>
      <text>(Dull), pon Notsugo y 1 Monstruo en la Break Zone: Elige 1 Delantero controlado por tu oponente. Inflígele 9000 puntos de daño.</text>
      <prop>
        <type>Monster - XIII - Spook</type>
        <manacost>1</manacost>
        <colors>Fire</colors>
        <pt>0</pt>
      </prop>
      <set picurl="https://fftcg.cdn.sewest.net/images/cards/full/23-015C_eg.jpg">Hidden Trials</set>
      <tablerow>1</tablerow>
    </card>
    <card>
      <name>Bahamut (23-016R)</name>
      <text>Elige 1 Delantero con 9000 o menos de poder y hasta 1 Delantero de la Break Zone de tu oponente. Retíralos del juego.</text>
      <prop>
        <type>Summon - IX</type>
        <manacost>5</manacost>
        <colors>Fire</colors>
        <pt>0</pt>
      </prop>
      <set picurl="https://fftcg.cdn.sewest.net/images/cards/full/23-016R_eg.jpg">Hidden Trials</set>
      <tablerow>3</tablerow>
    </card>
    <card>
      <name>Parai (23-017C)</name>
      <text>Cuando Parai entra al terreno de juego, puedes recibir 1 punto de daño. Cuando lo haces, busca 1 personaje Categoría FFL y añádelo a tu mano.</text>
      <prop>
        <type>Forward - PICTLOGICA · FFL - Warrior</type>
        <manacost>2</manacost>
        <colors>Fire</colors>
        <pt>5000</pt>
      </prop>
      <set picurl="https://fftcg.cdn.sewest.net/images/cards/full/23-017C_eg.jpg">Hidden Trials</set>
      <tablerow>2</tablerow>
    </card>
    <card>
      <name>Palom (23-018R)</name>
      <text>Si controlas una Nombre de la carta Porom, el coste requerido para lanzar Palom se reduce en 2.
  Los Delanteros que controlas con 2 o más Contadores EXP sobre ellos ganan +2000 de poder.
  Cuando Palom entra al terreno de juego, elige 1 Delantero. Pon 2 Contadores EXP sobre él.</text>
      <prop>
        <type>Forward - IV - Apprentice Mage</type>
        <manacost>2</manacost>
        <colors>Fire</colors>
        <pt>5000</pt>
      </prop>
      <set picurl="https://fftcg.cdn.sewest.net/images/cards/full/23-018R_eg.jpg">Hidden Trials</set>
      <tablerow>2</tablerow>
    </card>
    <card>
      <name>Monk (23-019C)</name>
      <text>Cuando Monje entra al terreno de juego, elige 1 Delantero. Inflígele 4000 puntos de daño. Si controlas 5 o más Apoyos, inflígele 8000 puntos de daño en su lugar.</text>
      <prop>
        <type>Backup - XI - Standard Unit</type>
        <manacost>2</manacost>
        <colors>Fire</colors>
        <pt>0</pt>
      </prop>
      <set picurl="https://fftcg.cdn.sewest.net/images/cards/full/23-019C_eg.jpg">Hidden Trials</set>
      <tablerow>0</tablerow>
    </card>
    <card>
      <name>Red Mage (23-020C)</name>
      <text>Cuando Mago rojo entra al terreno de juego, tu oponente descarta 1 carta. Si controlas 5 o más Apoyos, tu oponente revela su mano, y tú seleccionas 1 carta para que tu oponente la descarte en su lugar.</text>
      <prop>
        <type>Backup - XI - Standard Unit</type>
        <manacost>3</manacost>
        <colors>Ice</colors>
        <pt>0</pt>
      </prop>
      <set picurl="https://fftcg.cdn.sewest.net/images/cards/full/23-020C_eg.jpg">Hidden Trials</set>
      <tablerow>0</tablerow>
    </card>
    <card>
      <name>Weiss (23-021C)</name>
      <text>Si controlas 2 o más Oficio Tsviet, Weiss gana +2000 de poder y Bravura.
  Cuando Weiss entra al terreno de juego, puedes pagar (C). Cuando lo haces, busca 1 Oficio Tsviet y añádela a tu mano.</text>
      <prop>
        <type>Forward - DFF · VII - Tsviets</type>
        <manacost>3</manacost>
        <colors>Ice</colors>
        <pt>7000</pt>
      </prop>
      <set picurl="https://fftcg.cdn.sewest.net/images/cards/full/23-021C_eg.jpg">Hidden Trials</set>
      <tablerow>2</tablerow>
    </card>
    <card>
      <name>Aemo (23-022R)</name>
      <text>(Dull), pon Aemo en la Break Zone: Tu oponente retira del juego toda su mano boca abajo. Tu oponente puede mirar estas cartas retiradas en cualquier momento. Al final del turno, tu oponente vuelve a añadirlas a su mano. Solo puedes usar esta habilidad durante tu turno.</text>
      <prop>
        <type>Backup - PICTLOGICA · FFL - Girl from the Future</type>
        <manacost>2</manacost>
        <colors>Ice</colors>
        <pt>0</pt>
      </prop>
      <set picurl="https://fftcg.cdn.sewest.net/images/cards/full/23-022R_eg.jpg">Hidden Trials</set>
      <tablerow>0</tablerow>
    </card>
    <card>
      <name>Anima, Eikon of Eikons (23-023H)</name>
      <text>Cuando Ánima, eikon supremo, entra al terreno de juego, si tanto tú como tu oponente no tenéis cartas en la mano, pon en dull y congela todos los personajes controlados por tu oponente.</text>
      <prop>
        <type>Forward - XIV - Primal</type>
        <manacost>5</manacost>
        <colors>Ice</colors>
        <pt>9000</pt>
      </prop>
      <set picurl="https://fftcg.cdn.sewest.net/images/cards/full/23-023H_eg.jpg">Hidden Trials</set>
      <tablerow>2</tablerow>
    </card>
    <card>
      <name>Shiva (23-024R)</name>
      <text>[EX BURST] Elige 1 Delantero. Ponlo en dull y congélalo. Durante este turno, si este inflige daño a un Delantero o a un jugador, el daño se vuelve 0 en su lugar.</text>
      <prop>
        <type>Summon - FFL</type>
        <manacost>2</manacost>
        <colors>Ice</colors>
        <pt>0</pt>
      </prop>
      <set picurl="https://fftcg.cdn.sewest.net/images/cards/full/23-024R_eg.jpg">Hidden Trials</set>
      <tablerow>3</tablerow>
    </card>
    <card>
      <name>Shelke (23-025C)</name>
      <text>Cuando Shelke o una Oficio Tsviet
  entra a tu terreno de juego, ganas (C). Este efecto solo se puede desencadenar una vez por turno.
  (C): Shelke gana +3000 de poder hasta el final del turno.</text>
      <prop>
        <type>Forward - PICTLOGICA · VII - Tsviets</type>
        <manacost>2</manacost>
        <colors>Ice</colors>
        <pt>5000</pt>
      </prop>
      <set picurl="https://fftcg.cdn.sewest.net/images/cards/full/23-025C_eg.jpg">Hidden Trials</set>
      <tablerow>2</tablerow>
    </card>
    <card>
      <name>Jegran (23-026C)</name>
      <text>Cuando Jegran pasa del terreno de juego a la Break Zone, selecciona 1 de las siguientes 2 acciones.
  "Elige 1 Delantero en dull. Rómpelo."
  "Tu oponente descarta 2 cartas."</text>
      <prop>
        <type>Forward - DFF · FFCC - Knight</type>
        <manacost>4</manacost>
        <colors>Ice</colors>
        <pt>8000</pt>
      </prop>
      <set picurl="https://fftcg.cdn.sewest.net/images/cards/full/23-026C_eg.jpg">Hidden Trials</set>
      <tablerow>2</tablerow>
    </card>
    <card>
      <name>Jihl Nabaat (23-027C)</name>
      <text>(Ice)(Ice)(Dull), pon 1 Oficio PSICOM en la Break Zone: Elige 1 Delantero en dull. Rómpelo.</text>
      <prop>
        <type>Backup - DFF · XIII - PSICOM</type>
        <manacost>2</manacost>
        <colors>Ice</colors>
        <pt>0</pt>
      </prop>
      <set picurl="https://fftcg.cdn.sewest.net/images/cards/full/23-027C_eg.jpg">Hidden Trials</set>
      <tablerow>0</tablerow>
    </card>
    <card>
      <name>Cecil (23-028L)</name>
      <text>Cuando Cecil entra al terreno de juego, descarta 1 carta.
  Cuando Cecil entra al terreno de juego, puedes recibir 1 punto de daño. Cuando lo haces, elige 2 personajes. Ponlos en dull y congélalos.
  Daños 5 -- Llamarada oscura (S): Inflige 10000 puntos de daño a todos los Delanteros controlados por tu oponente. Cecil te inflige 1 punto de daño.</text>
      <prop>
        <type>Forward - IV - Dark Knight</type>
        <manacost>3</manacost>
        <colors>Ice</colors>
        <pt>9000</pt>
      </prop>
      <set picurl="https://fftcg.cdn.sewest.net/images/cards/full/23-028L_eg.jpg">Hidden Trials</set>
      <tablerow>2</tablerow>
    </card>
    <card>
      <name>Zenos (23-029R)</name>
      <text>Cuando Zenos entra al terreno de juego, elige hasta 2 Delanteros de la Break Zone de tu oponente. Retíralos del juego.
  Cuando una carta de la Break Zone de tu oponente abandona la Break Zone, tu oponente descarta 1 carta. Este efecto solo se puede desencadenar una vez por turno.</text>
      <prop>
        <type>Forward - XIV - Reaper</type>
        <manacost>4</manacost>
        <colors>Ice</colors>
        <pt>7000</pt>
      </prop>
      <set picurl="https://fftcg.cdn.sewest.net/images/cards/full/23-029R_eg.jpg">Hidden Trials</set>
      <tablerow>2</tablerow>
    </card>
    <card>
      <name>Serah (23-030C)</name>
      <text>Cuando Serah entra al terreno de juego, selecciona 1 de las siguientes 2 acciones. Si controlas una Oficio Castigador, selecciona hasta 2 de las siguientes 2 acciones en su lugar.
  "Elige 1 personaje. Ponlo en dull y congélalo."
  "Tu oponente descarta 1 carta."</text>
      <prop>
        <type>Backup - PICTLOGICA · XIII - Ravager</type>
        <manacost>3</manacost>
        <colors>Ice</colors>
        <pt>0</pt>
      </prop>
      <set picurl="https://fftcg.cdn.sewest.net/images/cards/full/23-030C_eg.jpg">Hidden Trials</set>
      <tablerow>0</tablerow>
    </card>
    <card>
      <name>SOLDIER Candidate (23-031C)</name>
      <text>Si tienes 2 o más Delanteros Oficio Soldado en tu Break Zone, Candidato a SOLDADO gana +3000 de poder.
  Cuando Candidato a SOLDADO entra al terreno de juego, elige 1 Delantero controlado por tu oponente. Ponlo en dull y congélalo.</text>
      <prop>
        <type>Forward - VII - Standard Unit</type>
        <manacost>2</manacost>
        <colors>Ice</colors>
        <pt>5000</pt>
      </prop>
      <set picurl="https://fftcg.cdn.sewest.net/images/cards/full/23-031C_eg.jpg">Hidden Trials</set>
      <tablerow>2</tablerow>
    </card>
    <card>
      <name>Drautos (23-032H)</name>
      <text>Solo puedes lanzar Drautos si tu oponente tiene 2 cartas o menos en su mano.
  Bravura
  Si Drautos recibe daño de las Invocaciones o habilidades de tu oponente, el daño se vuelve 0 en su lugar.</text>
      <prop>
        <type>Forward - XV - Kingsglaive</type>
        <manacost>2</manacost>
        <colors>Ice</colors>
        <pt>8000</pt>
      </prop>
      <set picurl="https://fftcg.cdn.sewest.net/images/cards/full/23-032H_eg.jpg">Hidden Trials</set>
      <tablerow>2</tablerow>
    </card>
    <card>
      <name>Knight (23-033C)</name>
      <text>Cuando Caballero entra al terreno de juego, ganas (C).
  (Dull), pon Caballero en la Break Zone: Elige 1 Delantero de coste 3 o menos. Ponlo en dull. Solo puedes usar esta habilidad durante tu turno.</text>
      <prop>
        <type>Backup - V - Standard Unit</type>
        <manacost>2</manacost>
        <colors>Ice</colors>
        <pt>0</pt>
      </prop>
      <set picurl="https://fftcg.cdn.sewest.net/images/cards/full/23-033C_eg.jpg">Hidden Trials</set>
      <tablerow>0</tablerow>
    </card>
    <card>
      <name>Knight (15-038C)</name>
      <text>Cuando Caballero entra al terreno de juego, ganas (C).
  (Dull), pon Caballero en la Break Zone: Elige 1 Delantero de coste 3 o menos. Ponlo en dull. Solo puedes usar esta habilidad durante tu turno.</text>
      <prop>
        <type>Backup - V - Standard Unit</type>
        <manacost>2</manacost>
        <colors>Ice</colors>
        <pt>0</pt>
      </prop>
      <set picurl="https://fftcg.cdn.sewest.net/images/cards/full/15-038C_eg.jpg">Hidden Trials</set>
      <tablerow>0</tablerow>
    </card>
    <card>
      <name>Pacos Amethyst (23-034R)</name>
      <text>Si controlas 2 o más Monstruos, Laco amatista también pasa a ser un Delantero con 8000 de poder.
  Cuando Laco amatista es objetivo de la Invocación o habilidad de tu oponente, tu oponente descarta 1 carta.</text>
      <prop>
        <type>Monster - XIII - Crystalspawn</type>
        <manacost>2</manacost>
        <colors>Ice</colors>
        <pt>8000</pt>
      </prop>
      <set picurl="https://fftcg.cdn.sewest.net/images/cards/full/23-034R_eg.jpg">Hidden Trials</set>
      <tablerow>1</tablerow>
    </card>
    <card>
      <name>White Tiger l'Cie Nimbus (23-035H)</name>
      <text>Bravura
  Los Delanteros con Bravura que controlas que no sean Nimbus, lu'Cie del Tigre de Argén, no pueden ser objetivo de las habilidades de tu oponente.
  Cuando Nimbus, lu'Cie del Tigre de Argén, entra al terreno de juego, puedes buscar 1 Delantero con Bravura y añadirlo a tu mano.</text>
      <prop>
        <type>Forward - TYPE-0 - L'Cie</type>
        <manacost>5</manacost>
        <colors>Ice</colors>
        <pt>8000</pt>
      </prop>
      <set picurl="https://fftcg.cdn.sewest.net/images/cards/full/23-035H_eg.jpg">Hidden Trials</set>
      <tablerow>2</tablerow>
    </card>
    <card>
      <name>Flan (23-036C)</name>
      <text>(Dull), pon Flan en la Break Zone: Elige 1 Delantero. Ponlo en dull.
  (Ice), retira del juego 3 Nombre de la carta Flan de la Break Zone: Elige 1 Delantero en dull. Rómpelo. Solo puedes usar esta habilidad durante tu Main Phase y si Flan está en la Break Zone.</text>
      <prop>
        <type>Monster - FFCC - Flan</type>
        <manacost>1</manacost>
        <colors>Ice</colors>
        <pt>0</pt>
      </prop>
      <set picurl="https://fftcg.cdn.sewest.net/images/cards/full/23-036C_eg.jpg">Hidden Trials</set>
      <tablerow>1</tablerow>
    </card>
    <card>
      <name>Lightning (23-037R)</name>
      <text>Al principio de la Attack Phase durante cada uno de tus turnos, elige 1 Delantero controlado por tu oponente. Si controlas 2 o más Delanteros Categoría XIII, ponlo en dull.</text>
      <prop>
        <type>Backup - XIII - Ravager/L'Cie</type>
        <manacost>2</manacost>
        <colors>Ice</colors>
        <pt>0</pt>
      </prop>
      <set picurl="https://fftcg.cdn.sewest.net/images/cards/full/23-037R_eg.jpg">Hidden Trials</set>
      <tablerow>0</tablerow>
    </card>
    <card>
      <name>Lady Lilith (23-038H)</name>
      <text>Cuando Lady Lilith entra al terreno de juego, puedes pagar (C)(C)(C). Cuando lo haces, elige 1 Delantero. Pasas a controlarlo.</text>
      <prop>
        <type>Forward - XI - Lady Lilith</type>
        <manacost>2</manacost>
        <colors>Ice</colors>
        <pt>5000</pt>
      </prop>
      <set picurl="https://fftcg.cdn.sewest.net/images/cards/full/23-038H_eg.jpg">Hidden Trials</set>
      <tablerow>2</tablerow>
    </card>
    <card>
      <name>Asura (23-039R)</name>
      <text>Activa todos los Delanteros que controlas. Hasta el final del turno, todos los Delanteros que controlas ganan "Las Invocaciones y habilidades de tu oponente no pueden devolver a este Delantero a la mano de su propietario." y "Las Invocaciones o habilidades de tu oponente no pueden reducir el poder de este Delantero."</text>
      <prop>
        <type>Summon - IV</type>
        <manacost>1</manacost>
        <colors>Wind</colors>
        <pt>0</pt>
      </prop>
      <set picurl="https://fftcg.cdn.sewest.net/images/cards/full/23-039R_eg.jpg">Hidden Trials</set>
      <tablerow>3</tablerow>
    </card>
    <card>
      <name>Adelle (23-040L)</name>
      <text>Prisa
  (0): Activa todos los personajes Aire que controlas que no sean Adel. Adel no se activará durante tu próxima Active Phase. Solo puedes usar esta habilidad mientras Adel está atacando y solo una vez por turno.</text>
      <prop>
        <type>Forward - FFTA2 - Heritor</type>
        <manacost>3</manacost>
        <colors>Wind</colors>
        <pt>7000</pt>
      </prop>
      <set picurl="https://fftcg.cdn.sewest.net/images/cards/full/23-040L_eg.jpg">Hidden Trials</set>
      <tablerow>2</tablerow>
    </card>
    <card>
      <name>Jornee (23-041C)</name>
      <text>(Dull): Elige 1 Delantero de coste 3 o menos. Hasta el final del turno, este gana +1000 de poder y "Si este Delantero recibe daño de las habilidades de tu oponente, el daño se vuelve 0 en su lugar."</text>
      <prop>
        <type>Backup - PICTLOGICA · FFL - Princess</type>
        <manacost>2</manacost>
        <colors>Wind</colors>
        <pt>0</pt>
      </prop>
      <set picurl="https://fftcg.cdn.sewest.net/images/cards/full/23-041C_eg.jpg">Hidden Trials</set>
      <tablerow>0</tablerow>
    </card>
    <card>
      <name>Vaan (23-042C)</name>
      <text>Cuando Vaan entra al terreno de juego o ataca, ganas (C).
  (C)(C): Inflige 4000 puntos de daño a todos los Delanteros controlados por tu oponente.
  Prueba del pirata
  (S): Durante este turno, si Vaan inflige daño a un Delantero, duplica el daño en su lugar.</text>
      <prop>
        <type>Forward - FFTA2 - Sky Pirate</type>
        <manacost>4</manacost>
        <colors>Wind</colors>
        <pt>8000</pt>
      </prop>
      <set picurl="https://fftcg.cdn.sewest.net/images/cards/full/23-042C_eg.jpg">Hidden Trials</set>
      <tablerow>2</tablerow>
    </card>
    <card>
      <name>Venat (23-043R)</name>
      <text>(Wind)(Wind)(Dull), pon Venat en la Break Zone: Elige 1 Invocación. Cancela su efecto.
  (Wind)(2)(Dull), pon Venat en la Break Zone: Busca 1 Nombre de la carta Venat y juégala al terreno de juego. Solo puedes usar esta habilidad durante tu turno.</text>
      <prop>
        <type>Backup - XIV - Ancient (XIV)</type>
        <manacost>2</manacost>
        <colors>Wind</colors>
        <pt>0</pt>
      </prop>
      <set picurl="https://fftcg.cdn.sewest.net/images/cards/full/23-043R_eg.jpg">Hidden Trials</set>
      <tablerow>0</tablerow>
    </card>
    <card>
      <name>Silver Dragon (23-044R)</name>
      <text>Si controlas 2 o más Monstruos, Argentus también pasa a ser un Delantero con 9000 de poder.
  Los Monstruos que controlas que no sean Argentus no pueden ser objetivo de las Invocaciones o habilidades de tu oponente.</text>
      <prop>
        <type>Monster - IX - Dragon</type>
        <manacost>2</manacost>
        <colors>Wind</colors>
        <pt>9000</pt>
      </prop>
      <set picurl="https://fftcg.cdn.sewest.net/images/cards/full/23-044R_eg.jpg">Hidden Trials</set>
      <tablerow>1</tablerow>
    </card>
    <card>
      <name>Samovira (23-045C)</name>
      <text>(Dull), pon Samovira y 1 Monstruo en la Break Zone: Selecciona 1 de las siguientes 2 acciones.
  "Elige 1 Delantero de coste 5 o más. Rómpelo."
  "Elige 1 Monstruo. Rómpelo."</text>
      <prop>
        <type>Monster - XIII - Winged Demon</type>
        <manacost>1</manacost>
        <colors>Wind</colors>
        <pt>0</pt>
      </prop>
      <set picurl="https://fftcg.cdn.sewest.net/images/cards/full/23-045C_eg.jpg">Hidden Trials</set>
      <tablerow>1</tablerow>
    </card>
    <card>
      <name>SOLDIER Candidate (23-046C)</name>
      <text>Si tienes 2 o más Delanteros Oficio Soldado en tu Break Zone, Candidato a SOLDADO gana +3000 de poder.
  Candidato a SOLDADO no puede ser objetivo de las habilidades de tu oponente.</text>
      <prop>
        <type>Forward - VII - Standard Unit</type>
        <manacost>2</manacost>
        <colors>Wind</colors>
        <pt>5000</pt>
      </prop>
      <set picurl="https://fftcg.cdn.sewest.net/images/cards/full/23-046C_eg.jpg">Hidden Trials</set>
      <tablerow>2</tablerow>
    </card>
    <card>
      <name>Tyro (23-047H)</name>
      <text>Cuando Tyro entra al terreno de juego, elige 1 carta de tu Break Zone. Si hay exactamente 3 elementos distintos entre los Apoyos que controlas, añádela a tu mano.
  (Dull), pon Tyro en la Break Zone: Elige 1 Delantero. Durante este turno, el próximo daño que reciba se vuelve 0 en su lugar.</text>
      <prop>
        <type>Backup - FFRK - Apprentice</type>
        <manacost>2</manacost>
        <colors>Wind</colors>
        <pt>0</pt>
      </prop>
      <set picurl="https://fftcg.cdn.sewest.net/images/cards/full/23-047H_eg.jpg">Hidden Trials</set>
      <tablerow>0</tablerow>
    </card>
    <card>
      <name>Dr. Mog (23-048C)</name>
      <text>Cuando Dr. Mog entra al terreno de juego, puedes buscar 1 Oficio Moguri o Nombre de la carta Moguri y añadirla a tu mano.
  (Dull): Elige 1 Oficio Moguri o Nombre de la carta Moguri que no sea Dr. Mog. Actívala.</text>
      <prop>
        <type>Forward - FFRK - Doctor/Moogle</type>
        <manacost>3</manacost>
        <colors>Wind</colors>
        <pt>5000</pt>
      </prop>
      <set picurl="https://fftcg.cdn.sewest.net/images/cards/full/23-048C_eg.jpg">Hidden Trials</set>
      <tablerow>2</tablerow>
    </card>
    <card>
      <name>Ninja (23-049C)</name>
      <text>Cuando Ninja entra al terreno de juego, elige 1 Delantero. Hasta el final del turno, este gana "Este Delantero no puede ser bloqueado por un Delantero de coste 3 o más." Si controlas 5 o más Apoyos, todos los Delanteros que controlas ganan "Este Delantero no puede ser bloqueado por un Delantero de coste 3 o más." hasta el final del turno en su lugar.</text>
      <prop>
        <type>Backup - XI - Standard Unit</type>
        <manacost>2</manacost>
        <colors>Wind</colors>
        <pt>0</pt>
      </prop>
      <set picurl="https://fftcg.cdn.sewest.net/images/cards/full/23-049C_eg.jpg">Hidden Trials</set>
      <tablerow>0</tablerow>
    </card>
    <card>
      <name>Noel (23-050H)</name>
      <text>Transporte 3 -- (Wind)
  Prisa Iniciativa
  Al principio de la Attack Phase durante cada uno de tus turnos, retira 1 Contador Transporte de Noel por cada personaje Categoría XIII que controlas. Este efecto solo se desencadena si Noel se retira del juego y si hay un Contador Transporte sobre Noel.</text>
      <prop>
        <type>Forward - XIII - Commando</type>
        <manacost>5</manacost>
        <colors>Wind</colors>
        <pt>9000</pt>
      </prop>
      <set picurl="https://fftcg.cdn.sewest.net/images/cards/full/23-050H_eg.jpg">Hidden Trials</set>
      <tablerow>2</tablerow>
    </card>
    <card>
      <name>Hope (23-051L)</name>
      <text>Cuando Hope entra al terreno de juego, puedes pagar (X). Cuando lo haces, busca 1 personaje Categoría XIII de coste X y juégalo al terreno de juego.
  (Dull): Retira Hope del juego. Al principio de tu próxima Main Phase 1, juega Hope al terreno de juego. Solo puedes usar esta habilidad durante tu turno.</text>
      <prop>
        <type>Forward - XIII - Ravager/L'Cie</type>
        <manacost>3</manacost>
        <colors>Wind</colors>
        <pt>7000</pt>
      </prop>
      <set picurl="https://fftcg.cdn.sewest.net/images/cards/full/23-051L_eg.jpg">Hidden Trials</set>
      <tablerow>2</tablerow>
    </card>
    <card>
      <name>Maina (23-052R)</name>
      <text>[EX BURST] Cuando Maina entra al terreno de juego, puedes buscar 1 Oficio Ninja o Nombre de la carta Ninja y añadirla a tu mano.
  Pon en dull un total de 2 Oficio Ninja y/o Nombre de la carta Ninja activas: Elige 1 Oficio Ninja o Nombre de la carta Ninja. Hasta el final del turno, esta gana "Este personaje no puede ser objetivo de las Invocaciones o habilidades de tu oponente."</text>
      <prop>
        <type>Forward - PICTLOGICA · FFL - Ninja</type>
        <manacost>4</manacost>
        <colors>Wind</colors>
        <pt>7000</pt>
      </prop>
      <set picurl="https://fftcg.cdn.sewest.net/images/cards/full/23-052R_eg.jpg">Hidden Trials</set>
      <tablerow>2</tablerow>
    </card>
    <card>
      <name>Meteion (23-053R)</name>
      <text>(Dull), pon Meteion en la Break Zone: Activa todos los Apoyos que controlas. Coge 1 carta. Solo puedes usar esta habilidad si ningún jugador controla Delanteros.</text>
      <prop>
        <type>Backup - XIV - Entelechy</type>
        <manacost>2</manacost>
        <colors>Wind</colors>
        <pt>0</pt>
      </prop>
      <set picurl="https://fftcg.cdn.sewest.net/images/cards/full/23-053R_eg.jpg">Hidden Trials</set>
      <tablerow>0</tablerow>
    </card>
    <card>
      <name>Yuffie (23-054C)</name>
      <text>Cuando 1 o más
  Oficio Ninja o Nombre de la carta Ninja que controlas inflige daño a tu oponente, coge 1 carta.
  (Wind)(Wind): Hasta el final del turno, Yuffie gana "Yuffie no puede ser bloqueado."</text>
      <prop>
        <type>Forward - VII - Ninja</type>
        <manacost>2</manacost>
        <colors>Wind</colors>
        <pt>5000</pt>
      </prop>
      <set picurl="https://fftcg.cdn.sewest.net/images/cards/full/23-054C_eg.jpg">Hidden Trials</set>
      <tablerow>2</tablerow>
    </card>
    <card>
      <name>Dragoon (23-055C)</name>
      <text>Cuando Caballero dragón entra al terreno de juego, ganas (C).
  (Dull), pon Caballero dragón en la Break Zone: Elige 1 Delantero. Este gana Iniciativa hasta el final del turno. Solo puedes usar esta habilidad durante tu turno.</text>
      <prop>
        <type>Backup - V - Standard Unit</type>
        <manacost>2</manacost>
        <colors>Wind</colors>
        <pt>0</pt>
      </prop>
      <set picurl="https://fftcg.cdn.sewest.net/images/cards/full/23-055C_eg.jpg">Hidden Trials</set>
      <tablerow>0</tablerow>
    </card>
    <card>
      <name>Dragoon (15-058C)</name>
      <text>Cuando Caballero dragón entra al terreno de juego, ganas (C).
  (Dull), pon Caballero dragón en la Break Zone: Elige 1 Delantero. Este gana Iniciativa hasta el final del turno. Solo puedes usar esta habilidad durante tu turno.</text>
      <prop>
        <type>Backup - V - Standard Unit</type>
        <manacost>2</manacost>
        <colors>Wind</colors>
        <pt>0</pt>
      </prop>
      <set picurl="https://fftcg.cdn.sewest.net/images/cards/full/15-058C_eg.jpg">Hidden Trials</set>
      <tablerow>0</tablerow>
    </card>
    <card>
      <name>Luso (23-056C)</name>
      <text>Cuando Luso entra al terreno de juego, elige 1 personaje de coste 2 o menos de tu Break Zone. Juégalo al terreno de juego.
  (Dull), pon Luso en la Break Zone: Elige 1 Monstruo. Rómpelo.</text>
      <prop>
        <type>Backup - PICTLOGICA · FFTA2 - Clan Gully Member</type>
        <manacost>5</manacost>
        <colors>Wind</colors>
        <pt>0</pt>
      </prop>
      <set picurl="https://fftcg.cdn.sewest.net/images/cards/full/23-056C_eg.jpg">Hidden Trials</set>
      <tablerow>0</tablerow>
    </card>
    <card>
      <name>General Leo (23-057H)</name>
      <text>Si controlas 3 o más personajes de coste 2 o menos, General Leo gana +2000 de poder y "General Leo no puede ser objetivo de las Invocaciones de tu oponente."
  Cuando General Leo entra al terreno de juego, puedes jugar 1 personaje de coste 2 o menos de tu mano al terreno de juego.</text>
      <prop>
        <type>Forward - DFF · VI - Captain</type>
        <manacost>3</manacost>
        <colors>Wind</colors>
        <pt>7000</pt>
      </prop>
      <set picurl="https://fftcg.cdn.sewest.net/images/cards/full/23-057H_eg.jpg">Hidden Trials</set>
      <tablerow>2</tablerow>
    </card>
    <card>
      <name>Dark Knight (23-058C)</name>
      <text>Cuando Caballero oscuro entra al terreno de juego, elige 1 Delantero. Hasta el final del turno, este gana Bravura y +1000 de poder por cada punto de daño que has recibido. Si controlas 5 o más Apoyos, hasta el final del turno, todos los Delanteros que controlas ganan Bravura y +1000 de poder por cada punto de daño que has recibido en su lugar.</text>
      <prop>
        <type>Backup - XI - Standard Unit</type>
        <manacost>2</manacost>
        <colors>Earth</colors>
        <pt>0</pt>
      </prop>
      <set picurl="https://fftcg.cdn.sewest.net/images/cards/full/23-058C_eg.jpg">Hidden Trials</set>
      <tablerow>0</tablerow>
    </card>
    <card>
      <name>Ignis (23-059C)</name>
      <text>[EX BURST] Cuando Ignis entra al terreno de juego, elige 1 personaje Categoría XV de tu Break Zone. Añádelo a tu mano.</text>
      <prop>
        <type>Backup - DFF · XV - Retainer</type>
        <manacost>4</manacost>
        <colors>Earth</colors>
        <pt>0</pt>
      </prop>
      <set picurl="https://fftcg.cdn.sewest.net/images/cards/full/23-059C_eg.jpg">Hidden Trials</set>
      <tablerow>0</tablerow>
    </card>
    <card>
      <name>Vincent (23-060L)</name>
      <text>Transporte 6 -- (Earth)
  Cuando un Delantero Categoría VII entra a tu terreno de juego, retira 1 Contador Transporte de Vincent. Este efecto solo se desencadena si Vincent se retira del juego y si hay un Contador Transporte sobre Vincent.
  Cuando Vincent entra al terreno de juego, elige hasta 1 Delantero y hasta 1 Apoyo. Rompe el primero. Si Vincent entra al terreno de juego a causa de Transporte, rompe también el segundo.</text>
      <prop>
        <type>Forward - VII - Gunslinger</type>
        <manacost>7</manacost>
        <colors>Earth</colors>
        <pt>9000</pt>
      </prop>
      <set picurl="https://fftcg.cdn.sewest.net/images/cards/full/23-060L_eg.jpg">Hidden Trials</set>
      <tablerow>2</tablerow>
    </card>
    <card>
      <name>Warrior of Light (23-061H)</name>
      <text>Cuando Guerrero de la Luz entra al terreno de juego, puedes buscar 2 Oficio Soldado y ponerlas en la Break Zone.
  Al principio de la Attack Phase durante cada uno de tus turnos, puedes pagar (X). Cuando lo haces, elige 1 Oficio Soldado de coste X de tu Break Zone. Juégala al terreno de juego.
  Daños 3 -- Guerrero de la Luz gana +1000 de poder.</text>
      <prop>
        <type>Forward - DFF · I - Warrior of Light</type>
        <manacost>4</manacost>
        <colors>Earth</colors>
        <pt>8000</pt>
      </prop>
      <set picurl="https://fftcg.cdn.sewest.net/images/cards/full/23-061H_eg.jpg">Hidden Trials</set>
      <tablerow>2</tablerow>
    </card>
    <card>
      <name>Emet-Selch (23-062H)</name>
      <text>Cuando Emet-Selch entra al terreno de juego, puedes buscar 1 personaje Tierra de coste 6 o más y añadirlo a tu mano.
  Cuando un personaje Tierra de coste 6 o más entra a tu terreno de juego, elige 1 Delantero controlado por tu oponente. Inflígele 8000 puntos de daño. Este efecto solo se puede desencadenar una vez por turno.</text>
      <prop>
        <type>Forward - XIV - Ancient (XIV)</type>
        <manacost>4</manacost>
        <colors>Earth</colors>
        <pt>8000</pt>
      </prop>
      <set picurl="https://fftcg.cdn.sewest.net/images/cards/full/23-062H_eg.jpg">Hidden Trials</set>
      <tablerow>2</tablerow>
    </card>
    <card>
      <name>Gladiolus (23-063C)</name>
      <text>Si controlas 2 o más personajes Categoría XV, Gladiolus gana +1000 de poder y Bravura.
  Filo del alba (S)(Earth): Elige 1 Delantero. Inflígele daño equivalente al poder de Gladiolus.</text>
      <prop>
        <type>Forward - DFF · XV - Retainer</type>
        <manacost>4</manacost>
        <colors>Earth</colors>
        <pt>8000</pt>
      </prop>
      <set picurl="https://fftcg.cdn.sewest.net/images/cards/full/23-063C_eg.jpg">Hidden Trials</set>
      <tablerow>2</tablerow>
    </card>
    <card>
      <name>Golem (23-064R)</name>
      <text>Elige 1 Delantero. Revela las 3 cartas de la parte superior de tu mazo. Añade 1 carta de entre ellas a tu mano y pon el resto en la parte inferior de tu mazo en el orden que quieras. Si has añadido un Delantero a tu mano, inflige al Delantero elegido daño equivalente al poder del Delantero añadido.</text>
      <prop>
        <type>Summon - TYPE-0</type>
        <manacost>3</manacost>
        <colors>Earth</colors>
        <pt>0</pt>
      </prop>
      <set picurl="https://fftcg.cdn.sewest.net/images/cards/full/23-064R_eg.jpg">Hidden Trials</set>
      <tablerow>3</tablerow>
    </card>
    <card>
      <name>Gogmagog (23-065R)</name>
      <text>Si controlas 2 o más Monstruos, Gogmagog también pasa a ser un Delantero con 9000 de poder.
  Cuando Gogmagog pasa del terreno de juego a la Break Zone, puedes retirar del juego 1 Monstruo que controlas. Cuando lo haces, juega Gogmagog de tu Break Zone al terreno de juego.</text>
      <prop>
        <type>Monster - XIII - Voidborn</type>
        <manacost>2</manacost>
        <colors>Earth</colors>
        <pt>9000</pt>
      </prop>
      <set picurl="https://fftcg.cdn.sewest.net/images/cards/full/23-065R_eg.jpg">Hidden Trials</set>
      <tablerow>1</tablerow>
    </card>
    <card>
      <name>Jessie (23-066R)</name>
      <text>(Dull): Elige 1 Delantero Categoría VII. Este gana +1000 de poder hasta el final del turno.
  (Dull): Elige 1 Delantero Nombre de la carta Cloud. Este gana +2000 de poder hasta el final del turno.</text>
      <prop>
        <type>Backup - VII - AVALANCHE Operative</type>
        <manacost>2</manacost>
        <colors>Earth</colors>
        <pt>0</pt>
      </prop>
      <set picurl="https://fftcg.cdn.sewest.net/images/cards/full/23-066R_eg.jpg">Hidden Trials</set>
      <tablerow>0</tablerow>
    </card>
    <card>
      <name>Shantotto (23-067R)</name>
      <text>Cuando Shantotto entra al terreno de juego, elige 2 Invocaciones de tu Break Zone y/o de la Break Zone de tu oponente. Retíralas del juego. Durante esta partida, puedes lanzarlas como si te pertenecieran y en cualquier momento en el que normalmente sería posible lanzarlas.</text>
      <prop>
        <type>Forward - DFF · XI - Mage</type>
        <manacost>5</manacost>
        <colors>Earth</colors>
        <pt>8000</pt>
      </prop>
      <set picurl="https://fftcg.cdn.sewest.net/images/cards/full/23-067R_eg.jpg">Hidden Trials</set>
      <tablerow>2</tablerow>
    </card>
    <card>
      <name>SOLDIER Candidate (23-068C)</name>
      <text>Si tienes 2 o más Delanteros Oficio Soldado en tu Break Zone, Candidato a SOLDADO gana +3000 de poder.
  Cuando Candidato a SOLDADO entra al terreno de juego, elige 1 Delantero controlado por tu oponente. Candidato a SOLDADO y el Delantero elegido infligen al otro daño equivalente a su poder.</text>
      <prop>
        <type>Forward - VII - Standard Unit</type>
        <manacost>2</manacost>
        <colors>Earth</colors>
        <pt>5000</pt>
      </prop>
      <set picurl="https://fftcg.cdn.sewest.net/images/cards/full/23-068C_eg.jpg">Hidden Trials</set>
      <tablerow>2</tablerow>
    </card>
    <card>
      <name>Narasimha (23-069C)</name>
      <text>Cuando Narasinja entra al terreno de juego, elige 1 Delantero que controlas y 1 Delantero controlado por tu oponente. El primero inflige un daño igual a su poder al segundo.</text>
      <prop>
        <type>Monster - XIII - Behemoth</type>
        <manacost>2</manacost>
        <colors>Earth</colors>
        <pt>0</pt>
      </prop>
      <set picurl="https://fftcg.cdn.sewest.net/images/cards/full/23-069C_eg.jpg">Hidden Trials</set>
      <tablerow>1</tablerow>
    </card>
    <card>
      <name>Hythlodaeus (23-070H)</name>
      <text>Si controlas una Nombre de la carta Emet-Selch, el coste requerido para lanzar Hythlodaeus se reduce en 3.
  Bravura
  (Dull), pon Hythlodaeus y 1 Nombre de la carta Emet-Selch en la Break Zone: Baraja tu mazo. Después, revela las 4 cartas de la parte superior de tu mazo. Juega tantos personajes como quieras de entre ellas al terreno de juego y pon el resto en la Break Zone.</text>
      <prop>
        <type>Forward - XIV - Ancient (XIV)</type>
        <manacost>6</manacost>
        <colors>Earth</colors>
        <pt>9000</pt>
      </prop>
      <set picurl="https://fftcg.cdn.sewest.net/images/cards/full/23-070H_eg.jpg">Hidden Trials</set>
      <tablerow>2</tablerow>
    </card>
    <card>
      <name>Geomancer (23-071C)</name>
      <text>Cuando Geomante entra al terreno de juego, ganas (C).
  (Dull), pon Geomante en la Break Zone: Elige 1 Delantero. Este gana Bravura hasta el final del turno. Solo puedes usar esta habilidad durante tu turno.</text>
      <prop>
        <type>Backup - V - Standard Unit</type>
        <manacost>2</manacost>
        <colors>Earth</colors>
        <pt>0</pt>
      </prop>
      <set picurl="https://fftcg.cdn.sewest.net/images/cards/full/23-071C_eg.jpg">Hidden Trials</set>
      <tablerow>0</tablerow>
    </card>
    <card>
      <name>Geomancer (15-080C)</name>
      <text>Cuando Geomante entra al terreno de juego, ganas (C).
  (Dull), pon Geomante en la Break Zone: Elige 1 Delantero. Este gana Bravura hasta el final del turno. Solo puedes usar esta habilidad durante tu turno.</text>
      <prop>
        <type>Backup - V - Standard Unit</type>
        <manacost>2</manacost>
        <colors>Earth</colors>
        <pt>0</pt>
      </prop>
      <set picurl="https://fftcg.cdn.sewest.net/images/cards/full/15-080C_eg.jpg">Hidden Trials</set>
      <tablerow>0</tablerow>
    </card>
    <card>
      <name>Brionac (23-072C)</name>
      <text>Retira del juego 2 cartas Tierra de la Break Zone: Hasta el final del turno, Brionac gana +2000 de poder y Bravura. Solo puedes usar esta habilidad durante tu Main Phase.
  (C)(Dull): Elige 1 Delantero. Inflígele 9000 puntos de daño.</text>
      <prop>
        <type>Forward - TYPE-0 - Magitek Armor</type>
        <manacost>5</manacost>
        <colors>Earth</colors>
        <pt>9000</pt>
      </prop>
      <set picurl="https://fftcg.cdn.sewest.net/images/cards/full/23-072C_eg.jpg">Hidden Trials</set>
      <tablerow>2</tablerow>
    </card>
    <card>
      <name>Prompto (23-073C)</name>
      <text>Cuando Prompto entra al terreno de juego, selecciona 1 de las siguientes 2 acciones.
  "Elige 1 Monstruo. Rómpelo."
  "Elige 1 Monstruo de tu Break Zone. Añádelo a tu mano."</text>
      <prop>
        <type>Backup - DFF · XV - Retainer</type>
        <manacost>3</manacost>
        <colors>Earth</colors>
        <pt>0</pt>
      </prop>
      <set picurl="https://fftcg.cdn.sewest.net/images/cards/full/23-073C_eg.jpg">Hidden Trials</set>
      <tablerow>0</tablerow>
    </card>
    <card>
      <name>Wrieg (23-074C)</name>
      <text>Cuando Wrieg entra al terreno de juego, selecciona 1 Monstruo que controlas. Ponlo en la Break Zone. Si lo haces, coge 2 cartas.</text>
      <prop>
        <type>Forward - PICTLOGICA · FFL - Adventurer</type>
        <manacost>4</manacost>
        <colors>Earth</colors>
        <pt>8000</pt>
      </prop>
      <set picurl="https://fftcg.cdn.sewest.net/images/cards/full/23-074C_eg.jpg">Hidden Trials</set>
      <tablerow>2</tablerow>
    </card>
    <card>
      <name>Layle (23-075R)</name>
      <text>Cuando Layle entra al terreno de juego o ataca, ganas (C).
  (C)(C)(C): Elige 1 Delantero o Monstruo. Rómpelo. Solo puedes usar esta habilidad mientras Layle está atacando.</text>
      <prop>
        <type>Forward - FFCC - Crystal Bearer</type>
        <manacost>2</manacost>
        <colors>Earth</colors>
        <pt>5000</pt>
      </prop>
      <set picurl="https://fftcg.cdn.sewest.net/images/cards/full/23-075R_eg.jpg">Hidden Trials</set>
      <tablerow>2</tablerow>
    </card>
    <card>
      <name>Regis (23-076H)</name>
      <text>Cuando Regis entra al terreno de juego, elige 1 Delantero Categoría XV de coste 5 o menos de tu Break Zone. Juégalo al terreno de juego.
  Daños 5 -- Cuando Regis entra al terreno de juego, elige 1 Delantero Categoría XV de coste 5 o menos de tu Break Zone. Juégalo al terreno de juego.</text>
      <prop>
        <type>Forward - XV - King</type>
        <manacost>7</manacost>
        <colors>Earth</colors>
        <pt>9000</pt>
      </prop>
      <set picurl="https://fftcg.cdn.sewest.net/images/cards/full/23-076H_eg.jpg">Hidden Trials</set>
      <tablerow>2</tablerow>
    </card>
    <card>
      <name>Azul (23-077H)</name>
      <text>Cuando Azul recibe daño, elige hasta 1 Delantero controlado por tu oponente. Inflígele la misma cantidad de daño.
  (C): Elige 1 Delantero. Hasta el final del turno, este gana "Este Delantero debe atacar una vez por turno si es posible." y Azul gana +2000 de poder.</text>
      <prop>
        <type>Forward - VII - Tsviets</type>
        <manacost>4</manacost>
        <colors>Lightning</colors>
        <pt>8000</pt>
      </prop>
      <set picurl="https://fftcg.cdn.sewest.net/images/cards/full/23-077H_eg.jpg">Hidden Trials</set>
      <tablerow>2</tablerow>
    </card>
    <card>
      <name>Alisaie (23-078C)</name>
      <text>Cuando Alisaie entra al terreno de juego, elige 1 personaje sin (Generic) de tu Break Zone. Puedes buscar 1 personaje con el mismo nombre y añadirlo a tu mano.</text>
      <prop>
        <type>Backup - XIV - Scion of the Seventh Dawn</type>
        <manacost>3</manacost>
        <colors>Lightning</colors>
        <pt>0</pt>
      </prop>
      <set picurl="https://fftcg.cdn.sewest.net/images/cards/full/23-078C_eg.jpg">Hidden Trials</set>
      <tablerow>0</tablerow>
    </card>
    <card>
      <name>Estinien (23-079R)</name>
      <text>Prisa
  Cuando Estinien ataca, elige 1 Delantero Oficio Totema del Séptimo Amanecer de tu Break Zone. Añádelo a tu mano.
  Daños 3 -- Estinien gana +1000 de poder.</text>
      <prop>
        <type>Forward - XIV - Scion of the Seventh Dawn</type>
        <manacost>4</manacost>
        <colors>Lightning</colors>
        <pt>8000</pt>
      </prop>
      <set picurl="https://fftcg.cdn.sewest.net/images/cards/full/23-079R_eg.jpg">Hidden Trials</set>
      <tablerow>2</tablerow>
    </card>
    <card>
      <name>Odin (23-080R)</name>
      <text>Antes de pagar el coste para lanzar Odín, puedes retirar del juego 6 cartas Rayo de tu Break Zone para reducir en 6 el coste requerido para lanzar Odín.
  [EX BURST] Elige 1 Delantero. Rómpelo.</text>
      <prop>
        <type>Summon - FFL</type>
        <manacost>9</manacost>
        <colors>Lightning</colors>
        <pt>0</pt>
      </prop>
      <set picurl="https://fftcg.cdn.sewest.net/images/cards/full/23-080R_eg.jpg">Hidden Trials</set>
      <tablerow>3</tablerow>
    </card>
    <card>
      <name>Puppetmaster (23-081C)</name>
      <text>Cuando Marionetista entra al terreno de juego, elige 1 Delantero. Ponlo en dull. Si controlas 5 o más Apoyos, pon en dull todos los Delanteros controlados por tu oponente en su lugar.</text>
      <prop>
        <type>Backup - XI - Standard Unit</type>
        <manacost>2</manacost>
        <colors>Lightning</colors>
        <pt>0</pt>
      </prop>
      <set picurl="https://fftcg.cdn.sewest.net/images/cards/full/23-081C_eg.jpg">Hidden Trials</set>
      <tablerow>0</tablerow>
    </card>
    <card>
      <name>King (23-082H)</name>
      <text>Antes de pagar el coste para lanzar King, puedes retirar del juego 4 personajes de tu Break Zone para reducir en 4 el coste requerido para lanzar King.
  Cuando King ataca, puedes descartar 2 cartas. Cuando lo haces, elige 1 Delantero. Rómpelo.</text>
      <prop>
        <type>Forward - TYPE-0 - Class Zero Cadet</type>
        <manacost>5</manacost>
        <colors>Lightning</colors>
        <pt>9000</pt>
      </prop>
      <set picurl="https://fftcg.cdn.sewest.net/images/cards/full/23-082H_eg.jpg">Hidden Trials</set>
      <tablerow>2</tablerow>
    </card>
    <card>
      <name>Queen (23-083H)</name>
      <text>Retira del juego 3 cartas de la Break Zone: Elige 1 Delantero Oficio Clase Cero. Hasta el final del turno, este gana +2000 de poder y "Si este Delantero recibe daño de las habilidades de tu oponente, el daño se vuelve 0 en su lugar."</text>
      <prop>
        <type>Forward - TYPE-0 - Class Zero Cadet</type>
        <manacost>3</manacost>
        <colors>Lightning</colors>
        <pt>7000</pt>
      </prop>
      <set picurl="https://fftcg.cdn.sewest.net/images/cards/full/23-083H_eg.jpg">Hidden Trials</set>
      <tablerow>2</tablerow>
    </card>
    <card>
      <name>G'raha Tia (23-084C)</name>
      <text>Cuando G'raha Tia entra al terreno de juego, puedes retirar del juego 1 Nombre de la carta G'raha Tia de tu Break Zone. Cuando lo haces, elige 2 Delanteros controlados por tu oponente. Inflígeles 4000 puntos de daño y ponlos en dull.</text>
      <prop>
        <type>Forward - XIV - Scion of the Seventh Dawn</type>
        <manacost>5</manacost>
        <colors>Lightning</colors>
        <pt>9000</pt>
      </prop>
      <set picurl="https://fftcg.cdn.sewest.net/images/cards/full/23-084C_eg.jpg">Hidden Trials</set>
      <tablerow>2</tablerow>
    </card>
    <card>
      <name>Krile (XIV) (23-085R)</name>
      <text>Los Delanteros
  Oficio Totema del Séptimo Amanecer que controlas ganan +1000 de poder.
  (Dull): Elige 1 Oficio Totema del Séptimo Amanecer. Si esta inflige daño a un Delantero este turno, el daño aumenta en 1000 en su lugar.</text>
      <prop>
        <type>Backup - XIV - Scion of the Seventh Dawn</type>
        <manacost>3</manacost>
        <colors>Lightning</colors>
        <pt>0</pt>
      </prop>
      <set picurl="https://fftcg.cdn.sewest.net/images/cards/full/23-085R_eg.jpg">Hidden Trials</set>
      <tablerow>0</tablerow>
    </card>
    <card>
      <name>Thancred (23-086H)</name>
      <text>Cuando Thancred entra al terreno de juego, elige 1 Delantero controlado por tu oponente. Si controlas 4 o más Oficio Totema del Séptimo Amanecer, rómpelo.
  Cuando Thancred pasa del terreno de juego a la Break Zone, elige 1 Delantero de coste 3 o menos de tu Break Zone. Juégalo al terreno de juego.</text>
      <prop>
        <type>Forward - XIV - Scion of the Seventh Dawn</type>
        <manacost>4</manacost>
        <colors>Lightning</colors>
        <pt>8000</pt>
      </prop>
      <set picurl="https://fftcg.cdn.sewest.net/images/cards/full/23-086H_eg.jpg">Hidden Trials</set>
      <tablerow>2</tablerow>
    </card>
    <card>
      <name>Jack (23-087C)</name>
      <text>Cuando Jack entra al terreno de juego, pon las 3 cartas de la parte superior de tu mazo en la Break Zone.</text>
      <prop>
        <type>Forward - TYPE-0 - Class Zero Cadet</type>
        <manacost>2</manacost>
        <colors>Lightning</colors>
        <pt>7000</pt>
      </prop>
      <set picurl="https://fftcg.cdn.sewest.net/images/cards/full/23-087C_eg.jpg">Hidden Trials</set>
      <tablerow>2</tablerow>
    </card>
    <card>
      <name>Serah (23-088L)</name>
      <text>Los Delanteros controlados por tu oponente pierden 2000 de poder. Si controlas 3 o más Delanteros Categoría XIII, los Delanteros controlados por tu oponente pierden 5000 de poder en su lugar.
  Antimagia (S): Durante este turno, las Invocaciones o habilidades no pueden aumentar el poder de los Delanteros controlados por tu oponente.</text>
      <prop>
        <type>Forward - XIII - Saboteur</type>
        <manacost>4</manacost>
        <colors>Lightning</colors>
        <pt>8000</pt>
      </prop>
      <set picurl="https://fftcg.cdn.sewest.net/images/cards/full/23-088L_eg.jpg">Hidden Trials</set>
      <tablerow>2</tablerow>
    </card>
    <card>
      <name>SOLDIER Candidate (23-089C)</name>
      <text>Prisa
  Si tienes 2 o más Delanteros Oficio Soldado en tu Break Zone, Candidato a SOLDADO gana +3000 de poder.</text>
      <prop>
        <type>Forward - VII - Standard Unit</type>
        <manacost>2</manacost>
        <colors>Lightning</colors>
        <pt>5000</pt>
      </prop>
      <set picurl="https://fftcg.cdn.sewest.net/images/cards/full/23-089C_eg.jpg">Hidden Trials</set>
      <tablerow>2</tablerow>
    </card>
    <card>
      <name>Ninja (23-090C)</name>
      <text>Cuando Ninja entra al terreno de juego, ganas (C).
  (Dull), pon Ninja en la Break Zone: Elige 1 Delantero. Inflígele 1000 puntos de daño. Solo puedes usar esta habilidad durante tu turno.</text>
      <prop>
        <type>Backup - V - Standard Unit</type>
        <manacost>2</manacost>
        <colors>Lightning</colors>
        <pt>0</pt>
      </prop>
      <set picurl="https://fftcg.cdn.sewest.net/images/cards/full/23-090C_eg.jpg">Hidden Trials</set>
      <tablerow>0</tablerow>
    </card>
    <card>
      <name>Ninja (15-095C)</name>
      <text>Cuando Ninja entra al terreno de juego, ganas (C).
  (Dull), pon Ninja en la Break Zone: Elige 1 Delantero. Inflígele 1000 puntos de daño. Solo puedes usar esta habilidad durante tu turno.</text>
      <prop>
        <type>Backup - V - Standard Unit</type>
        <manacost>2</manacost>
        <colors>Lightning</colors>
        <pt>0</pt>
      </prop>
      <set picurl="https://fftcg.cdn.sewest.net/images/cards/full/15-095C_eg.jpg">Hidden Trials</set>
      <tablerow>0</tablerow>
    </card>
    <card>
      <name>Fencer (XIII) (23-091C)</name>
      <text>(Dull), pon Omeya y 1 Monstruo en la Break Zone: Elige 1 Delantero de coste 4 o menos. Rómpelo.</text>
      <prop>
        <type>Monster - XIII - Tilter</type>
        <manacost>1</manacost>
        <colors>Lightning</colors>
        <pt>0</pt>
      </prop>
      <set picurl="https://fftcg.cdn.sewest.net/images/cards/full/23-091C_eg.jpg">Hidden Trials</set>
      <tablerow>1</tablerow>
    </card>
    <card>
      <name>Black Widow (23-092R)</name>
      <text>Si controlas 2 o más Monstruos, Viuda negra también pasa a ser un Delantero con 8000 de poder.
  Cuando Viuda negra ataca, puedes poner 1 Monstruo que controlas en la Break Zone. Cuando lo haces, elige 1 Delantero. Inflígele 9000 puntos de daño.</text>
      <prop>
        <type>Monster - VII - War Machine</type>
        <manacost>2</manacost>
        <colors>Lightning</colors>
        <pt>8000</pt>
      </prop>
      <set picurl="https://fftcg.cdn.sewest.net/images/cards/full/23-092R_eg.jpg">Hidden Trials</set>
      <tablerow>1</tablerow>
    </card>
    <card>
      <name>Mog (XIII-2) (23-093C)</name>
      <text>(Dull), pon Mogu (XIII-2) en la Break Zone: Busca 1 Delantero Categoría XIII y añádelo a tu mano.</text>
      <prop>
        <type>Backup - XIII - Moogle</type>
        <manacost>2</manacost>
        <colors>Lightning</colors>
        <pt>0</pt>
      </prop>
      <set picurl="https://fftcg.cdn.sewest.net/images/cards/full/23-093C_eg.jpg">Hidden Trials</set>
      <tablerow>0</tablerow>
    </card>
    <card>
      <name>Y'shtola (23-094C)</name>
      <text>Cuando Y'shtola entra al terreno de juego, elige un número de Delanteros controlados por tu oponente menor o igual al número de Oficio Totema del Séptimo Amanecer que controlas. Ponlos en dull.</text>
      <prop>
        <type>Forward - XIV - Scion of the Seventh Dawn</type>
        <manacost>3</manacost>
        <colors>Lightning</colors>
        <pt>7000</pt>
      </prop>
      <set picurl="https://fftcg.cdn.sewest.net/images/cards/full/23-094C_eg.jpg">Hidden Trials</set>
      <tablerow>2</tablerow>
    </card>
    <card>
      <name>Rosso (23-095R)</name>
      <text>Cuando una Oficio Tsviet que controlas ataca, elige 1 Delantero controlado por tu oponente. Inflígele 4000 puntos de daño.
  (C): Elige 1 Oficio Tsviet. Esta gana Prisa hasta el final del turno.</text>
      <prop>
        <type>Forward - VII - Tsviets</type>
        <manacost>2</manacost>
        <colors>Lightning</colors>
        <pt>5000</pt>
      </prop>
      <set picurl="https://fftcg.cdn.sewest.net/images/cards/full/23-095R_eg.jpg">Hidden Trials</set>
      <tablerow>2</tablerow>
    </card>
    <card>
      <name>Apkallu (23-096C)</name>
      <text>Cuando Apkallu entra al terreno de juego, coge 1 carta.</text>
      <prop>
        <type>Monster - XIII - Sahagin</type>
        <manacost>1</manacost>
        <colors>Water</colors>
        <pt>0</pt>
      </prop>
      <set picurl="https://fftcg.cdn.sewest.net/images/cards/full/23-096C_eg.jpg">Hidden Trials</set>
      <tablerow>1</tablerow>
    </card>
    <card>
      <name>Altennia (23-097C)</name>
      <text>Cuando una Oficio Caballero que controlas ataca, elige 1 Delantero. Este gana +2000 de poder hasta el final del turno.</text>
      <prop>
        <type>Forward - XI - Knight</type>
        <manacost>3</manacost>
        <colors>Water</colors>
        <pt>7000</pt>
      </prop>
      <set picurl="https://fftcg.cdn.sewest.net/images/cards/full/23-097C_eg.jpg">Hidden Trials</set>
      <tablerow>2</tablerow>
    </card>
    <card>
      <name>Alphinaud (23-098C)</name>
      <text>(Dull), pon Alphinaud en la Break Zone: Elige 1 Nombre de la carta Alisaie de coste 4 o menos de tu Break Zone. Juégala al terreno de juego en dull. Solo puedes usar esta habilidad durante tu turno.</text>
      <prop>
        <type>Backup - XIV - Scion of the Seventh Dawn</type>
        <manacost>2</manacost>
        <colors>Water</colors>
        <pt>0</pt>
      </prop>
      <set picurl="https://fftcg.cdn.sewest.net/images/cards/full/23-098C_eg.jpg">Hidden Trials</set>
      <tablerow>0</tablerow>
    </card>
    <card>
      <name>Urianger (23-099C)</name>
      <text>[EX BURST] Cuando Urianger entra al terreno de juego, revela las 4 cartas de la parte superior de tu mazo. Añade 1 Oficio Totema del Séptimo Amanecer de entre ellas a tu mano y pon el resto en la parte inferior de tu mazo en el orden que quieras.</text>
      <prop>
        <type>Backup - XIV - Scion of the Seventh Dawn</type>
        <manacost>3</manacost>
        <colors>Water</colors>
        <pt>0</pt>
      </prop>
      <set picurl="https://fftcg.cdn.sewest.net/images/cards/full/23-099C_eg.jpg">Hidden Trials</set>
      <tablerow>0</tablerow>
    </card>
    <card>
      <name>Young Excenmille (23-100L)</name>
      <text>Joven Excenmille es también Nombre de la carta Excenmille en cualquier situación.
  (C): Joven Excenmille gana "Joven Excenmille no puede ser objetivo de las habilidades de tu oponente." y el poder de Joven Excenmille pasa a ser 9000. (Este efecto no termina al final del turno.)
  (Water)(C)(Dull): Busca 1 Delantero Agua de coste 3 y juégalo al terreno de juego. Solo puedes usar esta habilidad una vez por turno.</text>
      <prop>
        <type>Forward - XI - Griffon Knight</type>
        <manacost>2</manacost>
        <colors>Water</colors>
        <pt>5000</pt>
      </prop>
      <set picurl="https://fftcg.cdn.sewest.net/images/cards/full/23-100L_eg.jpg">Hidden Trials</set>
      <tablerow>2</tablerow>
    </card>
    <card>
      <name>Dancer (23-101C)</name>
      <text>Cuando Bailarín entra al terreno de juego, elige 1 Delantero. Este pierde 2000 de poder hasta el final del turno. Si controlas 5 o más Apoyos, todos los Delanteros controlados por tu oponente pierden 4000 de poder hasta el final del turno en su lugar.</text>
      <prop>
        <type>Backup - XI - Standard Unit</type>
        <manacost>2</manacost>
        <colors>Water</colors>
        <pt>0</pt>
      </prop>
      <set picurl="https://fftcg.cdn.sewest.net/images/cards/full/23-101C_eg.jpg">Hidden Trials</set>
      <tablerow>0</tablerow>
    </card>
    <card>
      <name>Gizamaluke (23-102R)</name>
      <text>Si controlas 2 o más Monstruos, Gizamaluke también pasa a ser un Delantero con 8000 de poder.
  Cuando Gizamaluke entra al terreno de juego, revela las 3 cartas de la parte superior de tu mazo. Añade 1 Monstruo de entre ellas a tu mano y pon el resto en la parte inferior de tu mazo en el orden que quieras.</text>
      <prop>
        <type>Monster - IX - Dragon</type>
        <manacost>2</manacost>
        <colors>Water</colors>
        <pt>8000</pt>
      </prop>
      <set picurl="https://fftcg.cdn.sewest.net/images/cards/full/23-102R_eg.jpg">Hidden Trials</set>
      <tablerow>1</tablerow>
    </card>
    <card>
      <name>Quina (23-103C)</name>
      <text>Cuando un Monstruo entra al terreno de juego de cualquier jugador, coge 1 carta. Este efecto solo se puede desencadenar una vez por turno.
  ¡CROAC! (S)(Water): Elige 1 Delantero. Hasta el final del turno, este pierde 3000 de poder por cada Monstruo controlado por cualquier jugador.</text>
      <prop>
        <type>Forward - DFF · IX - Blue Mage</type>
        <manacost>4</manacost>
        <colors>Water</colors>
        <pt>8000</pt>
      </prop>
      <set picurl="https://fftcg.cdn.sewest.net/images/cards/full/23-103C_eg.jpg">Hidden Trials</set>
      <tablerow>2</tablerow>
    </card>
    <card>
      <name>Witch of the Fens (23-104H)</name>
      <text>Cuando Bruja del pantano entra al terreno de juego, si controlas un Monstruo, coge 1 carta.
  Pon 1 Monstruo en la Break Zone: Elige 1 Delantero. Este pierde 7000 de poder hasta el final del turno.</text>
      <prop>
        <type>Forward - FFTA2 - Red Mage</type>
        <manacost>3</manacost>
        <colors>Water</colors>
        <pt>7000</pt>
      </prop>
      <set picurl="https://fftcg.cdn.sewest.net/images/cards/full/23-104H_eg.jpg">Hidden Trials</set>
      <tablerow>2</tablerow>
    </card>
    <card>
      <name>Defender (23-105C)</name>
      <text>Si tienes 2 o más Delanteros Oficio Soldado en tu Break Zone, Defensor gana +3000 de poder.
  Si Defensor recibe daño por valor inferior a su poder, el daño se vuelve 0 en su lugar.</text>
      <prop>
        <type>Forward - FFTA2 - Standard Unit</type>
        <manacost>2</manacost>
        <colors>Water</colors>
        <pt>5000</pt>
      </prop>
      <set picurl="https://fftcg.cdn.sewest.net/images/cards/full/23-105C_eg.jpg">Hidden Trials</set>
      <tablerow>2</tablerow>
    </card>
    <card>
      <name>Tataru (23-106H)</name>
      <text>(Dull): Coge 1 carta. Solo puedes usar esta habilidad si controlas 4 o más Oficio Totema del Séptimo Amanecer, durante tu turno y solo una vez por turno.</text>
      <prop>
        <type>Backup - XIV - Scion of the Seventh Dawn</type>
        <manacost>2</manacost>
        <colors>Water</colors>
        <pt>0</pt>
      </prop>
      <set picurl="https://fftcg.cdn.sewest.net/images/cards/full/23-106H_eg.jpg">Hidden Trials</set>
      <tablerow>0</tablerow>
    </card>
    <card>
      <name>Frimelda (23-107L)</name>
      <text>Al principio de la Attack Phase
  durante cada uno de tus turnos, si hay 4 o más elementos distintos entre los
  personajes que controlas, selecciona 1 de las siguientes
  2 acciones.
  "Elige 1 Delantero. Hasta el final del turno, este pierde 2000 de poder por cada elemento distinto entre los personajes que controlas."
  "Juega 1 Delantero de coste 4 o menos de tu mano al terreno de juego."</text>
      <prop>
        <type>Forward - FFTA2 - Sword Saint</type>
        <manacost>4</manacost>
        <colors>Water</colors>
        <pt>8000</pt>
      </prop>
      <set picurl="https://fftcg.cdn.sewest.net/images/cards/full/23-107L_eg.jpg">Hidden Trials</set>
      <tablerow>2</tablerow>
    </card>
    <card>
      <name>Fourchenault (23-108R)</name>
      <text>El coste requerido para lanzar Fourchenault se reduce en 2 por cada Nombre de la carta Alisaie o Nombre de la carta Alphinaud que controlas.
  Cuando Fourchenault entra al terreno de juego, selecciona 1 de las siguientes 2 acciones. "Elige 1 Delantero controlado por tu oponente. Devuélvelo a la mano de su propietario." "Elige 1 Oficio Totema del Séptimo Amanecer. Actívala."</text>
      <prop>
        <type>Forward - XIV - Member of the Forum</type>
        <manacost>4</manacost>
        <colors>Water</colors>
        <pt>8000</pt>
      </prop>
      <set picurl="https://fftcg.cdn.sewest.net/images/cards/full/23-108R_eg.jpg">Hidden Trials</set>
      <tablerow>2</tablerow>
    </card>
    <card>
      <name>Portia (23-109C)</name>
      <text>Cuando Portia entra al terreno de juego, si controlas 2 o más Oficio Bailarín/Bailarina y/o
  Nombre de la carta Bailarín/Bailarina, coge 1 carta.
  Cuando Portia entra al terreno de juego, elige 1 Delantero controlado por tu oponente. Si controlas 4 o más Oficio Bailarín/Bailarina y/o Nombre de la carta Bailarín/Bailarina, ponlo en la parte inferior del mazo de su propietario.</text>
      <prop>
        <type>Forward - XI - Dancer</type>
        <manacost>2</manacost>
        <colors>Water</colors>
        <pt>5000</pt>
      </prop>
      <set picurl="https://fftcg.cdn.sewest.net/images/cards/full/23-109C_eg.jpg">Hidden Trials</set>
      <tablerow>2</tablerow>
    </card>
    <card>
      <name>Porom (23-110R)</name>
      <text>Si controlas una Nombre de la carta Palom, el coste requerido para lanzar Porom se reduce
  en 2.
  Los Delanteros que controlas con 2 o más Contadores EXP sobre ellos ganan "Si este Delantero recibe daño, el daño se reduce en 2000 en su lugar."
  Cuando Porom entra al terreno de juego, elige 1 Delantero. Pon 2 Contadores EXP sobre él.</text>
      <prop>
        <type>Forward - IV - Apprentice Mage</type>
        <manacost>2</manacost>
        <colors>Water</colors>
        <pt>5000</pt>
      </prop>
      <set picurl="https://fftcg.cdn.sewest.net/images/cards/full/23-110R_eg.jpg">Hidden Trials</set>
      <tablerow>2</tablerow>
    </card>
    <card>
      <name>Oracle (23-111C)</name>
      <text>Cuando Oráculo entra al terreno de juego, ganas (C).
  (Dull), pon Oráculo en la Break Zone: Elige 1 Delantero. Durante este turno, el próximo daño que reciba se reduce en 1000 en su lugar. Solo puedes usar esta habilidad durante tu turno.</text>
      <prop>
        <type>Backup - V - Standard Unit</type>
        <manacost>2</manacost>
        <colors>Water</colors>
        <pt>0</pt>
      </prop>
      <set picurl="https://fftcg.cdn.sewest.net/images/cards/full/23-111C_eg.jpg">Hidden Trials</set>
      <tablerow>0</tablerow>
    </card>
    <card>
      <name>Oracle (15-123C)</name>
      <text>Cuando Oráculo entra al terreno de juego, ganas (C).
  (Dull), pon Oráculo en la Break Zone: Elige 1 Delantero. Durante este turno, el próximo daño que reciba se reduce en 1000 en su lugar. Solo puedes usar esta habilidad durante tu turno.</text>
      <prop>
        <type>Backup - V - Standard Unit</type>
        <manacost>2</manacost>
        <colors>Water</colors>
        <pt>0</pt>
      </prop>
      <set picurl="https://fftcg.cdn.sewest.net/images/cards/full/15-123C_eg.jpg">Hidden Trials</set>
      <tablerow>0</tablerow>
    </card>
    <card>
      <name>Young Rahal (23-112H)</name>
      <text>Joven Rahal es también Nombre de la carta Rahal en cualquier situación.
  Cuando Joven Rahal entra al terreno de juego, ganas (C)(C).
  Cuando Joven Rahal entra al terreno de juego o ataca, todos los Delanteros Agua que controlas ganan +2000 de poder hasta el final del turno.</text>
      <prop>
        <type>Forward - XI - Griffon Knight</type>
        <manacost>3</manacost>
        <colors>Water</colors>
        <pt>7000</pt>
      </prop>
      <set picurl="https://fftcg.cdn.sewest.net/images/cards/full/23-112H_eg.jpg">Hidden Trials</set>
      <tablerow>2</tablerow>
    </card>
    <card>
      <name>Leviathan (23-113R)</name>
      <text>Elige 1 carta de tu Damage Zone. Añádela a tu mano y coge 1 carta. Después, pon 1 carta de tu mano en la Damage Zone (el efecto de su EX Burst no se desencadena).</text>
      <prop>
        <type>Summon - FFL</type>
        <manacost>1</manacost>
        <colors>Water</colors>
        <pt>0</pt>
      </prop>
      <set picurl="https://fftcg.cdn.sewest.net/images/cards/full/23-113R_eg.jpg">Hidden Trials</set>
      <tablerow>3</tablerow>
    </card>
    <card>
      <name>Lilisette (23-114R)</name>
      <text>[EX BURST] Cuando Lilisette entra al terreno de juego, puedes buscar 1 Oficio Bailarín/Bailarina o Nombre de la carta Bailarín/Bailarina
  y añadirla a tu mano.
  Samba ardiente (S): Hasta el final del turno, todos los Delanteros que controlas ganan +2000 de poder y todos los Delanteros controlados por tu oponente pierden 2000 de poder.</text>
      <prop>
        <type>Forward - XI - Dancer</type>
        <manacost>3</manacost>
        <colors>Water</colors>
        <pt>7000</pt>
      </prop>
      <set picurl="https://fftcg.cdn.sewest.net/images/cards/full/23-114R_eg.jpg">Hidden Trials</set>
      <tablerow>2</tablerow>
    </card>
    <card>
      <name>Venat (23-115L)</name>
      <text>Cuando Venat entra al terreno de juego, ganas (C)(C).
  Cuando Venat pasa del terreno de juego a la Break Zone, puedes pagar (C). Cuando lo haces, elige 1 Delantero. Retíralo del juego.
  (C)(C)(Dull): Busca 1 carta y añádela a tu mano.</text>
      <prop>
        <type>Forward - XIV - Ancient (XIV)</type>
        <manacost>4</manacost>
        <colors>Light</colors>
        <pt>9000</pt>
      </prop>
      <set picurl="https://fftcg.cdn.sewest.net/images/cards/full/23-115L_eg.jpg">Hidden Trials</set>
      <tablerow>2</tablerow>
    </card>
    <card>
      <name>Illua (23-116H)</name>
      <text>Prisa
  Si controlas 4 o más Apoyos, Bleu no puede ser bloqueado.
  Cuando Bleu ataca, elige 1 Delantero. Si controlas 3 o menos Apoyos, este pierde 5000 de poder hasta el final del turno.</text>
      <prop>
        <type>Forward - FFTA2 - Nightshade</type>
        <manacost>2</manacost>
        <colors>Dark</colors>
        <pt>7000</pt>
      </prop>
      <set picurl="https://fftcg.cdn.sewest.net/images/cards/full/23-116H_eg.jpg">Hidden Trials</set>
      <tablerow>2</tablerow>
    </card>
    <card>
      <name>Chaos (23-117L)</name>
      <text>Cuando Caos entra al terreno de juego, puedes retirar del juego 5 Oficio Caos de tu Break Zone y/o Monstruos de tu Break Zone. Cuando lo haces, tu oponente selecciona 1 Delantero que controla. Ponlo en la Break Zone. Tu oponente descarta 2 cartas.
  Fulgor (S), pon las 10 cartas de la parte superior de tu mazo en la Break Zone: Caos inflige a tu oponente 1 punto de daño.</text>
      <prop>
        <type>Forward - I - Chaos</type>
        <manacost>4</manacost>
        <colors>Dark</colors>
        <pt>9000</pt>
      </prop>
      <set picurl="https://fftcg.cdn.sewest.net/images/cards/full/23-117L_eg.jpg">Hidden Trials</set>
      <tablerow>2</tablerow>
    </card>
    <card>
      <name>Ardyn (23-118H)</name>
      <text>Limit Break -- 1
  Bravura
  Cuando Ardyn pasa del terreno de juego a la Break Zone, puedes jugar 1 Nombre de la carta Ardyn boca abajo de tu mazo LB al terreno de juego en dull. Si lo haces, pon boca arriba 1 carta boca abajo de tu mazo LB.</text>
      <prop>
        <type>Forward - XV - Chief Minister</type>
        <manacost>6</manacost>
        <colors>Fire</colors>
        <pt>10000</pt>
      </prop>
      <set picurl="https://fftcg.cdn.sewest.net/images/cards/full/23-118H_eg.jpg">Hidden Trials</set>
      <tablerow>2</tablerow>
    </card>
    <card>
      <name>Vincent (23-119R)</name>
      <text>Limit Break -- 2
  Iniciativa
  Cuando Vincent entra al terreno de juego, puedes poner 1 Apoyo Fuego que controlas en la Break Zone. Cuando lo haces, elige 1 Delantero controlado por tu oponente. Inflígele 9000 puntos de daño.</text>
      <prop>
        <type>Forward - VII - Galian Beast</type>
        <manacost>5</manacost>
        <colors>Fire</colors>
        <pt>8000</pt>
      </prop>
      <set picurl="https://fftcg.cdn.sewest.net/images/cards/full/23-119R_eg.jpg">Hidden Trials</set>
      <tablerow>2</tablerow>
    </card>
    <card>
      <name>Kuja (23-120R)</name>
      <text>Limit Break -- 2
  Cuando Kuja es objetivo de una Invocación o habilidad de tu oponente, elige hasta 1 Delantero. Congélalo.
  Pon en dull Kuja activo: Elige 1 Delantero. Ponlo en dull.</text>
      <prop>
        <type>Forward - DFF · IX - Genome</type>
        <manacost>5</manacost>
        <colors>Ice</colors>
        <pt>8000</pt>
      </prop>
      <set picurl="https://fftcg.cdn.sewest.net/images/cards/full/23-120R_eg.jpg">Hidden Trials</set>
      <tablerow>2</tablerow>
    </card>
    <card>
      <name>Cait Sith (23-121L)</name>
      <text>Limit Break -- 3
  Bravura
  Cuando Cait Sith entra al terreno de juego, si controlas 5 o más Apoyos Frío, congela todos los Apoyos controlados por tu oponente y tu oponente descarta 1 carta.</text>
      <prop>
        <type>Forward - VII - Doll</type>
        <manacost>6</manacost>
        <colors>Ice</colors>
        <pt>8000</pt>
      </prop>
      <set picurl="https://fftcg.cdn.sewest.net/images/cards/full/23-121L_eg.jpg">Hidden Trials</set>
      <tablerow>2</tablerow>
    </card>
    <card>
      <name>Cid Highwind (23-122R)</name>
      <text>Limit Break -- 1
  Cuando Cid Highwind entra al terreno de juego, revela las 3 cartas de la parte superior de tu mazo. Añade 1 Apoyo de entre ellas a tu mano y pon el resto en la parte inferior de tu mazo en el orden que quieras.</text>
      <prop>
        <type>Forward - VII - Engineer</type>
        <manacost>4</manacost>
        <colors>Wind</colors>
        <pt>4000</pt>
      </prop>
      <set picurl="https://fftcg.cdn.sewest.net/images/cards/full/23-122R_eg.jpg">Hidden Trials</set>
      <tablerow>2</tablerow>
    </card>
    <card>
      <name>Deathgaze (23-123H)</name>
      <text>Limit Break -- 2
  Cuando Ojo letal entra al terreno de juego, elige 1 Delantero de coste 5 o 10. Rómpelo.</text>
      <prop>
        <type>Forward - VI - Deathgaze</type>
        <manacost>7</manacost>
        <colors>Wind</colors>
        <pt>8000</pt>
      </prop>
      <set picurl="https://fftcg.cdn.sewest.net/images/cards/full/23-123H_eg.jpg">Hidden Trials</set>
      <tablerow>2</tablerow>
    </card>
    <card>
      <name>Eiko (23-124L)</name>
      <text>Limit Break -- 3
  Solo puedes lanzar Eiko si tienes un total de 9 o más Invocaciones en tu Break Zone y/o Invocaciones que te pertenecen retiradas del juego.
  Cuando Eiko entra al terreno de juego, puedes buscar 1 Invocación y retirarla del juego. Puedes lanzarla sin pagar su coste este turno.</text>
      <prop>
        <type>Forward - IX - Summoner</type>
        <manacost>6</manacost>
        <colors>Earth</colors>
        <pt>8000</pt>
      </prop>
      <set picurl="https://fftcg.cdn.sewest.net/images/cards/full/23-124L_eg.jpg">Hidden Trials</set>
      <tablerow>2</tablerow>
    </card>
    <card>
      <name>Noctis (23-125R)</name>
      <text>Limit Break -- 2
  Cuando Noctis entra al terreno de juego, elige 1 Delantero de tu Break Zone. Añádelo a tu mano.</text>
      <prop>
        <type>Forward - XV - King</type>
        <manacost>6</manacost>
        <colors>Earth</colors>
        <pt>7000</pt>
      </prop>
      <set picurl="https://fftcg.cdn.sewest.net/images/cards/full/23-125R_eg.jpg">Hidden Trials</set>
      <tablerow>2</tablerow>
    </card>
    <card>
      <name>Edge (23-126L)</name>
      <text>Limit Break -- 3
  Cuando Edge entra al terreno de juego, hasta el final del turno, todos los Delanteros Rayo, Oficio Ninja y Nombre de la carta Ninja que controlas ganan "Cuando este Delantero ataca, elige 1 Delantero controlado por tu oponente. Inflígele 7000 puntos de daño."</text>
      <prop>
        <type>Forward - IV - Ninja</type>
        <manacost>6</manacost>
        <colors>Lightning</colors>
        <pt>8000</pt>
      </prop>
      <set picurl="https://fftcg.cdn.sewest.net/images/cards/full/23-126L_eg.jpg">Hidden Trials</set>
      <tablerow>2</tablerow>
    </card>
    <card>
      <name>Nyx (23-127R)</name>
      <text>Limit Break -- 1
  Si un personaje Rayo o personaje Categoría XV que controlabas ha pasado del terreno de juego a la Break Zone este turno, el coste requerido para lanzar Nyx se reduce en 4.</text>
      <prop>
        <type>Forward - XV - Kingsglaive</type>
        <manacost>5</manacost>
        <colors>Lightning</colors>
        <pt>9000</pt>
      </prop>
      <set picurl="https://fftcg.cdn.sewest.net/images/cards/full/23-127R_eg.jpg">Hidden Trials</set>
      <tablerow>2</tablerow>
    </card>
    <card>
      <name>Beatrix (23-128R)</name>
      <text>Limit Break -- 1
  Cuando Beatrix ataca, elige 1 Delantero. Si controlas 3 o más Delanteros Oficio Caballero, rómpelo.</text>
      <prop>
        <type>Forward - DFF · IX - Knight</type>
        <manacost>4</manacost>
        <colors>Water</colors>
        <pt>8000</pt>
      </prop>
      <set picurl="https://fftcg.cdn.sewest.net/images/cards/full/23-128R_eg.jpg">Hidden Trials</set>
      <tablerow>2</tablerow>
    </card>
    <card>
      <name>Lunafreya (23-129H)</name>
      <text>Limit Break -- 2
  Cuando Lunafreya entra al terreno de juego, revela las 5 cartas de la parte superior de tu mazo. Añade 1 carta de entre ellas a tu mano y pon el resto en la parte inferior de tu mazo en el orden que quieras. Si la carta añadida a tu mano tiene un EX Burst, puedes desencadenar el efecto de su EX Burst. (Este efecto se suma a la pila.)</text>
      <prop>
        <type>Forward - XV - Oracle</type>
        <manacost>6</manacost>
        <colors>Water</colors>
        <pt>7000</pt>
      </prop>
      <set picurl="https://fftcg.cdn.sewest.net/images/cards/full/23-129H_eg.jpg">Hidden Trials</set>
      <tablerow>2</tablerow>
    </card>
    <card>
      <name>Luso (23-130H)</name>
      <text>Limit Break -- 1
  Cuando Luso entra al terreno de juego, elige 1 personaje que controlas. Puedes buscar 1 Oficio Soldado del mismo elemento que el personaje elegido y añadirla a tu mano.
  Cuando una Oficio Soldado entra a tu terreno de juego, Luso gana +4000 de poder hasta el final del turno.</text>
      <prop>
        <type>Forward - FFTA2 - Clan Gully Member</type>
        <manacost>5</manacost>
        <colors>Light</colors>
        <pt>5000</pt>
      </prop>
      <set picurl="https://fftcg.cdn.sewest.net/images/cards/full/23-130H_eg.jpg">Hidden Trials</set>
      <tablerow>2</tablerow>
    </card>
    <card>
      <name> (C-001)</name>
      <text></text>
      <prop>
        <type>Crystal - Crystal Hunt</type>
        <manacost>0</manacost>
        <colors></colors>
        <pt>0</pt>
      </prop>
      <set picurl="https://fftcg.cdn.sewest.net/images/cards/full/C-001_eg.jpg">Hidden Trials</set>
      <tablerow>1</tablerow>
    </card>
  </cards>
</cockatrice_carddatabase>