<?xml version="1.0" encoding="UTF-8"?>
<cockatrice_carddatabase version="4">
  <sets>
    <set>
      <name>Opus IV</name>
      <longname>Opus IV</longname>
      <settype>Custom</settype>
      <releasedate></releasedate>
    </set>
    <set>
      <name>Emissaries of Light</name>
      <longname>Emissaries of Light</longname>
      <settype>Custom</settype>
      <releasedate></releasedate>
    </set>
    <set>
      <name>Resurgence of Power</name>
      <longname>Resurgence of Power</longname>
      <settype>Custom</settype>
      <releasedate></releasedate>
    </set>
    <set>
      <name>Hidden Hope</name>
      <longname>Hidden Hope</longname>
      <settype>Custom</settype>
      <releasedate></releasedate>
    </set>
  </sets>
  <cards>
    <card>
      <name>Chaos (16-129L)</name>
      <text>El coste requerido para lanzar Caos se reduce en 2 por cada elemento entre los personajes controlados por tu oponente.
  Cuando Caos entra al terreno de juego, tu oponente selecciona 1 Delantero que controla que no sea Luz ni Oscuridad. Pasas a controlarlo.
  (Dull), pon en la Break Zone 1 personaje que controlas propiedad de tu oponente: Elige 1 Delantero. Rómpelo.</text>
      <prop>
        <type>Forward - I - Chaos</type>
        <manacost>11</manacost>
        <colors>Dark</colors>
        <pt>8000</pt>
      </prop>
      <set picurl="https://fftcg.cdn.sewest.net/images/cards/full/16-129L_eg.jpg">Emissaries of Light</set>
      <tablerow>2</tablerow>
    </card>
    <card>
      <name>Sephiroth (18-116L)</name>
      <text>Ataque furtivo
  Cuando Sefirot entra al terreno de juego, elige 1 Delantero en dull controlado por tu oponente. Rómpelo.
  Cuando Sefirot ataca, selecciona 1 de las siguientes 2 acciones.
  "Tu oponente descarta 1 carta."
  "Elige 1 Delantero de coste 2 o menos. Rómpelo."</text>
      <prop>
        <type>Forward - VII - War Hero</type>
        <manacost>4</manacost>
        <colors>Ice, Lightning</colors>
        <pt>8000</pt>
      </prop>
      <set picurl="https://fftcg.cdn.sewest.net/images/cards/full/18-116L_eg.jpg">Resurgence of Power</set>
      <tablerow>2</tablerow>
    </card>
    <card>
      <name>Auron (22-001R)</name>
      <text>Ataque furtivo
  Cuando Auron entra al terreno de juego, elige 1 Delantero. Durante este turno, el siguiente daño que reciba de las Invocaciones o habilidades de tu oponente se vuelve 0 en su lugar.</text>
      <prop>
        <type>Backup - X - Guardian</type>
        <manacost>2</manacost>
        <colors>Fire</colors>
        <pt>0</pt>
      </prop>
      <set picurl="https://fftcg.cdn.sewest.net/images/cards/full/22-001R_eg.jpg">Hidden Hope</set>
      <tablerow>0</tablerow>
    </card>
    <card>
      <name>Red Mage (22-002C)</name>
      <text>(Dull): Elige 1 Delantero de coste 5 o menos. Hasta el final del turno, este gana "Este Delantero no puede bloquear."
  (1)(Dull), descarta 1 carta Fuego, pon Mago rojo en la Break Zone: Elige 1 Delantero. Inflígele 8000 puntos de daño.</text>
      <prop>
        <type>Backup - V - Standard Unit</type>
        <manacost>2</manacost>
        <colors>Fire</colors>
        <pt>0</pt>
      </prop>
      <set picurl="https://fftcg.cdn.sewest.net/images/cards/full/22-002C_eg.jpg">Hidden Hope</set>
      <tablerow>0</tablerow>
    </card>
    <card>
      <name>Ayame (22-003R)</name>
      <text>Bravura
  Cuando una Oficio Samurái o una Nombre de la carta Samurái que no sea Ayame entra a tu terreno de juego, Ayame gana +4000 de poder hasta el final del turno.
  Cuando Ayame ataca, elige 1 Delantero controlado por tu oponente. Si Ayame tiene 9000 de poder o más, inflígele 7000 puntos de daño.</text>
      <prop>
        <type>Forward - PICTLOGICA · XI - Samurai</type>
        <manacost>2</manacost>
        <colors>Fire</colors>
        <pt>5000</pt>
      </prop>
      <set picurl="https://fftcg.cdn.sewest.net/images/cards/full/22-003R_eg.jpg">Hidden Hope</set>
      <tablerow>2</tablerow>
    </card>
    <card>
      <name>Angeal (22-004H)</name>
      <text>Si un Delantero Oficio SOLDADO que controlas inflige daño a un Delantero, el daño aumenta en 2000 en su lugar.
  Cuando Angeal entra al terreno de juego, puedes pagar (X). Cuando lo haces, busca 1 Delantero Oficio SOLDADO de coste X y juégalo al terreno de juego.</text>
      <prop>
        <type>Backup - VII - SOLDIER</type>
        <manacost>3</manacost>
        <colors>Fire</colors>
        <pt>0</pt>
      </prop>
      <set picurl="https://fftcg.cdn.sewest.net/images/cards/full/22-004H_eg.jpg">Hidden Hope</set>
      <tablerow>0</tablerow>
    </card>
    <card>
      <name>Ignacio (22-005R)</name>
      <text>Cuando Ignacio entra al terreno de juego, pon las 3 cartas de la parte superior de tu mazo en la Break Zone. Cuando lo haces, elige hasta 1 Delantero. Si todas las cartas puestas en la Break Zone son del elemento Fuego, inflígele 9000 puntos de daño.</text>
      <prop>
        <type>Forward - FFBE - Sworn Six of Paladia</type>
        <manacost>5</manacost>
        <colors>Fire</colors>
        <pt>9000</pt>
      </prop>
      <set picurl="https://fftcg.cdn.sewest.net/images/cards/full/22-005R_eg.jpg">Hidden Hope</set>
      <tablerow>2</tablerow>
    </card>
    <card>
      <name>Garland (22-006H)</name>
      <text>[EX BURST] Cuando Garland entra al terreno de juego, elige 1 Oficio Caballero de tu Break Zone que no sea Nombre de la carta Garland. Añádela a tu mano.
  Cuando una Oficio Caballero que no sea Garland entra a tu terreno de juego, elige 1 Delantero controlado por tu oponente. Inflígele 5000 puntos de daño.</text>
      <prop>
        <type>Forward - DFF · I - Knight</type>
        <manacost>4</manacost>
        <colors>Fire</colors>
        <pt>8000</pt>
      </prop>
      <set picurl="https://fftcg.cdn.sewest.net/images/cards/full/22-006H_eg.jpg">Hidden Hope</set>
      <tablerow>2</tablerow>
    </card>
    <card>
      <name>Carla (22-007C)</name>
      <text>(Dull): Elige 1 Delantero controlado por tu oponente. Inflígele 3000 puntos de daño.
  (Dull): Elige 1 Delantero atacante. Este gana +2000 de poder hasta el final del turno.</text>
      <prop>
        <type>Forward - TYPE-0 - Agito Cadet</type>
        <manacost>3</manacost>
        <colors>Fire</colors>
        <pt>7000</pt>
      </prop>
      <set picurl="https://fftcg.cdn.sewest.net/images/cards/full/22-007C_eg.jpg">Hidden Hope</set>
      <tablerow>2</tablerow>
    </card>
    <card>
      <name>Clavat (22-008C)</name>
      <text>Cuando Clavate entra al terreno de juego, mira la carta superior de tu mazo. Puedes poner esa carta en la parte inferior de tu mazo.</text>
      <prop>
        <type>Backup - FFCC - Standard Unit</type>
        <manacost>1</manacost>
        <colors>Fire</colors>
        <pt>0</pt>
      </prop>
      <set picurl="https://fftcg.cdn.sewest.net/images/cards/full/22-008C_eg.jpg">Hidden Hope</set>
      <tablerow>0</tablerow>
    </card>
    <card>
      <name>Jecht (22-009H)</name>
      <text>El coste requerido para lanzar Jecht se reduce en 1 por cada personaje Fuego que controlas.
  Cuando Jecht entra al terreno de juego, elige 1 Delantero controlado por tu oponente. Jecht y el Delantero elegido infligen al otro daño equivalente a su poder.</text>
      <prop>
        <type>Forward - DFF · X - Guardian</type>
        <manacost>6</manacost>
        <colors>Fire</colors>
        <pt>9000</pt>
      </prop>
      <set picurl="https://fftcg.cdn.sewest.net/images/cards/full/22-009H_eg.jpg">Hidden Hope</set>
      <tablerow>2</tablerow>
    </card>
    <card>
      <name>Selphie (22-010L)</name>
      <text>Cuando Selphie entra al terreno de juego, puedes buscar 1 Delantero Categoría VIII y añadirlo a tu mano.
  (0): Elige 1 Delantero Categoría VIII que no sea Selphie. Hasta el final del turno, este gana +1000 de poder, Prisa y Bravura. Solo puedes usar esta habilidad durante tu turno y solo una vez por turno.</text>
      <prop>
        <type>Forward - VIII - SeeD Candidate</type>
        <manacost>4</manacost>
        <colors>Fire</colors>
        <pt>7000</pt>
      </prop>
      <set picurl="https://fftcg.cdn.sewest.net/images/cards/full/22-010L_eg.jpg">Hidden Hope</set>
      <tablerow>2</tablerow>
    </card>
    <card>
      <name>Warrior (22-011C)</name>
      <text>Si controlas 2 o más Apoyos Oficio Soldado, Guerrero gana +2000 de poder.</text>
      <prop>
        <type>Forward - XI - Standard Unit</type>
        <manacost>3</manacost>
        <colors>Fire</colors>
        <pt>7000</pt>
      </prop>
      <set picurl="https://fftcg.cdn.sewest.net/images/cards/full/22-011C_eg.jpg">Hidden Hope</set>
      <tablerow>2</tablerow>
    </card>
    <card>
      <name>Foulander (22-012C)</name>
      <text>Durante tu turno, Pisador también pasa a ser un Delantero con 4000 de poder.
  Cuando Pisador ataca, elige 1 Delantero controlado por tu oponente. Inflígele 3000 puntos de daño.
  Daños 3 -- Si Pisador inflige daño a un Delantero, el daño aumenta en 2000 en su lugar.</text>
      <prop>
        <type>Monster - VII - Foulander</type>
        <manacost>1</manacost>
        <colors>Fire</colors>
        <pt>4000</pt>
      </prop>
      <set picurl="https://fftcg.cdn.sewest.net/images/cards/full/22-012C_eg.jpg">Hidden Hope</set>
      <tablerow>1</tablerow>
    </card>
    <card>
      <name>Machina (22-013C)</name>
      <text>El coste requerido para lanzar Machina aumenta en 1 por cada Delantero que controlas.
  (1)(Dull), pon Machina en la Break Zone: Elige 1 Delantero. Inflígele 7000 puntos de daño.</text>
      <prop>
        <type>Backup - TYPE-0 - Class Zero Cadet</type>
        <manacost>1</manacost>
        <colors>Fire</colors>
        <pt>0</pt>
      </prop>
      <set picurl="https://fftcg.cdn.sewest.net/images/cards/full/22-013C_eg.jpg">Hidden Hope</set>
      <tablerow>0</tablerow>
    </card>
    <card>
      <name>Belias, the Gigas (22-014R)</name>
      <text>Elige 1 Delantero que controlas y 1 Delantero controlado por tu oponente. Hasta el final del turno, el primero gana +3000 de poder e Iniciativa. Inflígele al segundo 7000 puntos de daño. Si el coste para lanzar Belias, el Ogro, solo se ha pagado con CP generados por Apoyos, también coge 1 carta.</text>
      <prop>
        <type>Summon - XII</type>
        <manacost>3</manacost>
        <colors>Fire</colors>
        <pt>0</pt>
      </prop>
      <set picurl="https://fftcg.cdn.sewest.net/images/cards/full/22-014R_eg.jpg">Hidden Hope</set>
      <tablerow>3</tablerow>
    </card>
    <card>
      <name>Meeth (22-015C)</name>
      <text>Cuando Meeth entra al terreno de juego, puedes retirar del juego 1 Apoyo que controlas que no sea Meeth. Si lo haces, coge 2 cartas.</text>
      <prop>
        <type>Backup - FFCC - Alchemist</type>
        <manacost>2</manacost>
        <colors>Fire</colors>
        <pt>0</pt>
      </prop>
      <set picurl="https://fftcg.cdn.sewest.net/images/cards/full/22-015C_eg.jpg">Hidden Hope</set>
      <tablerow>0</tablerow>
    </card>
    <card>
      <name>Minwu (FFBE) (22-016H)</name>
      <text>(0): Elige 1 carta de tu Break Zone. Durante este turno, puedes lanzarla en cualquier momento en el que normalmente sería posible lanzarla mientras no tengas cartas en la mano. Solo puedes usar esta habilidad durante tu turno y solo una vez por turno.
  (Dull), descarta 3 cartas: Inflige 10000 puntos de daño a todos los Delanteros controlados por tu oponente.</text>
      <prop>
        <type>Forward - FFBE - White Mage</type>
        <manacost>3</manacost>
        <colors>Fire</colors>
        <pt>7000</pt>
      </prop>
      <set picurl="https://fftcg.cdn.sewest.net/images/cards/full/22-016H_eg.jpg">Hidden Hope</set>
      <tablerow>2</tablerow>
    </card>
    <card>
      <name>Lilyth (22-017C)</name>
      <text>Cuando Lilit entra al terreno de juego, ganas (C).
  Sablazo pesado (S): Elige 1 Delantero. Inflígele 7000 puntos de daño.</text>
      <prop>
        <type>Forward - FFBE - Knight</type>
        <manacost>2</manacost>
        <colors>Fire</colors>
        <pt>5000</pt>
      </prop>
      <set picurl="https://fftcg.cdn.sewest.net/images/cards/full/22-017C_eg.jpg">Hidden Hope</set>
      <tablerow>2</tablerow>
    </card>
    <card>
      <name>Luartha (22-018R)</name>
      <text>Cuando Luarta ataca, elige 1 Delantero controlado por tu oponente. Inflígele 5000 puntos de daño.
  (C): Luarta gana Prisa hasta el final del turno.
  Daños 3 -- Cuando Luarta entra al terreno de juego, elige 1 Delantero controlado por tu oponente. Inflígele 5000 puntos de daño.</text>
      <prop>
        <type>Forward - FFBE - Dual Gunner</type>
        <manacost>1</manacost>
        <colors>Fire</colors>
        <pt>3000</pt>
      </prop>
      <set picurl="https://fftcg.cdn.sewest.net/images/cards/full/22-018R_eg.jpg">Hidden Hope</set>
      <tablerow>2</tablerow>
    </card>
    <card>
      <name>Ice Bomb (22-019C)</name>
      <text>Durante tu turno, Bom helado también pasa a ser un Delantero con 3000 de poder.
  Cuando Bom helado ataca, elige 1 Delantero controlado por tu oponente. Congélalo.
  Daños 3 -- Cuando Bom helado ataca, elige 1 Delantero. Ponlo en dull.</text>
      <prop>
        <type>Monster - FFCC - Bomb</type>
        <manacost>1</manacost>
        <colors>Ice</colors>
        <pt>3000</pt>
      </prop>
      <set picurl="https://fftcg.cdn.sewest.net/images/cards/full/22-019C_eg.jpg">Hidden Hope</set>
      <tablerow>1</tablerow>
    </card>
    <card>
      <name>Vallaide (22-020R)</name>
      <text>(1): Elige 1 Delantero. Hasta el final del turno, este gana "Cuando este Delantero recibe daño, rompe este Delantero." Solo puedes usar esta habilidad una vez por turno.</text>
      <prop>
        <type>Forward - FFBE - Green Mage</type>
        <manacost>2</manacost>
        <colors>Ice</colors>
        <pt>5000</pt>
      </prop>
      <set picurl="https://fftcg.cdn.sewest.net/images/cards/full/22-020R_eg.jpg">Hidden Hope</set>
      <tablerow>2</tablerow>
    </card>
    <card>
      <name>Emina (22-021R)</name>
      <text>Cuando Emina entra al terreno de juego, puedes buscar 1 personaje Frío de coste 2 o menos y añadirlo a tu mano.</text>
      <prop>
        <type>Backup - TYPE-0 - Commanding Officer</type>
        <manacost>4</manacost>
        <colors>Ice</colors>
        <pt>0</pt>
      </prop>
      <set picurl="https://fftcg.cdn.sewest.net/images/cards/full/22-021R_eg.jpg">Hidden Hope</set>
      <tablerow>0</tablerow>
    </card>
    <card>
      <name>Quistis (22-022R)</name>
      <text>Cuando Quistis entra al terreno de juego, elige un número de personajes menor o igual al número de Delanteros Categoría VIII que controlas. Ponlos en dull. Si controlas 3 o más Delanteros Categoría VIII, también congélalos.</text>
      <prop>
        <type>Forward - VIII - Instructor</type>
        <manacost>3</manacost>
        <colors>Ice</colors>
        <pt>7000</pt>
      </prop>
      <set picurl="https://fftcg.cdn.sewest.net/images/cards/full/22-022R_eg.jpg">Hidden Hope</set>
      <tablerow>2</tablerow>
    </card>
    <card>
      <name>Bard (22-023C)</name>
      <text>(Dull): Elige 1 Delantero de coste 2 o menos. Ponlo en dull.
  (1)(Dull), descarta 1 carta Frío, pon Bardo en la Break Zone: Elige 1 Delantero en dull. Rómpelo.</text>
      <prop>
        <type>Backup - XI - Standard Unit</type>
        <manacost>2</manacost>
        <colors>Ice</colors>
        <pt>0</pt>
      </prop>
      <set picurl="https://fftcg.cdn.sewest.net/images/cards/full/22-023C_eg.jpg">Hidden Hope</set>
      <tablerow>0</tablerow>
    </card>
    <card>
      <name>Kurasame (22-024L)</name>
      <text>Cuando Kurasame entra al terreno de juego, selecciona 1 de las siguientes 2 acciones. 
  "Elige un número de personajes menor o igual al número de Apoyos Frío que controlas. Ponlos en dull y congélalos." 
  "Tu oponente descarta 1 carta por cada Apoyo Frío que controlas."
  Hielo++ (S): Elige 1 Delantero. Inflígele 9000 puntos de daño.</text>
      <prop>
        <type>Forward - TYPE-0 - Agito Cadet</type>
        <manacost>7</manacost>
        <colors>Ice</colors>
        <pt>9000</pt>
      </prop>
      <set picurl="https://fftcg.cdn.sewest.net/images/cards/full/22-024L_eg.jpg">Hidden Hope</set>
      <tablerow>2</tablerow>
    </card>
    <card>
      <name>Cloud of Darkness (22-025C)</name>
      <text>Cuando Nube de Oscuridad entra al terreno de juego, si tu oponente tiene 2 cartas o menos en su mano, tu oponente selecciona 1 Delantero que controla. Ponlo en la Break Zone.</text>
      <prop>
        <type>Forward - PICTLOGICA · III - Wraith</type>
        <manacost>5</manacost>
        <colors>Ice</colors>
        <pt>9000</pt>
      </prop>
      <set picurl="https://fftcg.cdn.sewest.net/images/cards/full/22-025C_eg.jpg">Hidden Hope</set>
      <tablerow>2</tablerow>
    </card>
    <card>
      <name>Seymour (22-026C)</name>
      <text>[EX BURST] Cuando Seymour entra al terreno de juego, elige 1 Delantero en dull. Rómpelo.</text>
      <prop>
        <type>Forward - THEATRHYTHM · X - Summoner</type>
        <manacost>6</manacost>
        <colors>Ice</colors>
        <pt>7000</pt>
      </prop>
      <set picurl="https://fftcg.cdn.sewest.net/images/cards/full/22-026C_eg.jpg">Hidden Hope</set>
      <tablerow>2</tablerow>
    </card>
    <card>
      <name>Shiva (22-027R)</name>
      <text>Todos los personajes controlados por tu oponente pierden todas sus habilidades hasta el final del turno. Si el coste para lanzar Shiva solo se ha pagado con CP generados por Apoyos, también coge 1 carta.</text>
      <prop>
        <type>Summon - XIII</type>
        <manacost>3</manacost>
        <colors>Ice</colors>
        <pt>0</pt>
      </prop>
      <set picurl="https://fftcg.cdn.sewest.net/images/cards/full/22-027R_eg.jpg">Hidden Hope</set>
      <tablerow>3</tablerow>
    </card>
    <card>
      <name>Cissnei (22-028H)</name>
      <text>Prisa
  Cissnei entra al terreno de juego en dull.
  Cuando 1 o más Delanteros Oficio Miembro de los Turcos que controlas que no sea Cissnei ataca, activa Cissnei. Cissnei puede atacar una vez más este turno.</text>
      <prop>
        <type>Forward - VII - Member of the Turks</type>
        <manacost>2</manacost>
        <colors>Ice</colors>
        <pt>6000</pt>
      </prop>
      <set picurl="https://fftcg.cdn.sewest.net/images/cards/full/22-028H_eg.jpg">Hidden Hope</set>
      <tablerow>2</tablerow>
    </card>
    <card>
      <name>Jihl Nabaat (22-029R)</name>
      <text>[EX BURST] Cuando Jihl Nabaat entra al terreno de juego, puedes buscar 1 Oficio PSICOM y añadirla a tu mano.</text>
      <prop>
        <type>Forward - XIII - PSICOM</type>
        <manacost>3</manacost>
        <colors>Ice</colors>
        <pt>7000</pt>
      </prop>
      <set picurl="https://fftcg.cdn.sewest.net/images/cards/full/22-029R_eg.jpg">Hidden Hope</set>
      <tablerow>2</tablerow>
    </card>
    <card>
      <name>Shinryu Celestia (22-030C)</name>
      <text>Neodraco Celestia es también Nombre de la carta Celestia en cualquier situación.
  (Dull): Elige 1 Delantero. Este gana +4000 de poder hasta el final del turno. Solo puedes usar esta habilidad si controlas 5 o más Apoyos Frío.</text>
      <prop>
        <type>Backup - TYPE-0 - L'Cie</type>
        <manacost>2</manacost>
        <colors>Ice</colors>
        <pt>0</pt>
      </prop>
      <set picurl="https://fftcg.cdn.sewest.net/images/cards/full/22-030C_eg.jpg">Hidden Hope</set>
      <tablerow>0</tablerow>
    </card>
    <card>
      <name>Squall (22-031H)</name>
      <text>Si controlas 4 o más personajes Categoría VIII, Squall gana +2000 de poder y "Si Squall recibe daño de las habilidades de tu oponente, el daño se vuelve 0 en su lugar."
  Al principio de la Attack Phase durante cada uno de tus turnos, puedes jugar 1 Delantero Categoría VIII de coste 4 o menos de tu mano al terreno de juego.</text>
      <prop>
        <type>Forward - VIII - SeeD Candidate</type>
        <manacost>4</manacost>
        <colors>Ice</colors>
        <pt>8000</pt>
      </prop>
      <set picurl="https://fftcg.cdn.sewest.net/images/cards/full/22-031H_eg.jpg">Hidden Hope</set>
      <tablerow>2</tablerow>
    </card>
    <card>
      <name>Sephiroth (22-032L)</name>
      <text>Cuando Sefirot entra al terreno de juego, tu oponente descarta 1 carta.
  (Ice)(2), retira del juego Sefirot de tu mano: Elige 1 Delantero en dull. Rómpelo. Hasta el final de tu turno, puedes lanzar Sefirot retirado por el coste de esta habilidad. Solo puedes usar esta habilidad si Sefirot está en tu mano.</text>
      <prop>
        <type>Forward - VII - SOLDIER</type>
        <manacost>3</manacost>
        <colors>Ice</colors>
        <pt>7000</pt>
      </prop>
      <set picurl="https://fftcg.cdn.sewest.net/images/cards/full/22-032L_eg.jpg">Hidden Hope</set>
      <tablerow>2</tablerow>
    </card>
    <card>
      <name>Time Mage (22-033C)</name>
      <text>Cuando Mago Temporal entra al terreno de juego, elige 1 Delantero. Ponlo en dull y congélalo.
  Cuando Mago Temporal entra al terreno de juego, elige 1 personaje. Si controlas 2 o más Apoyos Oficio Soldado, ponlo en dull y congélalo.</text>
      <prop>
        <type>Forward - V - Standard Unit</type>
        <manacost>2</manacost>
        <colors>Ice</colors>
        <pt>5000</pt>
      </prop>
      <set picurl="https://fftcg.cdn.sewest.net/images/cards/full/22-033C_eg.jpg">Hidden Hope</set>
      <tablerow>2</tablerow>
    </card>
    <card>
      <name>Medusa (22-034H)</name>
      <text>Cuando Medusa entra al terreno de juego, elige 1 Delantero. Pon 1 Contador Piedra sobre él y este gana "Si hay un Contador Piedra sobre este Delantero, este Delantero no puede atacar ni bloquear." y "(5): Retira todos los Contadores Piedra de este Delantero." (Estos efectos no terminan al final del turno.)</text>
      <prop>
        <type>Forward - III - Medusa</type>
        <manacost>3</manacost>
        <colors>Ice</colors>
        <pt>7000</pt>
      </prop>
      <set picurl="https://fftcg.cdn.sewest.net/images/cards/full/22-034H_eg.jpg">Hidden Hope</set>
      <tablerow>2</tablerow>
    </card>
    <card>
      <name>Yuke (22-035C)</name>
      <text>Cuando Yuko entra al terreno de juego, mira la carta superior de tu mazo. Puedes poner esa carta en la parte inferior de tu mazo.</text>
      <prop>
        <type>Backup - FFCC - Standard Unit</type>
        <manacost>1</manacost>
        <colors>Ice</colors>
        <pt>0</pt>
      </prop>
      <set picurl="https://fftcg.cdn.sewest.net/images/cards/full/22-035C_eg.jpg">Hidden Hope</set>
      <tablerow>0</tablerow>
    </card>
    <card>
      <name>Rinoa (22-036C)</name>
      <text>Si controlas una Nombre de la carta Squall, el coste requerido para lanzar Rinoa se reduce en 1.
  (Dull), pon Rinoa en la Break Zone: Tu oponente descarta 2 cartas. Solo puedes usar esta habilidad durante tu turno.</text>
      <prop>
        <type>Backup - VIII - Resistance Fighter</type>
        <manacost>3</manacost>
        <colors>Ice</colors>
        <pt>0</pt>
      </prop>
      <set picurl="https://fftcg.cdn.sewest.net/images/cards/full/22-036C_eg.jpg">Hidden Hope</set>
      <tablerow>0</tablerow>
    </card>
    <card>
      <name>Alexander (22-037R)</name>
      <text>Elige 1 Delantero que controlas y 1 Delantero controlado por tu oponente. Durante este turno, el siguiente daño que reciba el primero se inflige al segundo en su lugar. Si el coste para lanzar Alejandro solo se ha pagado con CP generados por Apoyos, también coge 1 carta.</text>
      <prop>
        <type>Summon - XIII</type>
        <manacost>3</manacost>
        <colors>Wind</colors>
        <pt>0</pt>
      </prop>
      <set picurl="https://fftcg.cdn.sewest.net/images/cards/full/22-037R_eg.jpg">Hidden Hope</set>
      <tablerow>3</tablerow>
    </card>
    <card>
      <name>Wol (22-038C)</name>
      <text>Cuando Wol entra al terreno de juego, selecciona 1 de las siguientes 2 acciones.
  "Elige 1 Delantero de coste 6 o más. Rómpelo."
  "Revela las 5 cartas de la parte superior de tu mazo. Añade 1 carta Aire de entre ellas a tu mano y pon el resto en la parte inferior de tu mazo en el orden que quieras."</text>
      <prop>
        <type>Backup - THEATRHYTHM · MOBIUS - Warrior of Light</type>
        <manacost>4</manacost>
        <colors>Wind</colors>
        <pt>0</pt>
      </prop>
      <set picurl="https://fftcg.cdn.sewest.net/images/cards/full/22-038C_eg.jpg">Hidden Hope</set>
      <tablerow>0</tablerow>
    </card>
    <card>
      <name>Epiornis (22-039C)</name>
      <text>Durante tu turno, Epiornis también pasa a ser un Delantero con 5000 de poder.
  Epiornis no puede ser bloqueado por un Delantero de coste 4 o más.
  Daños 3 -- Epiornis no puede ser bloqueado por un Delantero de coste 3 o menos.</text>
      <prop>
        <type>Monster - VII - Bird</type>
        <manacost>2</manacost>
        <colors>Wind</colors>
        <pt>5000</pt>
      </prop>
      <set picurl="https://fftcg.cdn.sewest.net/images/cards/full/22-039C_eg.jpg">Hidden Hope</set>
      <tablerow>1</tablerow>
    </card>
    <card>
      <name>Enkidu (22-040H)</name>
      <text>Cuando Enkidu entra al terreno de juego, elige hasta 3 Apoyos que controlas. Actívalos.
  Cuando una Nombre de la carta Gilgamesh entra a tu terreno de juego, puedes pagar (2). Cuando lo haces, juega Enkidu al terreno de juego. Este efecto solo se desencadena si Enkidu está en la Break Zone.</text>
      <prop>
        <type>Forward - V - Warrior</type>
        <manacost>3</manacost>
        <colors>Wind</colors>
        <pt>7000</pt>
      </prop>
      <set picurl="https://fftcg.cdn.sewest.net/images/cards/full/22-040H_eg.jpg">Hidden Hope</set>
      <tablerow>2</tablerow>
    </card>
    <card>
      <name>Kain (22-041C)</name>
      <text>Prisa Iniciativa
  Cuando Kain ataca, elige 2 personajes. Actívalos.
  Daños 3 -- Kain gana +1000 de poder.</text>
      <prop>
        <type>Forward - IV - Dragoon</type>
        <manacost>3</manacost>
        <colors>Wind</colors>
        <pt>6000</pt>
      </prop>
      <set picurl="https://fftcg.cdn.sewest.net/images/cards/full/22-041C_eg.jpg">Hidden Hope</set>
      <tablerow>2</tablerow>
    </card>
    <card>
      <name>Ranger (22-042C)</name>
      <text>(Dull), pon Ranger en la Break Zone: Elige 1 Delantero de coste 2 o menos. Inflígele 5000 puntos de daño.
  (1)(Dull), descarta 1 carta Aire, pon Ranger en la Break Zone: Elige 1 Monstruo. Rómpelo.</text>
      <prop>
        <type>Backup - XI - Standard Unit</type>
        <manacost>2</manacost>
        <colors>Wind</colors>
        <pt>0</pt>
      </prop>
      <set picurl="https://fftcg.cdn.sewest.net/images/cards/full/22-042C_eg.jpg">Hidden Hope</set>
      <tablerow>0</tablerow>
    </card>
    <card>
      <name>Clavat (22-043C)</name>
      <text>Cuando Clavate entra al terreno de juego, mira la carta superior de tu mazo. Puedes poner esa carta en la parte inferior de tu mazo.</text>
      <prop>
        <type>Backup - FFCC - Standard Unit</type>
        <manacost>1</manacost>
        <colors>Wind</colors>
        <pt>0</pt>
      </prop>
      <set picurl="https://fftcg.cdn.sewest.net/images/cards/full/22-043C_eg.jpg">Hidden Hope</set>
      <tablerow>0</tablerow>
    </card>
    <card>
      <name>Cid (FFBE) (22-044R)</name>
      <text>Al principio de la Attack Phase durante cada uno de tus turnos, selecciona 1 de las siguientes 2 acciones. "Elige 2 personajes. Actívalos." "Todos los Delanteros que controlas ganan 'Este Delantero no puede ser objetivo de las Invocaciones de tu oponente' hasta el final del turno."
  Cuando Cid (FFBE) pasa del terreno de juego a la Break Zone, puedes pagar (3). Cuando lo haces, juega Cid (FFBE) de la Break Zone al terreno de juego en dull.</text>
      <prop>
        <type>Forward - FFBE - Sworn Six of Paladia</type>
        <manacost>4</manacost>
        <colors>Wind</colors>
        <pt>8000</pt>
      </prop>
      <set picurl="https://fftcg.cdn.sewest.net/images/cards/full/22-044R_eg.jpg">Hidden Hope</set>
      <tablerow>2</tablerow>
    </card>
    <card>
      <name>Sosha (22-045C)</name>
      <text>Si controlas una Oficio Draconarius o Nombre de la carta Caballero Dragón, el coste requerido para lanzar Sosha se reduce en 2.
  (Dull): Elige 1 Delantero. Inflígele 4000 puntos de daño.</text>
      <prop>
        <type>Forward - FFBE - Dragoon</type>
        <manacost>4</manacost>
        <colors>Wind</colors>
        <pt>8000</pt>
      </prop>
      <set picurl="https://fftcg.cdn.sewest.net/images/cards/full/22-045C_eg.jpg">Hidden Hope</set>
      <tablerow>2</tablerow>
    </card>
    <card>
      <name>Chelinka (22-046R)</name>
      <text>Si controlas 3 o más personajes Categoría FFCC, las Nombre de la carta Yuri que controlas ganan Prisa.</text>
      <prop>
        <type>Forward - FFCC - Lay Crystal User</type>
        <manacost>2</manacost>
        <colors>Wind</colors>
        <pt>5000</pt>
      </prop>
      <set picurl="https://fftcg.cdn.sewest.net/images/cards/full/22-046R_eg.jpg">Hidden Hope</set>
      <tablerow>2</tablerow>
    </card>
    <card>
      <name>Dorgann (22-047L)</name>
      <text>Cuando Dorgann entra al terreno de juego, selecciona 1 de las siguientes 3 acciones. Si has lanzado 3 o más cartas este turno, selecciona hasta 2 de las siguientes 3 acciones en su lugar. "Elige 1 Delantero de coste 5 o más. Retíralo del juego." "Elige 1 Monstruo. Retíralo del juego." "Elige 2 cartas de la Break Zone de cualquier jugador. Retíralas del juego. Coge 1 carta."</text>
      <prop>
        <type>Forward - V - Dawn Warrior</type>
        <manacost>4</manacost>
        <colors>Wind</colors>
        <pt>8000</pt>
      </prop>
      <set picurl="https://fftcg.cdn.sewest.net/images/cards/full/22-047L_eg.jpg">Hidden Hope</set>
      <tablerow>2</tablerow>
    </card>
    <card>
      <name>Nanaa Mihgo (22-048H)</name>
      <text>Cuando Nanaa Mihgo entra al terreno de juego, selecciona 1 de las siguientes 2 acciones. "Elige 1 Delantero de coste 2 o menos de la Break Zone de tu oponente. Juégalo a tu terreno de juego." "Elige 1 Invocación de coste 3 o menos de la Break Zone de tu oponente. Lánzala como si te perteneciera sin pagar su coste. Si la lanzas, retira del juego esa Invocación tras usarla en lugar de ponerla en la Break Zone."</text>
      <prop>
        <type>Forward - XI - Robber</type>
        <manacost>4</manacost>
        <colors>Wind</colors>
        <pt>5000</pt>
      </prop>
      <set picurl="https://fftcg.cdn.sewest.net/images/cards/full/22-048H_eg.jpg">Hidden Hope</set>
      <tablerow>2</tablerow>
    </card>
    <card>
      <name>Bartz (22-049H)</name>
      <text>Retira del juego 3 Oficio Guerrero de la Luz de la Break Zone: Hasta el final del turno, Bartz gana "Bartz no puede ser objetivo de las habilidades de tu oponente."
  Magia del tiempo (S)(X): Busca 1 Oficio Guerrero de la Luz de coste X o menos y juégala al terreno de juego. Solo puedes usar esta habilidad durante tu turno.</text>
      <prop>
        <type>Forward - V - Wanderer/Warrior of Light</type>
        <manacost>2</manacost>
        <colors>Wind</colors>
        <pt>5000</pt>
      </prop>
      <set picurl="https://fftcg.cdn.sewest.net/images/cards/full/22-049H_eg.jpg">Hidden Hope</set>
      <tablerow>2</tablerow>
    </card>
    <card>
      <name>Geomancer (22-050C)</name>
      <text>Geomante no puede ser objetivo de las habilidades de tu oponente.
  Cuando Geomante entra al terreno de juego, elige hasta 3 Apoyos. Si controlas 2 o más Apoyos Oficio Soldado, actívalos.</text>
      <prop>
        <type>Forward - V - Standard Unit</type>
        <manacost>4</manacost>
        <colors>Wind</colors>
        <pt>8000</pt>
      </prop>
      <set picurl="https://fftcg.cdn.sewest.net/images/cards/full/22-050C_eg.jpg">Hidden Hope</set>
      <tablerow>2</tablerow>
    </card>
    <card>
      <name>Hope (22-051R)</name>
      <text>Cuando Hope entra al terreno de juego, revela las 4 cartas de la parte superior de tu mazo. Añade 1 carta Categoría XIII de entre ellas a tu mano y pon el resto en la parte inferior de tu mazo en el orden que quieras.
  Aero++ (S)(Wind): Elige 1 Delantero de poder 9000 o más. Rómpelo.</text>
      <prop>
        <type>Forward - THEATRHYTHM · XIII - Ravager/L'Cie</type>
        <manacost>2</manacost>
        <colors>Wind</colors>
        <pt>5000</pt>
      </prop>
      <set picurl="https://fftcg.cdn.sewest.net/images/cards/full/22-051R_eg.jpg">Hidden Hope</set>
      <tablerow>2</tablerow>
    </card>
    <card>
      <name>Helena Leonis (22-052H)</name>
      <text>(C): Revela las 2 cartas de la parte superior de tu mazo. Retira del juego 1 carta de entre ellas y pon la otra en la parte inferior de tu mazo. Puedes lanzarla en cualquier momento en el que normalmente sería posible lanzarla este turno. El coste requerido para lanzarla se reduce en 2. Solo puedes usar esta habilidad durante tu turno y solo una vez por turno.</text>
      <prop>
        <type>Forward - FFBE - Green Mage</type>
        <manacost>3</manacost>
        <colors>Wind</colors>
        <pt>7000</pt>
      </prop>
      <set picurl="https://fftcg.cdn.sewest.net/images/cards/full/22-052H_eg.jpg">Hidden Hope</set>
      <tablerow>2</tablerow>
    </card>
    <card>
      <name>Lilisette (22-053C)</name>
      <text>[EX BURST] Cuando Lilisette entra al terreno de juego, elige 1 Delantero. Inflígele 1000 puntos de daño por cada personaje que controlas.</text>
      <prop>
        <type>Backup - DFF · XI - Dancer</type>
        <manacost>3</manacost>
        <colors>Wind</colors>
        <pt>0</pt>
      </prop>
      <set picurl="https://fftcg.cdn.sewest.net/images/cards/full/22-053C_eg.jpg">Hidden Hope</set>
      <tablerow>0</tablerow>
    </card>
    <card>
      <name>Reddas (22-054R)</name>
      <text>El coste requerido para lanzar Reddas se reduce en 1 por cada Oficio Pirata del aire que controlas.
  Las Oficio Pirata del aire que controlas que no sean Reddas no pueden ser objetivo de las Invocaciones de tu oponente.</text>
      <prop>
        <type>Forward - XII - Sky Pirate</type>
        <manacost>5</manacost>
        <colors>Wind</colors>
        <pt>9000</pt>
      </prop>
      <set picurl="https://fftcg.cdn.sewest.net/images/cards/full/22-054R_eg.jpg">Hidden Hope</set>
      <tablerow>2</tablerow>
    </card>
    <card>
      <name>Vossler (22-055H)</name>
      <text>[EX BURST] Cuando Vossler entra al terreno de juego, puedes buscar 1 Oficio Rey y añadirla a tu mano.
  Cuando Vossler ataca, durante este turno, el coste requerido para lanzar tu próximo Delantero se reduce en 2 (no puede ser 0).</text>
      <prop>
        <type>Forward - XII - Captain</type>
        <manacost>4</manacost>
        <colors>Earth</colors>
        <pt>8000</pt>
      </prop>
      <set picurl="https://fftcg.cdn.sewest.net/images/cards/full/22-055H_eg.jpg">Hidden Hope</set>
      <tablerow>2</tablerow>
    </card>
    <card>
      <name>Exdeath (22-056R)</name>
      <text>[EX BURST] Cuando Exdeath entra al terreno de juego, elige 1 Delantero en dull. Retíralo del juego.</text>
      <prop>
        <type>Backup - DFF · V - Wizard</type>
        <manacost>4</manacost>
        <colors>Earth</colors>
        <pt>0</pt>
      </prop>
      <set picurl="https://fftcg.cdn.sewest.net/images/cards/full/22-056R_eg.jpg">Hidden Hope</set>
      <tablerow>0</tablerow>
    </card>
    <card>
      <name>Carbuncle (22-057R)</name>
      <text>Elige 1 personaje que controlas. Ponlo en dull. Hasta el final del turno, este gana "Este personaje no puede romperse." y "Este personaje no puede ser objetivo de las Invocaciones o habilidades de tu oponente." Si el coste para lanzar Rubí solo se ha pagado con CP generados por Apoyos, también coge 1 carta.</text>
      <prop>
        <type>Summon - VIII</type>
        <manacost>3</manacost>
        <colors>Earth</colors>
        <pt>0</pt>
      </prop>
      <set picurl="https://fftcg.cdn.sewest.net/images/cards/full/22-057R_eg.jpg">Hidden Hope</set>
      <tablerow>3</tablerow>
    </card>
    <card>
      <name>Qator Bashtar (22-058H)</name>
      <text>Cuando Qator Bashtar entra al terreno de juego, elige 1 Delantero de poder 4000 o menos de tu Break Zone. Juégalo al terreno de juego. Su habilidad de apoyo no se desencadena.
  Pon 1 Apoyo en la Break Zone: Elige 1 Delantero. Este gana +2000 de poder hasta el final del turno.</text>
      <prop>
        <type>Forward - TYPE-0 - Brigadier General</type>
        <manacost>4</manacost>
        <colors>Earth</colors>
        <pt>8000</pt>
      </prop>
      <set picurl="https://fftcg.cdn.sewest.net/images/cards/full/22-058H_eg.jpg">Hidden Hope</set>
      <tablerow>2</tablerow>
    </card>
    <card>
      <name>Gabranth (22-059C)</name>
      <text>Cuando Gabranth entra al terreno de juego, elige 1 Apoyo de tu Break Zone. Si has recibido más puntos de daño que tu oponente, añádelo a tu mano.</text>
      <prop>
        <type>Backup - DFF · XII - Judge</type>
        <manacost>2</manacost>
        <colors>Earth</colors>
        <pt>0</pt>
      </prop>
      <set picurl="https://fftcg.cdn.sewest.net/images/cards/full/22-059C_eg.jpg">Hidden Hope</set>
      <tablerow>0</tablerow>
    </card>
    <card>
      <name>Ghido (22-060H)</name>
      <text>Ghido no puede atacar ni bloquear.
  Al final de cada uno de tus turnos, pon 1 Contador Sabiduría sobre Ghido. Si un personaje que controlabas ha pasado del terreno de juego a la Break Zone este turno, pon 3 Contadores Sabiduría sobre Ghido en su lugar.
  Retira 3 Contadores Sabiduría de Ghido: Coge 2 cartas.</text>
      <prop>
        <type>Forward - V - Sage</type>
        <manacost>2</manacost>
        <colors>Earth</colors>
        <pt>10000</pt>
      </prop>
      <set picurl="https://fftcg.cdn.sewest.net/images/cards/full/22-060H_eg.jpg">Hidden Hope</set>
      <tablerow>2</tablerow>
    </card>
    <card>
      <name>Gilgamesh (22-061L)</name>
      <text>Si controlas 5 o más Apoyos, Gilgamesh gana +2000 de poder y las Invocaciones o habilidades de tu oponente que no infligen daño no pueden romper a Gilgamesh.
  Cuando Gilgamesh entra al terreno de juego o ataca, puedes pagar (Earth)(Earth)(1). Cuando lo haces, elige 1 Delantero o Monstruo. Rómpelo.</text>
      <prop>
        <type>Forward - V - Praetorian</type>
        <manacost>3</manacost>
        <colors>Earth</colors>
        <pt>7000</pt>
      </prop>
      <set picurl="https://fftcg.cdn.sewest.net/images/cards/full/22-061L_eg.jpg">Hidden Hope</set>
      <tablerow>2</tablerow>
    </card>
    <card>
      <name>Glaive (22-062R)</name>
      <text>Bravura
  [EX BURST] Cuando Glaive pasa del terreno de juego a la 
  Break Zone, elige 1 Oficio Guerrero de la oscuridad que no 
  sea Nombre de la carta Glaive de tu Break Zone. 
  Añádela a tu mano.
  Los Delanteros Oficio Guerrero de la oscuridad que controlas 
  que no sean Glaive ganan +1000 de poder y Bravura.</text>
      <prop>
        <type>Forward - FFL - Warrior of Darkness</type>
        <manacost>5</manacost>
        <colors>Earth</colors>
        <pt>9000</pt>
      </prop>
      <set picurl="https://fftcg.cdn.sewest.net/images/cards/full/22-062R_eg.jpg">Hidden Hope</set>
      <tablerow>2</tablerow>
    </card>
    <card>
      <name>Sand Worm (22-063C)</name>
      <text>Durante tu turno, Gusano de arena también pasa a ser un Delantero con 9000 de poder.
  Cuando Gusano de arena pasa del terreno de juego a la Break Zone, elige 1 Delantero. Rómpelo.
  Daños 3 --Cuando Gusano de arena ataca, elige 1 Delantero. Hasta el final del turno, este gana "Este Delantero debe bloquear si es posible."</text>
      <prop>
        <type>Monster - THEATRHYTHM · X - Worm</type>
        <manacost>5</manacost>
        <colors>Earth</colors>
        <pt>9000</pt>
      </prop>
      <set picurl="https://fftcg.cdn.sewest.net/images/cards/full/22-063C_eg.jpg">Hidden Hope</set>
      <tablerow>1</tablerow>
    </card>
    <card>
      <name>G Assassin (22-064C)</name>
      <text>Cuando Asesino G entra al terreno de juego, elige 1 Delantero en dull. Si controlas 2 o más Apoyos Oficio Soldado, rómpelo.</text>
      <prop>
        <type>Forward - VII - Standard Unit</type>
        <manacost>3</manacost>
        <colors>Earth</colors>
        <pt>7000</pt>
      </prop>
      <set picurl="https://fftcg.cdn.sewest.net/images/cards/full/22-064C_eg.jpg">Hidden Hope</set>
      <tablerow>2</tablerow>
    </card>
    <card>
      <name>Sieghard (22-065R)</name>
      <text>Cuando Sieghard entra al terreno de juego, puedes poner en dull 4 Apoyos activos que controlas. Cuando lo haces, elige 1 Delantero de coste 6 o menos de tu Break Zone. Juégalo al terreno de juego.
  (C): Hasta el final del turno, Sieghard gana +3000 de poder y Bravura.</text>
      <prop>
        <type>Forward - FFBE - Sworn Six of Paladia</type>
        <manacost>3</manacost>
        <colors>Earth</colors>
        <pt>7000</pt>
      </prop>
      <set picurl="https://fftcg.cdn.sewest.net/images/cards/full/22-065R_eg.jpg">Hidden Hope</set>
      <tablerow>2</tablerow>
    </card>
    <card>
      <name>Summoner (22-066C)</name>
      <text>Cuando Invocador entra al terreno de juego, puedes pagar (2). Cuando lo haces, elige 1 Invocación de tu Break Zone. Añádela a tu mano.
  (1)(Dull), descarta 1 carta Tierra, pon Invocador en la Break Zone: Elige 1 Invocación Tierra de tu Break Zone. Puedes lanzarla en cualquier momento en el que normalmente sería posible lanzarla este turno. El coste requerido para lanzarla se reduce en 3.</text>
      <prop>
        <type>Backup - XI - Standard Unit</type>
        <manacost>2</manacost>
        <colors>Earth</colors>
        <pt>0</pt>
      </prop>
      <set picurl="https://fftcg.cdn.sewest.net/images/cards/full/22-066C_eg.jpg">Hidden Hope</set>
      <tablerow>0</tablerow>
    </card>
    <card>
      <name>Nacht (22-067L)</name>
      <text>Cuando Nacht entra al terreno de juego, puedes buscar hasta 3 Oficio Guerrero de la oscuridad con distintos nombres y añadirlas a tu mano.
  Al principio de la Attack Phase durante cada uno de tus turnos, puedes jugar 1 Oficio Guerrero de la oscuridad de coste 5 o menos de tu mano al terreno de juego.
  Estocada final (S)(Earth)(Lightning): Elige 1 Delantero. Rómpelo.</text>
      <prop>
        <type>Forward - FFL - Warrior of Darkness</type>
        <manacost>9</manacost>
        <colors>Earth</colors>
        <pt>9000</pt>
      </prop>
      <set picurl="https://fftcg.cdn.sewest.net/images/cards/full/22-067L_eg.jpg">Hidden Hope</set>
      <tablerow>2</tablerow>
    </card>
    <card>
      <name>Prishe (22-068R)</name>
      <text>Cuando Prishe es objetivo de una Invocación o habilidad, Prishe gana +2000 de poder hasta el final del turno.
  Cuando Prishe inflige daño a tu oponente, elige 1 personaje de tu Break Zone. Añádelo a tu mano.</text>
      <prop>
        <type>Forward - THEATRHYTHM · XI - Monk</type>
        <manacost>2</manacost>
        <colors>Earth</colors>
        <pt>5000</pt>
      </prop>
      <set picurl="https://fftcg.cdn.sewest.net/images/cards/full/22-068R_eg.jpg">Hidden Hope</set>
      <tablerow>2</tablerow>
    </card>
    <card>
      <name>Baelo (22-069C)</name>
      <text>Cuando Beilo entra al terreno de juego, elige 1 personaje Tierra de tu Break Zone. Añádelo a tu mano.
  (Dull), pon Beilo en la Break Zone: Elige 1 Delantero. Este gana +2000 de poder hasta el final del turno.</text>
      <prop>
        <type>Backup - FFBE - Knight</type>
        <manacost>3</manacost>
        <colors>Earth</colors>
        <pt>0</pt>
      </prop>
      <set picurl="https://fftcg.cdn.sewest.net/images/cards/full/22-069C_eg.jpg">Hidden Hope</set>
      <tablerow>0</tablerow>
    </card>
    <card>
      <name>Ramza (22-070C)</name>
      <text>Si controlas una Oficio Caballero, el coste requerido para lanzar Ramza se reduce en 2.
  Si un Delantero que controlabas ha atacado este turno, el coste requerido para lanzar Ramza se reduce en 2.</text>
      <prop>
        <type>Forward - THEATRHYTHM · FFT - Knight</type>
        <manacost>4</manacost>
        <colors>Earth</colors>
        <pt>8000</pt>
      </prop>
      <set picurl="https://fftcg.cdn.sewest.net/images/cards/full/22-070C_eg.jpg">Hidden Hope</set>
      <tablerow>2</tablerow>
    </card>
    <card>
      <name>Lich (22-071C)</name>
      <text>Por cada Apoyo Tierra que controlas, Lich gana +1000 de poder.
  Cuando Lich entra al terreno de juego, elige 1 Apoyo de tu Break Zone. Añádelo a tu mano.</text>
      <prop>
        <type>Forward - THEATRHYTHM · I - Chaos</type>
        <manacost>4</manacost>
        <colors>Earth</colors>
        <pt>5000</pt>
      </prop>
      <set picurl="https://fftcg.cdn.sewest.net/images/cards/full/22-071C_eg.jpg">Hidden Hope</set>
      <tablerow>2</tablerow>
    </card>
    <card>
      <name>Lilty (22-072C)</name>
      <text>Cuando Lilti entra al terreno de juego, mira la carta superior de tu mazo. Puedes poner esa carta en la parte inferior de tu mazo.</text>
      <prop>
        <type>Backup - FFCC - Standard Unit</type>
        <manacost>1</manacost>
        <colors>Earth</colors>
        <pt>0</pt>
      </prop>
      <set picurl="https://fftcg.cdn.sewest.net/images/cards/full/22-072C_eg.jpg">Hidden Hope</set>
      <tablerow>0</tablerow>
    </card>
    <card>
      <name>Ultimecia (22-073L)</name>
      <text>Las cartas de tu Break Zone no pueden ser retiradas del juego por las Invocaciones o habilidades de tu oponente.
  Cuando Artemisa entra al terreno de juego, elige 1 Delantero. Si hay 15 o más cartas en tu Break Zone, pasas a controlarlo.
  Maelstrom (S): Elige 1 Delantero. Este pierde 10000 de poder hasta el final del turno.</text>
      <prop>
        <type>Forward - DFF · VIII - Witch</type>
        <manacost>5</manacost>
        <colors>Lightning</colors>
        <pt>9000</pt>
      </prop>
      <set picurl="https://fftcg.cdn.sewest.net/images/cards/full/22-073L_eg.jpg">Hidden Hope</set>
      <tablerow>2</tablerow>
    </card>
    <card>
      <name>Alba (22-074R)</name>
      <text>[EX BURST] Cuando Alba entra al terreno de juego a causa de una habilidad, elige 1 Delantero de coste 4 o menos controlado por tu oponente. Rómpelo.
  Cuando Alba entra al terreno de juego, elige 1 Delantero Oficio Guerrero de la oscuridad. Este gana Prisa hasta el final del turno.</text>
      <prop>
        <type>Forward - FFL - Warrior of Darkness</type>
        <manacost>3</manacost>
        <colors>Lightning</colors>
        <pt>7000</pt>
      </prop>
      <set picurl="https://fftcg.cdn.sewest.net/images/cards/full/22-074R_eg.jpg">Hidden Hope</set>
      <tablerow>2</tablerow>
    </card>
    <card>
      <name>Edea (22-075H)</name>
      <text>Cuando Edea entra al terreno de juego, puedes buscar 1 Delantero Categoría VIII y añadirlo a tu mano.
  Pon las 2 cartas de la parte superior de tu mazo en la Break Zone: Elige 1 Delantero. Este pierde 4000 de poder hasta el final del turno. Si hay 10 o más cartas en tu Break Zone, este pierde 8000 de poder hasta el final del turno en su lugar. Solo puedes usar esta habilidad durante tu turno y solo una vez por turno.</text>
      <prop>
        <type>Forward - VIII - Witch</type>
        <manacost>5</manacost>
        <colors>Lightning</colors>
        <pt>8000</pt>
      </prop>
      <set picurl="https://fftcg.cdn.sewest.net/images/cards/full/22-075H_eg.jpg">Hidden Hope</set>
      <tablerow>2</tablerow>
    </card>
    <card>
      <name>Odin (22-076R)</name>
      <text>Elige 1 Delantero o Monstruo de coste 3 o 4. Rómpelo. Si el coste para lanzar Odín solo se ha pagado con CP generados por Apoyos, también coge 1 carta.</text>
      <prop>
        <type>Summon - VII</type>
        <manacost>3</manacost>
        <colors>Lightning</colors>
        <pt>0</pt>
      </prop>
      <set picurl="https://fftcg.cdn.sewest.net/images/cards/full/22-076R_eg.jpg">Hidden Hope</set>
      <tablerow>3</tablerow>
    </card>
    <card>
      <name>Garuda (III) (22-077H)</name>
      <text>Cuando Garuda (III) entra al terreno de juego, selecciona 1 número. Inflige 8000 puntos de daño a todos los Delanteros controlados por tu oponente de coste igual al número seleccionado.
  (C)(C): Elige 1 Delantero. Inflígele 8000 puntos de daño.</text>
      <prop>
        <type>Forward - III - Garuda</type>
        <manacost>5</manacost>
        <colors>Lightning</colors>
        <pt>8000</pt>
      </prop>
      <set picurl="https://fftcg.cdn.sewest.net/images/cards/full/22-077H_eg.jpg">Hidden Hope</set>
      <tablerow>2</tablerow>
    </card>
    <card>
      <name>Sice (22-078C)</name>
      <text>Si controlas 2 o más Oficio Clase Cero, el coste requerido para lanzar Sice se reduce en 2.
  Cuando Sice entra al terreno de juego, elige 1 Delantero. Si su coste es igual o inferior al número de Oficio Clase Cero que controlas, rómpelo.</text>
      <prop>
        <type>Forward - DFF · TYPE-0 - Class Zero Cadet</type>
        <manacost>3</manacost>
        <colors>Lightning</colors>
        <pt>7000</pt>
      </prop>
      <set picurl="https://fftcg.cdn.sewest.net/images/cards/full/22-078C_eg.jpg">Hidden Hope</set>
      <tablerow>2</tablerow>
    </card>
    <card>
      <name>Seifer (22-079L)</name>
      <text>Cuando Seifer entra al terreno de juego, puedes poner las 2 cartas de la parte superior de tu mazo en la Break Zone. Cuando lo haces, elige 1 Delantero Categoría VIIIde tu Break Zone que no sea Nombre de la carta Seifer. Añádelo a tu mano.
  Cuando Seifer ataca, elige 1 Delantero controlado por tu oponente. Si hay 10 o más cartas en tu Break Zone, rómpelo.</text>
      <prop>
        <type>Forward - VIII - SeeD Candidate</type>
        <manacost>3</manacost>
        <colors>Lightning</colors>
        <pt>7000</pt>
      </prop>
      <set picurl="https://fftcg.cdn.sewest.net/images/cards/full/22-079L_eg.jpg">Hidden Hope</set>
      <tablerow>2</tablerow>
    </card>
    <card>
      <name>Selkie (22-080C)</name>
      <text>Cuando Selki entra al terreno de juego, mira la carta superior de tu mazo. Puedes poner esa carta en la parte inferior de tu mazo.</text>
      <prop>
        <type>Backup - FFCC - Standard Unit</type>
        <manacost>1</manacost>
        <colors>Lightning</colors>
        <pt>0</pt>
      </prop>
      <set picurl="https://fftcg.cdn.sewest.net/images/cards/full/22-080C_eg.jpg">Hidden Hope</set>
      <tablerow>0</tablerow>
    </card>
    <card>
      <name>Diana (22-081R)</name>
      <text>Cuando Diana entra al terreno de juego a causa de una habilidad, coge 1 carta.
  Pon en dull 1 Oficio Guerrero de la oscuridad activa: Elige 1 Delantero. Ponlo en dull.</text>
      <prop>
        <type>Forward - FFL - Warrior of Darkness</type>
        <manacost>3</manacost>
        <colors>Lightning</colors>
        <pt>7000</pt>
      </prop>
      <set picurl="https://fftcg.cdn.sewest.net/images/cards/full/22-081R_eg.jpg">Hidden Hope</set>
      <tablerow>2</tablerow>
    </card>
    <card>
      <name>Drace (22-082C)</name>
      <text>Cuando Drace entra al terreno de juego, puedes buscar 1 Delantero de coste 2 o menos y añadirlo a tu mano.</text>
      <prop>
        <type>Backup - XII - Judge</type>
        <manacost>3</manacost>
        <colors>Lightning</colors>
        <pt>0</pt>
      </prop>
      <set picurl="https://fftcg.cdn.sewest.net/images/cards/full/22-082C_eg.jpg">Hidden Hope</set>
      <tablerow>0</tablerow>
    </card>
    <card>
      <name>Ninja (22-083C)</name>
      <text>Prisa
  Si controlas 2 o más Apoyos Oficio Soldado, Ninja gana +4000 de poder.</text>
      <prop>
        <type>Forward - V - Standard Unit</type>
        <manacost>2</manacost>
        <colors>Lightning</colors>
        <pt>4000</pt>
      </prop>
      <set picurl="https://fftcg.cdn.sewest.net/images/cards/full/22-083C_eg.jpg">Hidden Hope</set>
      <tablerow>2</tablerow>
    </card>
    <card>
      <name>Fujin (22-084R)</name>
      <text>Si hay 10 o más cartas en tu Break Zone, el Delantero Nombre de la carta Seifer y los Delanteros Oficio Miembro del Comité Disciplinario que controlas ganan +2000 de poder e Iniciativa.
  Cuando Viento entra al terreno de juego, pon las 2 cartas de la parte superior de tu mazo en la Break Zone.
  Cuando Viento pasa del mazo a la Break Zone, puedes jugar Viento de tu Break Zone al terreno de juego.</text>
      <prop>
        <type>Forward - VIII - Disciplinary Committee Member</type>
        <manacost>2</manacost>
        <colors>Lightning</colors>
        <pt>5000</pt>
      </prop>
      <set picurl="https://fftcg.cdn.sewest.net/images/cards/full/22-084R_eg.jpg">Hidden Hope</set>
      <tablerow>2</tablerow>
    </card>
    <card>
      <name>Moth Slasher (22-085C)</name>
      <text>Durante tu turno, Polilla cortante también pasa a ser un Delantero con 7000 de poder.
  Cuando Polilla cortante pasa del terreno de juego a la Break Zone, puedes buscar 1 Nombre de la carta Polilla cortante de coste 2 o menos y jugarla al terreno de juego.
  Daños 3 -- Polilla cortante gana +1000 de poder.</text>
      <prop>
        <type>Monster - VII - War Machine</type>
        <manacost>2</manacost>
        <colors>Lightning</colors>
        <pt>7000</pt>
      </prop>
      <set picurl="https://fftcg.cdn.sewest.net/images/cards/full/22-085C_eg.jpg">Hidden Hope</set>
      <tablerow>1</tablerow>
    </card>
    <card>
      <name>Yaag Rosch (22-086C)</name>
      <text>Los Apoyos que controlas que no sean Yaag Rosch no pueden ser objetivo de las Invocaciones o habilidades de tu oponente.</text>
      <prop>
        <type>Backup - XIII - PSICOM</type>
        <manacost>3</manacost>
        <colors>Lightning</colors>
        <pt>0</pt>
      </prop>
      <set picurl="https://fftcg.cdn.sewest.net/images/cards/full/22-086C_eg.jpg">Hidden Hope</set>
      <tablerow>0</tablerow>
    </card>
    <card>
      <name>Raijin (22-087R)</name>
      <text>Si hay 10 o más cartas en tu Break Zone, el Delantero Nombre de la carta Seifer y los Delanteros Oficio Miembro del Comité Disciplinario que controlas ganan +2000 de poder y Prisa.
  Cuando Trueno entra al terreno de juego, pon las 2 cartas de la parte superior de tu mazo en la Break Zone.
  Cuando Trueno pasa del mazo a la Break Zone, puedes jugar Trueno de tu Break Zone al terreno de juego.</text>
      <prop>
        <type>Forward - VIII - Disciplinary Committee Member</type>
        <manacost>2</manacost>
        <colors>Lightning</colors>
        <pt>5000</pt>
      </prop>
      <set picurl="https://fftcg.cdn.sewest.net/images/cards/full/22-087R_eg.jpg">Hidden Hope</set>
      <tablerow>2</tablerow>
    </card>
    <card>
      <name>Rygdea (22-088C)</name>
      <text>Cuando Rygdea entra al terreno de juego, selecciona 1 de las siguientes 2 acciones.
  "Elige 1 Delantero de coste 2 o menos. Rómpelo."
  "Elige 1 personaje Rayo de tu Break Zone. Añádelo a tu mano."</text>
      <prop>
        <type>Backup - XIII - PSICOM</type>
        <manacost>4</manacost>
        <colors>Lightning</colors>
        <pt>0</pt>
      </prop>
      <set picurl="https://fftcg.cdn.sewest.net/images/cards/full/22-088C_eg.jpg">Hidden Hope</set>
      <tablerow>0</tablerow>
    </card>
    <card>
      <name>Dragoon (22-089C)</name>
      <text>Cuando Caballero dragón entra al terreno de juego, elige 1 Delantero. Hasta el final del turno, este gana +3000 de poder e Iniciativa.
  (1)(Dull), descarta 1 carta Rayo, pon Caballero dragón en la Break Zone: Elige 1 Delantero activo de coste 5 o menos. Rómpelo.</text>
      <prop>
        <type>Backup - XI - Standard Unit</type>
        <manacost>2</manacost>
        <colors>Lightning</colors>
        <pt>0</pt>
      </prop>
      <set picurl="https://fftcg.cdn.sewest.net/images/cards/full/22-089C_eg.jpg">Hidden Hope</set>
      <tablerow>0</tablerow>
    </card>
    <card>
      <name>Lulu (22-090H)</name>
      <text>Al principio de la Attack Phase durante cada uno de tus turnos, puedes retirar del juego 2 Invocaciones de tu Break Zone. Cuando lo haces, elige 1 Delantero. Inflígele 7000 puntos de daño.
  Descarta 1 Invocación: Elige 1 Delantero. Inflígele 5000 puntos de daño.</text>
      <prop>
        <type>Forward - X - Guardian</type>
        <manacost>2</manacost>
        <colors>Lightning</colors>
        <pt>5000</pt>
      </prop>
      <set picurl="https://fftcg.cdn.sewest.net/images/cards/full/22-090H_eg.jpg">Hidden Hope</set>
      <tablerow>2</tablerow>
    </card>
    <card>
      <name>Blue Mage (22-091C)</name>
      <text>Cuando Mago azul entra al terreno de juego, puedes descartar 1 Monstruo. Cuando lo haces, coge 1 carta.
  (1)(Dull), descarta 1 carta Agua, pon Mago azul en la Break Zone: Elige 1 Monstruo de coste 4 o menos de tu Break Zone. Juégalo al terreno de juego.</text>
      <prop>
        <type>Backup - XI - Standard Unit</type>
        <manacost>2</manacost>
        <colors>Water</colors>
        <pt>0</pt>
      </prop>
      <set picurl="https://fftcg.cdn.sewest.net/images/cards/full/22-091C_eg.jpg">Hidden Hope</set>
      <tablerow>0</tablerow>
    </card>
    <card>
      <name>Agrias (22-092C)</name>
      <text>Cuando Agrias entra al terreno de juego, elige 1 Delantero de coste 3 o menos controlado por tu oponente. Si controlas 2 o más Oficio Caballero, devuélvelo a la mano de su propietario.
  Daños 3 -- Agrias gana +4000 de poder.</text>
      <prop>
        <type>Forward - THEATRHYTHM · FFT - Knight</type>
        <manacost>1</manacost>
        <colors>Water</colors>
        <pt>3000</pt>
      </prop>
      <set picurl="https://fftcg.cdn.sewest.net/images/cards/full/22-092C_eg.jpg">Hidden Hope</set>
      <tablerow>2</tablerow>
    </card>
    <card>
      <name>Anima (X) (22-093R)</name>
      <text>Elige 1 Delantero controlado por tu oponente. Retíralo del juego. Tu oponente coge 1 carta. Si el coste para lanzar Ánima (X) solo se ha pagado con CP generados por Apoyos, también coge 1 carta.</text>
      <prop>
        <type>Summon - X</type>
        <manacost>3</manacost>
        <colors>Water</colors>
        <pt>0</pt>
      </prop>
      <set picurl="https://fftcg.cdn.sewest.net/images/cards/full/22-093R_eg.jpg">Hidden Hope</set>
      <tablerow>3</tablerow>
    </card>
    <card>
      <name>Vaan (22-094C)</name>
      <text>Cuando Vaan entra al terreno de juego, elige 1 Delantero controlado por tu oponente. Si controlas 3 o más Oficio Pirata y/o Nombre de la carta Vikingo, este pierde 8000 de poder hasta el final del turno.</text>
      <prop>
        <type>Forward - DFF · XII - Pirate</type>
        <manacost>2</manacost>
        <colors>Water</colors>
        <pt>5000</pt>
      </prop>
      <set picurl="https://fftcg.cdn.sewest.net/images/cards/full/22-094C_eg.jpg">Hidden Hope</set>
      <tablerow>2</tablerow>
    </card>
    <card>
      <name>Warrior of Light (22-095H)</name>
      <text>[EX BURST] Cuando Guerrero de la Luz entra al terreno de juego, puedes buscar 1 Oficio Soldado y añadirla a tu mano.
  Si controlas 4 o más Oficio Soldado, los Delanteros que controlas que no sean Guerrero de la Luz ganan +2000 de poder.
  Escudo de luz (S): Guerrero de la Luz gana +5000 de poder hasta el final del turno.</text>
      <prop>
        <type>Forward - DFF · I - Warrior of Light</type>
        <manacost>4</manacost>
        <colors>Water</colors>
        <pt>8000</pt>
      </prop>
      <set picurl="https://fftcg.cdn.sewest.net/images/cards/full/22-095H_eg.jpg">Hidden Hope</set>
      <tablerow>2</tablerow>
    </card>
    <card>
      <name>Clavat (22-096C)</name>
      <text>Cuando Clavate entra al terreno de juego, mira la carta superior de tu mazo. Puedes poner esa carta en la parte inferior de tu mazo.</text>
      <prop>
        <type>Backup - FFCC - Standard Unit</type>
        <manacost>1</manacost>
        <colors>Water</colors>
        <pt>0</pt>
      </prop>
      <set picurl="https://fftcg.cdn.sewest.net/images/cards/full/22-096C_eg.jpg">Hidden Hope</set>
      <tablerow>0</tablerow>
    </card>
    <card>
      <name>Curilla (22-097L)</name>
      <text>Si un Delantero Oficio Caballero que controlas que no sea Curilla recibe daño por valor inferior a su poder, el daño se vuelve 0 en su lugar.
  Cuando Curilla entra al terreno de juego, revela las 5 cartas de la parte superior de tu mazo. Juega hasta 2 Oficio Caballero con un coste total de 4 o menos de entre ellas al terreno de juego y pon el resto en la parte inferior de tu mazo en el orden que quieras.</text>
      <prop>
        <type>Forward - XI - Knight</type>
        <manacost>5</manacost>
        <colors>Water</colors>
        <pt>9000</pt>
      </prop>
      <set picurl="https://fftcg.cdn.sewest.net/images/cards/full/22-097L_eg.jpg">Hidden Hope</set>
      <tablerow>2</tablerow>
    </card>
    <card>
      <name>Siren (V) (22-098H)</name>
      <text>Cuando 1 o más Delanteros que controlas son objetivo de la Invocación o habilidad de tu oponente, puedes poner la carta superior de tu mazo en la Break Zone. Si la carta puesta en la Break Zone no es un Delantero, cancela sus efectos.
  Daños 3 -- Si Sirena (V) recibe daño, el daño se reduce en 1000 en su lugar.</text>
      <prop>
        <type>Forward - V - Siren</type>
        <manacost>3</manacost>
        <colors>Water</colors>
        <pt>7000</pt>
      </prop>
      <set picurl="https://fftcg.cdn.sewest.net/images/cards/full/22-098H_eg.jpg">Hidden Hope</set>
      <tablerow>2</tablerow>
    </card>
    <card>
      <name>Severo (22-099R)</name>
      <text>Cuando Severo entra al terreno de juego, elige 1 Delantero de coste 4 o menos controlado por tu oponente. Devuélvelo a la mano de su propietario. Ganas (C).
  (Water)(Water)(Water)(2)(Dull), pon Severo en la Break Zone: Elige 1 Delantero. Ponlo en la parte inferior del mazo de su propietario.</text>
      <prop>
        <type>Backup - FFBE - Black Mage</type>
        <manacost>3</manacost>
        <colors>Water</colors>
        <pt>0</pt>
      </prop>
      <set picurl="https://fftcg.cdn.sewest.net/images/cards/full/22-099R_eg.jpg">Hidden Hope</set>
      <tablerow>0</tablerow>
    </card>
    <card>
      <name>Chime (22-100R)</name>
      <text>Al final de cada uno de tus turnos, si controlas 5 o más Apoyos, coge 1 carta.</text>
      <prop>
        <type>Backup - FFCC - Minister</type>
        <manacost>5</manacost>
        <colors>Water</colors>
        <pt>0</pt>
      </prop>
      <set picurl="https://fftcg.cdn.sewest.net/images/cards/full/22-100R_eg.jpg">Hidden Hope</set>
      <tablerow>0</tablerow>
    </card>
    <card>
      <name>Paladin (22-101C)</name>
      <text>Bravura
  Cuando Caballero entra al terreno de juego, elige 1 Delantero de coste 2 o menos de tu Break Zone. Si controlas 2 o más Apoyos Oficio Soldado, juégalo al terreno de juego.</text>
      <prop>
        <type>Forward - XI - Standard Unit</type>
        <manacost>5</manacost>
        <colors>Water</colors>
        <pt>7000</pt>
      </prop>
      <set picurl="https://fftcg.cdn.sewest.net/images/cards/full/22-101C_eg.jpg">Hidden Hope</set>
      <tablerow>2</tablerow>
    </card>
    <card>
      <name>Piranha (22-102C)</name>
      <text>Durante tu turno, Piraña también pasa a ser un Delantero con 4000 de poder.
  Cuando Piraña entra al terreno de juego, elige 1 Delantero controlado por tu oponente. Este pierde 2000 de poder hasta el final del turno.
  Daños 3 -- Cuando Piraña pasa del terreno de juego a la Break Zone, coge 1 carta.</text>
      <prop>
        <type>Monster - X - Piranha</type>
        <manacost>1</manacost>
        <colors>Water</colors>
        <pt>4000</pt>
      </prop>
      <set picurl="https://fftcg.cdn.sewest.net/images/cards/full/22-102C_eg.jpg">Hidden Hope</set>
      <tablerow>1</tablerow>
    </card>
    <card>
      <name>Faris (22-103C)</name>
      <text>Cuando Faris entra al terreno de juego, puedes retirar del juego 1 Delantero que controlas. Cuando lo haces, tu oponente selecciona 1 Delantero que controla. Ponlo en la Break Zone.</text>
      <prop>
        <type>Backup - THEATRHYTHM · V - Pirate/Warrior of Light</type>
        <manacost>2</manacost>
        <colors>Water</colors>
        <pt>0</pt>
      </prop>
      <set picurl="https://fftcg.cdn.sewest.net/images/cards/full/22-103C_eg.jpg">Hidden Hope</set>
      <tablerow>0</tablerow>
    </card>
    <card>
      <name>Folka (22-104R)</name>
      <text>Retira Folka del juego: Durante este turno, tu oponente solo puede declarar ataque una vez.
  Daños 3 -- Folka gana "Durante tu turno, Folka no puede ser objetivo de las Invocaciones o habilidades de tu oponente." y "Durante tu turno, si Folka recibe daño, el daño se vuelve 0 en su lugar."</text>
      <prop>
        <type>Forward - FFBE - Sworn Six of Paladia</type>
        <manacost>3</manacost>
        <colors>Water</colors>
        <pt>7000</pt>
      </prop>
      <set picurl="https://fftcg.cdn.sewest.net/images/cards/full/22-104R_eg.jpg">Hidden Hope</set>
      <tablerow>2</tablerow>
    </card>
    <card>
      <name>Miwa (22-105H)</name>
      <text>Ataque furtivo
  Cuando Miwa entra al terreno de juego, activa todos los Delanteros que controlas y anula todo el daño que han recibido.
  Daños 5 -- Cuando Miwa entra al terreno de juego, todos los Delanteros que controlas ganan +2000 de poder hasta el final del turno.</text>
      <prop>
        <type>Forward - TYPE-0 - Agito Cadet</type>
        <manacost>2</manacost>
        <colors>Water</colors>
        <pt>5000</pt>
      </prop>
      <set picurl="https://fftcg.cdn.sewest.net/images/cards/full/22-105H_eg.jpg">Hidden Hope</set>
      <tablerow>2</tablerow>
    </card>
    <card>
      <name>Yuna (22-106R)</name>
      <text>Cuando Yuna entra al terreno de juego, durante este turno, el coste requerido para lanzar tu próxima Nombre de la carta Tidus se reduce en 2 (no puede ser 0).
  Cuando una Nombre de la carta Tidus entra a tu terreno de juego, elige 1 Invocación de tu Break Zone. Añádela a tu mano. Este efecto solo se puede desencadenar una vez por turno.</text>
      <prop>
        <type>Forward - DFF · X - Summoner</type>
        <manacost>2</manacost>
        <colors>Water</colors>
        <pt>5000</pt>
      </prop>
      <set picurl="https://fftcg.cdn.sewest.net/images/cards/full/22-106R_eg.jpg">Hidden Hope</set>
      <tablerow>2</tablerow>
    </card>
    <card>
      <name>Yuni (22-107C)</name>
      <text>Cuando Yuni entra al terreno de juego, elige 1 Delantero. Este pierde 4000 de poder hasta el final del turno.
  (Dull): Elige 1 Delantero. Este pierde 2000 de poder hasta el final del turno.</text>
      <prop>
        <type>Forward - FFBE - Ranger</type>
        <manacost>3</manacost>
        <colors>Water</colors>
        <pt>7000</pt>
      </prop>
      <set picurl="https://fftcg.cdn.sewest.net/images/cards/full/22-107C_eg.jpg">Hidden Hope</set>
      <tablerow>2</tablerow>
    </card>
    <card>
      <name>Lenna (22-108H)</name>
      <text>Cuando Lena entra al terreno de juego, si hay 2 o más elementos distintos entre los personajes que controlas, coge 1 carta.
  Cuando Lena entra al terreno de juego, si hay 4 o más elementos distintos entre los personajes que controlas, tu oponente selecciona 1 Delantero que controla. Ponlo en la Break Zone.</text>
      <prop>
        <type>Forward - V - Princess/Warrior of Light</type>
        <manacost>3</manacost>
        <colors>Water</colors>
        <pt>7000</pt>
      </prop>
      <set picurl="https://fftcg.cdn.sewest.net/images/cards/full/22-108H_eg.jpg">Hidden Hope</set>
      <tablerow>2</tablerow>
    </card>
    <card>
      <name>Eden (22-109H)</name>
      <text>El coste requerido para lanzar Edén se reduce en 1 por cada personaje Categoría VIII que controlas.
  Elige hasta 2 Delanteros. Divide 30000 puntos de daño entre ellos como quieras (en bloques de 1000 puntos de daño). Este daño no puede reducirse.</text>
      <prop>
        <type>Summon - VIII</type>
        <manacost>8</manacost>
        <colors>Light</colors>
        <pt>0</pt>
      </prop>
      <set picurl="https://fftcg.cdn.sewest.net/images/cards/full/22-109H_eg.jpg">Hidden Hope</set>
      <tablerow>3</tablerow>
    </card>
    <card>
      <name>Citra (22-110L)</name>
      <text>Cuando lanzas una Invocación, elige 1 Delantero controlado por tu oponente. Este pierde 2000 de poder hasta el final del turno.
  Cuando Citra entra al terreno de juego, elige 5 cartas de tu Break Zone. Retíralas del juego. Si todas las cartas retiradas por este efecto son del mismo elemento, busca 1 Invocación de coste 3 o menos y retírala del juego. Después, lánzala sin pagar su coste.</text>
      <prop>
        <type>Forward - FFBE - Sworn Six of Paladia</type>
        <manacost>3</manacost>
        <colors>Light</colors>
        <pt>7000</pt>
      </prop>
      <set picurl="https://fftcg.cdn.sewest.net/images/cards/full/22-110L_eg.jpg">Hidden Hope</set>
      <tablerow>2</tablerow>
    </card>
    <card>
      <name>Raegen (22-111L)</name>
      <text>Cuando un Delantero que no sea Raegen entra a tu terreno de juego, elige 1 Delantero controlado por tu oponente. Ponlo en dull.
  Cuando Raegen entra al terreno de juego, elige 4 cartas de tu Break Zone. Retíralas del juego. Si hay 4 o más elementos distintos entre las cartas retiradas por este efecto, busca 1 Delantero de coste 4 o menos que no sea multielemento y juégalo al terreno de juego.</text>
      <prop>
        <type>Forward - FFBE - Sworn Six of Paladia</type>
        <manacost>6</manacost>
        <colors>Dark</colors>
        <pt>9000</pt>
      </prop>
      <set picurl="https://fftcg.cdn.sewest.net/images/cards/full/22-111L_eg.jpg">Hidden Hope</set>
      <tablerow>2</tablerow>
    </card>
    <card>
      <name>Zack (22-112R)</name>
      <text>(Las cartas con (LB) no pueden incluirse en tu mazo principal.)
  Limit Break -- 1
  Cuando Zack entra al terreno de juego, elige 1 Delantero. Inflígele 3000 puntos de daño.</text>
      <prop>
        <type>Forward - VII - SOLDIER</type>
        <manacost>3</manacost>
        <colors>Fire</colors>
        <pt>7000</pt>
      </prop>
      <set picurl="https://fftcg.cdn.sewest.net/images/cards/full/22-112R_eg.jpg">Hidden Hope</set>
      <tablerow>2</tablerow>
    </card>
    <card>
      <name>Mont Leonis (22-113L)</name>
      <text>Limit Break -- 3
  Cuando Mont Leonis entra al terreno de juego, elige 1 Delantero Fuego de coste 3 o menos de tu Break Zone y 1 Delantero Fuego de coste 5 o menos de tu Break Zone. Si controlas 5 o más Apoyos Fuego, juégalos al terreno de juego. Estos ganan Prisa hasta el final del turno. Después, pon 1 Apoyo que controlas en la Break Zone.</text>
      <prop>
        <type>Forward - FFBE - Archlord</type>
        <manacost>8</manacost>
        <colors>Fire</colors>
        <pt>9000</pt>
      </prop>
      <set picurl="https://fftcg.cdn.sewest.net/images/cards/full/22-113L_eg.jpg">Hidden Hope</set>
      <tablerow>2</tablerow>
    </card>
    <card>
      <name>Viktora (22-114H)</name>
      <text>Limit Break -- 2
  Si tu oponente no tiene cartas en su mano, Victra gana +3000 de poder.
  Cuando Victra entra al terreno de juego, elige 1 Delantero. Si tu oponente tiene 2 cartas o menos en su mano, inflígele 7000 puntos de daño.</text>
      <prop>
        <type>Forward - FFBE - Dragoon</type>
        <manacost>4</manacost>
        <colors>Ice</colors>
        <pt>7000</pt>
      </prop>
      <set picurl="https://fftcg.cdn.sewest.net/images/cards/full/22-114H_eg.jpg">Hidden Hope</set>
      <tablerow>2</tablerow>
    </card>
    <card>
      <name>Serjes (22-115R)</name>
      <text>(Las cartas con (LB) no pueden incluirse en tu mazo principal.)
  Limit Break -- 1
  Cuando Serjes entra al terreno de juego, selecciona 1 de las siguientes 2 acciones.
  "Elige 1 Delantero. Ponlo en dull."
  "Elige 1 Delantero. Congélalo."</text>
      <prop>
        <type>Forward - FFBE - Lancer</type>
        <manacost>3</manacost>
        <colors>Ice</colors>
        <pt>7000</pt>
      </prop>
      <set picurl="https://fftcg.cdn.sewest.net/images/cards/full/22-115R_eg.jpg">Hidden Hope</set>
      <tablerow>2</tablerow>
    </card>
    <card>
      <name>Ace (22-116L)</name>
      <text>Limit Break -- 3
  Cuando Ace entra al terreno de juego, inflige 1000 puntos de daño por cada personaje Aire que controlas a todos los Delanteros controlados por tu oponente.
  Cuando Ace ataca, revela la carta superior de tu mazo. Si es una carta Aire, añádela a tu mano.</text>
      <prop>
        <type>Forward - DFF · TYPE-0 - Class Zero Cadet</type>
        <manacost>8</manacost>
        <colors>Wind</colors>
        <pt>8000</pt>
      </prop>
      <set picurl="https://fftcg.cdn.sewest.net/images/cards/full/22-116L_eg.jpg">Hidden Hope</set>
      <tablerow>2</tablerow>
    </card>
    <card>
      <name>Yuri (22-117R)</name>
      <text>(Las cartas con (LB) no pueden incluirse en tu mazo principal.)
  Limit Break -- 2
  Si controlas 5 o más Apoyos, Yuri gana +4000 de poder.
  Cuando Yuri entra al terreno de juego, puedes buscar 1 Delantero Nombre de la carta Chelinka de coste 2 o menos y jugarlo al terreno de juego.</text>
      <prop>
        <type>Forward - FFCC - Lay Crystal User</type>
        <manacost>5</manacost>
        <colors>Wind</colors>
        <pt>4000</pt>
      </prop>
      <set picurl="https://fftcg.cdn.sewest.net/images/cards/full/22-117R_eg.jpg">Hidden Hope</set>
      <tablerow>2</tablerow>
    </card>
    <card>
      <name>Shantotto (22-118H)</name>
      <text>Limit Break -- 7
  Cuando Shantotto entra al terreno de juego, puedes pagar (Earth)(Earth)(Earth)(Earth)(Earth). Cuando lo haces, retira del juego todos los Delanteros y Monstruos que no sean Shantotto.</text>
      <prop>
        <type>Forward - DFF · XI - Mage</type>
        <manacost>4</manacost>
        <colors>Earth</colors>
        <pt>9000</pt>
      </prop>
      <set picurl="https://fftcg.cdn.sewest.net/images/cards/full/22-118H_eg.jpg">Hidden Hope</set>
      <tablerow>2</tablerow>
    </card>
    <card>
      <name>Maat (22-119R)</name>
      <text>(Las cartas con (LB) no pueden incluirse en tu mazo principal.)
  Limit Break -- 1
  Bravura
  Cuando Maat entra al terreno de juego, hasta el final del turno, todos los Delanteros que controlas ganan +1000 de poder y Bravura.</text>
      <prop>
        <type>Forward - XI - Monk</type>
        <manacost>4</manacost>
        <colors>Earth</colors>
        <pt>8000</pt>
      </prop>
      <set picurl="https://fftcg.cdn.sewest.net/images/cards/full/22-119R_eg.jpg">Hidden Hope</set>
      <tablerow>2</tablerow>
    </card>
    <card>
      <name>Cloud (22-120H)</name>
      <text>Limit Break -- 2
  Cuando Cloud entra al terreno de juego, elige 1 Delantero de coste 3 o menos. Rómpelo.
  Estallido límite (S)(Lightning)(Lightning)(Lightning)(Lightning)(Dull): Elige 1 Delantero controlado por tu oponente. Rómpelo. Cloud inflige a tu oponente 1 punto de daño.</text>
      <prop>
        <type>Forward - VII - Rider</type>
        <manacost>4</manacost>
        <colors>Lightning</colors>
        <pt>8000</pt>
      </prop>
      <set picurl="https://fftcg.cdn.sewest.net/images/cards/full/22-120H_eg.jpg">Hidden Hope</set>
      <tablerow>2</tablerow>
    </card>
    <card>
      <name>Lightning (22-121R)</name>
      <text>(Las cartas con (LB) no pueden incluirse en tu mazo principal.)
  Limit Break -- 2
  Cuando Lightning entra al terreno de juego, elige 1 Invocación Rayo de tu Break Zone. Añádela a tu mano.</text>
      <prop>
        <type>Forward - XIII - Ravager/L'Cie</type>
        <manacost>4</manacost>
        <colors>Lightning</colors>
        <pt>5000</pt>
      </prop>
      <set picurl="https://fftcg.cdn.sewest.net/images/cards/full/22-121R_eg.jpg">Hidden Hope</set>
      <tablerow>2</tablerow>
    </card>
    <card>
      <name>Tidus (22-122L)</name>
      <text>Limit Break -- 3
  Cuando Tidus entra al terreno de juego, si controlas 8 o más Delanteros y/o Apoyos, puedes pagar (Water)(Water)(Water). Cuando lo haces, selecciona hasta 3 de las siguientes 3 acciones. "Elige 1 Delantero. Ponlo en la parte inferior del mazo de su propietario." "Elige 1 Apoyo. Ponlo en la parte superior del mazo de su propietario." "Coge 2 cartas."</text>
      <prop>
        <type>Forward - X - Guardian</type>
        <manacost>5</manacost>
        <colors>Water</colors>
        <pt>9000</pt>
      </prop>
      <set picurl="https://fftcg.cdn.sewest.net/images/cards/full/22-122L_eg.jpg">Hidden Hope</set>
      <tablerow>2</tablerow>
    </card>
    <card>
      <name>Leo (22-123R)</name>
      <text>(Las cartas con (LB) no pueden incluirse en tu mazo principal.)
  Limit Break -- 1
  Cuando Leo entra al terreno de juego, coge 1 carta.</text>
      <prop>
        <type>Forward - FFCC - King</type>
        <manacost>3</manacost>
        <colors>Water</colors>
        <pt>3000</pt>
      </prop>
      <set picurl="https://fftcg.cdn.sewest.net/images/cards/full/22-123R_eg.jpg">Hidden Hope</set>
      <tablerow>2</tablerow>
    </card>
    <card>
      <name>Little Leela (22-124H)</name>
      <text>Limit Break -- 1
  Cuando Lili ataca, elige 1 Delantero controlado por tu oponente. Este pierde 7000 de poder hasta el final del turno.</text>
      <prop>
        <type>Forward - FFBE - Mystic Knight</type>
        <manacost>5</manacost>
        <colors>Dark</colors>
        <pt>8000</pt>
      </prop>
      <set picurl="https://fftcg.cdn.sewest.net/images/cards/full/22-124H_eg.jpg">Hidden Hope</set>
      <tablerow>2</tablerow>
    </card>
    <card>
      <name>Fat Chocobo (4-064L)</name>
      <text>Cuando Chocobo gordo entra al terreno de juego, puedes buscar 1 Oficio Chocobo o Nombre de la carta Chocobo de coste 3 o menos y jugarla al terreno de juego.
(Dull): Elige 1 Oficio Chocobo o Nombre de la carta Chocobo. Esta gana +2000 de poder hasta el final del turno.</text>
      <prop>
        <type>Backup - Special - Chocobo</type>
        <manacost>5</manacost>
        <colors>Wind</colors>
        <pt>0</pt>
      </prop>
      <set picurl="https://fftcg.cdn.sewest.net/images/cards/full/4-064L_eg.jpg">Opus IV</set>
      <tablerow>0</tablerow>
    </card>
  </cards>
</cockatrice_carddatabase>