<?xml version="1.0" encoding="UTF-8"?>
<cockatrice_carddatabase version="4">
  <sets>
    <set>
      <name>Opus XIV</name>
      <longname>Opus XIV</longname>
      <settype>Custom</settype>
      <releasedate></releasedate>
    </set>
  </sets>
  <cards>
    <card>
      <name>Amalj'aa (14-001C)</name>
      <text>Cuando una Oficio Primal Fuego entra a tu terreno de juego, activa Amalj'aa.
  (Dull): Elige 1 Delantero. Inflígele 1000 puntos de daño. Solo puedes usar esta habilidad si controlas una Oficio Primal Fuego.</text>
      <prop>
        <type>Backup - XIV - Standard Unit</type>
        <manacost>2</manacost>
        <colors>Fire</colors>
        <pt>0</pt>
      </prop>
      <set picurl="https://fftcg.cdn.sewest.net/images/cards/full/14-001C_eg.jpg">Opus XIV</set>
      <tablerow>0</tablerow>
    </card>
    <card>
      <name>Ifrita (14-002R)</name>
      <text>[EX BURST] Elige 1 Delantero. Inflígele 7000 puntos de daño. Busca 1 Nombre de la carta Ifrita y añádela a tu mano.</text>
      <prop>
        <type>Summon - WOFF</type>
        <manacost>5</manacost>
        <colors>Fire</colors>
        <pt>0</pt>
      </prop>
      <set picurl="https://fftcg.cdn.sewest.net/images/cards/full/14-002R_eg.jpg">Opus XIV</set>
      <tablerow>3</tablerow>
    </card>
    <card>
      <name>Illua (14-003R)</name>
      <text>Prisa
  Cuando Bleu ataca, puedes poner en dull tantos Apoyos Fuego activos que controlas como quieras. Cuando lo haces, elige 1 Delantero. Inflígele 3000 puntos de daño por cada Apoyo puesto en dull a causa de esta habilidad y Bleu gana +3000 de poder por cada Apoyo puesto en dull a causa de esta habilidad hasta el final del turno.</text>
      <prop>
        <type>Forward - FFTA2 - Nightshade</type>
        <manacost>1</manacost>
        <colors>Fire</colors>
        <pt>3000</pt>
      </prop>
      <set picurl="https://fftcg.cdn.sewest.net/images/cards/full/14-003R_eg.jpg">Opus XIV</set>
      <tablerow>2</tablerow>
    </card>
    <card>
      <name>Warrior of Light (14-004C)</name>
      <text>Los Delanteros Oficio Soldado que controlas ganan +1000 de poder.
  Daños 3 -- Los Delanteros Oficio Soldado que controlas ganan +2000 de poder.</text>
      <prop>
        <type>Forward - DFF · I - Warrior of Light</type>
        <manacost>4</manacost>
        <colors>Fire</colors>
        <pt>8000</pt>
      </prop>
      <set picurl="https://fftcg.cdn.sewest.net/images/cards/full/14-004C_eg.jpg">Opus XIV</set>
      <tablerow>2</tablerow>
    </card>
    <card>
      <name>Oelde Leonis (14-005C)</name>
      <text>Cuando Elde Leonis pasa del terreno de juego a la Break Zone, elige 1 Oficio Soldado de tu Break Zone. Añádela a tu mano.</text>
      <prop>
        <type>Forward - FFBE - King</type>
        <manacost>5</manacost>
        <colors>Fire</colors>
        <pt>9000</pt>
      </prop>
      <set picurl="https://fftcg.cdn.sewest.net/images/cards/full/14-005C_eg.jpg">Opus XIV</set>
      <tablerow>2</tablerow>
    </card>
    <card>
      <name>Ifrit, Lord of the Inferno (14-006R)</name>
      <text>[EX BURST] Cuando Ifrit, señor del infierno, entra al terreno de juego, elige hasta 2 Delanteros controlados por tu oponente. Inflígeles 4000 puntos de daño.
  Si tu Invocación o la habilidad de un personaje que controlas inflige daño a un Delantero, el daño aumenta en 1000 en su lugar.</text>
      <prop>
        <type>Forward - XIV - Primal</type>
        <manacost>5</manacost>
        <colors>Fire</colors>
        <pt>8000</pt>
      </prop>
      <set picurl="https://fftcg.cdn.sewest.net/images/cards/full/14-006R_eg.jpg">Opus XIV</set>
      <tablerow>2</tablerow>
    </card>
    <card>
      <name>Garland (14-007L)</name>
      <text>Si Garland recibe daño de una Invocación o habilidad, el daño se vuelve 0 en su lugar.
  Cuando un Apoyo pasa del terreno de juego a la Break Zone, coge 1 carta.
  Fulgor (S)(Dull): Elige 1 Delantero. Rómpelo. Después, tu oponente selecciona 1 Apoyo que controla. Ponlo en la Break Zone.</text>
      <prop>
        <type>Forward - I - Knight</type>
        <manacost>4</manacost>
        <colors>Fire</colors>
        <pt>8000</pt>
      </prop>
      <set picurl="https://fftcg.cdn.sewest.net/images/cards/full/14-007L_eg.jpg">Opus XIV</set>
      <tablerow>2</tablerow>
    </card>
    <card>
      <name>Caius (14-008C)</name>
      <text>Cuando un Delantero que controlas que no sea Caius pasa del terreno de juego a la Break Zone, hasta el final del turno, Caius gana +3000 de poder y Bravura.</text>
      <prop>
        <type>Forward - XIII - Guardian of the Seeress</type>
        <manacost>2</manacost>
        <colors>Fire</colors>
        <pt>5000</pt>
      </prop>
      <set picurl="https://fftcg.cdn.sewest.net/images/cards/full/14-008C_eg.jpg">Opus XIV</set>
      <tablerow>2</tablerow>
    </card>
    <card>
      <name>Gabranth (14-009R)</name>
      <text>Daños 5 -- (Dull), pon Gabranth en la Break Zone: Elige 1 Delantero. Hasta el final del turno, este gana "Este Delantero no puede romperse."</text>
      <prop>
        <type>Backup - DFF · XII - Judge</type>
        <manacost>2</manacost>
        <colors>Fire</colors>
        <pt>0</pt>
      </prop>
      <set picurl="https://fftcg.cdn.sewest.net/images/cards/full/14-009R_eg.jpg">Opus XIV</set>
      <tablerow>0</tablerow>
    </card>
    <card>
      <name>Gutsco (14-010H)</name>
      <text>Cuando Guzco entra al terreno de juego o ataca, retira del juego la carta superior de tu mazo.
  Cuando Guzco abandona el terreno de juego, añade a tu mano todas las cartas retiradas por la habilidad de Guzco.</text>
      <prop>
        <type>Forward - III - Thief</type>
        <manacost>3</manacost>
        <colors>Fire</colors>
        <pt>7000</pt>
      </prop>
      <set picurl="https://fftcg.cdn.sewest.net/images/cards/full/14-010H_eg.jpg">Opus XIV</set>
      <tablerow>2</tablerow>
    </card>
    <card>
      <name>Susano, Lord of the Revel (14-011H)</name>
      <text>Prisa
  Si un Delantero que ha recibido daño de Susano, señor del gozo, pasa del terreno de juego a la Break Zone en el mismo turno, retíralo del juego en su lugar.
  Cuando Susano, señor del gozo, entra al terreno de juego, selecciona 1 Apoyo que controlas. Puedes ponerlo en la Break Zone. Cuando lo haces, inflige 9000 puntos de daño a todos los Delanteros que no sean Susano, señor del gozo.</text>
      <prop>
        <type>Forward - XIV - Primal</type>
        <manacost>6</manacost>
        <colors>Fire</colors>
        <pt>8000</pt>
      </prop>
      <set picurl="https://fftcg.cdn.sewest.net/images/cards/full/14-011H_eg.jpg">Opus XIV</set>
      <tablerow>2</tablerow>
    </card>
    <card>
      <name>Kojin (14-012C)</name>
      <text>Cuando Kojin entra al terreno de juego, revela las 2 cartas de la parte superior de tu mazo. Añade 1 carta Fuego de entre ellas a tu mano y pon el resto en la Break Zone.
  (Dull), pon Kojin en la Break Zone: Revela las 2 cartas de la parte superior de tu mazo. Añade 1 carta Fuego de entre ellas a tu mano y pon el resto en la Break Zone.</text>
      <prop>
        <type>Backup - XIV - Standard Unit</type>
        <manacost>4</manacost>
        <colors>Fire</colors>
        <pt>0</pt>
      </prop>
      <set picurl="https://fftcg.cdn.sewest.net/images/cards/full/14-012C_eg.jpg">Opus XIV</set>
      <tablerow>0</tablerow>
    </card>
    <card>
      <name>Koboldroid Yang (14-013C)</name>
      <text>Al final de cada uno de tus turnos, pon 1 Contador Monstruo sobre Kobold del Oeste.
  Pon Kobold del Oeste en la Break Zone: Elige 1 Delantero. Inflígele 2000 puntos de daño por cada Contador Monstruo puesto sobre Kobold del Oeste.</text>
      <prop>
        <type>Monster - XIII - Zwerg Droid</type>
        <manacost>2</manacost>
        <colors>Fire</colors>
        <pt>0</pt>
      </prop>
      <set picurl="https://fftcg.cdn.sewest.net/images/cards/full/14-013C_eg.jpg">Opus XIV</set>
      <tablerow>1</tablerow>
    </card>
    <card>
      <name>Samurai (14-014C)</name>
      <text>Bravura
  Si controlas 3 o más Oficio Samurái o Nombre de la carta Samurái, Samurái gana +2000 de poder.
  Cuando Samurái entra al terreno de juego, elige 1 Delantero controlado por tu oponente. Si tienes un total de 7 o más Oficio Samurái y/o Nombre de la carta Samurái en tu Break Zone, inflígele 9000 puntos de daño.</text>
      <prop>
        <type>Forward - FFEX - Standard Unit</type>
        <manacost>3</manacost>
        <colors>Fire</colors>
        <pt>7000</pt>
      </prop>
      <set picurl="https://fftcg.cdn.sewest.net/images/cards/full/14-014C_eg.jpg">Opus XIV</set>
      <tablerow>2</tablerow>
    </card>
    <card>
      <name>Zenos (14-015R)</name>
      <text>Cuando Zenos entra al terreno de juego, revela las 5 cartas de la parte superior de tu mazo. Añade hasta 2 Delanteros Categoría XIV de entre ellas a tu mano y pon el resto en la Break Zone.
  Cuando Zenos ataca, todos los Delanteros Categoría XIV que controlas ganan Prisa hasta el final del turno.</text>
      <prop>
        <type>Forward - DFF · XIV - General</type>
        <manacost>5</manacost>
        <colors>Fire</colors>
        <pt>9000</pt>
      </prop>
      <set picurl="https://fftcg.cdn.sewest.net/images/cards/full/14-015R_eg.jpg">Opus XIV</set>
      <tablerow>2</tablerow>
    </card>
    <card>
      <name>Geomancer (14-016C)</name>
      <text>(Fire)(Dull): Elige 1 Delantero. Hasta el final del turno, este gana "Este Delantero no puede bloquear."
  (Dull), pon Geomante en la Break Zone: Elige 1 Delantero. Hasta el final del turno, este gana "Este Delantero no puede bloquear."</text>
      <prop>
        <type>Backup - FFEX - Standard Unit</type>
        <manacost>2</manacost>
        <colors>Fire</colors>
        <pt>0</pt>
      </prop>
      <set picurl="https://fftcg.cdn.sewest.net/images/cards/full/14-016C_eg.jpg">Opus XIV</set>
      <tablerow>0</tablerow>
    </card>
    <card>
      <name>Mom Bomb (14-017H)</name>
      <text>Si controlas 3 o más Apoyos Fuego, Mamá bom también pasa a ser un Delantero con 8000 de poder.
  Cuando Mamá bom pasa del terreno de juego a la Break Zone, inflige 5000 puntos de daño a todos los Delanteros.</text>
      <prop>
        <type>Monster - IV - Bomb</type>
        <manacost>2</manacost>
        <colors>Fire</colors>
        <pt>8000</pt>
      </prop>
      <set picurl="https://fftcg.cdn.sewest.net/images/cards/full/14-017H_eg.jpg">Opus XIV</set>
      <tablerow>1</tablerow>
    </card>
    <card>
      <name>Maliris (IX) (14-018C)</name>
      <text>Cuando Malilith (IX) entra al terreno de juego, puedes descartar 1 Oficio Caos. Cuando lo haces, elige 1 Delantero. Inflígele 8000 puntos de daño.</text>
      <prop>
        <type>Forward - IX - Chaos</type>
        <manacost>4</manacost>
        <colors>Fire</colors>
        <pt>8000</pt>
      </prop>
      <set picurl="https://fftcg.cdn.sewest.net/images/cards/full/14-018C_eg.jpg">Opus XIV</set>
      <tablerow>2</tablerow>
    </card>
    <card>
      <name>Red XIII (14-019R)</name>
      <text>Cuando Red XIII entra al terreno de juego, puedes pagar (Fire). Si lo haces, juega 1 Delantero de tu mano al terreno de juego. Si este abandona el terreno de juego por cualquier motivo, retíralo del juego en su lugar. Al final del turno, retíralo del juego.</text>
      <prop>
        <type>Backup - VII - Warrior</type>
        <manacost>2</manacost>
        <colors>Fire</colors>
        <pt>0</pt>
      </prop>
      <set picurl="https://fftcg.cdn.sewest.net/images/cards/full/14-019R_eg.jpg">Opus XIV</set>
      <tablerow>0</tablerow>
    </card>
    <card>
      <name>Ysayle (14-020R)</name>
      <text>(Dull), pon Ysayle en la Break Zone: Juega 1 Delantero Frío de coste 5 o menos de tu mano al terreno de juego.</text>
      <prop>
        <type>Forward - XIV - Lady Iceheart</type>
        <manacost>3</manacost>
        <colors>Ice</colors>
        <pt>7000</pt>
      </prop>
      <set picurl="https://fftcg.cdn.sewest.net/images/cards/full/14-020R_eg.jpg">Opus XIV</set>
      <tablerow>2</tablerow>
    </card>
    <card>
      <name>Valfodr (14-021H)</name>
      <text>Si controlas 3 o más Apoyos Frío, Valfodr también pasa a ser un Delantero con 7000 de poder.
  Cuando Valfodr pasa del terreno de juego a la Break Zone, tu oponente descarta 1 carta de su mano.</text>
      <prop>
        <type>Monster - XIII - Netherknight</type>
        <manacost>2</manacost>
        <colors>Ice</colors>
        <pt>7000</pt>
      </prop>
      <set picurl="https://fftcg.cdn.sewest.net/images/cards/full/14-021H_eg.jpg">Opus XIV</set>
      <tablerow>1</tablerow>
    </card>
    <card>
      <name>Kam'lanaut (14-022H)</name>
      <text>Cuando Kam'lanaut entra al terreno de juego o ataca, elige 1 Delantero en dull controlado por tu oponente. Inflígele 2000 puntos de daño por cada Apoyo Frío que controlas.
  Hoja luminosa (S)(Ice)(Ice): Elige 1 Delantero. Inflígele 2000 puntos de daño por cada personaje Frío que controlas.</text>
      <prop>
        <type>Forward - DFF · XI - Archduke</type>
        <manacost>4</manacost>
        <colors>Ice</colors>
        <pt>8000</pt>
      </prop>
      <set picurl="https://fftcg.cdn.sewest.net/images/cards/full/14-022H_eg.jpg">Opus XIV</set>
      <tablerow>2</tablerow>
    </card>
    <card>
      <name>Gilgamesh (FFBE) (14-023L)</name>
      <text>Si tienes 3 o más elementos distintos entre las cartas de tu Break Zone, Gilgamesh (FFBE) gana +1000 de poder, Prisa e Iniciativa, y si tienes 7 o más, Gilgamesh (FFBE) también gana Bravura y "Gilgamesh (FFBE) puede atacar 3 veces en el mismo turno."
  Cuando Gilgamesh (FFBE) ataca, elige 1 personaje. Si tienes 5 o más elementos distintos entre las cartas de tu Break Zone, ponlo en dull y congélalo.</text>
      <prop>
        <type>Forward - FFBE - Winged One</type>
        <manacost>3</manacost>
        <colors>Ice</colors>
        <pt>7000</pt>
      </prop>
      <set picurl="https://fftcg.cdn.sewest.net/images/cards/full/14-023L_eg.jpg">Opus XIV</set>
      <tablerow>2</tablerow>
    </card>
    <card>
      <name>Bard (14-024C)</name>
      <text>(Ice)(Dull), pon Bardo en la Break Zone: Elige 1 Delantero. Ponlo en dull y congélalo.</text>
      <prop>
        <type>Backup - FFEX - Standard Unit</type>
        <manacost>2</manacost>
        <colors>Ice</colors>
        <pt>0</pt>
      </prop>
      <set picurl="https://fftcg.cdn.sewest.net/images/cards/full/14-024C_eg.jpg">Opus XIV</set>
      <tablerow>0</tablerow>
    </card>
    <card>
      <name>Kuja (14-025C)</name>
      <text>Cuando Kuja es objetivo de las Invocaciones o habilidades de tu oponente, elige hasta 1 Delantero controlado por tu oponente. Ponlo en dull.</text>
      <prop>
        <type>Forward - DFF · IX - Genome</type>
        <manacost>5</manacost>
        <colors>Ice</colors>
        <pt>9000</pt>
      </prop>
      <set picurl="https://fftcg.cdn.sewest.net/images/cards/full/14-025C_eg.jpg">Opus XIV</set>
      <tablerow>2</tablerow>
    </card>
    <card>
      <name>Kefka (14-026R)</name>
      <text>[EX BURST] Cuando Kefka entra al terreno de juego, elige 1 Delantero controlado por tu oponente. Ponlo en dull.
  (Dull): Elige 1 Delantero. Ponlo en dull y congélalo. Solo puedes usar esta habilidad si controlas 5 o más Apoyos Frío.</text>
      <prop>
        <type>Backup - DFF · VI - Mage</type>
        <manacost>3</manacost>
        <colors>Ice</colors>
        <pt>0</pt>
      </prop>
      <set picurl="https://fftcg.cdn.sewest.net/images/cards/full/14-026R_eg.jpg">Opus XIV</set>
      <tablerow>0</tablerow>
    </card>
    <card>
      <name>The Emperor (14-027R)</name>
      <text>Cuando El Emperador entra al terreno de juego a causa de una habilidad, revela la carta superior de tu mazo. Si es un personaje, añádelo a tu mano.
  Retira del juego 15 cartas Frío de la Break Zone: Juega El Emperador al terreno de juego. Solo puedes usar esta habilidad durante tu Main Phase y si El Emperador está en la Break Zone.</text>
      <prop>
        <type>Forward - DFF · II - Emperor</type>
        <manacost>2</manacost>
        <colors>Ice</colors>
        <pt>5000</pt>
      </prop>
      <set picurl="https://fftcg.cdn.sewest.net/images/cards/full/14-027R_eg.jpg">Opus XIV</set>
      <tablerow>2</tablerow>
    </card>
    <card>
      <name>Goblin (14-028C)</name>
      <text>Al final de cada uno de tus turnos, pon 1 Contador Monstruo sobre Duende.
  Pon Duende en la Break Zone: Elige 1 Delantero en dull. Inflígele 2000 puntos de daño por cada Contador Monstruo puesto sobre Duende.</text>
      <prop>
        <type>Monster - IX - Goblin</type>
        <manacost>1</manacost>
        <colors>Ice</colors>
        <pt>0</pt>
      </prop>
      <set picurl="https://fftcg.cdn.sewest.net/images/cards/full/14-028C_eg.jpg">Opus XIV</set>
      <tablerow>1</tablerow>
    </card>
    <card>
      <name>Shivalry (14-029R)</name>
      <text>[EX BURST] Elige 1 Delantero. Hasta el final del turno, este gana +3000 de poder y "Cuando un Delantero controlado por tu oponente pasa del terreno de juego a la Break Zone en el mismo turno en el que el Delantero elegido le ha infligido daño, tu oponente descarta 1 carta de su mano."</text>
      <prop>
        <type>Summon - WOFF</type>
        <manacost>2</manacost>
        <colors>Ice</colors>
        <pt>0</pt>
      </prop>
      <set picurl="https://fftcg.cdn.sewest.net/images/cards/full/14-029R_eg.jpg">Opus XIV</set>
      <tablerow>3</tablerow>
    </card>
    <card>
      <name>Serah (14-030C)</name>
      <text>Cuando Serah pasa del terreno de juego a la Break Zone, selecciona 1 de las siguientes 2 acciones.
  "Tu oponente descarta 1 carta de su mano."
  "Congela todos los Delanteros controlados por tu oponente."</text>
      <prop>
        <type>Forward - DFF · XIII - Saboteur</type>
        <manacost>4</manacost>
        <colors>Ice</colors>
        <pt>8000</pt>
      </prop>
      <set picurl="https://fftcg.cdn.sewest.net/images/cards/full/14-030C_eg.jpg">Opus XIV</set>
      <tablerow>2</tablerow>
    </card>
    <card>
      <name>Good King Moggle Mog XII (14-031R)</name>
      <text>Cuando Rey Mogurio Mog XII pasa del terreno de juego a la Break Zone, puedes descartar 2 cartas. Si lo haces, devuelve Rey Mogurio Mog XII a tu mano.
  Al final de cada uno de tus turnos, revela las 3 cartas de la parte superior de tu mazo. Juega hasta 1 Nombre de la carta Moguri (XIV) u Oficio Moguri de coste 3 o menos de entre ellas al terreno de juego y pon el resto en la parte inferior de tu mazo en el orden que quieras.</text>
      <prop>
        <type>Forward - XIV - Primal</type>
        <manacost>4</manacost>
        <colors>Ice</colors>
        <pt>7000</pt>
      </prop>
      <set picurl="https://fftcg.cdn.sewest.net/images/cards/full/14-031R_eg.jpg">Opus XIV</set>
      <tablerow>2</tablerow>
    </card>
    <card>
      <name>Proto fal'Cie Adam (14-032R)</name>
      <text>Si tu oponente tiene 2 cartas o menos en su mano, Protofal'Cie Adán gana +2000 de poder e Iniciativa.
  Cuando Protofal'Cie Adán entra al terreno de juego, pon 2 Contadores Pedipalpo sobre Protofal'Cie Adán.
  Cuando Protofal'Cie Adán es objetivo de Invocaciones o habilidades, retira 1 Contador Pedipalpo de Protofal'Cie Adán. Si lo haces, cancela su efecto.</text>
      <prop>
        <type>Forward - XIII - Proto fal'Cie</type>
        <manacost>3</manacost>
        <colors>Ice</colors>
        <pt>7000</pt>
      </prop>
      <set picurl="https://fftcg.cdn.sewest.net/images/cards/full/14-032R_eg.jpg">Opus XIV</set>
      <tablerow>2</tablerow>
    </card>
    <card>
      <name>Devout (14-033C)</name>
      <text>Cuando Devoto entra al terreno de juego, revela las 2 cartas de la parte superior de tu mazo. Añade 1 carta Frío de entre ellas a tu mano y pon el resto en la Break Zone.
  (Dull), pon Devoto en la Break Zone: Revela las 2 cartas de la parte superior de tu mazo. Añade 1 carta Frío de entre ellas a tu mano y pon el resto en la Break Zone.</text>
      <prop>
        <type>Backup - III - Standard Unit</type>
        <manacost>4</manacost>
        <colors>Ice</colors>
        <pt>0</pt>
      </prop>
      <set picurl="https://fftcg.cdn.sewest.net/images/cards/full/14-033C_eg.jpg">Opus XIV</set>
      <tablerow>0</tablerow>
    </card>
    <card>
      <name>Time Mage (14-034C)</name>
      <text>Cuando Mago temporal activo se pone en dull, elige 1 Delantero. Ponlo en dull.</text>
      <prop>
        <type>Forward - FFTA2 - Standard Unit</type>
        <manacost>4</manacost>
        <colors>Ice</colors>
        <pt>8000</pt>
      </prop>
      <set picurl="https://fftcg.cdn.sewest.net/images/cards/full/14-034C_eg.jpg">Opus XIV</set>
      <tablerow>2</tablerow>
    </card>
    <card>
      <name>Don Corneo (14-035C)</name>
      <text>Cuando Don Corneo entra al terreno de juego, tu oponente revela 3 cartas de su mano. Selecciona 1 carta de entre ellas. Tu oponente descarta esa carta.</text>
      <prop>
        <type>Backup - VII - Boss</type>
        <manacost>4</manacost>
        <colors>Ice</colors>
        <pt>0</pt>
      </prop>
      <set picurl="https://fftcg.cdn.sewest.net/images/cards/full/14-035C_eg.jpg">Opus XIV</set>
      <tablerow>0</tablerow>
    </card>
    <card>
      <name>Shiva, Lady of Frost (14-036L)</name>
      <text>No puedes jugar Shiva, dama del hielo, o Nombre de la carta Ysayle si ya controlas al otro personaje.
  Cuando Shiva, dama del hielo, entra al terreno de juego, elige 1 personaje controlado por tu oponente. Ponlo en dull. Congela todos los Delanteros controlados por tu oponente.
  Pon 3 Apoyos en la Break Zone: Retira del juego Shiva, dama del hielo. Después, juega Shiva, dama del hielo, al terreno de juego.</text>
      <prop>
        <type>Forward - XIV - Primal</type>
        <manacost>5</manacost>
        <colors>Ice</colors>
        <pt>9000</pt>
      </prop>
      <set picurl="https://fftcg.cdn.sewest.net/images/cards/full/14-036L_eg.jpg">Opus XIV</set>
      <tablerow>2</tablerow>
    </card>
    <card>
      <name>Moogle (XIV) (14-037C)</name>
      <text>Cuando una Oficio Primal Frío entra a tu terreno de juego, activa Moguri (XIV).
  (Ice)(Dull): Elige 1 Delantero. Ponlo en dull. Solo puedes usar esta habilidad si controlas una Oficio Primal Frío.</text>
      <prop>
        <type>Backup - XIV - Standard Unit</type>
        <manacost>2</manacost>
        <colors>Ice</colors>
        <pt>0</pt>
      </prop>
      <set picurl="https://fftcg.cdn.sewest.net/images/cards/full/14-037C_eg.jpg">Opus XIV</set>
      <tablerow>0</tablerow>
    </card>
    <card>
      <name>Lugae (14-038H)</name>
      <text>Cuando un Delantero entra a tu terreno de juego, puedes retirar Lugae del juego. Si lo haces, ese Delantero gana +2000 de poder y Bravura. (Este efecto no termina al final del turno.)</text>
      <prop>
        <type>Backup - IV - Doctor</type>
        <manacost>2</manacost>
        <colors>Ice</colors>
        <pt>0</pt>
      </prop>
      <set picurl="https://fftcg.cdn.sewest.net/images/cards/full/14-038H_eg.jpg">Opus XIV</set>
      <tablerow>0</tablerow>
    </card>
    <card>
      <name>Adelle (14-039R)</name>
      <text>Si controlas 3 o más Apoyos Aire, Adel gana +3000 de poder y Prisa.
  Si controlas 5 o más Apoyos Aire, Adel no puede ser objetivo de las Invocaciones o habilidades de tu oponente.</text>
      <prop>
        <type>Forward - FFTA2 - Heritor</type>
        <manacost>2</manacost>
        <colors>Wind</colors>
        <pt>5000</pt>
      </prop>
      <set picurl="https://fftcg.cdn.sewest.net/images/cards/full/14-039R_eg.jpg">Opus XIV</set>
      <tablerow>2</tablerow>
    </card>
    <card>
      <name>Abquhbah (14-040C)</name>
      <text>Cuando un personaje que no sea Abquhbah entra a tu terreno de juego, Abquhbah gana +1000 de poder hasta el final del turno.</text>
      <prop>
        <type>Forward - XI - Salaheem's Sentinel</type>
        <manacost>3</manacost>
        <colors>Wind</colors>
        <pt>7000</pt>
      </prop>
      <set picurl="https://fftcg.cdn.sewest.net/images/cards/full/14-040C_eg.jpg">Opus XIV</set>
      <tablerow>2</tablerow>
    </card>
    <card>
      <name>Ixali (14-041C)</name>
      <text>Cuando una Oficio Primal Aire entra a tu terreno de juego, activa Ixali.
  (Wind)(Dull): Elige 1 Delantero. Actívalo. Solo puedes usar esta habilidad si controlas una Oficio Primal Aire.</text>
      <prop>
        <type>Backup - XIV - Standard Unit</type>
        <manacost>2</manacost>
        <colors>Wind</colors>
        <pt>0</pt>
      </prop>
      <set picurl="https://fftcg.cdn.sewest.net/images/cards/full/14-041C_eg.jpg">Opus XIV</set>
      <tablerow>0</tablerow>
    </card>
    <card>
      <name>Bismarck, Lord of the Mists (14-042L)</name>
      <text>Cuando un personaje regresa a la mano de su propietario desde el terreno de juego, coge 1 carta. Este efecto solo se puede desencadenar una vez por turno.
  Al final de cada uno de tus turnos, elige hasta 1 personaje Aire que controlas. Devuélvelo a la mano de su propietario.
  Pon en dull 1 Delantero Aire activo: Elige 1 Delantero. Inflígele 2000 puntos de daño.</text>
      <prop>
        <type>Forward - XIV - Primal</type>
        <manacost>5</manacost>
        <colors>Wind</colors>
        <pt>9000</pt>
      </prop>
      <set picurl="https://fftcg.cdn.sewest.net/images/cards/full/14-042L_eg.jpg">Opus XIV</set>
      <tablerow>2</tablerow>
    </card>
    <card>
      <name>Cactuaroni (14-043C)</name>
      <text>Al final de cada uno de tus turnos, pon 1 Contador Monstruo sobre Profesor cactilio.
  Pon Profesor cactilio en la Break Zone: Elige un número de personajes menor o igual al número de Contadores Monstruo sobre Profesor cactilio. Actívalos.</text>
      <prop>
        <type>Monster - XIII - Cactuar</type>
        <manacost>1</manacost>
        <colors>Wind</colors>
        <pt>0</pt>
      </prop>
      <set picurl="https://fftcg.cdn.sewest.net/images/cards/full/14-043C_eg.jpg">Opus XIV</set>
      <tablerow>1</tablerow>
    </card>
    <card>
      <name>White Mage (14-044C)</name>
      <text>Cuando Mago blanco entra al terreno de juego, elige hasta 2 Apoyos que controlas de un elemento que no sea Aire. Actívalos.</text>
      <prop>
        <type>Backup - FFTA2 - Standard Unit</type>
        <manacost>2</manacost>
        <colors>Wind</colors>
        <pt>0</pt>
      </prop>
      <set picurl="https://fftcg.cdn.sewest.net/images/cards/full/14-044C_eg.jpg">Opus XIV</set>
      <tablerow>0</tablerow>
    </card>
    <card>
      <name>Sin (14-045H)</name>
      <text>Durante el turno de tu oponente, los Delanteros controlados por tu oponente no pueden usar habilidades de acción.
  (Wind)(Wind)(2): Elige 1 habilidad de apoyo. Cancela su efecto.</text>
      <prop>
        <type>Forward - X - Final Aeon</type>
        <manacost>4</manacost>
        <colors>Wind</colors>
        <pt>8000</pt>
      </prop>
      <set picurl="https://fftcg.cdn.sewest.net/images/cards/full/14-045H_eg.jpg">Opus XIV</set>
      <tablerow>2</tablerow>
    </card>
    <card>
      <name>Sniper (14-046C)</name>
      <text>Cuando Francotirador activo se pone en dull, elige 1 Delantero controlado por tu oponente. Inflígele 4000 puntos de daño.</text>
      <prop>
        <type>Forward - FFTA2 - Standard Unit</type>
        <manacost>4</manacost>
        <colors>Wind</colors>
        <pt>8000</pt>
      </prop>
      <set picurl="https://fftcg.cdn.sewest.net/images/cards/full/14-046C_eg.jpg">Opus XIV</set>
      <tablerow>2</tablerow>
    </card>
    <card>
      <name>Choco/Mog (14-047R)</name>
      <text>[EX BURST] Elige 1 Delantero. Inflígele 1000 puntos de daño por cada personaje que controlas. Si controlas una Oficio Chocobo o Nombre de la carta Chocobo y una Oficio Moguri o Nombre de la carta Moguri, coge 1 carta.</text>
      <prop>
        <type>Summon - VII</type>
        <manacost>2</manacost>
        <colors>Wind</colors>
        <pt>0</pt>
      </prop>
      <set picurl="https://fftcg.cdn.sewest.net/images/cards/full/14-047R_eg.jpg">Opus XIV</set>
      <tablerow>3</tablerow>
    </card>
    <card>
      <name>Tiamat (IX) (14-048C)</name>
      <text>Cuando Tiamant (IX) entra al terreno de juego, puedes descartar 1 Oficio Caos. Cuando lo haces, elige 1 personaje de coste 5 o más. Rómpelo.</text>
      <prop>
        <type>Forward - IX - Chaos</type>
        <manacost>4</manacost>
        <colors>Wind</colors>
        <pt>8000</pt>
      </prop>
      <set picurl="https://fftcg.cdn.sewest.net/images/cards/full/14-048C_eg.jpg">Opus XIV</set>
      <tablerow>2</tablerow>
    </card>
    <card>
      <name>Typhon (14-049H)</name>
      <text>Si controlas 3 o más Apoyos Aire, Tifón también pasa a ser un Delantero con 8000 de poder.
  Cuando Tifón entra al terreno de juego, elige 1 Delantero. Ponlo bajo las cuatro cartas superiores del mazo de su propietario.</text>
      <prop>
        <type>Monster - XIII - Typhon</type>
        <manacost>3</manacost>
        <colors>Wind</colors>
        <pt>8000</pt>
      </prop>
      <set picurl="https://fftcg.cdn.sewest.net/images/cards/full/14-049H_eg.jpg">Opus XIV</set>
      <tablerow>1</tablerow>
    </card>
    <card>
      <name>Naja Salaheem (14-050R)</name>
      <text>Naja Salaheem no puede ser objetivo de las Invocaciones o habilidades de tu oponente.
  Cuando Naja Salaheem inflige daño a tu oponente, elige 1 personaje. Selecciona 1 Contador puesto sobre él. Duplica todos los Contadores del mismo tipo que el Contador seleccionado sobre ese personaje.</text>
      <prop>
        <type>Forward - XI - Salaheem's Sentinel</type>
        <manacost>2</manacost>
        <colors>Wind</colors>
        <pt>5000</pt>
      </prop>
      <set picurl="https://fftcg.cdn.sewest.net/images/cards/full/14-050R_eg.jpg">Opus XIV</set>
      <tablerow>2</tablerow>
    </card>
    <card>
      <name>Vanu Vanu (14-051C)</name>
      <text>Cuando Vanu Vanu entra al terreno de juego, revela las 2 cartas de la parte superior de tu mazo. Añade 1 carta Aire de entre ellas a tu mano y pon el resto en la Break Zone.
  (Dull), pon Vanu Vanu en la Break Zone: Revela las 2 cartas de la parte superior de tu mazo. Añade 1 carta Aire de entre ellas a tu mano y pon el resto en la Break Zone.</text>
      <prop>
        <type>Backup - XIV - Standard Unit</type>
        <manacost>4</manacost>
        <colors>Wind</colors>
        <pt>0</pt>
      </prop>
      <set picurl="https://fftcg.cdn.sewest.net/images/cards/full/14-051C_eg.jpg">Opus XIV</set>
      <tablerow>0</tablerow>
    </card>
    <card>
      <name>Fran (14-052C)</name>
      <text>Cuando Fran entra al terreno de juego, si has lanzado 3 o más cartas este turno, coge 1 carta.
  Daños 3 -- Fran gana +2000 de poder.</text>
      <prop>
        <type>Forward - PICTLOGICA · XII - Viera</type>
        <manacost>2</manacost>
        <colors>Wind</colors>
        <pt>5000</pt>
      </prop>
      <set picurl="https://fftcg.cdn.sewest.net/images/cards/full/14-052C_eg.jpg">Opus XIV</set>
      <tablerow>2</tablerow>
    </card>
    <card>
      <name>Mjrn (14-053R)</name>
      <text>Cuando Mjrn entra al terreno de juego, activa las Nombre de la carta Fran y Nombre de la carta Jote que controlas.
  (Wind)(Wind)(Wind)(Dull), pon Mjrn en la Break Zone: Elige 1 Delantero de coste 5 o más. Rómpelo.</text>
      <prop>
        <type>Backup - XII - Viera</type>
        <manacost>2</manacost>
        <colors>Wind</colors>
        <pt>0</pt>
      </prop>
      <set picurl="https://fftcg.cdn.sewest.net/images/cards/full/14-053R_eg.jpg">Opus XIV</set>
      <tablerow>0</tablerow>
    </card>
    <card>
      <name>Jote (14-054R)</name>
      <text>[EX BURST] Cuando Jote entra al terreno de juego, puedes buscar 1 Nombre de la carta Fran o Nombre de la carta Mjrn y añadirla a tu mano.</text>
      <prop>
        <type>Backup - XII - Viera</type>
        <manacost>4</manacost>
        <colors>Wind</colors>
        <pt>0</pt>
      </prop>
      <set picurl="https://fftcg.cdn.sewest.net/images/cards/full/14-054R_eg.jpg">Opus XIV</set>
      <tablerow>0</tablerow>
    </card>
    <card>
      <name>Lezaford (14-055C)</name>
      <text>Cuando Lezaford entra al terreno de juego, elige 1 Delantero. Si el coste para lanzar Lezaford se ha pagado con CP de 3 o más elementos distintos, rómpelo.</text>
      <prop>
        <type>Forward - FFTA2 - Magus</type>
        <manacost>5</manacost>
        <colors>Wind</colors>
        <pt>5000</pt>
      </prop>
      <set picurl="https://fftcg.cdn.sewest.net/images/cards/full/14-055C_eg.jpg">Opus XIV</set>
      <tablerow>2</tablerow>
    </card>
    <card>
      <name>Garuda, Lady of the Vortex (14-056R)</name>
      <text>Cuando Garuda, dama del vórtice, entra al terreno de juego, elige 1 Delantero de poder 9000 o más controlado por tu oponente. Rómpelo.
  Cuando un Delantero de poder 9000 o más de tu oponente entra al terreno de juego, coge 1 carta.</text>
      <prop>
        <type>Forward - XIV - Primal</type>
        <manacost>6</manacost>
        <colors>Wind</colors>
        <pt>9000</pt>
      </prop>
      <set picurl="https://fftcg.cdn.sewest.net/images/cards/full/14-056R_eg.jpg">Opus XIV</set>
      <tablerow>2</tablerow>
    </card>
    <card>
      <name>Rosa (14-057H)</name>
      <text>Cuando lanzas tu tercera carta lanzada este turno, activa todos los Apoyos que controlas.
  Cuando lanzas tu quinta carta lanzada este turno, revela la carta superior de tu mazo. Si es un personaje, puedes jugarlo al terreno de juego.
  (Wind): Hasta el final del turno, Rosa gana "Rosa no puede ser objetivo de las habilidades de tu oponente."</text>
      <prop>
        <type>Forward - IV - White Mage</type>
        <manacost>3</manacost>
        <colors>Wind</colors>
        <pt>7000</pt>
      </prop>
      <set picurl="https://fftcg.cdn.sewest.net/images/cards/full/14-057H_eg.jpg">Opus XIV</set>
      <tablerow>2</tablerow>
    </card>
    <card>
      <name>Dark Knight (14-058C)</name>
      <text>Cuando Caballero Oscuro entra al terreno de juego, Caballero oscuro te inflige 1 punto de daño.
  Daños 5 -- Caballero oscuro gana Bravura.</text>
      <prop>
        <type>Forward - FFEX - Standard Unit</type>
        <manacost>3</manacost>
        <colors>Earth</colors>
        <pt>9000</pt>
      </prop>
      <set picurl="https://fftcg.cdn.sewest.net/images/cards/full/14-058C_eg.jpg">Opus XIV</set>
      <tablerow>2</tablerow>
    </card>
    <card>
      <name>Wol (14-059R)</name>
      <text>Cuando Wol entra al terreno de juego, puedes jugar 1 Delantero Categoría MOBIUS de tu mano al terreno de juego.
  Daños 3 -- Wol gana +1000 de poder, Bravura y "Las Invocaciones o habilidades de tu oponente que no infligen daño no pueden romper a Wol."</text>
      <prop>
        <type>Forward - MOBIUS - Warrior of Light</type>
        <manacost>6</manacost>
        <colors>Earth</colors>
        <pt>8000</pt>
      </prop>
      <set picurl="https://fftcg.cdn.sewest.net/images/cards/full/14-059R_eg.jpg">Opus XIV</set>
      <tablerow>2</tablerow>
    </card>
    <card>
      <name>Carbuncle (14-060R)</name>
      <text>[EX BURST] Todos los Delanteros que controlas ganan +2000 de poder hasta el final del turno. Si todos los Apoyos que controlas tienen elemento Tierra, coge 1 carta.</text>
      <prop>
        <type>Summon - VII</type>
        <manacost>1</manacost>
        <colors>Earth</colors>
        <pt>0</pt>
      </prop>
      <set picurl="https://fftcg.cdn.sewest.net/images/cards/full/14-060R_eg.jpg">Opus XIV</set>
      <tablerow>3</tablerow>
    </card>
    <card>
      <name>Calbrena (14-061H)</name>
      <text>Si controlas 3 o más Apoyos Tierra, Calcobrena también pasa a ser un Delantero con 9000 de poder.
  Cuando Calcobrena pasa del terreno de juego a la Break Zone, selecciona 1 Apoyo Tierra que controlas. Puedes ponerlo en la Break Zone. Cuando lo haces, juega Calcobrena de tu Break Zone al terreno de juego.</text>
      <prop>
        <type>Monster - IV - Doll</type>
        <manacost>3</manacost>
        <colors>Earth</colors>
        <pt>9000</pt>
      </prop>
      <set picurl="https://fftcg.cdn.sewest.net/images/cards/full/14-061H_eg.jpg">Opus XIV</set>
      <tablerow>1</tablerow>
    </card>
    <card>
      <name>Titan, Lord of Crags (14-062L)</name>
      <text>Cuando Titán, señor de los riscos, entra al terreno de juego, rompe todos los Delanteros de poder inferior al de Titán, señor de los riscos. Cuando 5 o más Delanteros pasan del terreno de juego a la Break Zone por este efecto, Titán, señor de los riscos, inflige a tu oponente 1 punto de daño.</text>
      <prop>
        <type>Forward - XIV - Primal</type>
        <manacost>7</manacost>
        <colors>Earth</colors>
        <pt>9000</pt>
      </prop>
      <set picurl="https://fftcg.cdn.sewest.net/images/cards/full/14-062L_eg.jpg">Opus XIV</set>
      <tablerow>2</tablerow>
    </card>
    <card>
      <name>Chichu (14-063C)</name>
      <text>Al final de cada uno de tus turnos, pon 1 Contador Monstruo sobre Chiquichú.
  Pon Chiquichú en la Break Zone: Elige 1 Delantero. Hasta el final del turno, este gana +2000 de poder por cada Contador Monstruo puesto sobre Chiquichú.</text>
      <prop>
        <type>Monster - XIII - Ochu</type>
        <manacost>1</manacost>
        <colors>Earth</colors>
        <pt>0</pt>
      </prop>
      <set picurl="https://fftcg.cdn.sewest.net/images/cards/full/14-063C_eg.jpg">Opus XIV</set>
      <tablerow>1</tablerow>
    </card>
    <card>
      <name>Kitone (14-064R)</name>
      <text>[EX BURST] Cuando Kiton entra al terreno de juego, elige 1 personaje. Durante este turno, este no puede atacar o bloquear, y no puede usar habilidades de acción.
  Metasueño (S)(Dull): Elige 1 Delantero. Inflígele 4000 puntos de daño. Puedes pagar (Earth). Cuando lo haces, usa esta habilidad especial otra vez sin pagar su coste.</text>
      <prop>
        <type>Backup - FFBE - Ninja</type>
        <manacost>2</manacost>
        <colors>Earth</colors>
        <pt>0</pt>
      </prop>
      <set picurl="https://fftcg.cdn.sewest.net/images/cards/full/14-064R_eg.jpg">Opus XIV</set>
      <tablerow>0</tablerow>
    </card>
    <card>
      <name>Cloud (14-065L)</name>
      <text>Si tu oponente controla algún Delantero, Cloud gana +2000 de poder.
  Cuando Cloud ataca, elige 1 Delantero. Hasta el final del turno, este gana "Este Delantero debe bloquear siempre que sea posible."
  Descarta 1 carta Categoría VII: Hasta el final del turno, Cloud gana +1000 de poder y "Cloud no puede ser objetivo de las habilidades de tu oponente."</text>
      <prop>
        <type>Forward - DFF · VII - SOLDIER</type>
        <manacost>4</manacost>
        <colors>Earth</colors>
        <pt>8000</pt>
      </prop>
      <set picurl="https://fftcg.cdn.sewest.net/images/cards/full/14-065L_eg.jpg">Opus XIV</set>
      <tablerow>2</tablerow>
    </card>
    <card>
      <name>Kobold (14-066C)</name>
      <text>Cuando una Oficio Primal Tierra entra a tu terreno de juego, activa Kobold.
  (Dull): Elige 1 Delantero. Este gana +1000 de poder hasta el final del turno. Solo puedes usar esta habilidad si controlas una Oficio Primal Tierra.</text>
      <prop>
        <type>Backup - XIV - Standard Unit</type>
        <manacost>2</manacost>
        <colors>Earth</colors>
        <pt>0</pt>
      </prop>
      <set picurl="https://fftcg.cdn.sewest.net/images/cards/full/14-066C_eg.jpg">Opus XIV</set>
      <tablerow>0</tablerow>
    </card>
    <card>
      <name>Shantotto (14-067H)</name>
      <text>Si Shantotto está en el terreno de juego, Shantotto puede generar CP Aire.
  Cuando Shantotto entra al terreno de juego, revela las 5 cartas de la parte superior de tu mazo. Añade hasta 1 carta Aire y hasta 1 carta Tierra de entre ellas a tu mano y pon el resto en la parte inferior de tu mazo en el orden que quieras.</text>
      <prop>
        <type>Backup - DFF · XI - Mage</type>
        <manacost>5</manacost>
        <colors>Earth</colors>
        <pt>0</pt>
      </prop>
      <set picurl="https://fftcg.cdn.sewest.net/images/cards/full/14-067H_eg.jpg">Opus XIV</set>
      <tablerow>0</tablerow>
    </card>
    <card>
      <name>Dark Elf (14-068C)</name>
      <text>Si Elfo oscuro recibe 9000 o más puntos de daño, el daño se vuelve 0 en su lugar.</text>
      <prop>
        <type>Forward - IV - Dark Elf</type>
        <manacost>4</manacost>
        <colors>Earth</colors>
        <pt>8000</pt>
      </prop>
      <set picurl="https://fftcg.cdn.sewest.net/images/cards/full/14-068C_eg.jpg">Opus XIV</set>
      <tablerow>2</tablerow>
    </card>
    <card>
      <name>Noctis (14-069R)</name>
      <text>(Dull), pon Noctis en la Break Zone: Elige 1 Delantero Categoría XV de coste 5 o menos de tu Break Zone. Juégalo al terreno de juego. Solo puedes usar esta habilidad durante tu turno.</text>
      <prop>
        <type>Backup - DFF · XV - Prince</type>
        <manacost>4</manacost>
        <colors>Earth</colors>
        <pt>0</pt>
      </prop>
      <set picurl="https://fftcg.cdn.sewest.net/images/cards/full/14-069R_eg.jpg">Opus XIV</set>
      <tablerow>0</tablerow>
    </card>
    <card>
      <name>Ba'Gamnan (14-070C)</name>
      <text>Cuando Ba'Gamnan entra al terreno de juego, elige 1 Delantero controlado por tu oponente. Actívalo. Hasta el final del turno, este gana "Este Delantero debe bloquear siempre que sea posible."</text>
      <prop>
        <type>Backup - XII - Bangaa</type>
        <manacost>2</manacost>
        <colors>Earth</colors>
        <pt>0</pt>
      </prop>
      <set picurl="https://fftcg.cdn.sewest.net/images/cards/full/14-070C_eg.jpg">Opus XIV</set>
      <tablerow>0</tablerow>
    </card>
    <card>
      <name>Paladin (14-071C)</name>
      <text>Cuando Paladín entra al terreno de juego, revela las 2 cartas de la parte superior de tu mazo. Añade 1 carta Tierra de entre ellas a tu mano y pon el resto en la Break Zone.
  (Dull), pon Paladín en la Break Zone: Revela las 2 cartas de la parte superior de tu mazo. Añade 1 carta Tierra de entre ellas a tu mano y pon el resto en la Break Zone.</text>
      <prop>
        <type>Backup - FFEX - Standard Unit</type>
        <manacost>4</manacost>
        <colors>Earth</colors>
        <pt>0</pt>
      </prop>
      <set picurl="https://fftcg.cdn.sewest.net/images/cards/full/14-071C_eg.jpg">Opus XIV</set>
      <tablerow>0</tablerow>
    </card>
    <card>
      <name>Hojo (14-072R)</name>
      <text>Cuando Hojo entra al terreno de juego, elige 1 Delantero que controlas. Retíralo del juego. Cuando lo haces, elige 1 Delantero de tu Break Zone de coste inferior al del Delantero retirado. Juégalo al terreno de juego.</text>
      <prop>
        <type>Backup - VII - Shinra Executive</type>
        <manacost>4</manacost>
        <colors>Earth</colors>
        <pt>0</pt>
      </prop>
      <set picurl="https://fftcg.cdn.sewest.net/images/cards/full/14-072R_eg.jpg">Opus XIV</set>
      <tablerow>0</tablerow>
    </card>
    <card>
      <name>Muraga Fennes (14-073R)</name>
      <text>[EX BURST] Cuando Muraga Fennes entra al terreno de juego, elige 1 Delantero que haya pasado del terreno de juego a tu Break Zone durante este turno. Añádelo a tu mano.</text>
      <prop>
        <type>Forward - FFBE - King</type>
        <manacost>3</manacost>
        <colors>Earth</colors>
        <pt>7000</pt>
      </prop>
      <set picurl="https://fftcg.cdn.sewest.net/images/cards/full/14-073R_eg.jpg">Opus XIV</set>
      <tablerow>2</tablerow>
    </card>
    <card>
      <name>Monk (14-074C)</name>
      <text>Cuando Monje entra al terreno de juego, elige 1 Delantero Oficio Monje o Delantero Nombre de la carta Monje que controlas y 1 Delantero controlado por tu oponente. Cada Delantero inflige al otro daño equivalente a su poder.</text>
      <prop>
        <type>Forward - III - Standard Unit</type>
        <manacost>3</manacost>
        <colors>Earth</colors>
        <pt>6000</pt>
      </prop>
      <set picurl="https://fftcg.cdn.sewest.net/images/cards/full/14-074C_eg.jpg">Opus XIV</set>
      <tablerow>2</tablerow>
    </card>
    <card>
      <name>Mont Leonis (14-075H)</name>
      <text>El coste requerido para lanzar Mont Leonis se reduce en 1 por cada personaje Tierra que controlas.
  Cuando Mont Leonis entra al terreno de juego, elige 1 Delantero Tierra de coste 6 o menos de tu Break Zone. Juégalo al terreno de juego.
  Cuando Mont Leonis pasa del terreno de juego a la Break Zone, durante este turno, el siguiente daño que recibas se vuelve 0 en su lugar.</text>
      <prop>
        <type>Forward - FFBE - Prince</type>
        <manacost>11</manacost>
        <colors>Earth</colors>
        <pt>7000</pt>
      </prop>
      <set picurl="https://fftcg.cdn.sewest.net/images/cards/full/14-075H_eg.jpg">Opus XIV</set>
      <tablerow>2</tablerow>
    </card>
    <card>
      <name>Lich (IX) (14-076C)</name>
      <text>Cuando Lich (IX) entra al terreno de juego, puedes descartar 1 Oficio Caos. Cuando lo haces, elige 1 carta de tu Break Zone. Añádela a tu mano.</text>
      <prop>
        <type>Forward - IX - Chaos</type>
        <manacost>4</manacost>
        <colors>Earth</colors>
        <pt>8000</pt>
      </prop>
      <set picurl="https://fftcg.cdn.sewest.net/images/cards/full/14-076C_eg.jpg">Opus XIV</set>
      <tablerow>2</tablerow>
    </card>
    <card>
      <name>Ovjang (14-077C)</name>
      <text>Cuando Ovjang entra al terreno de juego, elige 1 Delantero de coste 3 o menos de tu Break Zone. Añádelo a tu mano.</text>
      <prop>
        <type>Backup - XI - Automaton</type>
        <manacost>3</manacost>
        <colors>Lightning</colors>
        <pt>0</pt>
      </prop>
      <set picurl="https://fftcg.cdn.sewest.net/images/cards/full/14-077C_eg.jpg">Opus XIV</set>
      <tablerow>0</tablerow>
    </card>
    <card>
      <name>Trap Door (14-078H)</name>
      <text>Si controlas 3 o más Apoyos Rayo, Escotilla también pasa a ser un Delantero con 8000 de poder.
  Cuando Escotilla pasa del terreno de juego a la Break Zone, elige 1 Delantero controlado por tu oponente. Rómpelo.</text>
      <prop>
        <type>Monster - IV - Trap Door</type>
        <manacost>3</manacost>
        <colors>Lightning</colors>
        <pt>8000</pt>
      </prop>
      <set picurl="https://fftcg.cdn.sewest.net/images/cards/full/14-078H_eg.jpg">Opus XIV</set>
      <tablerow>1</tablerow>
    </card>
    <card>
      <name>Aphmau (14-079R)</name>
      <text>Cuando Aphmau se añade a tu mano desde la Break Zone, puedes pagar (Lightning). Si lo haces, juega 1 Nombre de la carta Aphmau de tu mano al terreno de juego.</text>
      <prop>
        <type>Forward - XI - Puppetmaster</type>
        <manacost>3</manacost>
        <colors>Lightning</colors>
        <pt>7000</pt>
      </prop>
      <set picurl="https://fftcg.cdn.sewest.net/images/cards/full/14-079R_eg.jpg">Opus XIV</set>
      <tablerow>2</tablerow>
    </card>
    <card>
      <name>Exdeath (14-080R)</name>
      <text>Cuando Exdeath entra al terreno de juego, elige 1 Delantero controlado por tu oponente y 1 Delantero de coste 4 o menos de tu Break Zone. Rompe el primero y juega el segundo al terreno de juego.
  Agujero negro (S)(Lightning)(Dull): Elige 1 Delantero. Retíralo del juego.</text>
      <prop>
        <type>Backup - DFF · V - Wizard</type>
        <manacost>8</manacost>
        <colors>Lightning</colors>
        <pt>0</pt>
      </prop>
      <set picurl="https://fftcg.cdn.sewest.net/images/cards/full/14-080R_eg.jpg">Opus XIV</set>
      <tablerow>0</tablerow>
    </card>
    <card>
      <name>Puppetmaster (14-081C)</name>
      <text>Pon en dull 2 Delanteros activos: Elige 1 Delantero. Ponlo en dull. Solo puedes usar esta habilidad una vez por turno.</text>
      <prop>
        <type>Forward - XI - Standard Unit</type>
        <manacost>2</manacost>
        <colors>Lightning</colors>
        <pt>4000</pt>
      </prop>
      <set picurl="https://fftcg.cdn.sewest.net/images/cards/full/14-081C_eg.jpg">Opus XIV</set>
      <tablerow>2</tablerow>
    </card>
    <card>
      <name>Gnath (14-082C)</name>
      <text>Cuando Gnath entra al terreno de juego, revela las 2 cartas de la parte superior de tu mazo. Añade 1 carta Rayo de entre ellas a tu mano y pon el resto en la Break Zone.
  (Dull), pon Gnath en la Break Zone: Revela las 2 cartas de la parte superior de tu mazo. Añade 1 carta Rayo de entre ellas a tu mano y pon el resto en la Break Zone.</text>
      <prop>
        <type>Backup - XIV - Standard Unit</type>
        <manacost>4</manacost>
        <colors>Lightning</colors>
        <pt>0</pt>
      </prop>
      <set picurl="https://fftcg.cdn.sewest.net/images/cards/full/14-082C_eg.jpg">Opus XIV</set>
      <tablerow>0</tablerow>
    </card>
    <card>
      <name>Fachan (14-083C)</name>
      <text>Al final de cada uno de tus turnos, pon 1 Contador Monstruo sobre Fachán.
  Pon Fachán en la Break Zone: Elige 1 Delantero activo. Hasta el final del turno, este pierde 2000 de poder por cada Contador Monstruo puesto sobre Fachán.</text>
      <prop>
        <type>Monster - XIII - Spook</type>
        <manacost>2</manacost>
        <colors>Lightning</colors>
        <pt>0</pt>
      </prop>
      <set picurl="https://fftcg.cdn.sewest.net/images/cards/full/14-083C_eg.jpg">Opus XIV</set>
      <tablerow>1</tablerow>
    </card>
    <card>
      <name>Schuzelt (14-084C)</name>
      <text>Cuando Schuzelt o un personaje Rayo entra a tu terreno de juego, elige 1 Delantero controlado por tu oponente. Inflígele 1000 puntos de daño.
  Némesis oscuro (S)(Lightning)(Lightning): Elige 1 Delantero dañado. Rómpelo.</text>
      <prop>
        <type>Forward - FFBE - Knight</type>
        <manacost>4</manacost>
        <colors>Lightning</colors>
        <pt>8000</pt>
      </prop>
      <set picurl="https://fftcg.cdn.sewest.net/images/cards/full/14-084C_eg.jpg">Opus XIV</set>
      <tablerow>2</tablerow>
    </card>
    <card>
      <name>Sylph (XIV) (14-085C)</name>
      <text>Cuando una Oficio Primal Rayo entra a tu terreno de juego, activa Sylph (XIV).
  (Dull): Elige 1 Delantero que controlas. Durante este turno, el siguiente daño que reciba se reduce en 2000 en su lugar. Solo puedes usar esta habilidad si controlas una Oficio Primal Rayo.</text>
      <prop>
        <type>Backup - XIV - Standard Unit</type>
        <manacost>2</manacost>
        <colors>Lightning</colors>
        <pt>0</pt>
      </prop>
      <set picurl="https://fftcg.cdn.sewest.net/images/cards/full/14-085C_eg.jpg">Opus XIV</set>
      <tablerow>0</tablerow>
    </card>
    <card>
      <name>Heidegger (14-086R)</name>
      <text>Cuando Heidegger entra al terreno de juego, puedes descartar 2 cartas. Cuando lo haces, elige 1 Delantero. Rómpelo.
  (Lightning)(Dull), pon Heidegger en la Break Zone: Revela las 5 cartas de la parte superior de tu mazo. Añade 1 Delantero de entre ellas a tu mano y pon el resto en la parte inferior de tu mazo en el orden que quieras.</text>
      <prop>
        <type>Backup - VII - Shinra Executive</type>
        <manacost>2</manacost>
        <colors>Lightning</colors>
        <pt>0</pt>
      </prop>
      <set picurl="https://fftcg.cdn.sewest.net/images/cards/full/14-086R_eg.jpg">Opus XIV</set>
      <tablerow>0</tablerow>
    </card>
    <card>
      <name>Ravana, Savior of the Gnath (14-087L)</name>
      <text>Ravana, salvador de los Gnath, puede atacar 4 veces en el mismo turno.
  Ravana, salvador de los Gnath, no puede ganar Bravura.
  Si Ravana, salvador de los Gnath, recibe daño, el daño se reduce en 5000 en su lugar.
  Cuando un personaje pasa del terreno de juego a la Break Zone, activa Ravana, salvador de los Gnath.</text>
      <prop>
        <type>Forward - XIV - Primal</type>
        <manacost>6</manacost>
        <colors>Lightning</colors>
        <pt>9000</pt>
      </prop>
      <set picurl="https://fftcg.cdn.sewest.net/images/cards/full/14-087L_eg.jpg">Opus XIV</set>
      <tablerow>2</tablerow>
    </card>
    <card>
      <name>Mnejing (14-088C)</name>
      <text>(Dull): Elige 1 Delantero de coste 3 o menos. Este gana +1000 de poder hasta el final del turno.</text>
      <prop>
        <type>Backup - XI - Automaton</type>
        <manacost>2</manacost>
        <colors>Lightning</colors>
        <pt>0</pt>
      </prop>
      <set picurl="https://fftcg.cdn.sewest.net/images/cards/full/14-088C_eg.jpg">Opus XIV</set>
      <tablerow>0</tablerow>
    </card>
    <card>
      <name>Ewen (14-089C)</name>
      <text>Cuando Yuen entra al terreno de juego, elige 1 Delantero dañado. Rómpelo.</text>
      <prop>
        <type>Forward - FFTA2 - Nightfall</type>
        <manacost>1</manacost>
        <colors>Lightning</colors>
        <pt>2000</pt>
      </prop>
      <set picurl="https://fftcg.cdn.sewest.net/images/cards/full/14-089C_eg.jpg">Opus XIV</set>
      <tablerow>2</tablerow>
    </card>
    <card>
      <name>Ramuh, Lord of Levin (14-090R)</name>
      <text>Si tienes 2 o más Invocaciones Rayo en tu Break Zone, Lamú, señor de las centellas, gana Prisa.
  Cuando Lamú, señor de las centellas, o tu Invocación Rayo inflige daño a un Delantero, rómpelo.</text>
      <prop>
        <type>Forward - XIV - Primal</type>
        <manacost>5</manacost>
        <colors>Lightning</colors>
        <pt>9000</pt>
      </prop>
      <set picurl="https://fftcg.cdn.sewest.net/images/cards/full/14-090R_eg.jpg">Opus XIV</set>
      <tablerow>2</tablerow>
    </card>
    <card>
      <name>Ramuh (14-091R)</name>
      <text>[EX BURST] Elige hasta 2 Delanteros. Inflígeles 1000 puntos de daño y 1000 puntos adicionales por cada Nombre de la carta Lamú en tu Break Zone.</text>
      <prop>
        <type>Summon - FFEX</type>
        <manacost>2</manacost>
        <colors>Lightning</colors>
        <pt>0</pt>
      </prop>
      <set picurl="https://fftcg.cdn.sewest.net/images/cards/full/14-091R_eg.jpg">Opus XIV</set>
      <tablerow>3</tablerow>
    </card>
    <card>
      <name>Dragoon (14-092C)</name>
      <text>Cuando Caballero dragón entra al terreno de juego, elige 1 Delantero. Hasta el final del turno, este pierde 3000 de poder por cada Oficio Draconarius o Nombre de la carta Caballero dragón que controlas.</text>
      <prop>
        <type>Forward - FFEX - Standard Unit</type>
        <manacost>5</manacost>
        <colors>Lightning</colors>
        <pt>8000</pt>
      </prop>
      <set picurl="https://fftcg.cdn.sewest.net/images/cards/full/14-092C_eg.jpg">Opus XIV</set>
      <tablerow>2</tablerow>
    </card>
    <card>
      <name>Luso (14-093H)</name>
      <text>[EX BURST] Cuando Luso entra al terreno de juego, revela las 5 cartas de la parte superior de tu mazo. Añade 1 personaje Categoría FFTA2 de entre ellas a tu mano y pon el resto en la parte inferior de tu mazo en el orden que quieras.
  Batida (S)(1): Revela las 5 cartas de la parte superior de tu mazo. Juega 1 personaje Categoría FFTA2 de entre ellas al terreno de juego y pon el resto en la parte inferior de tu mazo en el orden que quieras. Solo puedes usar esta habilidad durante tu turno.</text>
      <prop>
        <type>Forward - FFT · FFTA2 - Game Hunter</type>
        <manacost>2</manacost>
        <colors>Lightning</colors>
        <pt>3000</pt>
      </prop>
      <set picurl="https://fftcg.cdn.sewest.net/images/cards/full/14-093H_eg.jpg">Opus XIV</set>
      <tablerow>2</tablerow>
    </card>
    <card>
      <name>Ravus (14-094R)</name>
      <text>Durante este turno, si una Oficio Capitán que controlabas ha pasado del terreno de juego a la Break Zone, el coste requerido para lanzar Ravus se reduce en 4.
  Cuando Ravus entra al terreno de juego o pasa del terreno de juego a la Break Zone, elige 1 Delantero. Este pierde 5000 de poder hasta el final del turno.</text>
      <prop>
        <type>Forward - XV - Captain</type>
        <manacost>5</manacost>
        <colors>Lightning</colors>
        <pt>9000</pt>
      </prop>
      <set picurl="https://fftcg.cdn.sewest.net/images/cards/full/14-094R_eg.jpg">Opus XIV</set>
      <tablerow>2</tablerow>
    </card>
    <card>
      <name>Roche (14-095H)</name>
      <text>Prisa
  Si no controlas ningún personaje, el coste requerido para lanzar Roche se reduce en 2.
  Daños 3 -- Roche gana +3000 de poder.</text>
      <prop>
        <type>Forward - VII - SOLDIER</type>
        <manacost>2</manacost>
        <colors>Lightning</colors>
        <pt>4000</pt>
      </prop>
      <set picurl="https://fftcg.cdn.sewest.net/images/cards/full/14-095H_eg.jpg">Opus XIV</set>
      <tablerow>2</tablerow>
    </card>
    <card>
      <name>Blue Mage (14-096C)</name>
      <text>Si controlas un Monstruo, Mago azul gana +1000 de poder.
  Cuando Mago azul entra al terreno de juego, elige 1 Monstruo de tu Break Zone. Añádelo a tu mano.</text>
      <prop>
        <type>Forward - XI - Standard Unit</type>
        <manacost>4</manacost>
        <colors>Water</colors>
        <pt>7000</pt>
      </prop>
      <set picurl="https://fftcg.cdn.sewest.net/images/cards/full/14-096C_eg.jpg">Opus XIV</set>
      <tablerow>2</tablerow>
    </card>
    <card>
      <name>Ananta (14-097C)</name>
      <text>Cuando Ananta entra al terreno de juego, revela las 2 cartas de la parte superior de tu mazo. Añade 1 carta Agua de entre ellas a tu mano y pon el resto en la Break Zone.
  (Dull), pon Ananta en la Break Zone: Revela las 2 cartas de la parte superior de tu mazo. Añade 1 carta Agua de entre ellas a tu mano y pon el resto en la Break Zone.</text>
      <prop>
        <type>Backup - XIV - Standard Unit</type>
        <manacost>4</manacost>
        <colors>Water</colors>
        <pt>0</pt>
      </prop>
      <set picurl="https://fftcg.cdn.sewest.net/images/cards/full/14-097C_eg.jpg">Opus XIV</set>
      <tablerow>0</tablerow>
    </card>
    <card>
      <name>Ultimecia (14-098R)</name>
      <text>Cuando Artemisa entra al terreno de juego, selecciona 1 Delantero que controlas. Ponlo en la Break Zone. Cuando lo haces, elige 1 Delantero del mismo coste que el Delantero que has puesto en la Break Zone. Pasas a controlarlo.</text>
      <prop>
        <type>Backup - DFF · VIII - Witch</type>
        <manacost>4</manacost>
        <colors>Water</colors>
        <pt>0</pt>
      </prop>
      <set picurl="https://fftcg.cdn.sewest.net/images/cards/full/14-098R_eg.jpg">Opus XIV</set>
      <tablerow>0</tablerow>
    </card>
    <card>
      <name>Eiko (14-099C)</name>
      <text>Cuando Eiko entra al terreno de juego, puedes buscar 1 Invocación y ponerla en la Break Zone.
  (Water)(1)(Dull), pon Eiko en la Break Zone: Elige 1 Invocación de tu Break Zone. Añádela a tu mano.</text>
      <prop>
        <type>Backup - PICTLOGICA · IX - Summoner</type>
        <manacost>2</manacost>
        <colors>Water</colors>
        <pt>0</pt>
      </prop>
      <set picurl="https://fftcg.cdn.sewest.net/images/cards/full/14-099C_eg.jpg">Opus XIV</set>
      <tablerow>0</tablerow>
    </card>
    <card>
      <name>Octomammoth (14-100H)</name>
      <text>Si controlas 3 o más Apoyos Agua, Octomamut también pasa a ser un Delantero con 8000 de poder.
  Cuando Octomamut entra al terreno de juego, elige hasta 2 Delanteros controlados por tu oponente. Devuélvelos a las manos de sus propietarios.</text>
      <prop>
        <type>Monster - IV - Octopus</type>
        <manacost>3</manacost>
        <colors>Water</colors>
        <pt>8000</pt>
      </prop>
      <set picurl="https://fftcg.cdn.sewest.net/images/cards/full/14-100H_eg.jpg">Opus XIV</set>
      <tablerow>1</tablerow>
    </card>
    <card>
      <name>Ultros (14-101R)</name>
      <text>Cuando Ultros pasa del terreno de juego a la Break Zone, puedes retirar Ultros del juego. Si lo haces, pon las 5 cartas de la parte superior de tu mazo en la Break Zone. Después, selecciona 1 Nombre de la carta Ultros de tu Break Zone y juégala al terreno de juego.</text>
      <prop>
        <type>Forward - XIII - Octopus</type>
        <manacost>2</manacost>
        <colors>Water</colors>
        <pt>5000</pt>
      </prop>
      <set picurl="https://fftcg.cdn.sewest.net/images/cards/full/14-101R_eg.jpg">Opus XIV</set>
      <tablerow>2</tablerow>
    </card>
    <card>
      <name>Leviathan, Lord of the Whorl (14-102L)</name>
      <text>Cuando Leviatán, señor de las mareas, entra al terreno de juego, elige hasta 1 Delantero controlado por tu oponente, hasta 1 Apoyo controlado por tu oponente y hasta 1 Monstruo controlado por tu oponente. Devuélvelos a las manos de sus propietarios.
  Cuando un personaje regresa a la mano de su propietario desde el terreno de juego, elige 1 Delantero controlado por tu oponente. Este pierde 9000 de poder hasta el final del turno.</text>
      <prop>
        <type>Forward - XIV - Primal</type>
        <manacost>9</manacost>
        <colors>Water</colors>
        <pt>9000</pt>
      </prop>
      <set picurl="https://fftcg.cdn.sewest.net/images/cards/full/14-102L_eg.jpg">Opus XIV</set>
      <tablerow>2</tablerow>
    </card>
    <card>
      <name>Quina (14-103R)</name>
      <text>Descarta 1 Monstruo: Coge 1 carta. Quina gana +2000 de poder hasta el final del turno. Solo puedes usar esta habilidad una vez por turno.
  (Dull), retira del juego 3 Monstruos de la Break Zone: Elige 1 Delantero. Ponlo en la parte inferior del mazo de su propietario.</text>
      <prop>
        <type>Forward - PICTLOGICA · IX - Blue Mage</type>
        <manacost>3</manacost>
        <colors>Water</colors>
        <pt>7000</pt>
      </prop>
      <set picurl="https://fftcg.cdn.sewest.net/images/cards/full/14-103R_eg.jpg">Opus XIV</set>
      <tablerow>2</tablerow>
    </card>
    <card>
      <name>Kraken (IX) (14-104C)</name>
      <text>Cuando Kraken (IX) entra al terreno de juego, puedes descartar 1 Oficio Caos. Cuando lo haces, coge 2 cartas.</text>
      <prop>
        <type>Forward - IX - Chaos</type>
        <manacost>4</manacost>
        <colors>Water</colors>
        <pt>8000</pt>
      </prop>
      <set picurl="https://fftcg.cdn.sewest.net/images/cards/full/14-104C_eg.jpg">Opus XIV</set>
      <tablerow>2</tablerow>
    </card>
    <card>
      <name>Corsair (14-105C)</name>
      <text>Cuando Corsario entra al terreno de juego, coge 1 carta y después descarta 1 carta de tu mano. Si la carta descartada es una carta multielemento, coge 1 carta y después descarta 1 carta de tu mano.</text>
      <prop>
        <type>Backup - XI - Standard Unit</type>
        <manacost>2</manacost>
        <colors>Water</colors>
        <pt>0</pt>
      </prop>
      <set picurl="https://fftcg.cdn.sewest.net/images/cards/full/14-105C_eg.jpg">Opus XIV</set>
      <tablerow>0</tablerow>
    </card>
    <card>
      <name>Golbez (14-106H)</name>
      <text>Al principio de la Attack Phase durante cada uno de tus turnos, revela la carta superior de tu mazo. Si es un Delantero de coste 3 o menos, puedes jugarlo al terreno de juego.
  (Dull), pon 4 personajes en la Break Zone: Elige 1 Delantero. Pasas a controlarlo.</text>
      <prop>
        <type>Forward - DFF · IV - Warlock</type>
        <manacost>5</manacost>
        <colors>Water</colors>
        <pt>9000</pt>
      </prop>
      <set picurl="https://fftcg.cdn.sewest.net/images/cards/full/14-106H_eg.jpg">Opus XIV</set>
      <tablerow>2</tablerow>
    </card>
    <card>
      <name>Sahagin (XIV) (14-107C)</name>
      <text>Cuando una Oficio Primal Agua entra a tu terreno de juego, activa Sahuagin (XIV).
  (Dull): Mira las 2 cartas de la parte superior de tu mazo. Pon 1 carta de entre ellas en la parte superior de tu mazo y la otra en la parte inferior de tu mazo. Solo puedes usar esta habilidad si controlas una Oficio Primal Agua.</text>
      <prop>
        <type>Backup - XIV - Standard Unit</type>
        <manacost>2</manacost>
        <colors>Water</colors>
        <pt>0</pt>
      </prop>
      <set picurl="https://fftcg.cdn.sewest.net/images/cards/full/14-107C_eg.jpg">Opus XIV</set>
      <tablerow>0</tablerow>
    </card>
    <card>
      <name>Jecht (14-108H)</name>
      <text>Cuando Jecht entra al terreno de juego, elige 1 Delantero. Si 1 o más Delanteros estaban atacando este turno, devuelve el Delantero elegido a la mano de su propietario. Si 3 o más Delanteros estaban atacando este turno, rompe el Delantero elegido y coge 1 carta en su lugar.
  Bloqueo de Jecht (S): Elige tantas Invocaciones, habilidades de apoyo, habilidades de acción o habilidades especiales como quieras. Cancela sus efectos.</text>
      <prop>
        <type>Forward - DFF · X - Blitzballer</type>
        <manacost>5</manacost>
        <colors>Water</colors>
        <pt>9000</pt>
      </prop>
      <set picurl="https://fftcg.cdn.sewest.net/images/cards/full/14-108H_eg.jpg">Opus XIV</set>
      <tablerow>2</tablerow>
    </card>
    <card>
      <name>Steiner (14-109C)</name>
      <text>Debes controlar 2 o más Delanteros para lanzar Steiner.</text>
      <prop>
        <type>Forward - PICTLOGICA · IX - Knight</type>
        <manacost>4</manacost>
        <colors>Water</colors>
        <pt>9000</pt>
      </prop>
      <set picurl="https://fftcg.cdn.sewest.net/images/cards/full/14-109C_eg.jpg">Opus XIV</set>
      <tablerow>2</tablerow>
    </card>
    <card>
      <name>Tonberry (14-110C)</name>
      <text>Al final de cada uno de tus turnos, pon 1 Contador Monstruo sobre Tomberi.
  Pon Tomberi en la Break Zone: Mira tantas cartas de la parte superior de tu mazo como Contadores Monstruo haya sobre Tomberi. Añade 1 carta de entre ellas a tu mano. Después, baraja las demás cartas y colócalas en la parte inferior de tu mazo.</text>
      <prop>
        <type>Monster - WOFF - Tonberry</type>
        <manacost>1</manacost>
        <colors>Water</colors>
        <pt>0</pt>
      </prop>
      <set picurl="https://fftcg.cdn.sewest.net/images/cards/full/14-110C_eg.jpg">Opus XIV</set>
      <tablerow>1</tablerow>
    </card>
    <card>
      <name>Lakshmi, Lady of Bliss (14-111R)</name>
      <text>Si tienes 5 o más cartas en tu mano, Lakshmi, dama de la dicha, gana "Si Lakshmi, dama de la dicha, recibe daño, el daño se reduce en 2000 en su lugar."
  Al final de cada uno de tus turnos, coge 1 carta.</text>
      <prop>
        <type>Forward - XIV - Primal</type>
        <manacost>4</manacost>
        <colors>Water</colors>
        <pt>7000</pt>
      </prop>
      <set picurl="https://fftcg.cdn.sewest.net/images/cards/full/14-111R_eg.jpg">Opus XIV</set>
      <tablerow>2</tablerow>
    </card>
    <card>
      <name>Larsa (14-112L)</name>
      <text>[EX BURST] Cuando Larsa entra al terreno de juego, elige 1 carta de tu Damage Zone. Añádela a tu mano. Pon 1 carta de tu mano en la Damage Zone (el efecto de su EX Burst no se desencadena).
  Los Delanteros que controlas ganan +2000 de poder por cada 3 cartas con EX Burst en tu Damage Zone.</text>
      <prop>
        <type>Forward - XII - Fourthborn Son of the Emperor</type>
        <manacost>2</manacost>
        <colors>Water</colors>
        <pt>5000</pt>
      </prop>
      <set picurl="https://fftcg.cdn.sewest.net/images/cards/full/14-112L_eg.jpg">Opus XIV</set>
      <tablerow>2</tablerow>
    </card>
    <card>
      <name>Leviathan (14-113R)</name>
      <text>[EX BURST] Selecciona hasta 2 de las siguientes 3 acciones.
  "Elige 1 Delantero controlado por tu oponente. Devuélvelo a la mano de su propietario."
  "Elige 1 Delantero Luz u Oscuridad. Ponlo en la parte superior o inferior del mazo de su propietario."
  "Elige 1 Delantero Agua de tu Break Zone. Añádelo a tu mano."</text>
      <prop>
        <type>Summon - WOFF</type>
        <manacost>6</manacost>
        <colors>Water</colors>
        <pt>0</pt>
      </prop>
      <set picurl="https://fftcg.cdn.sewest.net/images/cards/full/14-113R_eg.jpg">Opus XIV</set>
      <tablerow>3</tablerow>
    </card>
    <card>
      <name>Luzaf (14-114R)</name>
      <text>Ataque furtivo
  Cuando Luzaf entra al terreno de juego, elige 1 Delantero que controlas. Devuélvelo a la mano de su propietario. Cuando lo haces, tu oponente selecciona 1 Delantero que controla. Ponlo en la Break Zone.</text>
      <prop>
        <type>Backup - XI - Corsair</type>
        <manacost>4</manacost>
        <colors>Water</colors>
        <pt>0</pt>
      </prop>
      <set picurl="https://fftcg.cdn.sewest.net/images/cards/full/14-114R_eg.jpg">Opus XIV</set>
      <tablerow>0</tablerow>
    </card>
    <card>
      <name>Shinryu (14-115L)</name>
      <text>Cuando Shinryu entra al terreno de juego, inflige 10000 puntos de daño a todos los Delanteros de coste 3, 6 y 9 controlados por tu oponente.
  Al principio de la Main Phase 1 durante cada uno de tus turnos, revela la carta superior del mazo de tu oponente. Si es un Delantero, todos los Delanteros controlados por tu oponente pierden 7000 de poder hasta el final del turno. Si no es un Delantero, coge 2 cartas.</text>
      <prop>
        <type>Forward - Special - Dragon</type>
        <manacost>5</manacost>
        <colors>Light</colors>
        <pt>9000</pt>
      </prop>
      <set picurl="https://fftcg.cdn.sewest.net/images/cards/full/14-115L_eg.jpg">Opus XIV</set>
      <tablerow>2</tablerow>
    </card>
    <card>
      <name>Machérie (14-116H)</name>
      <text>El coste requerido para lanzar tus Invocaciones se reduce en 1 (no puede ser 0).
  Retira del juego 3 Invocaciones de la Break Zone: Selecciona 1 de las siguientes 3 acciones.
  "Coge 1 carta." "Elige 1 Delantero. Devuélvelo a la mano de su propietario." "Durante este turno, el coste requerido para lanzar tu próxima Invocación se reduce en 3 (no puede ser 0)."</text>
      <prop>
        <type>Forward - FFBE - Princess</type>
        <manacost>2</manacost>
        <colors>Light</colors>
        <pt>6000</pt>
      </prop>
      <set picurl="https://fftcg.cdn.sewest.net/images/cards/full/14-116H_eg.jpg">Opus XIV</set>
      <tablerow>2</tablerow>
    </card>
    <card>
      <name>Omega (14-117L)</name>
      <text>Al final del turno de cada jugador, si no hay un Contador Arma sobre Omega, pon 1 Contador Arma sobre Omega. Si hay 1 o más Contadores Arma sobre Omega, Omega inflige a tu oponente 1 punto de daño y retira todos los Contadores Arma sobre Omega en su lugar.
  Cuando Omega es objetivo de las Invocaciones o habilidades de tu oponente, puedes retirar 1 Contador Arma de Omega. Si lo haces, hasta el final del turno, Omega gana "Omega no puede romperse."</text>
      <prop>
        <type>Forward - Special - Omega</type>
        <manacost>5</manacost>
        <colors>Dark</colors>
        <pt>10000</pt>
      </prop>
      <set picurl="https://fftcg.cdn.sewest.net/images/cards/full/14-117L_eg.jpg">Opus XIV</set>
      <tablerow>2</tablerow>
    </card>
    <card>
      <name>Sterne Leonis (14-118H)</name>
      <text>El coste requerido para lanzar tus Delanteros se reduce en 1 (no puede ser 0).
  Retira del juego 4 Delanteros de la Break Zone: Selecciona 1 de las siguientes 3 acciones.
  "Elige 1 Delantero. Inflígele 7000 puntos de daño." "Elige 1 Monstruo. Rómpelo." "Hasta el final del turno, todos los Delanteros que controlas ganan +4000 de poder y Bravura."</text>
      <prop>
        <type>Forward - FFBE - Prince</type>
        <manacost>4</manacost>
        <colors>Dark</colors>
        <pt>9000</pt>
      </prop>
      <set picurl="https://fftcg.cdn.sewest.net/images/cards/full/14-118H_eg.jpg">Opus XIV</set>
      <tablerow>2</tablerow>
    </card>
    <card>
      <name>Ardyn (14-119C)</name>
      <text>Cuando Ardyn entra al terreno de juego, selecciona 1 de las siguientes 2 acciones.
  "Hasta el final del turno, todos los Delanteros que controlas ganan +1000 de poder e Iniciativa."
  "Elige 1 Delantero. Hasta el final del turno, este gana +3000 de poder y Bravura."</text>
      <prop>
        <type>Forward - DFF · XV - Chief Minister</type>
        <manacost>2</manacost>
        <colors>Fire, Earth</colors>
        <pt>7000</pt>
      </prop>
      <set picurl="https://fftcg.cdn.sewest.net/images/cards/full/14-119C_eg.jpg">Opus XIV</set>
      <tablerow>2</tablerow>
    </card>
    <card>
      <name>Tifa (14-120H)</name>
      <text>Cuando Tifa entra al terreno de juego, puedes buscar 1 Nombre de la carta Cloud y añadirla a tu mano. 
  Cuando un Delantero que controlas que no sea Tifa ataca, este gana +1000 de poder hasta el final del turno.
  Daños 6 -- Cuando Tifa entra al terreno de juego, puedes jugar 1 personaje Categoría VII de tu mano al terreno de juego.</text>
      <prop>
        <type>Forward - VII - AVALANCHE Operative</type>
        <manacost>2</manacost>
        <colors>Fire, Earth</colors>
        <pt>5000</pt>
      </prop>
      <set picurl="https://fftcg.cdn.sewest.net/images/cards/full/14-120H_eg.jpg">Opus XIV</set>
      <tablerow>2</tablerow>
    </card>
    <card>
      <name>Barret (14-121L)</name>
      <text>Si Barret recibe daño por valor inferior a su poder, el daño se vuelve 0 en su lugar.
  Los Delanteros Oficio AVALANCHA que controlas que no sean Barret ganan Prisa.
  Descarta 1 carta: Elige 1 Oficio AVALANCHA que no sea Nombre de la carta Barret de tu Break Zone. Añádela a tu mano. Solo puedes usar esta habilidad una vez por turno.</text>
      <prop>
        <type>Forward - VII - AVALANCHE Operative</type>
        <manacost>4</manacost>
        <colors>Fire, Earth</colors>
        <pt>9000</pt>
      </prop>
      <set picurl="https://fftcg.cdn.sewest.net/images/cards/full/14-121L_eg.jpg">Opus XIV</set>
      <tablerow>2</tablerow>
    </card>
    <card>
      <name>Al-Cid (14-122L)</name>
      <text>Cuando Al-Cid entra al terreno de juego, puedes jugar 1 Delantero Frío o Rayo de coste 4 o menos de tu mano al terreno de juego.
  Cuando Al-Cid o un Delantero Frío entra a tu terreno de juego, elige hasta 1 Delantero. Congélalo.
  Cuando un Delantero Rayo que controlas ataca, elige 1 Delantero. Ponlo en dull.
</text>
      <prop>
        <type>Forward - XII - Agent</type>
        <manacost>4</manacost>
        <colors>Ice, Lightning</colors>
        <pt>8000</pt>
      </prop>
      <set picurl="https://fftcg.cdn.sewest.net/images/cards/full/14-122L_eg.jpg">Opus XIV</set>
      <tablerow>2</tablerow>
    </card>
    <card>
      <name>Sephiroth (14-123C)</name>
      <text>Cuando Sefirot entra al terreno de juego, selecciona 1 de las siguientes 2 acciones.
  "Elige 1 Delantero activo. Inflígele 5000 puntos de daño."
  "Elige 1 Delantero en dull. Congélalo. Quien controla ese Delantero descarta 1 carta de su mano."</text>
      <prop>
        <type>Forward - VII - War Hero</type>
        <manacost>2</manacost>
        <colors>Ice, Lightning</colors>
        <pt>5000</pt>
      </prop>
      <set picurl="https://fftcg.cdn.sewest.net/images/cards/full/14-123C_eg.jpg">Opus XIV</set>
      <tablerow>2</tablerow>
    </card>
    <card>
      <name>Zeromus (14-124H)</name>
      <text>Zeromus es también Nombre de la carta Zemus en cualquier situación.
  Cuando Zeromus entra al terreno de juego o ataca, elige 1 personaje. Congélalo.
  Al final de cada uno de los turnos de tu oponente, pon en dull todos los Delanteros controlados por tu oponente.
  Daños 3 -- Zeromus gana Prisa.</text>
      <prop>
        <type>Forward - IV - Lunarian</type>
        <manacost>3</manacost>
        <colors>Ice, Lightning</colors>
        <pt>8000</pt>
      </prop>
      <set picurl="https://fftcg.cdn.sewest.net/images/cards/full/14-124H_eg.jpg">Opus XIV</set>
      <tablerow>2</tablerow>
    </card>
    <card>
      <name>Vaan (14-125L)</name>
      <text>Cuando Vaan entra al terreno de juego, puedes buscar 1 Oficio Pirata del aire de coste 2 o menos y jugarla al terreno de juego. Después, activa todos los Apoyos que controlas.
  Cuando una Oficio Pirata del aire que controlas es objetivo de las Invocaciones o habilidades de tu oponente, elige hasta 2 Apoyos. Actívalos.</text>
      <prop>
        <type>Forward - DFF · XII - Sky Pirate</type>
        <manacost>6</manacost>
        <colors>Wind, Water</colors>
        <pt>8000</pt>
      </prop>
      <set picurl="https://fftcg.cdn.sewest.net/images/cards/full/14-125L_eg.jpg">Opus XIV</set>
      <tablerow>2</tablerow>
    </card>
    <card>
      <name>Aerith (14-126C)</name>
      <text>Cuando Aeris entra al terreno de juego, selecciona 1 de las siguientes 2 acciones.
  "Elige 1 Delantero que controlas que no sea Aeris. Devuélvelo a la mano de su propietario."
  "Elige 1 Delantero que controlas. Este gana 'Este Delantero no puede ser objetivo de las habilidades de tu oponente' hasta el principio de tu próximo turno."</text>
      <prop>
        <type>Forward - VII - Ancient</type>
        <manacost>2</manacost>
        <colors>Wind, Water</colors>
        <pt>7000</pt>
      </prop>
      <set picurl="https://fftcg.cdn.sewest.net/images/cards/full/14-126C_eg.jpg">Opus XIV</set>
      <tablerow>2</tablerow>
    </card>
    <card>
      <name>Zidane (14-127H)</name>
      <text>Yitán no puede ser bloqueado.
  Cuando Yitán inflige daño a tu oponente, elige hasta 1 Delantero. Devuélvelo a la mano de su propietario.
  Robar (S)(Wind): Tu oponente revela su mano. Selecciona 1 carta de su mano. Tu oponente la retira del juego. Puedes lanzarla este turno como si te perteneciera. Solo puedes usar esta habilidad durante tu turno.</text>
      <prop>
        <type>Forward - IX - Thief</type>
        <manacost>2</manacost>
        <colors>Wind, Water</colors>
        <pt>6000</pt>
      </prop>
      <set picurl="https://fftcg.cdn.sewest.net/images/cards/full/14-127H_eg.jpg">Opus XIV</set>
      <tablerow>2</tablerow>
    </card>
    <card>
      <name>Prishe (14-128H)</name>
      <text>Si lanzas Prishe, puedes pagar (Wind)(Earth)(1) adicionales.
  Cuando Prishe entra al terreno de juego, si has pagado el coste adicional, revela las 5 cartas de la parte superior de tu mazo. Juega hasta 1 personaje Aire o personaje Tierra de coste 5 o menos de entre ellas al terreno de juego y pon el resto en la parte inferior de tu mazo en el orden que quieras.
  Daños 3 -- Prishe gana +1000 de poder y Bravura.</text>
      <prop>
        <type>Forward - MOBIUS · XI - Abhorrent One</type>
        <manacost>4</manacost>
        <colors>Wind, Earth</colors>
        <pt>9000</pt>
      </prop>
      <set picurl="https://fftcg.cdn.sewest.net/images/cards/full/14-128H_eg.jpg">Opus XIV</set>
      <tablerow>2</tablerow>
    </card>
    <card>
      <name>Gessho (14-129H)</name>
      <text>Cuando Gessho entra al terreno de juego, tu oponente revela su mano. Selecciona 1 carta de su mano. Tu oponente la retira del juego.</text>
      <prop>
        <type>Forward - XI - Ninja</type>
        <manacost>5</manacost>
        <colors>Lightning, Fire</colors>
        <pt>8000</pt>
      </prop>
      <set picurl="https://fftcg.cdn.sewest.net/images/cards/full/14-129H_eg.jpg">Opus XIV</set>
      <tablerow>2</tablerow>
    </card>
    <card>
      <name>Cloud of Darkness (14-130H)</name>
      <text>Durante este turno, si tu oponente ha descartado una carta de su mano a causa de Invocaciones o habilidades, el coste requerido para lanzar Nube de Oscuridad se reduce en 2.
  Durante este turno, si has cogido 3 o más cartas, el coste requerido para lanzar Nube de Oscuridad se reduce en 2.
  Cuando Nube de Oscuridad entra al terreno de juego, elige 1 personaje. Ponlo en dull y congélalo.</text>
      <prop>
        <type>Forward - DFF · III - Wraith</type>
        <manacost>4</manacost>
        <colors>Water, Ice</colors>
        <pt>8000</pt>
      </prop>
      <set picurl="https://fftcg.cdn.sewest.net/images/cards/full/14-130H_eg.jpg">Opus XIV</set>
      <tablerow>2</tablerow>
    </card>
  </cards>
</cockatrice_carddatabase>