<?xml version="1.0" encoding="UTF-8"?>
<cockatrice_carddatabase version="4">
  <sets>
    <set>
      <name>Opus VI</name>
      <longname>Opus VI</longname>
      <settype>Custom</settype>
      <releasedate></releasedate>
    </set>
  </sets>
  <cards>
    <card>
      <name>Ward (6-001C)</name>
      <text>Los Delanteros Oficio Guerrero que controlas que no sean Ward ganan +2000 de poder.</text>
      <prop>
        <type>Forward - PICTLOGICA · VIII - Warrior</type>
        <manacost>4</manacost>
        <colors>Fire</colors>
        <pt>8000</pt>
      </prop>
      <set picurl="https://fftcg.cdn.sewest.net/images/cards/full/6-001C_eg.jpg">Opus VI</set>
      <tablerow>2</tablerow>
    </card>
    <card>
      <name>Garland (6-002L)</name>
      <text>Si controlas una Oficio Princesa, los Delanteros Oficio Caballero que controlas ganan Bravura.
Llamarada (S)(Fire): Elige 1 Delantero. Inflígele 7000 puntos de daño.
Frontera (S)(Fire)(Fire)(1): Elige 1 Delantero. Rómpelo. Inflige 5000 puntos de daño a todos los Delanteros controlados por tu oponente.</text>
      <prop>
        <type>Forward - DFF · I - Knight</type>
        <manacost>5</manacost>
        <colors>Fire</colors>
        <pt>9000</pt>
      </prop>
      <set picurl="https://fftcg.cdn.sewest.net/images/cards/full/6-002L_eg.jpg">Opus VI</set>
      <tablerow>2</tablerow>
    </card>
    <card>
      <name>Guy (6-003H)</name>
      <text>Bravura
Por cada personaje Categoría II que controlas que no sea Guy, Guy gana +1000 de poder.
Cuando Guy pasa del terreno de juego a la Break Zone, activa todos los Delanteros que controlas.</text>
      <prop>
        <type>Forward - II - Rebel</type>
        <manacost>3</manacost>
        <colors>Fire</colors>
        <pt>7000</pt>
      </prop>
      <set picurl="https://fftcg.cdn.sewest.net/images/cards/full/6-003H_eg.jpg">Opus VI</set>
      <tablerow>2</tablerow>
    </card>
    <card>
      <name>Kiros (6-004C)</name>
      <text>Cuando Kiros entra al terreno de juego, elige 1 Delantero que controlas que no sea Kiros. Este gana +2000 de poder hasta el final del turno. Si es un Delantero Categoría VIII, este también gana Prisa, Iniciativa y Bravura hasta el final del turno.</text>
      <prop>
        <type>Forward - PICTLOGICA · VIII - Warrior</type>
        <manacost>2</manacost>
        <colors>Fire</colors>
        <pt>5000</pt>
      </prop>
      <set picurl="https://fftcg.cdn.sewest.net/images/cards/full/6-004C_eg.jpg">Opus VI</set>
      <tablerow>2</tablerow>
    </card>
    <card>
      <name>Illusionist (6-005C)</name>
      <text>(Dull), pon Ilusionista en la Break Zone: Elige 1 Delantero. Debe atacar este turno si es posible.</text>
      <prop>
        <type>Backup - FFTA2 - Standard Unit</type>
        <manacost>2</manacost>
        <colors>Fire</colors>
        <pt>0</pt>
      </prop>
      <set picurl="https://fftcg.cdn.sewest.net/images/cards/full/6-005C_eg.jpg">Opus VI</set>
      <tablerow>0</tablerow>
    </card>
    <card>
      <name>Evoker (6-006C)</name>
      <text></text>
      <prop>
        <type>Backup - III - Standard Unit</type>
        <manacost>1</manacost>
        <colors>Fire</colors>
        <pt>0</pt>
      </prop>
      <set picurl="https://fftcg.cdn.sewest.net/images/cards/full/6-006C_eg.jpg">Opus VI</set>
      <tablerow>0</tablerow>
    </card>
    <card>
      <name>Evoker (1-011C)</name>
      <text></text>
      <prop>
        <type>Backup - III - Standard Unit</type>
        <manacost>1</manacost>
        <colors>Fire</colors>
        <pt>0</pt>
      </prop>
      <set picurl="https://fftcg.cdn.sewest.net/images/cards/full/1-011C_eg.jpg">Opus VI</set>
      <tablerow>0</tablerow>
    </card>
    <card>
      <name>Cornelia (6-007R)</name>
      <text>Cuando Cornelia entra al terreno de juego, todos los Delanteros que controlas ganan +1000 de poder hasta el final del turno.
(Fire)(Dull): Devuelve Cornelia a la mano de su propietario.</text>
      <prop>
        <type>Backup - XI - Girl</type>
        <manacost>2</manacost>
        <colors>Fire</colors>
        <pt>0</pt>
      </prop>
      <set picurl="https://fftcg.cdn.sewest.net/images/cards/full/6-007R_eg.jpg">Opus VI</set>
      <tablerow>0</tablerow>
    </card>
    <card>
      <name>Goblin (6-008C)</name>
      <text>(0): Hasta el final del turno, Duende también pasa a ser un Delantero con 5000 de poder y "Cuando Duende ataca, elige 1 Delantero. Inflígele 1000 puntos de daño". Solo puedes usar esta habilidad una vez por turno.</text>
      <prop>
        <type>Monster - THEATRHYTHM - Goblin</type>
        <manacost>2</manacost>
        <colors>Fire</colors>
        <pt>0</pt>
      </prop>
      <set picurl="https://fftcg.cdn.sewest.net/images/cards/full/6-008C_eg.jpg">Opus VI</set>
      <tablerow>1</tablerow>
    </card>
    <card>
      <name>Cid (XI) (6-009R)</name>
      <text>Cuando Cid (XI) entra al terreno de juego, selecciona 1 de las siguientes 2 acciones.
"Mira las 3 cartas de la parte superior de tu mazo. Añade 1 carta de entre ellas a tu mano y pon el resto en la Break Zone."
"Todos los Delanteros que controlas ganan +3000 de poder hasta el final del turno."</text>
      <prop>
        <type>Backup - XI - Engineer</type>
        <manacost>4</manacost>
        <colors>Fire</colors>
        <pt>0</pt>
      </prop>
      <set picurl="https://fftcg.cdn.sewest.net/images/cards/full/6-009R_eg.jpg">Opus VI</set>
      <tablerow>0</tablerow>
    </card>
    <card>
      <name>Vermilion Bird l'Cie Caetuna (6-010H)</name>
      <text>Si una Invocación Fuego tuya inflige daño a un Delantero, el daño aumenta en 1000 en su lugar.
Cuando Sétsuna, lu'Cie del Fénix de Gules, entra al terreno de juego, puedes buscar 1 Invocación Fuego de coste 4 o menos y lanzarla sin pagar el coste. Si decides no lanzarla, pon la Invocación en la Break Zone.</text>
      <prop>
        <type>Backup - TYPE-0 - L'Cie</type>
        <manacost>6</manacost>
        <colors>Fire</colors>
        <pt>0</pt>
      </prop>
      <set picurl="https://fftcg.cdn.sewest.net/images/cards/full/6-010H_eg.jpg">Opus VI</set>
      <tablerow>0</tablerow>
    </card>
    <card>
      <name>Dominion Legionary (6-011C)</name>
      <text>Cuando Soldado de Rubrum entra al terreno de juego, puedes buscar 1 Nombre de la carta Soldado de Rubrum y añadirla a tu mano.
(Dull), pon Soldado de Rubrum en la Break Zone: Elige 1 Delantero atacante. Este gana +1000 de poder hasta el final del turno.</text>
      <prop>
        <type>Backup - TYPE-0 - Standard Unit</type>
        <manacost>4</manacost>
        <colors>Fire</colors>
        <pt>0</pt>
      </prop>
      <set picurl="https://fftcg.cdn.sewest.net/images/cards/full/6-011C_eg.jpg">Opus VI</set>
      <tablerow>0</tablerow>
    </card>
    <card>
      <name>Zell (6-012R)</name>
      <text>Prisa
Cuando Zell entra al terreno de juego, selecciona 1 de las siguientes 2 acciones.
"Elige 1 Delantero controlado por tu oponente. Inflígele daño equivalente al poder de Zell."
"Elige 1 Monstruo de coste 2 o menos controlado por tu oponente. Rómpelo."</text>
      <prop>
        <type>Forward - DFF · VIII - SeeD Candidate</type>
        <manacost>4</manacost>
        <colors>Fire</colors>
        <pt>4000</pt>
      </prop>
      <set picurl="https://fftcg.cdn.sewest.net/images/cards/full/6-012R_eg.jpg">Opus VI</set>
      <tablerow>2</tablerow>
    </card>
    <card>
      <name>Selphie (6-013R)</name>
      <text>[EX BURST] Cuando Selphie entra al terreno de juego, puedes buscar 1 Delantero Oficio Aprendiz Seed y añadirlo a tu mano.</text>
      <prop>
        <type>Backup - PICTLOGICA · VIII - SeeD Candidate</type>
        <manacost>3</manacost>
        <colors>Fire</colors>
        <pt>0</pt>
      </prop>
      <set picurl="https://fftcg.cdn.sewest.net/images/cards/full/6-013R_eg.jpg">Opus VI</set>
      <tablerow>0</tablerow>
    </card>
    <card>
      <name>Warrior (6-014C)</name>
      <text>Cuando Guerrero ataca, Guerrero gana +2000 de poder hasta el final del turno.</text>
      <prop>
        <type>Forward - XIV - Standard Unit</type>
        <manacost>5</manacost>
        <colors>Fire</colors>
        <pt>9000</pt>
      </prop>
      <set picurl="https://fftcg.cdn.sewest.net/images/cards/full/6-014C_eg.jpg">Opus VI</set>
      <tablerow>2</tablerow>
    </card>
    <card>
      <name>Soldier (6-015C)</name>
      <text>(2): Soldado gana +1000 de poder hasta el final del turno.</text>
      <prop>
        <type>Forward - FFTA2 - Standard Unit</type>
        <manacost>3</manacost>
        <colors>Fire</colors>
        <pt>7000</pt>
      </prop>
      <set picurl="https://fftcg.cdn.sewest.net/images/cards/full/6-015C_eg.jpg">Opus VI</set>
      <tablerow>2</tablerow>
    </card>
    <card>
      <name>Dark Lord (6-016H)</name>
      <text>Cuando Señor oscuro entra al terreno de juego, retira del juego las 10 cartas de la parte superior de tu mazo.
Al principio de tu Attack Phase, elige hasta 1 Delantero. Inflígele 3000 puntos de daño.</text>
      <prop>
        <type>Forward - FFCC - King</type>
        <manacost>3</manacost>
        <colors>Fire</colors>
        <pt>8000</pt>
      </prop>
      <set picurl="https://fftcg.cdn.sewest.net/images/cards/full/6-016H_eg.jpg">Opus VI</set>
      <tablerow>2</tablerow>
    </card>
    <card>
      <name>Bahamut (6-017C)</name>
      <text>[EX BURST] Elige 1 Delantero. Inflígele 10000 puntos de daño. Bahamut te inflige 1 punto de daño. No se pueden usar los EX Burst de las cartas puestas en la Damage Zone a causa a este daño.</text>
      <prop>
        <type>Summon - DFF</type>
        <manacost>4</manacost>
        <colors>Fire</colors>
        <pt>0</pt>
      </prop>
      <set picurl="https://fftcg.cdn.sewest.net/images/cards/full/6-017C_eg.jpg">Opus VI</set>
      <tablerow>3</tablerow>
    </card>
    <card>
      <name>Firion (6-019L)</name>
      <text>Si controlas un Delantero Oficio Rebelde, el coste requerido para lanzar Firion se reduce en 2.
  Si tu oponente controla 3 o más Delanteros, Firion gana +1000 de poder y Prisa.
  Pon 1 Apoyo en la Break Zone: Hasta el final del turno, Firion gana Iniciativa y Bravura.</text>
      <prop>
        <type>Forward - II - Rebel</type>
        <manacost>4</manacost>
        <colors>Fire</colors>
        <pt>8000</pt>
      </prop>
      <set picurl="https://fftcg.cdn.sewest.net/images/cards/full/6-019L_eg.jpg">Opus VI</set>
      <tablerow>2</tablerow>
    </card>
    <card>
      <name>Montblanc (6-020H)</name>
      <text>(Fire)(Dull): Elige 1 Delantero. Inflígele 2000 puntos de daño por cada Delantero Categoría FFTA2 que controlas.</text>
      <prop>
        <type>Backup - FFTA2 - Moogle</type>
        <manacost>2</manacost>
        <colors>Fire</colors>
        <pt>0</pt>
      </prop>
      <set picurl="https://fftcg.cdn.sewest.net/images/cards/full/6-020H_eg.jpg">Opus VI</set>
      <tablerow>0</tablerow>
    </card>
    <card>
      <name>Ruby Dragon (6-021R)</name>
      <text>(Fire)(1), pon Gran dragón en la Break Zone: Elige 1 Delantero. Inflígele 8000 puntos de daño.</text>
      <prop>
        <type>Monster - VIII - Dragon</type>
        <manacost>2</manacost>
        <colors>Fire</colors>
        <pt>0</pt>
      </prop>
      <set picurl="https://fftcg.cdn.sewest.net/images/cards/full/6-021R_eg.jpg">Opus VI</set>
      <tablerow>1</tablerow>
    </card>
    <card>
      <name>Ysayle (6-022R)</name>
      <text>Cuando Ysayle entra al terreno de juego, puedes buscar 1 Delantero Frío y añadirlo a tu mano.</text>
      <prop>
        <type>Backup - XIV - Lady Iceheart</type>
        <manacost>4</manacost>
        <colors>Ice</colors>
        <pt>0</pt>
      </prop>
      <set picurl="https://fftcg.cdn.sewest.net/images/cards/full/6-022R_eg.jpg">Opus VI</set>
      <tablerow>0</tablerow>
    </card>
    <card>
      <name>Emina (6-023R)</name>
      <text>Cuando Emina entra al terreno de juego, elige 1 Delantero controlado por tu oponente. Congélalo.
(Ice)(Ice)(2)(Dull), pon Emina en la Break Zone: Elige 1 Delantero en dull. Rómpelo. Solo puedes usar esta habilidad durante tu turno.</text>
      <prop>
        <type>Backup - TYPE-0 - Commanding Officer</type>
        <manacost>2</manacost>
        <colors>Ice</colors>
        <pt>0</pt>
      </prop>
      <set picurl="https://fftcg.cdn.sewest.net/images/cards/full/6-023R_eg.jpg">Opus VI</set>
      <tablerow>0</tablerow>
    </card>
    <card>
      <name>Scholar (6-024C)</name>
      <text>Cuando Erudito entra al terreno de juego, elige 1 Delantero de coste 2 o menos controlado por tu oponente. Ponlo en dull y congélalo.</text>
      <prop>
        <type>Backup - XIV - Standard Unit</type>
        <manacost>2</manacost>
        <colors>Ice</colors>
        <pt>0</pt>
      </prop>
      <set picurl="https://fftcg.cdn.sewest.net/images/cards/full/6-024C_eg.jpg">Opus VI</set>
      <tablerow>0</tablerow>
    </card>
    <card>
      <name>Kazusa (6-025R)</name>
      <text>Cuando Kazusa entra al terreno de juego, elige 1 Delantero en dull. Inflígele 10000 puntos de daño.
(Ice)(1)(Dull), pon Kazusa en la Break Zone: Elige hasta 2 Delanteros. Ponlos en dull.</text>
      <prop>
        <type>Backup - TYPE-0 - Researcher</type>
        <manacost>5</manacost>
        <colors>Ice</colors>
        <pt>0</pt>
      </prop>
      <set picurl="https://fftcg.cdn.sewest.net/images/cards/full/6-025R_eg.jpg">Opus VI</set>
      <tablerow>0</tablerow>
    </card>
    <card>
      <name>Bard (6-026C)</name>
      <text>(Dull), pon Bardo en la Break Zone: Cada jugador descarta 1 carta de su mano. Solo puedes usar esta habilidad durante tu turno.</text>
      <prop>
        <type>Backup - XIV - Standard Unit</type>
        <manacost>2</manacost>
        <colors>Ice</colors>
        <pt>0</pt>
      </prop>
      <set picurl="https://fftcg.cdn.sewest.net/images/cards/full/6-026C_eg.jpg">Opus VI</set>
      <tablerow>0</tablerow>
    </card>
    <card>
      <name>Kuja (6-027L)</name>
      <text>[EX BURST] Cuando Kuja entra al terreno de juego, elige 1 Delantero o Monstruo controlado por tu oponente. Ponlo en dull y congélalo.
Pon 2 Apoyos Frío en la Break Zone: Devuelve Kuja a tu mano. Solo puedes usar esta habilidad durante tu Main Phase y si Kuja está en la Break Zone.</text>
      <prop>
        <type>Forward - DFF · IX - Genome</type>
        <manacost>5</manacost>
        <colors>Ice</colors>
        <pt>9000</pt>
      </prop>
      <set picurl="https://fftcg.cdn.sewest.net/images/cards/full/6-027L_eg.jpg">Opus VI</set>
      <tablerow>2</tablerow>
    </card>
    <card>
      <name>Kurasame (6-028H)</name>
      <text>[EX BURST] Cuando Kurasame entra al terreno de juego, puedes buscar 1 Nombre de la carta Emina o Nombre de la carta Kazusa y añadirla a tu mano.
Los Delanteros Frío que controlas que no sean Kurasame ganan +1000 de poder.</text>
      <prop>
        <type>Forward - TYPE-0 - Instructor</type>
        <manacost>5</manacost>
        <colors>Ice</colors>
        <pt>7000</pt>
      </prop>
      <set picurl="https://fftcg.cdn.sewest.net/images/cards/full/6-028H_eg.jpg">Opus VI</set>
      <tablerow>2</tablerow>
    </card>
    <card>
      <name>Doomtrain (6-029C)</name>
      <text>Si tu oponente tiene 1 carta o menos en su mano, el coste requerido para lanzar Helltrain se reduce en 2.
Elige 1 Delantero en dull. Inflígele 9000 puntos de daño.</text>
      <prop>
        <type>Summon - VIII</type>
        <manacost>4</manacost>
        <colors>Ice</colors>
        <pt>0</pt>
      </prop>
      <set picurl="https://fftcg.cdn.sewest.net/images/cards/full/6-029C_eg.jpg">Opus VI</set>
      <tablerow>3</tablerow>
    </card>
    <card>
      <name>Militesi Coeurl (6-030C)</name>
      <text>(0): Hasta el final del turno, Bengal de presa también pasa a ser un Delantero con 5000 de poder y "Cuando Bengal de presa ataca, elige 1 Delantero. Ponlo en dull". Solo puedes usar esta habilidad una vez por turno.</text>
      <prop>
        <type>Monster - TYPE-0 - Lesser Coeurl</type>
        <manacost>3</manacost>
        <colors>Ice</colors>
        <pt>0</pt>
      </prop>
      <set picurl="https://fftcg.cdn.sewest.net/images/cards/full/6-030C_eg.jpg">Opus VI</set>
      <tablerow>1</tablerow>
    </card>
    <card>
      <name>Summoner (6-031C)</name>
      <text>(1)(Dull), pon Invocador en la Break Zone: Elige hasta 2 Invocaciones Frío de tu Break Zone. Añádelas a tu mano.</text>
      <prop>
        <type>Backup - FFTA2 - Standard Unit</type>
        <manacost>3</manacost>
        <colors>Ice</colors>
        <pt>0</pt>
      </prop>
      <set picurl="https://fftcg.cdn.sewest.net/images/cards/full/6-031C_eg.jpg">Opus VI</set>
      <tablerow>0</tablerow>
    </card>
    <card>
      <name>Summoner (6-032C)</name>
      <text></text>
      <prop>
        <type>Backup - FFT - Standard Unit</type>
        <manacost>1</manacost>
        <colors>Ice</colors>
        <pt>0</pt>
      </prop>
      <set picurl="https://fftcg.cdn.sewest.net/images/cards/full/6-032C_eg.jpg">Opus VI</set>
      <tablerow>0</tablerow>
    </card>
    <card>
      <name>Summoner (1-040C)</name>
      <text></text>
      <prop>
        <type>Backup - FFT - Standard Unit</type>
        <manacost>1</manacost>
        <colors>Ice</colors>
        <pt>0</pt>
      </prop>
      <set picurl="https://fftcg.cdn.sewest.net/images/cards/full/1-040C_eg.jpg">Opus VI</set>
      <tablerow>0</tablerow>
    </card>
    <card>
      <name>Squall (6-033H)</name>
      <text>Si tu oponente tiene 2 cartas o menos en su mano, Squall gana Prisa e Iniciativa.
Si tu oponente no tiene cartas en su mano, Squall gana +3000 de poder.</text>
      <prop>
        <type>Forward - VIII - SeeD Candidate</type>
        <manacost>2</manacost>
        <colors>Ice</colors>
        <pt>5000</pt>
      </prop>
      <set picurl="https://fftcg.cdn.sewest.net/images/cards/full/6-033H_eg.jpg">Opus VI</set>
      <tablerow>2</tablerow>
    </card>
    <card>
      <name>Snow (6-034R)</name>
      <text>Si controlas Nombre de la carta Serah, Snow gana +1000 de poder.
Si controlas un Delantero Categoría XIII que no sea Snow, Snow gana +1000 de poder.</text>
      <prop>
        <type>Forward - THEATRHYTHM · XIII - Sentinel</type>
        <manacost>3</manacost>
        <colors>Ice</colors>
        <pt>7000</pt>
      </prop>
      <set picurl="https://fftcg.cdn.sewest.net/images/cards/full/6-034R_eg.jpg">Opus VI</set>
      <tablerow>2</tablerow>
    </card>
    <card>
      <name>Snow Giant (6-035R)</name>
      <text>(Ice), pon Migou en la Break Zone: Elige 1 Delantero. Ponlo en dull y congélalo.</text>
      <prop>
        <type>Monster - TYPE-0 - Snow Giant</type>
        <manacost>1</manacost>
        <colors>Ice</colors>
        <pt>0</pt>
      </prop>
      <set picurl="https://fftcg.cdn.sewest.net/images/cards/full/6-035R_eg.jpg">Opus VI</set>
      <tablerow>1</tablerow>
    </card>
    <card>
      <name>Celes (6-036C)</name>
      <text>(Ice)(Ice): Celes gana +3000 de poder hasta el final del turno. Solo puedes usar esta habilidad una vez por turno.</text>
      <prop>
        <type>Forward - DFF · VI - Rune Knight</type>
        <manacost>2</manacost>
        <colors>Ice</colors>
        <pt>5000</pt>
      </prop>
      <set picurl="https://fftcg.cdn.sewest.net/images/cards/full/6-036C_eg.jpg">Opus VI</set>
      <tablerow>2</tablerow>
    </card>
    <card>
      <name>Shock Trooper (6-037C)</name>
      <text>Cuando Infante de asalto ataca, elige 1 Delantero controlado por tu oponente. Rómpelo y rompe Infante de asalto.</text>
      <prop>
        <type>Forward - TYPE-0 - Standard Unit</type>
        <manacost>4</manacost>
        <colors>Ice</colors>
        <pt>8000</pt>
      </prop>
      <set picurl="https://fftcg.cdn.sewest.net/images/cards/full/6-037C_eg.jpg">Opus VI</set>
      <tablerow>2</tablerow>
    </card>
    <card>
      <name>Hades (6-038R)</name>
      <text><p>Elige 1 Delantero en dull. Rómpelo. Quien controla ese Delantero descarta 1 carta de su mano.</p>

</text>
      <prop>
        <type>Summon - MOBIUS · VII</type>
        <manacost>5</manacost>
        <colors>Ice</colors>
        <pt>0</pt>
      </prop>
      <set picurl="https://fftcg.cdn.sewest.net/images/cards/full/6-038R_eg.jpg">Opus VI</set>
      <tablerow>3</tablerow>
    </card>
    <card>
      <name>Borghen (6-039H)</name>
      <text>Cuando Borguen pasa del terreno de juego a la Break Zone, tu oponente descarta 1 carta de su mano.</text>
      <prop>
        <type>Forward - II - Captain</type>
        <manacost>1</manacost>
        <colors>Ice</colors>
        <pt>3000</pt>
      </prop>
      <set picurl="https://fftcg.cdn.sewest.net/images/cards/full/6-039H_eg.jpg">Opus VI</set>
      <tablerow>2</tablerow>
    </card>
    <card>
      <name>Laguna (6-040H)</name>
      <text>Cuando Laguna entra al terreno de juego, puedes buscar 1 Nombre de la carta Squall y añadirla a tu mano.</text>
      <prop>
        <type>Forward - VIII - President</type>
        <manacost>3</manacost>
        <colors>Ice</colors>
        <pt>4000</pt>
      </prop>
      <set picurl="https://fftcg.cdn.sewest.net/images/cards/full/6-040H_eg.jpg">Opus VI</set>
      <tablerow>2</tablerow>
    </card>
    <card>
      <name>Rinoa (6-041L)</name>
      <text>Cuando Rinoa entra al terreno de juego, elige 1 Delantero que controlas que no sea Rinoa. Retíralo del juego. Después, juégalo al terreno de juego en dull.</text>
      <prop>
        <type>Forward - VIII - Resistance Fighter</type>
        <manacost>4</manacost>
        <colors>Ice</colors>
        <pt>7000</pt>
      </prop>
      <set picurl="https://fftcg.cdn.sewest.net/images/cards/full/6-041L_eg.jpg">Opus VI</set>
      <tablerow>2</tablerow>
    </card>
    <card>
      <name>Locke (6-042C)</name>
      <text>Cuando Locke entra al terreno de juego, revela las 5 cartas de la parte superior de tu mazo. Añade 1 Categoría VI de entre ellas a tu mano y pon el resto en la parte inferior de tu mazo en el orden que quieras.</text>
      <prop>
        <type>Forward - THEATRHYTHM · VI - Treasure Hunter</type>
        <manacost>4</manacost>
        <colors>Ice</colors>
        <pt>7000</pt>
      </prop>
      <set picurl="https://fftcg.cdn.sewest.net/images/cards/full/6-042C_eg.jpg">Opus VI</set>
      <tablerow>2</tablerow>
    </card>
    <card>
      <name>Evoker (6-043C)</name>
      <text></text>
      <prop>
        <type>Backup - III - Standard Unit</type>
        <manacost>1</manacost>
        <colors>Wind</colors>
        <pt>0</pt>
      </prop>
      <set picurl="https://fftcg.cdn.sewest.net/images/cards/full/6-043C_eg.jpg">Opus VI</set>
      <tablerow>0</tablerow>
    </card>
    <card>
      <name>Evoker (1-068C)</name>
      <text></text>
      <prop>
        <type>Backup - III - Standard Unit</type>
        <manacost>1</manacost>
        <colors>Wind</colors>
        <pt>0</pt>
      </prop>
      <set picurl="https://fftcg.cdn.sewest.net/images/cards/full/1-068C_eg.jpg">Opus VI</set>
      <tablerow>0</tablerow>
    </card>
    <card>
      <name>Zidane (6-044L)</name>
      <text>Yitán no puede ser objetivo de las habilidades de tu oponente.
Cuando tu oponente descarta una carta de su mano a causa de tus Invocaciones o habilidades, elige 1 personaje Aire. Actívalo.
Cuando Yitán ataca, tu oponente revela su mano. Selecciona 1 Delantero de su mano. Tu oponente descarta la carta seleccionada.</text>
      <prop>
        <type>Forward - DFF · IX - Genome</type>
        <manacost>4</manacost>
        <colors>Wind</colors>
        <pt>7000</pt>
      </prop>
      <set picurl="https://fftcg.cdn.sewest.net/images/cards/full/6-044L_eg.jpg">Opus VI</set>
      <tablerow>2</tablerow>
    </card>
    <card>
      <name>Cid (II) (6-045H)</name>
      <text>(Dull): Busca 1 Apoyo de coste 1 y añádelo a tu mano.</text>
      <prop>
        <type>Backup - II - Engineer</type>
        <manacost>4</manacost>
        <colors>Wind</colors>
        <pt>0</pt>
      </prop>
      <set picurl="https://fftcg.cdn.sewest.net/images/cards/full/6-045H_eg.jpg">Opus VI</set>
      <tablerow>0</tablerow>
    </card>
    <card>
      <name>Cid Haze (6-046C)</name>
      <text>[EX BURST] Cuando Cid Haze entra al terreno de juego, puedes buscar 1 Delantero Oficio Soldado y añadirlo a tu mano.</text>
      <prop>
        <type>Backup - THEATRHYTHM · III - Engineer</type>
        <manacost>3</manacost>
        <colors>Wind</colors>
        <pt>0</pt>
      </prop>
      <set picurl="https://fftcg.cdn.sewest.net/images/cards/full/6-046C_eg.jpg">Opus VI</set>
      <tablerow>0</tablerow>
    </card>
    <card>
      <name>White Mage (6-047C)</name>
      <text>Cuando Mago blanco entra al terreno de juego, elige 1 carta de la Break Zone de tu oponente. Retírala del juego.
(1), pon Mago blanco en la Break Zone: Elige 1 carta de la Break Zone de tu oponente. Retírala del juego.</text>
      <prop>
        <type>Backup - XIV - Standard Unit</type>
        <manacost>2</manacost>
        <colors>Wind</colors>
        <pt>0</pt>
      </prop>
      <set picurl="https://fftcg.cdn.sewest.net/images/cards/full/6-047C_eg.jpg">Opus VI</set>
      <tablerow>0</tablerow>
    </card>
    <card>
      <name>Shinra (6-048C)</name>
      <text>[EX BURST] Cuando Shinra entra al terreno de juego, puedes buscar 1 Delantero Oficio Gaviotas y añadirlo a tu mano.</text>
      <prop>
        <type>Backup - X - Youth</type>
        <manacost>4</manacost>
        <colors>Wind</colors>
        <pt>0</pt>
      </prop>
      <set picurl="https://fftcg.cdn.sewest.net/images/cards/full/6-048C_eg.jpg">Opus VI</set>
      <tablerow>0</tablerow>
    </card>
    <card>
      <name>Zu (6-049C)</name>
      <text>(0): Hasta el final del turno, Zu también pasa a ser un Delantero con 7000 de poder y "Cuando Zu ataca, elige 1 Apoyo que controlas. Actívalo". Solo puedes usar esta habilidad una vez por turno.</text>
      <prop>
        <type>Monster - THEATRHYTHM - Zu</type>
        <manacost>4</manacost>
        <colors>Wind</colors>
        <pt>0</pt>
      </prop>
      <set picurl="https://fftcg.cdn.sewest.net/images/cards/full/6-049C_eg.jpg">Opus VI</set>
      <tablerow>1</tablerow>
    </card>
    <card>
      <name>Chocobo (6-050C)</name>
      <text>Cuando Chocobo entra al terreno de juego, puedes jugar 1 Nombre de la carta Chocobo de tu mano al terreno de juego.</text>
      <prop>
        <type>Forward - THEATRHYTHM - Standard Unit</type>
        <manacost>3</manacost>
        <colors>Wind</colors>
        <pt>3000</pt>
      </prop>
      <set picurl="https://fftcg.cdn.sewest.net/images/cards/full/6-050C_eg.jpg">Opus VI</set>
      <tablerow>2</tablerow>
    </card>
    <card>
      <name>Choco/Mog (6-051C)</name>
      <text>[EX BURST] Busca 1 Oficio Chocobo u Oficio Moguri y añádela a tu mano.</text>
      <prop>
        <type>Summon - MOBIUS · VII</type>
        <manacost>1</manacost>
        <colors>Wind</colors>
        <pt>0</pt>
      </prop>
      <set picurl="https://fftcg.cdn.sewest.net/images/cards/full/6-051C_eg.jpg">Opus VI</set>
      <tablerow>3</tablerow>
    </card>
    <card>
      <name>Diablos (6-052R)</name>
      <text>Elige 1 Delantero. Su poder pasa a ser 4000 hasta el final del turno. Coge 1 carta.</text>
      <prop>
        <type>Summon - VIII</type>
        <manacost>3</manacost>
        <colors>Wind</colors>
        <pt>0</pt>
      </prop>
      <set picurl="https://fftcg.cdn.sewest.net/images/cards/full/6-052R_eg.jpg">Opus VI</set>
      <tablerow>3</tablerow>
    </card>
    <card>
      <name>Paine (6-053R)</name>
      <text>Los Delanteros Oficio Gaviotas que controlas no pueden ser objetivo de las Invocaciones de tu oponente.
Acometida (S)(Wind): Todas las Oficio Gaviotas que controlas ganan Prisa hasta el final del turno.</text>
      <prop>
        <type>Forward - X - Gullwings</type>
        <manacost>4</manacost>
        <colors>Wind</colors>
        <pt>8000</pt>
      </prop>
      <set picurl="https://fftcg.cdn.sewest.net/images/cards/full/6-053R_eg.jpg">Opus VI</set>
      <tablerow>2</tablerow>
    </card>
    <card>
      <name>Fujin (6-054R)</name>
      <text>[EX BURST] Cuando Viento entra al terreno de juego, puedes buscar 1 Nombre de la carta Seifer y añadirla a tu mano.
Las Nombre de la carta Seifer que controlas ganan Iniciativa durante tu turno.</text>
      <prop>
        <type>Backup - DFF · VIII - Disciplinary Committee Member</type>
        <manacost>3</manacost>
        <colors>Wind</colors>
        <pt>0</pt>
      </prop>
      <set picurl="https://fftcg.cdn.sewest.net/images/cards/full/6-054R_eg.jpg">Opus VI</set>
      <tablerow>0</tablerow>
    </card>
    <card>
      <name>Geomancer (6-055C)</name>
      <text>(Dull), pon Geomante en la Break Zone: Elige 1 Delantero atacante. Inflígele 4000 puntos de daño.</text>
      <prop>
        <type>Backup - FFTA2 - Standard Unit</type>
        <manacost>2</manacost>
        <colors>Wind</colors>
        <pt>0</pt>
      </prop>
      <set picurl="https://fftcg.cdn.sewest.net/images/cards/full/6-055C_eg.jpg">Opus VI</set>
      <tablerow>0</tablerow>
    </card>
    <card>
      <name>Paul (6-056H)</name>
      <text>Pablo no puede ser bloqueado por un Delantero de coste 3 o más.
Cuando Pablo inflige daño a tu oponente, tu oponente pone las 5 cartas de la parte superior de su mazo en la Break Zone.</text>
      <prop>
        <type>Forward - II - Thief</type>
        <manacost>2</manacost>
        <colors>Wind</colors>
        <pt>4000</pt>
      </prop>
      <set picurl="https://fftcg.cdn.sewest.net/images/cards/full/6-056H_eg.jpg">Opus VI</set>
      <tablerow>2</tablerow>
    </card>
    <card>
      <name>Maria (6-057L)</name>
      <text>(Dull): Elige 1 Delantero Categoría II que no sea María. Este gana +2000 de poder hasta el final del turno.
(Dull): Inflige 1000 puntos de daño a todos los Delanteros controlados por tu oponente.
(Wind)(Dull): Elige 1 Delantero. Durante este turno el siguiente daño que reciba se reduce en 3000 en su lugar.</text>
      <prop>
        <type>Forward - II - Rebel</type>
        <manacost>2</manacost>
        <colors>Wind</colors>
        <pt>5000</pt>
      </prop>
      <set picurl="https://fftcg.cdn.sewest.net/images/cards/full/6-057L_eg.jpg">Opus VI</set>
      <tablerow>2</tablerow>
    </card>
    <card>
      <name>Moogle (XI) (6-058R)</name>
      <text>Acceso (S)(Dull): Busca 1 carta y añádela a tu mano.</text>
      <prop>
        <type>Backup - XI - Moogle</type>
        <manacost>2</manacost>
        <colors>Wind</colors>
        <pt>0</pt>
      </prop>
      <set picurl="https://fftcg.cdn.sewest.net/images/cards/full/6-058R_eg.jpg">Opus VI</set>
      <tablerow>0</tablerow>
    </card>
    <card>
      <name>Wingvern (6-059R)</name>
      <text>(Wind)(1), pon Pterodraco en la Break Zone: Elige 1 Delantero de poder 9000 o más. Rómpelo.</text>
      <prop>
        <type>Monster - TYPE-0 - Dragon</type>
        <manacost>2</manacost>
        <colors>Wind</colors>
        <pt>0</pt>
      </prop>
      <set picurl="https://fftcg.cdn.sewest.net/images/cards/full/6-059R_eg.jpg">Opus VI</set>
      <tablerow>1</tablerow>
    </card>
    <card>
      <name>Lezaford (6-060H)</name>
      <text>Cuando Lezaford entra al terreno de juego, revela las 5 cartas de la parte superior de tu mazo. Juega 1 personaje Aire de coste 5 o menos de entre ellas al terreno de juego y pon el resto en la parte inferior de tu mazo en el orden que quieras.
(Wind)(Dull), pon Lezaford en la Break Zone: Elige 1 Delantero. Durante este turno el siguiente daño que inflige a un Delantero se vuelve 0 en su lugar.</text>
      <prop>
        <type>Backup - FFTA2 - Magus</type>
        <manacost>7</manacost>
        <colors>Wind</colors>
        <pt>0</pt>
      </prop>
      <set picurl="https://fftcg.cdn.sewest.net/images/cards/full/6-060H_eg.jpg">Opus VI</set>
      <tablerow>0</tablerow>
    </card>
    <card>
      <name>Raptor (6-061C)</name>
      <text>Si controlas un Delantero Categoría FFTA2 que no sea Arpía, Arpía gana +2000 de poder.</text>
      <prop>
        <type>Forward - FFTA2 - Standard Unit</type>
        <manacost>3</manacost>
        <colors>Wind</colors>
        <pt>6000</pt>
      </prop>
      <set picurl="https://fftcg.cdn.sewest.net/images/cards/full/6-061C_eg.jpg">Opus VI</set>
      <tablerow>2</tablerow>
    </card>
    <card>
      <name>Rikku (6-062R)</name>
      <text>Los Delanteros Oficio Gaviotas que controlas no pueden ser objetivo de las habilidades de tu oponente.
Pirarse (S): Retira Rikku de la batalla. Solo puedes usar esta habilidad cuando Rikku está en la batalla.</text>
      <prop>
        <type>Forward - X - Gullwings</type>
        <manacost>3</manacost>
        <colors>Wind</colors>
        <pt>7000</pt>
      </prop>
      <set picurl="https://fftcg.cdn.sewest.net/images/cards/full/6-062R_eg.jpg">Opus VI</set>
      <tablerow>2</tablerow>
    </card>
    <card>
      <name>Leon (6-063H)</name>
      <text>Cuando Leon entra al terreno de juego, tu oponente pasa a controlar a Leon.
Cuando un personaje Categoría II de tu oponente entra al terreno de juego, tu oponente pasa a controlar a Leon.</text>
      <prop>
        <type>Forward - II - Rebel</type>
        <manacost>1</manacost>
        <colors>Wind</colors>
        <pt>8000</pt>
      </prop>
      <set picurl="https://fftcg.cdn.sewest.net/images/cards/full/6-063H_eg.jpg">Opus VI</set>
      <tablerow>2</tablerow>
    </card>
    <card>
      <name>Ajido-Marujido (6-064H)</name>
      <text>Cuando Ajido-Marujido entra al terreno de juego, selecciona 1 de las siguientes 2 acciones.
"Lanza 1 Invocación de tu mano sin pagar el coste."
"Elige hasta 2 Invocaciones de tu Break Zone. Añádelas a tu mano."</text>
      <prop>
        <type>Backup - XI - Mage</type>
        <manacost>5</manacost>
        <colors>Earth</colors>
        <pt>0</pt>
      </prop>
      <set picurl="https://fftcg.cdn.sewest.net/images/cards/full/6-064H_eg.jpg">Opus VI</set>
      <tablerow>0</tablerow>
    </card>
    <card>
      <name>Dark Knight (6-065C)</name>
      <text>Si Caballero oscuro recibe daño, el daño aumenta en 4000 en su lugar.</text>
      <prop>
        <type>Forward - XIV - Standard Unit</type>
        <manacost>3</manacost>
        <colors>Earth</colors>
        <pt>9000</pt>
      </prop>
      <set picurl="https://fftcg.cdn.sewest.net/images/cards/full/6-065C_eg.jpg">Opus VI</set>
      <tablerow>2</tablerow>
    </card>
    <card>
      <name>Warrior of Light (6-066H)</name>
      <text>Cuando Guerrero de la Luz entra al terreno de juego, elige 1 Oficio Soldado de coste 2 o menos de tu Break Zone. Juégala al terreno de juego.
Cuando una Oficio Soldado entra a tu terreno de juego, Guerrero de la Luz gana +2000 de poder hasta el final del turno.
Defensa y ataque (S)(Earth)(Earth): Hasta el final del turno, todos los Delanteros que controlas ganan +3000 de poder y Bravura.</text>
      <prop>
        <type>Forward - DFF · I - Warrior of Light</type>
        <manacost>6</manacost>
        <colors>Earth</colors>
        <pt>7000</pt>
      </prop>
      <set picurl="https://fftcg.cdn.sewest.net/images/cards/full/6-066H_eg.jpg">Opus VI</set>
      <tablerow>2</tablerow>
    </card>
    <card>
      <name>Epitav (6-067R)</name>
      <text>Cuando Epitav entra al terreno de juego, puedes buscar 1 Delantero Categoría FFCC y añadirlo a tu mano.</text>
      <prop>
        <type>Backup - FFCC - King</type>
        <manacost>3</manacost>
        <colors>Earth</colors>
        <pt>0</pt>
      </prop>
      <set picurl="https://fftcg.cdn.sewest.net/images/cards/full/6-067R_eg.jpg">Opus VI</set>
      <tablerow>0</tablerow>
    </card>
    <card>
      <name>Scholar (6-068C)</name>
      <text>(Earth)(Earth)(Dull), pon Erudito en la Break Zone: Elige 1 Invocación Tierra de tu Break Zone. Añádela a tu mano.</text>
      <prop>
        <type>Backup - FFTA2 - Standard Unit</type>
        <manacost>2</manacost>
        <colors>Earth</colors>
        <pt>0</pt>
      </prop>
      <set picurl="https://fftcg.cdn.sewest.net/images/cards/full/6-068C_eg.jpg">Opus VI</set>
      <tablerow>0</tablerow>
    </card>
    <card>
      <name>Machinist (6-069C)</name>
      <text>(Earth)(Earth)(1)(Dull), pon Ingeniero en la Break Zone: Elige 1 Delantero de poder 5000 o menos. Rómpelo.</text>
      <prop>
        <type>Backup - XIV - Standard Unit</type>
        <manacost>2</manacost>
        <colors>Earth</colors>
        <pt>0</pt>
      </prop>
      <set picurl="https://fftcg.cdn.sewest.net/images/cards/full/6-069C_eg.jpg">Opus VI</set>
      <tablerow>0</tablerow>
    </card>
    <card>
      <name>Gigas (6-070C)</name>
      <text>(0): Hasta el final del turno, Gigante también pasa a ser un Delantero con 9000 de poder y "Cuando Gigante ataca, Gigante no se activará durante tu siguiente Active Phase". Solo puedes usar esta habilidad una vez por turno.</text>
      <prop>
        <type>Monster - THEATRHYTHM - Giant</type>
        <manacost>4</manacost>
        <colors>Earth</colors>
        <pt>0</pt>
      </prop>
      <set picurl="https://fftcg.cdn.sewest.net/images/cards/full/6-070C_eg.jpg">Opus VI</set>
      <tablerow>1</tablerow>
    </card>
    <card>
      <name>Krile (XIV) (6-071H)</name>
      <text>(Earth)(1)(Dull): Elige 1 Delantero que controlas. Durante este turno las Invocaciones o habilidades de tu oponente no pueden hacer que regrese a la mano de su propietario.</text>
      <prop>
        <type>Backup - XIV - Scion of the Seventh Dawn</type>
        <manacost>2</manacost>
        <colors>Earth</colors>
        <pt>0</pt>
      </prop>
      <set picurl="https://fftcg.cdn.sewest.net/images/cards/full/6-071H_eg.jpg">Opus VI</set>
      <tablerow>0</tablerow>
    </card>
    <card>
      <name>Cait Sith (XIV) (6-072C)</name>
      <text>(Earth)(Earth)(Dull), pon Cait Sith (XIV) en la Break Zone: Elige 1 Invocación que ha elegido a un Delantero que controlas. Cancela su efecto.</text>
      <prop>
        <type>Backup - XIV - Watchman</type>
        <manacost>2</manacost>
        <colors>Earth</colors>
        <pt>0</pt>
      </prop>
      <set picurl="https://fftcg.cdn.sewest.net/images/cards/full/6-072C_eg.jpg">Opus VI</set>
      <tablerow>0</tablerow>
    </card>
    <card>
      <name>Evoker (6-073C)</name>
      <text></text>
      <prop>
        <type>Backup - III - Standard Unit</type>
        <manacost>1</manacost>
        <colors>Earth</colors>
        <pt>0</pt>
      </prop>
      <set picurl="https://fftcg.cdn.sewest.net/images/cards/full/6-073C_eg.jpg">Opus VI</set>
      <tablerow>0</tablerow>
    </card>
    <card>
      <name>Evoker (1-105C)</name>
      <text></text>
      <prop>
        <type>Backup - III - Standard Unit</type>
        <manacost>1</manacost>
        <colors>Earth</colors>
        <pt>0</pt>
      </prop>
      <set picurl="https://fftcg.cdn.sewest.net/images/cards/full/1-105C_eg.jpg">Opus VI</set>
      <tablerow>0</tablerow>
    </card>
    <card>
      <name>Cactuar (6-074C)</name>
      <text>Elige 1 Delantero. Inflígele 4000 puntos de daño por cada CP de un elemento distinto que hayas pagado para lanzar a Cactilio.</text>
      <prop>
        <type>Summon - VIII</type>
        <manacost>4</manacost>
        <colors>Earth</colors>
        <pt>0</pt>
      </prop>
      <set picurl="https://fftcg.cdn.sewest.net/images/cards/full/6-074C_eg.jpg">Opus VI</set>
      <tablerow>3</tablerow>
    </card>
    <card>
      <name>Titan (6-075R)</name>
      <text>[EX BURST] Elige 1 Delantero que controlas y 1 Delantero controlado por tu oponente. El primero gana +2000 de poder hasta el final del turno. Después, el primero inflige un daño igual a su poder al segundo.</text>
      <prop>
        <type>Summon - MOBIUS · VII</type>
        <manacost>5</manacost>
        <colors>Earth</colors>
        <pt>0</pt>
      </prop>
      <set picurl="https://fftcg.cdn.sewest.net/images/cards/full/6-075R_eg.jpg">Opus VI</set>
      <tablerow>3</tablerow>
    </card>
    <card>
      <name>Pavlov (6-076C)</name>
      <text>(Dull): Elige 1 Delantero Categoría FFCC. Este gana +1000 de poder hasta el final del turno.</text>
      <prop>
        <type>Backup - FFCC - Penguin</type>
        <manacost>2</manacost>
        <colors>Earth</colors>
        <pt>0</pt>
      </prop>
      <set picurl="https://fftcg.cdn.sewest.net/images/cards/full/6-076C_eg.jpg">Opus VI</set>
      <tablerow>0</tablerow>
    </card>
    <card>
      <name>Hugh Yurg (6-077R)</name>
      <text>[EX BURST] Cuando Hugh Yurg entra al terreno de juego, puedes buscar 1 Oficio Guerrero y añadirla a tu mano.
Si controlas Nombre de la carta Leo, Hugh Yurg gana +1000 de poder y Bravura.</text>
      <prop>
        <type>Forward - FFCC - Warrior</type>
        <manacost>5</manacost>
        <colors>Earth</colors>
        <pt>7000</pt>
      </prop>
      <set picurl="https://fftcg.cdn.sewest.net/images/cards/full/6-077R_eg.jpg">Opus VI</set>
      <tablerow>2</tablerow>
    </card>
    <card>
      <name>Maat (6-078R)</name>
      <text>Las Invocaciones o habilidades de tu oponente no pueden poner en dull a los Delanteros Oficio Monje ni a los Delanteros Nombre de la carta Monje que controlas.
Cuando Maat entra al terreno de juego, puedes buscar 1 Oficio Monje o Nombre de la carta Monje y añadirla a tu mano.</text>
      <prop>
        <type>Forward - XI - Monk</type>
        <manacost>6</manacost>
        <colors>Earth</colors>
        <pt>8000</pt>
      </prop>
      <set picurl="https://fftcg.cdn.sewest.net/images/cards/full/6-078R_eg.jpg">Opus VI</set>
      <tablerow>2</tablerow>
    </card>
    <card>
      <name>Minfilia (6-079L)</name>
      <text>Cuando Minfilia entra al terreno de juego, elige hasta 2 personajes de tu Break Zone. Añádelos a tu mano.
(Earth)(Earth)(1)(Dull), pon Minfilia en la Break Zone: Elige 1 personaje Luz o Oscuridad. Rómpelo.</text>
      <prop>
        <type>Backup - XIV - Scion of the Seventh Dawn</type>
        <manacost>6</manacost>
        <colors>Earth</colors>
        <pt>0</pt>
      </prop>
      <set picurl="https://fftcg.cdn.sewest.net/images/cards/full/6-079L_eg.jpg">Opus VI</set>
      <tablerow>0</tablerow>
    </card>
    <card>
      <name>Mushussu (6-080R)</name>
      <text>(Earth)(1), pon Mushufushu en la Break Zone: Elige 1 Delantero en dull. Rómpelo.</text>
      <prop>
        <type>Monster - TYPE-0 - Marduk</type>
        <manacost>2</manacost>
        <colors>Earth</colors>
        <pt>0</pt>
      </prop>
      <set picurl="https://fftcg.cdn.sewest.net/images/cards/full/6-080R_eg.jpg">Opus VI</set>
      <tablerow>1</tablerow>
    </card>
    <card>
      <name>Moogle Brothers (6-081R)</name>
      <text>Cuando Hermanos moguri entra al terreno de juego, revela las 5 cartas de la parte superior de tu mazo. Añade 1 Oficio Moguri de entre ellas a tu mano y pon el resto en la parte inferior de tu mazo en el orden que quieras.
(Dull), pon Hermanos moguri en la Break Zone: Juega 1 Oficio Moguri de coste 2 o menos de tu mano al terreno de juego.</text>
      <prop>
        <type>Backup - FFCC - Moogle</type>
        <manacost>3</manacost>
        <colors>Earth</colors>
        <pt>0</pt>
      </prop>
      <set picurl="https://fftcg.cdn.sewest.net/images/cards/full/6-081R_eg.jpg">Opus VI</set>
      <tablerow>0</tablerow>
    </card>
    <card>
      <name>Monk (6-082C)</name>
      <text>(Dull), pon Monje en la Break Zone: Elige 1 Delantero en dull. Inflígele 7000 puntos de daño.</text>
      <prop>
        <type>Forward - XIV - Standard Unit</type>
        <manacost>3</manacost>
        <colors>Earth</colors>
        <pt>7000</pt>
      </prop>
      <set picurl="https://fftcg.cdn.sewest.net/images/cards/full/6-082C_eg.jpg">Opus VI</set>
      <tablerow>2</tablerow>
    </card>
    <card>
      <name>Y'shtola (6-083H)</name>
      <text>Las habilidades que no infligen daño o Invocaciones del oponente no pueden romper a Y'shtola.
Si controlas 3 o más Oficio Totema del Séptimo Amanecer que no sean Y'shtola, Y'shtola gana Bravura.
Cuando Y'shtola ataca, elige 1 Delantero controlado por tu oponente. Si controlas 5 o más Oficio Totema del Séptimo Amanecer que no sean Y'shtola, inflígele 8000 puntos de daño.</text>
      <prop>
        <type>Forward - XIV - Scion of the Seventh Dawn</type>
        <manacost>4</manacost>
        <colors>Earth</colors>
        <pt>8000</pt>
      </prop>
      <set picurl="https://fftcg.cdn.sewest.net/images/cards/full/6-083H_eg.jpg">Opus VI</set>
      <tablerow>2</tablerow>
    </card>
    <card>
      <name>Leo (6-084L)</name>
      <text>Por cada personaje que controlas que no sea Leo, Leo gana +1000 de poder.
Los Apoyos que controlas pueden generar CP de cualquier elemento.</text>
      <prop>
        <type>Forward - FFCC - King</type>
        <manacost>1</manacost>
        <colors>Earth</colors>
        <pt>1000</pt>
      </prop>
      <set picurl="https://fftcg.cdn.sewest.net/images/cards/full/6-084L_eg.jpg">Opus VI</set>
      <tablerow>2</tablerow>
    </card>
    <card>
      <name>Al-Cid (6-085C)</name>
      <text>Cuando Al-Cid entra al terreno de juego, elige 2 Delanteros controlados por tu oponente. Ponlos en dull.</text>
      <prop>
        <type>Backup - FFTA2 - Agent</type>
        <manacost>3</manacost>
        <colors>Lightning</colors>
        <pt>0</pt>
      </prop>
      <set picurl="https://fftcg.cdn.sewest.net/images/cards/full/6-085C_eg.jpg">Opus VI</set>
      <tablerow>0</tablerow>
    </card>
    <card>
      <name>Arecia Al-Rashia (6-086H)</name>
      <text>(Lightning)(Dull), descarta 1 Invocación: Busca 1 Invocación y añádela a tu mano.</text>
      <prop>
        <type>Backup - TYPE-0 - Archsorceress</type>
        <manacost>2</manacost>
        <colors>Lightning</colors>
        <pt>0</pt>
      </prop>
      <set picurl="https://fftcg.cdn.sewest.net/images/cards/full/6-086H_eg.jpg">Opus VI</set>
      <tablerow>0</tablerow>
    </card>
    <card>
      <name>Edea (6-087R)</name>
      <text>(Dull), pon Edea en la Break Zone: Elige 1 Oficio Bruja de tu Break Zone. Juégala al terreno de juego. Solo puedes usar esta habilidad durante tu turno.</text>
      <prop>
        <type>Backup - THEATRHYTHM · VIII - Witch</type>
        <manacost>4</manacost>
        <colors>Lightning</colors>
        <pt>0</pt>
      </prop>
      <set picurl="https://fftcg.cdn.sewest.net/images/cards/full/6-087R_eg.jpg">Opus VI</set>
      <tablerow>0</tablerow>
    </card>
    <card>
      <name>Estinien (6-088L)</name>
      <text>Si controlas 5 o más Apoyos, Estinien gana Prisa.
Cuando Estinien es bloqueado, rompe el Delantero bloqueante.
(Lightning): Activa Estinien. Estinien puede atacar una vez más este turno. Solo puedes usar esta habilidad durante tu turno y una vez por turno.</text>
      <prop>
        <type>Forward - XIV - Dragoon</type>
        <manacost>5</manacost>
        <colors>Lightning</colors>
        <pt>8000</pt>
      </prop>
      <set picurl="https://fftcg.cdn.sewest.net/images/cards/full/6-088L_eg.jpg">Opus VI</set>
      <tablerow>2</tablerow>
    </card>
    <card>
      <name>Estinien (6-089R)</name>
      <text>Solo puedes pagar con CP de Apoyos Rayo el coste para jugar Estinien al terreno de juego desde tu mano.
Prisa Iniciativa</text>
      <prop>
        <type>Forward - XIV - Dragoon</type>
        <manacost>3</manacost>
        <colors>Lightning</colors>
        <pt>7000</pt>
      </prop>
      <set picurl="https://fftcg.cdn.sewest.net/images/cards/full/6-089R_eg.jpg">Opus VI</set>
      <tablerow>2</tablerow>
    </card>
    <card>
      <name>Kain (6-090H)</name>
      <text>Cuando un Delantero Oscuridad de tu oponente entra al terreno de juego, tu oponente pasa a controlar a Kain.
Cuando un Delantero Oscuridad que controlas pasa del terreno de juego a la Break Zone, tu oponente pasa a controlar a Kain.</text>
      <prop>
        <type>Forward - IV - Dragoon</type>
        <manacost>3</manacost>
        <colors>Lightning</colors>
        <pt>9000</pt>
      </prop>
      <set picurl="https://fftcg.cdn.sewest.net/images/cards/full/6-090H_eg.jpg">Opus VI</set>
      <tablerow>2</tablerow>
    </card>
    <card>
      <name>Black Mage (6-091C)</name>
      <text>(Lightning)(Lightning)(Lightning)(3)(Dull), pon Mago negro en la Break Zone: Elige 1 Delantero activo. Inflígele 9000 puntos de daño.</text>
      <prop>
        <type>Backup - XIV - Standard Unit</type>
        <manacost>2</manacost>
        <colors>Lightning</colors>
        <pt>0</pt>
      </prop>
      <set picurl="https://fftcg.cdn.sewest.net/images/cards/full/6-091C_eg.jpg">Opus VI</set>
      <tablerow>0</tablerow>
    </card>
    <card>
      <name>Quezacotl (6-092C)</name>
      <text>[EX BURST] Elige 1 Delantero que controlas y 1 Delantero controlado por tu oponente. Hasta el final del turno, el primero gana +2000 de poder y el segundo pierde 2000 de poder.</text>
      <prop>
        <type>Summon - VIII</type>
        <manacost>2</manacost>
        <colors>Lightning</colors>
        <pt>0</pt>
      </prop>
      <set picurl="https://fftcg.cdn.sewest.net/images/cards/full/6-092C_eg.jpg">Opus VI</set>
      <tablerow>3</tablerow>
    </card>
    <card>
      <name>Colossus (6-093C)</name>
      <text>(0): Hasta el final del turno, Coloso también pasa a ser un Delantero con 7000 de poder y "Cuando Coloso ataca, inflige 1000 puntos de daño a todos los Delanteros controlados por tu oponente". Solo puedes usar esta habilidad una vez por turno.</text>
      <prop>
        <type>Monster - TYPE-0 - Magitek Armour</type>
        <manacost>4</manacost>
        <colors>Lightning</colors>
        <pt>0</pt>
      </prop>
      <set picurl="https://fftcg.cdn.sewest.net/images/cards/full/6-093C_eg.jpg">Opus VI</set>
      <tablerow>1</tablerow>
    </card>
    <card>
      <name>Seifer (6-094L)</name>
      <text>Cuando Seifer bloquea o es bloqueado, elige 1 Delantero controlado por tu oponente. Este pierde 2000 de poder hasta el final del turno.
Cuando Seifer inflige daño a tu oponente, todos los Delanteros controlados por tu oponente pierden 2000 de poder hasta el final del turno.</text>
      <prop>
        <type>Forward - VIII - SeeD Candidate</type>
        <manacost>3</manacost>
        <colors>Lightning</colors>
        <pt>6000</pt>
      </prop>
      <set picurl="https://fftcg.cdn.sewest.net/images/cards/full/6-094L_eg.jpg">Opus VI</set>
      <tablerow>2</tablerow>
    </card>
    <card>
      <name>Seifer (6-095R)</name>
      <text>[EX BURST] Cuando Seifer entra al terreno de juego, puedes buscar 1 Oficio Bruja y añadirla a tu mano.</text>
      <prop>
        <type>Forward - DFF · VIII - SeeD Candidate</type>
        <manacost>3</manacost>
        <colors>Lightning</colors>
        <pt>3000</pt>
      </prop>
      <set picurl="https://fftcg.cdn.sewest.net/images/cards/full/6-095R_eg.jpg">Opus VI</set>
      <tablerow>2</tablerow>
    </card>
    <card>
      <name>Summoner (6-096C)</name>
      <text></text>
      <prop>
        <type>Backup - FFT - Standard Unit</type>
        <manacost>1</manacost>
        <colors>Lightning</colors>
        <pt>0</pt>
      </prop>
      <set picurl="https://fftcg.cdn.sewest.net/images/cards/full/6-096C_eg.jpg">Opus VI</set>
      <tablerow>0</tablerow>
    </card>
    <card>
      <name>Summoner (1-138C)</name>
      <text></text>
      <prop>
        <type>Backup - FFT - Standard Unit</type>
        <manacost>1</manacost>
        <colors>Lightning</colors>
        <pt>0</pt>
      </prop>
      <set picurl="https://fftcg.cdn.sewest.net/images/cards/full/1-138C_eg.jpg">Opus VI</set>
      <tablerow>0</tablerow>
    </card>
    <card>
      <name>Ninja (6-097C)</name>
      <text>Cuando Ninja entra al terreno de juego, elige 1 Delantero dañado. Inflígele 5000 puntos de daño.</text>
      <prop>
        <type>Backup - XIV - Standard Unit</type>
        <manacost>2</manacost>
        <colors>Lightning</colors>
        <pt>0</pt>
      </prop>
      <set picurl="https://fftcg.cdn.sewest.net/images/cards/full/6-097C_eg.jpg">Opus VI</set>
      <tablerow>0</tablerow>
    </card>
    <card>
      <name>Diepvern (6-098R)</name>
      <text>(Lightning)(1), pon Atmosdraco en la Break Zone: Elige 1 Delantero de coste 3 o menos. Rómpelo.</text>
      <prop>
        <type>Monster - TYPE-0 - Dragon</type>
        <manacost>1</manacost>
        <colors>Lightning</colors>
        <pt>0</pt>
      </prop>
      <set picurl="https://fftcg.cdn.sewest.net/images/cards/full/6-098R_eg.jpg">Opus VI</set>
      <tablerow>1</tablerow>
    </card>
    <card>
      <name>Frimelda (6-099H)</name>
      <text>Cuando Frimelda entra al terreno de juego, elige 1 Delantero activo controlado por tu oponente. Inflígele 4000 puntos de daño por cada Oficio Templario que controlas.</text>
      <prop>
        <type>Forward - FFTA2 - Sword Saint</type>
        <manacost>4</manacost>
        <colors>Lightning</colors>
        <pt>8000</pt>
      </prop>
      <set picurl="https://fftcg.cdn.sewest.net/images/cards/full/6-099H_eg.jpg">Opus VI</set>
      <tablerow>2</tablerow>
    </card>
    <card>
      <name>Ewen (6-100C)</name>
      <text>Si tu oponente controla 3 o más Delanteros, Yuen gana Prisa y "Yuen no puede ser bloqueado".</text>
      <prop>
        <type>Forward - FFTA2 - Nightfall</type>
        <manacost>3</manacost>
        <colors>Lightning</colors>
        <pt>5000</pt>
      </prop>
      <set picurl="https://fftcg.cdn.sewest.net/images/cards/full/6-100C_eg.jpg">Opus VI</set>
      <tablerow>2</tablerow>
    </card>
    <card>
      <name>Raijin (6-101R)</name>
      <text>Las Nombre de la carta Seifer que controlas ganan Prisa.
Especial Trueno (S)(Dull): Elige 1 Delantero activo. Inflígele 8000 puntos de daño. Solo puedes usar esta habilidad si controlas Nombre de la carta Seifer y Nombre de la carta Trueno.</text>
      <prop>
        <type>Backup - DFF · VIII - Disciplinary Committee Member</type>
        <manacost>2</manacost>
        <colors>Lightning</colors>
        <pt>0</pt>
      </prop>
      <set picurl="https://fftcg.cdn.sewest.net/images/cards/full/6-101R_eg.jpg">Opus VI</set>
      <tablerow>0</tablerow>
    </card>
    <card>
      <name>Ramuh (6-102R)</name>
      <text>Selecciona 2 de las siguientes 4 acciones.
"Elige 1 Monstruo de coste 2 o menos. Rómpelo."
"Elige 1 Delantero de coste 4 o menos. Ponlo en dull."
"Elige 1 Delantero activo. Inflígele 7000 puntos de daño."
"Elige 1 Delantero Rayo. Este gana Prisa hasta el final del turno."</text>
      <prop>
        <type>Summon - MOBIUS · VII</type>
        <manacost>3</manacost>
        <colors>Lightning</colors>
        <pt>0</pt>
      </prop>
      <set picurl="https://fftcg.cdn.sewest.net/images/cards/full/6-102R_eg.jpg">Opus VI</set>
      <tablerow>3</tablerow>
    </card>
    <card>
      <name>Ricard (6-103H)</name>
      <text>[EX BURST] Cuando Arturo entra al terreno de juego, puedes buscar 1 Nombre de la carta Scott o Nombre de la carta Minu o Nombre de la carta Josef y añadirla a tu mano.
Arturo debe bloquear si es posible.</text>
      <prop>
        <type>Forward - II - Dragoon</type>
        <manacost>5</manacost>
        <colors>Lightning</colors>
        <pt>8000</pt>
      </prop>
      <set picurl="https://fftcg.cdn.sewest.net/images/cards/full/6-103H_eg.jpg">Opus VI</set>
      <tablerow>2</tablerow>
    </card>
    <card>
      <name>Dragoon (6-104C)</name>
      <text>Cuando Caballero dragón entra al terreno de juego, elige 1 Delantero. Este gana Iniciativa hasta el final del turno.</text>
      <prop>
        <type>Forward - XIV - Standard Unit</type>
        <manacost>4</manacost>
        <colors>Lightning</colors>
        <pt>8000</pt>
      </prop>
      <set picurl="https://fftcg.cdn.sewest.net/images/cards/full/6-104C_eg.jpg">Opus VI</set>
      <tablerow>2</tablerow>
    </card>
    <card>
      <name>Dragoon (6-105C)</name>
      <text>Por cada Oficio Draconarius y Nombre de la carta Caballero dragón que controlas que no sea Caballero dragón, Caballero dragón gana +2000 de poder.</text>
      <prop>
        <type>Forward - FFTA2 - Standard Unit</type>
        <manacost>2</manacost>
        <colors>Lightning</colors>
        <pt>5000</pt>
      </prop>
      <set picurl="https://fftcg.cdn.sewest.net/images/cards/full/6-105C_eg.jpg">Opus VI</set>
      <tablerow>2</tablerow>
    </card>
    <card>
      <name>Aymeric (6-106H)</name>
      <text>Si Aymeric recibe daño por valor inferior a su poder, el daño se vuelve 0 en su lugar.
Cuando Aymeric ataca, todos los Delanteros que no sean Aymeric que controlas ganan +2000 de poder hasta el final del turno.</text>
      <prop>
        <type>Forward - XIV - Lord Commander of the Temple Knights</type>
        <manacost>5</manacost>
        <colors>Water</colors>
        <pt>9000</pt>
      </prop>
      <set picurl="https://fftcg.cdn.sewest.net/images/cards/full/6-106H_eg.jpg">Opus VI</set>
      <tablerow>2</tablerow>
    </card>
    <card>
      <name>Ultimecia (6-107R)</name>
      <text>Pon en dull 3 Delanteros activos: Elige 1 Delantero. Ponlo en dull.
Flecha noble (S)(Water): Elige 2 Delanteros. Pon en dull el primero y activa el segundo.</text>
      <prop>
        <type>Forward - DFF · VIII - Witch</type>
        <manacost>3</manacost>
        <colors>Water</colors>
        <pt>7000</pt>
      </prop>
      <set picurl="https://fftcg.cdn.sewest.net/images/cards/full/6-107R_eg.jpg">Opus VI</set>
      <tablerow>2</tablerow>
    </card>
    <card>
      <name>Thordan VII (6-108R)</name>
      <text>[EX BURST] Cuando Thordan VII entra al terreno de juego, puedes buscar 1 carta y añadirla a tu mano.
Cuando Thordan VII pasa del terreno de juego a la Break Zone, coge 1 carta.</text>
      <prop>
        <type>Backup - XIV - Archbishop</type>
        <manacost>5</manacost>
        <colors>Water</colors>
        <pt>0</pt>
      </prop>
      <set picurl="https://fftcg.cdn.sewest.net/images/cards/full/6-108R_eg.jpg">Opus VI</set>
      <tablerow>0</tablerow>
    </card>
    <card>
      <name>Eiko (6-109R)</name>
      <text>Si has lanzado una Invocación este turno, el coste requerido para jugar Eiko al terreno de juego se reduce en 2 (no puede ser 0).
Joya (S)(Dull): Busca 1 Invocación y añádela a tu mano.</text>
      <prop>
        <type>Backup - DFF · IX - Summoner</type>
        <manacost>3</manacost>
        <colors>Water</colors>
        <pt>0</pt>
      </prop>
      <set picurl="https://fftcg.cdn.sewest.net/images/cards/full/6-109R_eg.jpg">Opus VI</set>
      <tablerow>0</tablerow>
    </card>
    <card>
      <name>Evoker (6-110C)</name>
      <text></text>
      <prop>
        <type>Backup - III - Standard Unit</type>
        <manacost>1</manacost>
        <colors>Water</colors>
        <pt>0</pt>
      </prop>
      <set picurl="https://fftcg.cdn.sewest.net/images/cards/full/6-110C_eg.jpg">Opus VI</set>
      <tablerow>0</tablerow>
    </card>
    <card>
      <name>Evoker (1-159C)</name>
      <text></text>
      <prop>
        <type>Backup - III - Standard Unit</type>
        <manacost>1</manacost>
        <colors>Water</colors>
        <pt>0</pt>
      </prop>
      <set picurl="https://fftcg.cdn.sewest.net/images/cards/full/1-159C_eg.jpg">Opus VI</set>
      <tablerow>0</tablerow>
    </card>
    <card>
      <name>Sahagin (6-111C)</name>
      <text>(0): Hasta el final del turno, Sahuagin también pasa a ser un Delantero con 6000 de poder y "Cuando Sahuagin ataca, coge 1 carta y después descarta 1 carta de tu mano". Solo puedes usar esta habilidad una vez por turno.</text>
      <prop>
        <type>Monster - THEATRHYTHM - Sahagin</type>
        <manacost>3</manacost>
        <colors>Water</colors>
        <pt>0</pt>
      </prop>
      <set picurl="https://fftcg.cdn.sewest.net/images/cards/full/6-111C_eg.jpg">Opus VI</set>
      <tablerow>1</tablerow>
    </card>
    <card>
      <name>Shuyin (6-112H)</name>
      <text>Cuando Shuyin entra al terreno de juego, elige 1 Delantero con un poder inferior al de Shuyin. Pasas a controlar a este Delantero hasta el final del turno.</text>
      <prop>
        <type>Forward - X - Illusion</type>
        <manacost>5</manacost>
        <colors>Water</colors>
        <pt>7000</pt>
      </prop>
      <set picurl="https://fftcg.cdn.sewest.net/images/cards/full/6-112H_eg.jpg">Opus VI</set>
      <tablerow>2</tablerow>
    </card>
    <card>
      <name>Summoner (6-113C)</name>
      <text>(Dull), pon Invocador en la Break Zone: Lanza una Invocación de tu mano. El coste requerido para lanzarla se reduce en 2 (no puede ser 0).</text>
      <prop>
        <type>Backup - XIV - Standard Unit</type>
        <manacost>2</manacost>
        <colors>Water</colors>
        <pt>0</pt>
      </prop>
      <set picurl="https://fftcg.cdn.sewest.net/images/cards/full/6-113C_eg.jpg">Opus VI</set>
      <tablerow>0</tablerow>
    </card>
    <card>
      <name>Templar (6-114C)</name>
      <text>(Dull): Elige 1 Delantero. Durante este turno el siguiente daño que reciba se reduce en 2000 en su lugar.</text>
      <prop>
        <type>Forward - FFTA2 - Standard Unit</type>
        <manacost>4</manacost>
        <colors>Water</colors>
        <pt>8000</pt>
      </prop>
      <set picurl="https://fftcg.cdn.sewest.net/images/cards/full/6-114C_eg.jpg">Opus VI</set>
      <tablerow>2</tablerow>
    </card>
    <card>
      <name>Scott (6-115H)</name>
      <text>Por cada Apoyo que controlas, Scott gana +1000 de poder.
Si controlas Nombre de la carta Hilda, Scott y las Nombre de la carta Gordon que controlas ganan Bravura.</text>
      <prop>
        <type>Forward - II - Prince</type>
        <manacost>3</manacost>
        <colors>Water</colors>
        <pt>4000</pt>
      </prop>
      <set picurl="https://fftcg.cdn.sewest.net/images/cards/full/6-115H_eg.jpg">Opus VI</set>
      <tablerow>2</tablerow>
    </card>
    <card>
      <name>Dracobaltian (6-116R)</name>
      <text>(Water)(1), pon Dragonita de Azur en la Break Zone: Elige 1 Delantero controlado por tu oponente. Devuélvelo a la mano de su propietario.</text>
      <prop>
        <type>Monster - TYPE-0 - Dracobaltian</type>
        <manacost>2</manacost>
        <colors>Water</colors>
        <pt>0</pt>
      </prop>
      <set picurl="https://fftcg.cdn.sewest.net/images/cards/full/6-116R_eg.jpg">Opus VI</set>
      <tablerow>1</tablerow>
    </card>
    <card>
      <name>Siren (6-117C)</name>
      <text>[EX BURST] Elige 1 Delantero Agua. Este gana +4000 de poder hasta el final del turno.</text>
      <prop>
        <type>Summon - VIII</type>
        <manacost>1</manacost>
        <colors>Water</colors>
        <pt>0</pt>
      </prop>
      <set picurl="https://fftcg.cdn.sewest.net/images/cards/full/6-117C_eg.jpg">Opus VI</set>
      <tablerow>3</tablerow>
    </card>
    <card>
      <name>Astrologian (6-118C)</name>
      <text>(Dull): Revela la carta superior de tu mazo. Si es un Apoyo, añádelo a tu mano. Si no es un Apoyo, ponlo en la Break Zone.</text>
      <prop>
        <type>Backup - XIV - Standard Unit</type>
        <manacost>2</manacost>
        <colors>Water</colors>
        <pt>0</pt>
      </prop>
      <set picurl="https://fftcg.cdn.sewest.net/images/cards/full/6-118C_eg.jpg">Opus VI</set>
      <tablerow>0</tablerow>
    </card>
    <card>
      <name>Chime (6-119C)</name>
      <text>Si controlas Nombre de la carta Leo, el coste requerido para jugar Chime al terreno de juego se reduce en 2.
Cuando Chime entra al terreno de juego, elige 1 Delantero controlado por tu oponente. Puedes devolver 1 Delantero que controlas a la mano de su propietario. Si lo haces, devuelve el Delantero elegido a la mano de su propietario.</text>
      <prop>
        <type>Backup - FFCC - Minister</type>
        <manacost>4</manacost>
        <colors>Water</colors>
        <pt>0</pt>
      </prop>
      <set picurl="https://fftcg.cdn.sewest.net/images/cards/full/6-119C_eg.jpg">Opus VI</set>
      <tablerow>0</tablerow>
    </card>
    <card>
      <name>Paladin (6-120C)</name>
      <text>Si Caballero recibe daño de un Delantero, el daño se reduce en 4000 en su lugar.</text>
      <prop>
        <type>Forward - XIV - Standard Unit</type>
        <manacost>5</manacost>
        <colors>Water</colors>
        <pt>8000</pt>
      </prop>
      <set picurl="https://fftcg.cdn.sewest.net/images/cards/full/6-120C_eg.jpg">Opus VI</set>
      <tablerow>2</tablerow>
    </card>
    <card>
      <name>Pieuje (6-121C)</name>
      <text>[EX BURST] Cuando Pieuje entra al terreno de juego, puedes buscar 1 Oficio Príncipe y añadirla a tu mano.</text>
      <prop>
        <type>Forward - XI - Prince</type>
        <manacost>4</manacost>
        <colors>Water</colors>
        <pt>5000</pt>
      </prop>
      <set picurl="https://fftcg.cdn.sewest.net/images/cards/full/6-121C_eg.jpg">Opus VI</set>
      <tablerow>2</tablerow>
    </card>
    <card>
      <name>Hilda (6-122H)</name>
      <text>Cuando Hilda entra al terreno de juego, coge 1 carta por cada Delantero que controlas. Solo puedes coger hasta 4 cartas con esta habilidad.</text>
      <prop>
        <type>Backup - II - Princess</type>
        <manacost>6</manacost>
        <colors>Water</colors>
        <pt>0</pt>
      </prop>
      <set picurl="https://fftcg.cdn.sewest.net/images/cards/full/6-122H_eg.jpg">Opus VI</set>
      <tablerow>0</tablerow>
    </card>
    <card>
      <name>Minwu (6-123L)</name>
      <text>Cuando Minu entra al terreno de juego, revela las 5 cartas de la parte superior de tu mazo. Añade 1 Invocación de entre ellas a tu mano y pon el resto en la parte inferior de tu mazo en el orden que quieras.
Cuando Minu ataca, puedes lanzar 1 Invocación de coste 4 o menos de tu mano sin pagar su coste.</text>
      <prop>
        <type>Forward - II - Mage</type>
        <manacost>4</manacost>
        <colors>Water</colors>
        <pt>7000</pt>
      </prop>
      <set picurl="https://fftcg.cdn.sewest.net/images/cards/full/6-123L_eg.jpg">Opus VI</set>
      <tablerow>2</tablerow>
    </card>
    <card>
      <name>Yuna (6-124L)</name>
      <text>Cuando Yuna entra al terreno de juego, juega 1 Delantero Oficio Gaviotas de tu mano al terreno de juego o busca 1 Delantero Oficio Gaviotas que no sea Nombre de la carta Yuna y añádelo a tu mano.
  (1), retira del juego 3 Invocaciones de la Break Zone: Elige 1 Delantero Oficio Gaviotas. Actívalo. Este gana +1000 de poder hasta el final del turno.</text>
      <prop>
        <type>Forward - X - Gullwings</type>
        <manacost>6</manacost>
        <colors>Water</colors>
        <pt>8000</pt>
      </prop>
      <set picurl="https://fftcg.cdn.sewest.net/images/cards/full/6-124L_eg.jpg">Opus VI</set>
      <tablerow>2</tablerow>
    </card>
    <card>
      <name>Leviathan (6-125R)</name>
      <text>Selecciona 1 de las siguientes 3 acciones.
"Elige 1 Delantero. Devuélvelo a la mano de su propietario."
"Elige 1 habilidad de acción. Cancela su efecto."
"Durante este turno, si un Delantero que controlas recibe daño de Invocaciones, el daño se vuelve 0 en su lugar."</text>
      <prop>
        <type>Summon - MOBIUS · VII</type>
        <manacost>3</manacost>
        <colors>Water</colors>
        <pt>0</pt>
      </prop>
      <set picurl="https://fftcg.cdn.sewest.net/images/cards/full/6-125R_eg.jpg">Opus VI</set>
      <tablerow>3</tablerow>
    </card>
    <card>
      <name>Leila (6-126R)</name>
      <text>Cuando Leila entra al terreno de juego, elige 1 Nombre de la carta Vikingo de coste 3 o menos de tu Break Zone. Juégala al terreno de juego.</text>
      <prop>
        <type>Forward - PICTLOGICA · II - Pirate</type>
        <manacost>4</manacost>
        <colors>Water</colors>
        <pt>3000</pt>
      </prop>
      <set picurl="https://fftcg.cdn.sewest.net/images/cards/full/6-126R_eg.jpg">Opus VI</set>
      <tablerow>2</tablerow>
    </card>
    <card>
      <name>Hraesvelgr (6-127L)</name>
      <text>Cuando Hraesvelgr entra al terreno de juego, selecciona 1 de las siguientes 3 acciones.
"Omite la Attack Phase de tu oponente en su siguiente turno. Retira del juego las 5 cartas de la parte superior de tu mazo."
"Elige 1 personaje de tu Break Zone. Añádelo a tu mano."
"Retira del juego todas las cartas de la Break Zone de tu oponente."</text>
      <prop>
        <type>Forward - XIV - The First Brood</type>
        <manacost>6</manacost>
        <colors>Light</colors>
        <pt>9000</pt>
      </prop>
      <set picurl="https://fftcg.cdn.sewest.net/images/cards/full/6-127L_eg.jpg">Opus VI</set>
      <tablerow>2</tablerow>
    </card>
    <card>
      <name>Materia (6-128H)</name>
      <text>Materia puede ser jugado al terreno de juego aun cuando controlas otros personajes Luz.
Puedes jugar 2 o más personajes Luz al terreno de juego.
Cuando Materia entra al terreno de juego, puedes buscar 1 Delantero Luz y añadirlo a tu mano.</text>
      <prop>
        <type>Backup - DFF - Goddess</type>
        <manacost>4</manacost>
        <colors>Light</colors>
        <pt>0</pt>
      </prop>
      <set picurl="https://fftcg.cdn.sewest.net/images/cards/full/6-128H_eg.jpg">Opus VI</set>
      <tablerow>0</tablerow>
    </card>
    <card>
      <name>Spiritus (6-129H)</name>
      <text>Spiritus puede ser jugado al terreno de juego aun cuando controlas otros personajes Oscuridad.
Puedes jugar 2 o más personajes Oscuridad al terreno de juego.
Cuando Spiritus entra al terreno de juego, puedes buscar 1 Delantero Oscuridad y añadirlo a tu mano.</text>
      <prop>
        <type>Backup - DFF - God</type>
        <manacost>4</manacost>
        <colors>Dark</colors>
        <pt>0</pt>
      </prop>
      <set picurl="https://fftcg.cdn.sewest.net/images/cards/full/6-129H_eg.jpg">Opus VI</set>
      <tablerow>0</tablerow>
    </card>
    <card>
      <name>Nidhogg (6-130L)</name>
      <text>Cuando Nidhogg entra al terreno de juego, tu oponente retira del juego 1 carta al azar de su mano.
Cuando Nidhogg entra al terreno de juego, elige 1 Delantero controlado por tu oponente. Retíralo del juego.</text>
      <prop>
        <type>Forward - XIV - The First Brood</type>
        <manacost>9</manacost>
        <colors>Dark</colors>
        <pt>9000</pt>
      </prop>
      <set picurl="https://fftcg.cdn.sewest.net/images/cards/full/6-130L_eg.jpg">Opus VI</set>
      <tablerow>2</tablerow>
    </card>
  </cards>
</cockatrice_carddatabase>