<?xml version="1.0" encoding="UTF-8"?>
<cockatrice_carddatabase version="4">
  <sets>
    <set>
      <name>Opus VII</name>
      <longname>Opus VII</longname>
      <settype>Custom</settype>
      <releasedate></releasedate>
    </set>
  </sets>
  <cards>
    <card>
      <name>Auron (7-001H)</name>
      <text>Los Delanteros Categoría X que controlas ganan Bravura.
(Dull): Elige 1 Delantero bloqueante. Este gana +1000 de poder hasta el final del turno.</text>
      <prop>
        <type>Forward - X - Guardian</type>
        <manacost>4</manacost>
        <colors>Fire</colors>
        <pt>8000</pt>
      </prop>
      <set picurl="https://fftcg.cdn.sewest.net/images/cards/full/7-001H_eg.jpg">Opus VII</set>
      <tablerow>2</tablerow>
    </card>
    <card>
      <name>Aigis (7-002R)</name>
      <text>Los Delanteros Oficio Guerrero de la Luz que controlas que no sean Aigis ganan Bravura.
Cuando Aigis entra al terreno de juego, puedes jugar 1 Delantero de coste 2 o menos de tu mano al terreno de juego.</text>
      <prop>
        <type>Forward - FFL - Warrior of Light</type>
        <manacost>4</manacost>
        <colors>Fire</colors>
        <pt>8000</pt>
      </prop>
      <set picurl="https://fftcg.cdn.sewest.net/images/cards/full/7-002R_eg.jpg">Opus VII</set>
      <tablerow>2</tablerow>
    </card>
    <card>
      <name>Red Mage (7-003C)</name>
      <text>Cuando Mago rojo entra al terreno de juego, si el coste pagado para jugar Mago rojo incluye CP Frío, tu oponente descarta 1 carta de su mano.
(Dull): Elige 1 Delantero. Inflígele 1000 puntos de daño.</text>
      <prop>
        <type>Forward - V - Standard Unit</type>
        <manacost>2</manacost>
        <colors>Fire</colors>
        <pt>4000</pt>
      </prop>
      <set picurl="https://fftcg.cdn.sewest.net/images/cards/full/7-003C_eg.jpg">Opus VII</set>
      <tablerow>2</tablerow>
    </card>
    <card>
      <name>Fritt (7-004C)</name>
      <text>Ifritito es también un Monstruo en cualquier situación.
Cuando Ifritito pasa del terreno de juego a la Break Zone, puedes buscar 1 Nombre de la carta Ifrit y añadirla a tu mano.</text>
      <prop>
        <type>Forward - WOFF - Ifrit</type>
        <manacost>2</manacost>
        <colors>Fire</colors>
        <pt>4000</pt>
      </prop>
      <set picurl="https://fftcg.cdn.sewest.net/images/cards/full/7-004C_eg.jpg">Opus VII</set>
      <tablerow>2</tablerow>
    </card>
    <card>
      <name>Ifrit (7-005C)</name>
      <text>[EX BURST] Elige 1 Delantero. Inflígele 7000 puntos de daño. Si Ifrit es el resultado de un EX Burst, inflígele 8000 puntos de daño en su lugar.</text>
      <prop>
        <type>Summon - DFF</type>
        <manacost>4</manacost>
        <colors>Fire</colors>
        <pt>0</pt>
      </prop>
      <set picurl="https://fftcg.cdn.sewest.net/images/cards/full/7-005C_eg.jpg">Opus VII</set>
      <tablerow>3</tablerow>
    </card>
    <card>
      <name>Varuna (7-006R)</name>
      <text>Cuando un Delantero que controlas le inflige daño a tu oponente, si Varn no es un Delantero, Varn pasa a ser un Delantero con 8000 de poder y Bravura. (Este efecto no termina al final del turno. Esta habilidad no se desencadena si Varn es un Delantero.)</text>
      <prop>
        <type>Monster - X - Varuna</type>
        <manacost>2</manacost>
        <colors>Fire</colors>
        <pt>8000</pt>
      </prop>
      <set picurl="https://fftcg.cdn.sewest.net/images/cards/full/7-006R_eg.jpg">Opus VII</set>
      <tablerow>1</tablerow>
    </card>
    <card>
      <name>Black Mage (7-007C)</name>
      <text>(Fire)(Dull), pon Mago negro en la Break Zone: Elige 1 Delantero. Inflígele 4000 puntos de daño.</text>
      <prop>
        <type>Backup - V - Standard Unit</type>
        <manacost>2</manacost>
        <colors>Fire</colors>
        <pt>0</pt>
      </prop>
      <set picurl="https://fftcg.cdn.sewest.net/images/cards/full/7-007C_eg.jpg">Opus VII</set>
      <tablerow>0</tablerow>
    </card>
    <card>
      <name>Sazh (7-008C)</name>
      <text>[EX BURST] Cuando Sazh entra al terreno de juego, puedes buscar 1 Invocación Fuego y añadirla a tu mano.</text>
      <prop>
        <type>Backup - XIII - Ravager</type>
        <manacost>4</manacost>
        <colors>Fire</colors>
        <pt>0</pt>
      </prop>
      <set picurl="https://fftcg.cdn.sewest.net/images/cards/full/7-008C_eg.jpg">Opus VII</set>
      <tablerow>0</tablerow>
    </card>
    <card>
      <name>Samurai (7-009C)</name>
      <text>Cuando Samurái entra al terreno de juego, elige 1 Delantero Fuego. Este gana +2000 de poder y Bravura hasta el final del turno.
(Dull), pon Samurái en la Break Zone: Elige 1 Delantero Fuego. Este gana +2000 de poder y Bravura hasta el final del turno. Solo puedes usar esta habilidad si has recibido 5 o más puntos de daño.</text>
      <prop>
        <type>Backup - V - Standard Unit</type>
        <manacost>2</manacost>
        <colors>Fire</colors>
        <pt>0</pt>
      </prop>
      <set picurl="https://fftcg.cdn.sewest.net/images/cards/full/7-009C_eg.jpg">Opus VII</set>
      <tablerow>0</tablerow>
    </card>
    <card>
      <name>Jecht (7-010L)</name>
      <text>Si has recibido 4 o más puntos de daño, el coste requerido para jugar Jecht al terreno de juego se reduce en 4.
Cuando Jecht entra al terreno de juego, si tienes al menos 2 puntos de daño más que tu oponente, Jecht le inflige 1 punto de daño a tu oponente.</text>
      <prop>
        <type>Forward - DFF · X - Guardian</type>
        <manacost>5</manacost>
        <colors>Fire</colors>
        <pt>9000</pt>
      </prop>
      <set picurl="https://fftcg.cdn.sewest.net/images/cards/full/7-010L_eg.jpg">Opus VII</set>
      <tablerow>2</tablerow>
    </card>
    <card>
      <name>Summoner (7-011C)</name>
      <text>Cuando Invocador entra al terreno de juego, elige 1 Delantero controlado por tu oponente. Si el coste pagado para jugar Invocador incluye CP Rayo, ponlo en dull.</text>
      <prop>
        <type>Forward - V - Standard Unit</type>
        <manacost>3</manacost>
        <colors>Fire</colors>
        <pt>7000</pt>
      </prop>
      <set picurl="https://fftcg.cdn.sewest.net/images/cards/full/7-011C_eg.jpg">Opus VII</set>
      <tablerow>2</tablerow>
    </card>
    <card>
      <name>Sol (7-012H)</name>
      <text>Si controlas un Delantero Oficio Guerrero de la Luz que no sea Sol, Sol gana +2000 de poder y Prisa.</text>
      <prop>
        <type>Forward - FFL - Warrior of Light</type>
        <manacost>2</manacost>
        <colors>Fire</colors>
        <pt>5000</pt>
      </prop>
      <set picurl="https://fftcg.cdn.sewest.net/images/cards/full/7-012H_eg.jpg">Opus VII</set>
      <tablerow>2</tablerow>
    </card>
    <card>
      <name>Berserker (7-013R)</name>
      <text>Cuando Bárbaro inflige daño a tu oponente o a un Delantero, rompe Bárbaro.</text>
      <prop>
        <type>Forward - V - Standard Unit</type>
        <manacost>2</manacost>
        <colors>Fire</colors>
        <pt>8000</pt>
      </prop>
      <set picurl="https://fftcg.cdn.sewest.net/images/cards/full/7-013R_eg.jpg">Opus VII</set>
      <tablerow>2</tablerow>
    </card>
    <card>
      <name>Baugauven (7-014R)</name>
      <text>Cuando Baugauven entra al terreno de juego, elige 1 Delantero controlado por tu oponente. Si el coste para jugar Baugauven solo se ha pagado con CP Fuego, inflígele 7000 puntos de daño.
Azote final (S)(Fire)(Fire)(Dull): Elige 1 Delantero de cualquier elemento que no sea Fuego. Inflígele 10000 puntos de daño.</text>
      <prop>
        <type>Forward - FFL - The Four Generals</type>
        <manacost>5</manacost>
        <colors>Fire</colors>
        <pt>8000</pt>
      </prop>
      <set picurl="https://fftcg.cdn.sewest.net/images/cards/full/7-014R_eg.jpg">Opus VII</set>
      <tablerow>2</tablerow>
    </card>
    <card>
      <name>Fang (7-015R)</name>
      <text>Si controlas 2 o más personajes Categoría XIII, Fang gana Iniciativa.
Si controlas 4 o más personajes Categoría XIII, Fang gana Prisa.
Si controlas 6 o más personajes Categoría XIII, Fang gana +3000 de poder.</text>
      <prop>
        <type>Forward - XIII - Commando</type>
        <manacost>3</manacost>
        <colors>Fire</colors>
        <pt>7000</pt>
      </prop>
      <set picurl="https://fftcg.cdn.sewest.net/images/cards/full/7-015R_eg.jpg">Opus VII</set>
      <tablerow>2</tablerow>
    </card>
    <card>
      <name>Bomb (7-016C)</name>
      <text>Pon Bom en la Break Zone: Elige 1 Delantero. Inflígele 3000 puntos de daño, e inflige 2000 puntos de daño a todos los Delanteros controlados por tu oponente.
Descarta Bom: Elige 1 Delantero. Inflígele 2000 puntos de daño. Solo puedes usar esta habilidad si Bom está en tu mano.</text>
      <prop>
        <type>Monster - Special - Bomb</type>
        <manacost>2</manacost>
        <colors>Fire</colors>
        <pt>0</pt>
      </prop>
      <set picurl="https://fftcg.cdn.sewest.net/images/cards/full/7-016C_eg.jpg">Opus VII</set>
      <tablerow>1</tablerow>
    </card>
    <card>
      <name>Meeth (7-017H)</name>
      <text>Cuando Meeth entra al terreno de juego, puedes descartar 1 carta. Si lo haces, busca 1 Delantero del mismo coste que la carta descartada y añádelo a tu mano.</text>
      <prop>
        <type>Backup - FFCC - Alchemist</type>
        <manacost>2</manacost>
        <colors>Fire</colors>
        <pt>0</pt>
      </prop>
      <set picurl="https://fftcg.cdn.sewest.net/images/cards/full/7-017H_eg.jpg">Opus VII</set>
      <tablerow>0</tablerow>
    </card>
    <card>
      <name>Lann (7-018L)</name>
      <text>Si controlas Nombre de la carta Reynn, Lann gana +1000 de poder.
Cuando Lann inflige daño a tu oponente o a un Delantero, elige 1 Delantero. Puedes pagar (Fire)(Fire)(Fire)(1). Si lo haces, inflígele daño equivalente al poder de Lann.</text>
      <prop>
        <type>Forward - WOFF - Mirage Keeper</type>
        <manacost>4</manacost>
        <colors>Fire</colors>
        <pt>8000</pt>
      </prop>
      <set picurl="https://fftcg.cdn.sewest.net/images/cards/full/7-018L_eg.jpg">Opus VII</set>
      <tablerow>2</tablerow>
    </card>
    <card>
      <name>Latov (7-019R)</name>
      <text>Cuando Latov entra al terreno de juego, elige 1 Nombre de la carta Chelinka o Nombre de la carta Yuri de tu Break Zone. Juégala al terreno de juego.</text>
      <prop>
        <type>Backup - FFCC - Father</type>
        <manacost>5</manacost>
        <colors>Fire</colors>
        <pt>0</pt>
      </prop>
      <set picurl="https://fftcg.cdn.sewest.net/images/cards/full/7-019R_eg.jpg">Opus VII</set>
      <tablerow>0</tablerow>
    </card>
    <card>
      <name>Lulu (7-020C)</name>
      <text>Cuando Lulu entra al terreno de juego, elige 1 Delantero. Puedes poner 1 Apoyo que controlas que no sea Lulu en la Break Zone. Si lo haces, inflígele 7000 puntos de daño.</text>
      <prop>
        <type>Backup - X - Guardian</type>
        <manacost>2</manacost>
        <colors>Fire</colors>
        <pt>0</pt>
      </prop>
      <set picurl="https://fftcg.cdn.sewest.net/images/cards/full/7-020C_eg.jpg">Opus VII</set>
      <tablerow>0</tablerow>
    </card>
    <card>
      <name>Reynn (7-021H)</name>
      <text>[EX BURST] Cuando Reynn entra al terreno de juego, puedes buscar 1 Monstruo Categoría WOFF y añadirlo a tu mano.
Los Monstruos Categoría WOFF que controlas ganan +1000 de poder.</text>
      <prop>
        <type>Forward - WOFF - Mirage Keeper</type>
        <manacost>3</manacost>
        <colors>Fire</colors>
        <pt>6000</pt>
      </prop>
      <set picurl="https://fftcg.cdn.sewest.net/images/cards/full/7-021H_eg.jpg">Opus VII</set>
      <tablerow>2</tablerow>
    </card>
    <card>
      <name>Emperor (FFL) (7-022H)</name>
      <text>Cuando Emperador (FFL) o un personaje Categoría FFL entra a tu terreno de juego, elige 1 Delantero de coste 5 o más controlado por tu oponente. Ponlo en dull y congélalo.</text>
      <prop>
        <type>Backup - FFL - Emperor</type>
        <manacost>2</manacost>
        <colors>Ice</colors>
        <pt>0</pt>
      </prop>
      <set picurl="https://fftcg.cdn.sewest.net/images/cards/full/7-022H_eg.jpg">Opus VII</set>
      <tablerow>0</tablerow>
    </card>
    <card>
      <name>Eduardo (7-023R)</name>
      <text>Cuando un Delantero Oficio Bardo que controlas ataca, tu oponente descarta 1 carta de su mano.</text>
      <prop>
        <type>Forward - FFL - Bard</type>
        <manacost>5</manacost>
        <colors>Ice</colors>
        <pt>8000</pt>
      </prop>
      <set picurl="https://fftcg.cdn.sewest.net/images/cards/full/7-023R_eg.jpg">Opus VII</set>
      <tablerow>2</tablerow>
    </card>
    <card>
      <name>Bard (7-024C)</name>
      <text>Cuando Bardo entra al terreno de juego, elige hasta 2 Delanteros controlados por tu oponente. Congélalos.
(Dull), pon Bardo en la Break Zone: Elige 1 Delantero. Ponlo en dull y congélalo.</text>
      <prop>
        <type>Backup - V - Standard Unit</type>
        <manacost>3</manacost>
        <colors>Ice</colors>
        <pt>0</pt>
      </prop>
      <set picurl="https://fftcg.cdn.sewest.net/images/cards/full/7-024C_eg.jpg">Opus VII</set>
      <tablerow>0</tablerow>
    </card>
    <card>
      <name>Cu Chaspel (7-025H)</name>
      <text>Las Nombre de la carta Galdes que controlas ganan +1000 de poder.
Cuando Cu Chaspel entra al terreno de juego, tu oponente selecciona 1 Delantero que controla. Ponlo en dull y congélalo.</text>
      <prop>
        <type>Backup - FFCC - Masked Man</type>
        <manacost>2</manacost>
        <colors>Ice</colors>
        <pt>0</pt>
      </prop>
      <set picurl="https://fftcg.cdn.sewest.net/images/cards/full/7-025H_eg.jpg">Opus VII</set>
      <tablerow>0</tablerow>
    </card>
    <card>
      <name>Gremlin (7-026R)</name>
      <text>Cuando tu oponente descarta una carta de su mano a causa de tus Invocaciones o habilidades, si Gremlin no es un Delantero, Gremlin pasa a ser un Delantero con 7000 de poder y "Cuando Gremlin pasa del terreno de juego a la Break Zone, elige 1 Delantero controlado por tu oponente. Ponlo en dull y congélalo". (Este efecto no termina al final del turno. Esta habilidad no se desencadena si Gremlin es un Delantero.)</text>
      <prop>
        <type>Monster - XIII - Spook</type>
        <manacost>2</manacost>
        <colors>Ice</colors>
        <pt>7000</pt>
      </prop>
      <set picurl="https://fftcg.cdn.sewest.net/images/cards/full/7-026R_eg.jpg">Opus VII</set>
      <tablerow>1</tablerow>
    </card>
    <card>
      <name>Black Mage (7-027C)</name>
      <text>Cuando Mago negro entra al terreno de juego, si el coste pagado para jugar Mago negro incluye CP Agua, coge 2 cartas. Después, descarta 1 carta de tu mano.</text>
      <prop>
        <type>Forward - V - Standard Unit</type>
        <manacost>2</manacost>
        <colors>Ice</colors>
        <pt>4000</pt>
      </prop>
      <set picurl="https://fftcg.cdn.sewest.net/images/cards/full/7-027C_eg.jpg">Opus VII</set>
      <tablerow>2</tablerow>
    </card>
    <card>
      <name>Black Mage (7-028C)</name>
      <text>(Ice)(Dull): Elige 1 Delantero en dull. Inflígele 2000 puntos de daño.</text>
      <prop>
        <type>Backup - V - Standard Unit</type>
        <manacost>2</manacost>
        <colors>Ice</colors>
        <pt>0</pt>
      </prop>
      <set picurl="https://fftcg.cdn.sewest.net/images/cards/full/7-028C_eg.jpg">Opus VII</set>
      <tablerow>0</tablerow>
    </card>
    <card>
      <name>Kefka (7-029H)</name>
      <text>Cuando Kefka entra al terreno de juego, si el coste para jugar Kefka solo se ha pagado con CP Frío, tu oponente puede descartar 2 cartas. Si no lo hace, congela todos los Delanteros controlados por tu oponente.
Cuando Kefka entra al terreno de juego, si el coste para jugar Kefka se ha pagado exactamente con 3 elementos distintos, elige hasta 1 Delantero, hasta 1 Apoyo y hasta 1 Monstruo. Ponlos en dull y congélalos.</text>
      <prop>
        <type>Forward - DFF · VI - Mage</type>
        <manacost>5</manacost>
        <colors>Ice</colors>
        <pt>8000</pt>
      </prop>
      <set picurl="https://fftcg.cdn.sewest.net/images/cards/full/7-029H_eg.jpg">Opus VII</set>
      <tablerow>2</tablerow>
    </card>
    <card>
      <name>Goblin (7-030C)</name>
      <text>Pon Duende en la Break Zone: Busca 1 Monstruo y añádelo a tu mano.
Descarta Duende: Elige 1 Delantero en dull. Inflígele 3000 puntos de daño. Solo puedes usar esta habilidad si Duende está en tu mano.</text>
      <prop>
        <type>Monster - Special - Goblin</type>
        <manacost>2</manacost>
        <colors>Ice</colors>
        <pt>0</pt>
      </prop>
      <set picurl="https://fftcg.cdn.sewest.net/images/cards/full/7-030C_eg.jpg">Opus VII</set>
      <tablerow>1</tablerow>
    </card>
    <card>
      <name>Shiva (7-031C)</name>
      <text>[EX BURST] Elige hasta 2 Delanteros controlados por tu oponente. Congélalos. Si Shiva es el resultado de un EX Burst, ponlos en dull y congélalos en su lugar.</text>
      <prop>
        <type>Summon - DFF</type>
        <manacost>3</manacost>
        <colors>Ice</colors>
        <pt>0</pt>
      </prop>
      <set picurl="https://fftcg.cdn.sewest.net/images/cards/full/7-031C_eg.jpg">Opus VII</set>
      <tablerow>3</tablerow>
    </card>
    <card>
      <name>Jihl Nabaat (7-032R)</name>
      <text>Cuando Jihl Nabaat entra al terreno de juego, selecciona 1 de las siguientes 2 acciones.
"Por cada Oficio PSICOM que controlas, tu oponente descarta 1 carta de su mano."
"Inflige 4000 puntos de daño a todos los Delanteros en dull controlados por tu oponente."</text>
      <prop>
        <type>Backup - XIII - PSICOM</type>
        <manacost>4</manacost>
        <colors>Ice</colors>
        <pt>0</pt>
      </prop>
      <set picurl="https://fftcg.cdn.sewest.net/images/cards/full/7-032R_eg.jpg">Opus VII</set>
      <tablerow>0</tablerow>
    </card>
    <card>
      <name>Snow (7-033R)</name>
      <text>Cuando un Delantero que controlas ataca, elige 1 Delantero controlado por tu oponente. Ponlo en dull.</text>
      <prop>
        <type>Backup - XIII - Commando</type>
        <manacost>4</manacost>
        <colors>Ice</colors>
        <pt>0</pt>
      </prop>
      <set picurl="https://fftcg.cdn.sewest.net/images/cards/full/7-033R_eg.jpg">Opus VII</set>
      <tablerow>0</tablerow>
    </card>
    <card>
      <name>Sephiroth (7-034L)</name>
      <text>Cuando Sefirot entra al terreno de juego, tu oponente descarta 2 cartas de su mano.
Cuando Sefirot ataca, elige 1 Delantero controlado por tu oponente. Si tu oponente no tiene ninguna carta en su mano, ponlo en dull y congélalo.
Fulgor espectral (S)(Ice): Tu oponente descarta 2 cartas de su mano. Solo puedes usar esta habilidad durante tu Main Phase.</text>
      <prop>
        <type>Forward - DFF · VII - War Hero</type>
        <manacost>7</manacost>
        <colors>Ice</colors>
        <pt>8000</pt>
      </prop>
      <set picurl="https://fftcg.cdn.sewest.net/images/cards/full/7-034L_eg.jpg">Opus VII</set>
      <tablerow>2</tablerow>
    </card>
    <card>
      <name>Serah (7-035L)</name>
      <text>Cuando Serah entra al terreno de juego, elige tantos personajes como personajes Categoría XIII controlas. Ponlos en dull.
Pon en dull 2 personajes Categoría XIII activos: Elige 1 Delantero. Congélalo.</text>
      <prop>
        <type>Forward - XIII - Commando</type>
        <manacost>4</manacost>
        <colors>Ice</colors>
        <pt>8000</pt>
      </prop>
      <set picurl="https://fftcg.cdn.sewest.net/images/cards/full/7-035L_eg.jpg">Opus VII</set>
      <tablerow>2</tablerow>
    </card>
    <card>
      <name>Terra (7-036R)</name>
      <text>Cuando lanzas una Invocación, elige 1 Delantero controlado por tu oponente. Ponlo en dull.</text>
      <prop>
        <type>Backup - DFF · VI - Magitek Knight</type>
        <manacost>3</manacost>
        <colors>Ice</colors>
        <pt>0</pt>
      </prop>
      <set picurl="https://fftcg.cdn.sewest.net/images/cards/full/7-036R_eg.jpg">Opus VII</set>
      <tablerow>0</tablerow>
    </card>
    <card>
      <name>Time Mage (7-037R)</name>
      <text>Cuando Mago temporal entra al terreno de juego, elige 1 Delantero controlado por tu oponente. Ponlo en dull y congélalo.</text>
      <prop>
        <type>Forward - V - Standard Unit</type>
        <manacost>3</manacost>
        <colors>Ice</colors>
        <pt>5000</pt>
      </prop>
      <set picurl="https://fftcg.cdn.sewest.net/images/cards/full/7-037R_eg.jpg">Opus VII</set>
      <tablerow>2</tablerow>
    </card>
    <card>
      <name>Bablizz (7-038C)</name>
      <text>Nievita es también un Monstruo en cualquier situación.
Cuando Nievita pasa del terreno de juego a la Break Zone, puedes buscar 1 Nombre de la carta Shiva y añadirla a tu mano.</text>
      <prop>
        <type>Forward - WOFF - Shiva</type>
        <manacost>2</manacost>
        <colors>Ice</colors>
        <pt>4000</pt>
      </prop>
      <set picurl="https://fftcg.cdn.sewest.net/images/cards/full/7-038C_eg.jpg">Opus VII</set>
      <tablerow>2</tablerow>
    </card>
    <card>
      <name>Mystic Knight (7-039C)</name>
      <text>Cuando Señor místico entra al terreno de juego, elige hasta 2 Apoyos. Si el coste pagado para jugar Señor místico incluye CP Aire, actívalos.
El coste requerido para lanzar tus Invocaciones Frío se reduce en 1 (no puede ser 0).</text>
      <prop>
        <type>Forward - V - Standard Unit</type>
        <manacost>3</manacost>
        <colors>Ice</colors>
        <pt>6000</pt>
      </prop>
      <set picurl="https://fftcg.cdn.sewest.net/images/cards/full/7-039C_eg.jpg">Opus VII</set>
      <tablerow>2</tablerow>
    </card>
    <card>
      <name>Yunalesca (7-040C)</name>
      <text>Cuando Yunalesca entra al terreno de juego o ataca, elige 1 Delantero. Puedes descartar 1 Invocación de tu mano. Si lo haces, ponlo en dull y congélalo.</text>
      <prop>
        <type>Forward - PICTLOGICA · X - Summoner</type>
        <manacost>3</manacost>
        <colors>Ice</colors>
        <pt>7000</pt>
      </prop>
      <set picurl="https://fftcg.cdn.sewest.net/images/cards/full/7-040C_eg.jpg">Opus VII</set>
      <tablerow>2</tablerow>
    </card>
    <card>
      <name>Yeul (7-041C)</name>
      <text>(Ice)(Dull), pon Yuul en la Break Zone: Busca 1 Delantero y ponlo debajo de la carta superior de tu mazo.</text>
      <prop>
        <type>Backup - XIII - Seeress</type>
        <manacost>2</manacost>
        <colors>Ice</colors>
        <pt>0</pt>
      </prop>
      <set picurl="https://fftcg.cdn.sewest.net/images/cards/full/7-041C_eg.jpg">Opus VII</set>
      <tablerow>0</tablerow>
    </card>
    <card>
      <name>Lasswell (7-042H)</name>
      <text>Cuando Lasswell entra al terreno de juego, elige 1 Delantero en dull. Inflígele 5000 puntos de daño. Si controlas 5 o más personajes Frío, inflígele 7000 puntos de daño en su lugar.</text>
      <prop>
        <type>Forward - FFBE - Knight</type>
        <manacost>2</manacost>
        <colors>Ice</colors>
        <pt>4000</pt>
      </prop>
      <set picurl="https://fftcg.cdn.sewest.net/images/cards/full/7-042H_eg.jpg">Opus VII</set>
      <tablerow>2</tablerow>
    </card>
    <card>
      <name>Aleria (7-043C)</name>
      <text>[EX BURST]Cuando Aleria entra al terreno de juego, puedes buscar 1 Nombre de la carta Chelinka o Nombre de la carta Yuri y añadirla a tu mano.</text>
      <prop>
        <type>Backup - FFCC - Mother</type>
        <manacost>3</manacost>
        <colors>Wind</colors>
        <pt>0</pt>
      </prop>
      <set picurl="https://fftcg.cdn.sewest.net/images/cards/full/7-043C_eg.jpg">Opus VII</set>
      <tablerow>0</tablerow>
    </card>
    <card>
      <name>Alhanalem (7-044H)</name>
      <text>(Dull): Elige 1 Delantero. Inflígele 2000 puntos de daño. Solo puedes usar esta habilidad si controlas Nombre de la carta Chelinka o Nombre de la carta Yuri.
(Dull): Inflige 2000 puntos de daño a todos los Delanteros controlados por tu oponente. Solo puedes usar esta habilidad si controlas Nombre de la carta Chelinka y Nombre de la carta Yuri.</text>
      <prop>
        <type>Backup - FFCC - Mage</type>
        <manacost>2</manacost>
        <colors>Wind</colors>
        <pt>0</pt>
      </prop>
      <set picurl="https://fftcg.cdn.sewest.net/images/cards/full/7-044H_eg.jpg">Opus VII</set>
      <tablerow>0</tablerow>
    </card>
    <card>
      <name>Alexander (7-045C)</name>
      <text>[EX BURST] Elige 1 Delantero de coste 5 o más controlado por tu oponente. Devuélvelo a la mano de su propietario. Si Alejandro es el resultado de un EX Burst, rómpelo en su lugar.</text>
      <prop>
        <type>Summon - XIII</type>
        <manacost>2</manacost>
        <colors>Wind</colors>
        <pt>0</pt>
      </prop>
      <set picurl="https://fftcg.cdn.sewest.net/images/cards/full/7-045C_eg.jpg">Opus VII</set>
      <tablerow>3</tablerow>
    </card>
    <card>
      <name>Vata (7-046R)</name>
      <text>Cuando Vata entra al terreno de juego, si el coste para jugar Vata solo se ha pagado con CP Aire, activa todos los Apoyos Aire que controlas.</text>
      <prop>
        <type>Forward - FFL - The Four Generals</type>
        <manacost>4</manacost>
        <colors>Wind</colors>
        <pt>8000</pt>
      </prop>
      <set picurl="https://fftcg.cdn.sewest.net/images/cards/full/7-046R_eg.jpg">Opus VII</set>
      <tablerow>2</tablerow>
    </card>
    <card>
      <name>Dancer (7-047C)</name>
      <text>(Dull): Inflige 1000 puntos de daño a todos los Delanteros controlados por tu oponente.</text>
      <prop>
        <type>Backup - V - Standard Unit</type>
        <manacost>3</manacost>
        <colors>Wind</colors>
        <pt>0</pt>
      </prop>
      <set picurl="https://fftcg.cdn.sewest.net/images/cards/full/7-047C_eg.jpg">Opus VII</set>
      <tablerow>0</tablerow>
    </card>
    <card>
      <name>Ranger (7-048C)</name>
      <text>Cuando Guardabosques entra al terreno de juego, elige 1 Monstruo de coste 3 o menos controlado por tu oponente. Si el coste pagado para jugar Guardabosques incluye CP Tierra, rómpelo.
Cuando Guardabosques ataca, elige 1 Delantero controlado por tu oponente. Inflígele 2000 puntos de daño.</text>
      <prop>
        <type>Forward - V - Standard Unit</type>
        <manacost>2</manacost>
        <colors>Wind</colors>
        <pt>4000</pt>
      </prop>
      <set picurl="https://fftcg.cdn.sewest.net/images/cards/full/7-048C_eg.jpg">Opus VII</set>
      <tablerow>2</tablerow>
    </card>
    <card>
      <name>Kelger (7-049H)</name>
      <text>Cuando Kelger entra al terreno de juego, revela las 5 cartas de la parte superior de tu mazo. Juega 1 Oficio Guerrero del alba entre ellas al terreno de juego y pon el resto en la parte inferior de tu mazo en el orden que quieras.</text>
      <prop>
        <type>Forward - V - Dawn Warrior</type>
        <manacost>6</manacost>
        <colors>Wind</colors>
        <pt>8000</pt>
      </prop>
      <set picurl="https://fftcg.cdn.sewest.net/images/cards/full/7-049H_eg.jpg">Opus VII</set>
      <tablerow>2</tablerow>
    </card>
    <card>
      <name>Condor (7-050R)</name>
      <text>Cuando un Apoyo entra a tu terreno de juego, si controlas 5 o más Apoyos, si Cóndor no es un Delantero, Cóndor pasa a ser un Delantero con 8000 de poder y "Cuando Cóndor ataca, activa todos los personajes Aire que controlas que no sean Cóndor". (Este efecto no termina al final del turno. Esta habilidad no se desencadena si Cóndor es un Delantero.)</text>
      <prop>
        <type>Monster - X - Bird</type>
        <manacost>4</manacost>
        <colors>Wind</colors>
        <pt>8000</pt>
      </prop>
      <set picurl="https://fftcg.cdn.sewest.net/images/cards/full/7-050R_eg.jpg">Opus VII</set>
      <tablerow>1</tablerow>
    </card>
    <card>
      <name>Cactuar Conductor (7-051C)</name>
      <text>Cuando Revisor cactilio entra al terreno de juego, elige 1 Delantero. Durante este turno, el siguiente daño que reciba se vuelve 0 en su lugar.
(Wind)(Wind)(Dull), pon Revisor cactilio en la Break Zone: Elige 1 Delantero. Durante este turno, el siguiente daño que reciba se vuelve 0 en su lugar.</text>
      <prop>
        <type>Backup - WOFF - Cactuar</type>
        <manacost>2</manacost>
        <colors>Wind</colors>
        <pt>0</pt>
      </prop>
      <set picurl="https://fftcg.cdn.sewest.net/images/cards/full/7-051C_eg.jpg">Opus VII</set>
      <tablerow>0</tablerow>
    </card>
    <card>
      <name>Thief (7-052C)</name>
      <text>(Wind)(Wind)(Dull), pon Ladrón en la Break Zone: Tu oponente pone las 2 cartas de la parte superior de su mazo en la Break Zone. Si ambas cartas son del mismo elemento, coge 1 carta.</text>
      <prop>
        <type>Backup - V - Standard Unit</type>
        <manacost>2</manacost>
        <colors>Wind</colors>
        <pt>0</pt>
      </prop>
      <set picurl="https://fftcg.cdn.sewest.net/images/cards/full/7-052C_eg.jpg">Opus VII</set>
      <tablerow>0</tablerow>
    </card>
    <card>
      <name>Zu (7-053C)</name>
      <text>Pon Zu en la Break Zone: Activa todos los Apoyos que controlas.
Descarta Zu: Elige hasta 2 Apoyos que controlas. Actívalos. Solo puedes usar esta habilidad si Zu está en tu mano.</text>
      <prop>
        <type>Monster - Special - Zu</type>
        <manacost>2</manacost>
        <colors>Wind</colors>
        <pt>0</pt>
      </prop>
      <set picurl="https://fftcg.cdn.sewest.net/images/cards/full/7-053C_eg.jpg">Opus VII</set>
      <tablerow>1</tablerow>
    </card>
    <card>
      <name>Chelinka (7-054L)</name>
      <text>Si un personaje Categoría FFCC que controlas inflige daño a un Delantero, el daño aumenta en 1000 en su lugar.
Cuando Chelinka entra al terreno de juego, inflige 1000 puntos de daño a todos los Delanteros controlados por tu oponente.
Cuando Chelinka forma equipo con Nombre de la carta Yuri y ataca, elige 1 Delantero o 1 Monstruo. Rómpelo.</text>
      <prop>
        <type>Forward - FFCC - Girl</type>
        <manacost>3</manacost>
        <colors>Wind</colors>
        <pt>7000</pt>
      </prop>
      <set picurl="https://fftcg.cdn.sewest.net/images/cards/full/7-054L_eg.jpg">Opus VII</set>
      <tablerow>2</tablerow>
    </card>
    <card>
      <name>Chocobo (7-055R)</name>
      <text>(Dull): Elige 1 Delantero que no sea Chocobo. Este gana +3000 de poder hasta el final del turno. Cuando ese Delantero abandona el terreno de juego este turno, pon Chocobo en la Break Zone.</text>
      <prop>
        <type>Forward - WOFF - Standard Unit</type>
        <manacost>2</manacost>
        <colors>Wind</colors>
        <pt>4000</pt>
      </prop>
      <set picurl="https://fftcg.cdn.sewest.net/images/cards/full/7-055R_eg.jpg">Opus VII</set>
      <tablerow>2</tablerow>
    </card>
    <card>
      <name>Dorgann (7-056H)</name>
      <text>Cuando un Apoyo entra a tu terreno de juego, elige 1 Delantero controlado por tu oponente. Retíralo del juego mientras Dorgann está en el terreno de juego.</text>
      <prop>
        <type>Forward - V - Dawn Warrior</type>
        <manacost>4</manacost>
        <colors>Wind</colors>
        <pt>8000</pt>
      </prop>
      <set picurl="https://fftcg.cdn.sewest.net/images/cards/full/7-056H_eg.jpg">Opus VII</set>
      <tablerow>2</tablerow>
    </card>
    <card>
      <name>Gnash (7-057R)</name>
      <text>[EX BURST] Cuando Gnash entra al terreno de juego, elige 1 Delantero de coste 1 controlado por tu oponente o 1 Monstruo de coste 2 o menos controlado por tu oponente. Rómpelo.</text>
      <prop>
        <type>Forward - FFCC - Archer</type>
        <manacost>4</manacost>
        <colors>Wind</colors>
        <pt>7000</pt>
      </prop>
      <set picurl="https://fftcg.cdn.sewest.net/images/cards/full/7-057R_eg.jpg">Opus VII</set>
      <tablerow>2</tablerow>
    </card>
    <card>
      <name>Ninja (7-058C)</name>
      <text>Cuando Ninja entra al terreno de juego, elige 1 Delantero. Si el coste pagado para jugar Ninja incluye CP Fuego, inflígele 4000 puntos de daño.</text>
      <prop>
        <type>Forward - V - Standard Unit</type>
        <manacost>4</manacost>
        <colors>Wind</colors>
        <pt>8000</pt>
      </prop>
      <set picurl="https://fftcg.cdn.sewest.net/images/cards/full/7-058C_eg.jpg">Opus VII</set>
      <tablerow>2</tablerow>
    </card>
    <card>
      <name>Bartz (7-059L)</name>
      <text>Cuando Bartz entra al terreno de juego, elige hasta 2 personajes Categoría V. Actívalos.
Hoja embrujada (S): Elige 1 Delantero. Inflígele 5000 puntos de daño.
Dos armas (Ｓ): Hasta el final del turno, Bartz gana Iniciativa y su poder pasa a ser 10000.
Disparo rápido (Ｓ): Hasta el final del turno, Bartz gana Prisa, Bravura y "Bartz puede atacar 3 veces este turno". Solo puedes usar esta habilidad si Bartz ha usado Hoja embrujada y Dos armas este turno.</text>
      <prop>
        <type>Forward - V - Warrior of Light</type>
        <manacost>3</manacost>
        <colors>Wind</colors>
        <pt>7000</pt>
      </prop>
      <set picurl="https://fftcg.cdn.sewest.net/images/cards/full/7-059L_eg.jpg">Opus VII</set>
      <tablerow>2</tablerow>
    </card>
    <card>
      <name>Bartholomew (7-060R)</name>
      <text>Cuando Bartholomew entra al terreno de juego, puedes jugar 1 Nombre de la carta Hope de tu mano al terreno de juego.
(Wind)(Wind)(Dull), pon Bartholomew en la Break Zone: Elige 1 Delantero. Actívalo. Este gana +1000 de poder hasta el final del turno.</text>
      <prop>
        <type>Backup - XIII - Father</type>
        <manacost>3</manacost>
        <colors>Wind</colors>
        <pt>0</pt>
      </prop>
      <set picurl="https://fftcg.cdn.sewest.net/images/cards/full/7-060R_eg.jpg">Opus VII</set>
      <tablerow>0</tablerow>
    </card>
    <card>
      <name>Wind Drake (7-061H)</name>
      <text>[EX BURST] Cuando Hiryu entra al terreno de juego, elige 1 Delantero. Este no puede atacar hasta el final del turno de tu oponente.</text>
      <prop>
        <type>Backup - V - Dragon</type>
        <manacost>2</manacost>
        <colors>Wind</colors>
        <pt>0</pt>
      </prop>
      <set picurl="https://fftcg.cdn.sewest.net/images/cards/full/7-061H_eg.jpg">Opus VII</set>
      <tablerow>0</tablerow>
    </card>
    <card>
      <name>Hope (7-062R)</name>
      <text>Si controlas una Oficio Padre y una Oficio Madre, Hope gana +2000 de poder y "Hope no puede ser objetivo de las habilidades de tu oponente".</text>
      <prop>
        <type>Forward - PICTLOGICA · XIII - Ravager</type>
        <manacost>3</manacost>
        <colors>Wind</colors>
        <pt>7000</pt>
      </prop>
      <set picurl="https://fftcg.cdn.sewest.net/images/cards/full/7-062R_eg.jpg">Opus VII</set>
      <tablerow>2</tablerow>
    </card>
    <card>
      <name>Rem (7-063C)</name>
      <text>[EX BURST] Cuando Rem entra al terreno de juego, puedes descartar 1 carta. Si lo haces, busca 1 Oficio Clase Cero y añádela a tu mano.</text>
      <prop>
        <type>Forward - PICTLOGICA · TYPE-0 - Class Zero Cadet</type>
        <manacost>2</manacost>
        <colors>Wind</colors>
        <pt>5000</pt>
      </prop>
      <set picurl="https://fftcg.cdn.sewest.net/images/cards/full/7-063C_eg.jpg">Opus VII</set>
      <tablerow>2</tablerow>
    </card>
    <card>
      <name>Asmodai (7-064R)</name>
      <text>Cuando Asmodai entra al terreno de juego, elige 1 Delantero en dull controlado por tu oponente. Si el coste para jugar Asmodai solo se ha pagado con CP Tierra, rómpelo.</text>
      <prop>
        <type>Forward - FFL - The Four Generals</type>
        <manacost>5</manacost>
        <colors>Earth</colors>
        <pt>8000</pt>
      </prop>
      <set picurl="https://fftcg.cdn.sewest.net/images/cards/full/7-064R_eg.jpg">Opus VII</set>
      <tablerow>2</tablerow>
    </card>
    <card>
      <name>Vanille (7-065H)</name>
      <text>Cuando Vanille entra al terreno de juego, elige 1 Delantero en dull. Selecciona 1 número y revela la carta superior de tu mazo. Si el coste de la carta revelada es igual al número seleccionado, rómpelo.
Bío+ (S)(Earth)(Dull): Al final de este turno, pon en dull todos los Delanteros controlados por tu oponente.</text>
      <prop>
        <type>Forward - XIII - Saboteur</type>
        <manacost>4</manacost>
        <colors>Earth</colors>
        <pt>7000</pt>
      </prop>
      <set picurl="https://fftcg.cdn.sewest.net/images/cards/full/7-065H_eg.jpg">Opus VII</set>
      <tablerow>2</tablerow>
    </card>
    <card>
      <name>Carbuncle (7-066C)</name>
      <text>Ataque furtivo (Al igual que las Invocaciones y las habilidades, puedes jugar esta carta durante la Attack Phase o la Main Phase de cualquier jugador.)</text>
      <prop>
        <type>Backup - FFCC - Carbuncle</type>
        <manacost>2</manacost>
        <colors>Earth</colors>
        <pt>0</pt>
      </prop>
      <set picurl="https://fftcg.cdn.sewest.net/images/cards/full/7-066C_eg.jpg">Opus VII</set>
      <tablerow>0</tablerow>
    </card>
    <card>
      <name>Galuf (7-067L)</name>
      <text>Galuf no puede romperse durante tu turno.
Cuando Galuf ataca, elige 1 Delantero. Puedes pagar (Earth)(Earth). Si lo haces, este debe bloquear a Galuf este turno si es posible.
Paro (S): Elige hasta 2 Delanteros. No pueden atacar este turno.</text>
      <prop>
        <type>Forward - V - Dawn Warrior</type>
        <manacost>5</manacost>
        <colors>Earth</colors>
        <pt>9000</pt>
      </prop>
      <set picurl="https://fftcg.cdn.sewest.net/images/cards/full/7-067L_eg.jpg">Opus VII</set>
      <tablerow>2</tablerow>
    </card>
    <card>
      <name>Krile (7-068H)</name>
      <text>El coste requerido para lanzar tus Invocaciones puede pagarse con CP de cualquier elemento.
Cuando lanzas una Invocación, elige 1 Delantero. Este gana +1000 de poder hasta el final del turno.
Descarta 1 Invocación: Hasta el final del turno, Krile no puede ser objetivo de las habilidades de tu oponente.</text>
      <prop>
        <type>Forward - DFF · V - Warrior of Light</type>
        <manacost>4</manacost>
        <colors>Earth</colors>
        <pt>8000</pt>
      </prop>
      <set picurl="https://fftcg.cdn.sewest.net/images/cards/full/7-068H_eg.jpg">Opus VII</set>
      <tablerow>2</tablerow>
    </card>
    <card>
      <name>Kolka (7-069C)</name>
      <text>Cuando Kolka entra al terreno de juego, puedes buscar 1 Delantero Tierra y añadirlo a tu mano.</text>
      <prop>
        <type>Backup - FFCC - King</type>
        <manacost>4</manacost>
        <colors>Earth</colors>
        <pt>0</pt>
      </prop>
      <set picurl="https://fftcg.cdn.sewest.net/images/cards/full/7-069C_eg.jpg">Opus VII</set>
      <tablerow>0</tablerow>
    </card>
    <card>
      <name>Zaghnal (7-070R)</name>
      <text>Cuando un personaje de coste 6 o más entra a tu terreno de juego, si Sagnar no es un Delantero, Sagnar pasa a ser un Delantero con 9000 de poder. (Este efecto no termina al final del turno. Esta habilidad no se desencadena si Sagnar es un Delantero.)</text>
      <prop>
        <type>Monster - XIII - Behemoth</type>
        <manacost>2</manacost>
        <colors>Earth</colors>
        <pt>9000</pt>
      </prop>
      <set picurl="https://fftcg.cdn.sewest.net/images/cards/full/7-070R_eg.jpg">Opus VII</set>
      <tablerow>1</tablerow>
    </card>
    <card>
      <name>Shantotto (7-071R)</name>
      <text>(1): Nombra 1 elemento que no sea Luz ni Oscuridad. Ese será el elemento de Shantotto hasta el final del turno. Solo puedes usar esta habilidad una vez por turno.</text>
      <prop>
        <type>Backup - DFF · XI - Mage</type>
        <manacost>2</manacost>
        <colors>Earth</colors>
        <pt>0</pt>
      </prop>
      <set picurl="https://fftcg.cdn.sewest.net/images/cards/full/7-071R_eg.jpg">Opus VII</set>
      <tablerow>0</tablerow>
    </card>
    <card>
      <name>Summoner (7-072C)</name>
      <text>Cuando Invocador entra al terreno de juego, elige 1 Delantero. Si el coste pagado para jugar Invocador incluye CP Frío, congélalo.</text>
      <prop>
        <type>Forward - V - Standard Unit</type>
        <manacost>3</manacost>
        <colors>Earth</colors>
        <pt>7000</pt>
      </prop>
      <set picurl="https://fftcg.cdn.sewest.net/images/cards/full/7-072C_eg.jpg">Opus VII</set>
      <tablerow>2</tablerow>
    </card>
    <card>
      <name>Xezat (7-073H)</name>
      <text>(Earth)(Earth): Xezat gana +2000 de poder hasta el final del turno.
(Earth)(Ice): Elige 1 Delantero en dull. Inflígele 4000 puntos de daño.
(Earth)(Wind): Elige 1 Delantero. Actívalo.
(Earth)(Lightning): Elige 1 Delantero activo. Inflígele 4000 puntos de daño.</text>
      <prop>
        <type>Forward - V - Dawn Warrior</type>
        <manacost>4</manacost>
        <colors>Earth</colors>
        <pt>8000</pt>
      </prop>
      <set picurl="https://fftcg.cdn.sewest.net/images/cards/full/7-073H_eg.jpg">Opus VII</set>
      <tablerow>2</tablerow>
    </card>
    <card>
      <name>Tama (7-074C)</name>
      <text>(Earth)(Dull), pon Tama en la Break Zone: Elige 1 carta Categoría WOFF de tu Break Zone. Añádela a tu mano.</text>
      <prop>
        <type>Backup - WOFF - Companion</type>
        <manacost>2</manacost>
        <colors>Earth</colors>
        <pt>0</pt>
      </prop>
      <set picurl="https://fftcg.cdn.sewest.net/images/cards/full/7-074C_eg.jpg">Opus VII</set>
      <tablerow>0</tablerow>
    </card>
    <card>
      <name>Tilika (7-075R)</name>
      <text>Puedes descartar cartas de elemento Luz y Oscuridad de tu mano para generar CP. (Cada carta Luz genera 2 CP Luz y cada carta Oscuridad genera 2 CP Oscuridad.)</text>
      <prop>
        <type>Forward - FFCC - Crystal User</type>
        <manacost>2</manacost>
        <colors>Earth</colors>
        <pt>5000</pt>
      </prop>
      <set picurl="https://fftcg.cdn.sewest.net/images/cards/full/7-075R_eg.jpg">Opus VII</set>
      <tablerow>2</tablerow>
    </card>
    <card>
      <name>Necromancer (7-076R)</name>
      <text>(Earth)(Earth)(Earth)(1)(Dull), pon Nigromante en la Break Zone: Elige 1 Oficio Soldado de tu Break Zone. Juégala al terreno de juego.</text>
      <prop>
        <type>Backup - V - Standard Unit</type>
        <manacost>2</manacost>
        <colors>Earth</colors>
        <pt>0</pt>
      </prop>
      <set picurl="https://fftcg.cdn.sewest.net/images/cards/full/7-076R_eg.jpg">Opus VII</set>
      <tablerow>0</tablerow>
    </card>
    <card>
      <name>Noctis (7-077L)</name>
      <text>[EX BURST] Cuando recibes daño, elige hasta 1 Delantero. Si has recibido 6 puntos de daño, rómpelo.
Cuando recibes daño, elige hasta 1 Delantero controlado por tu oponente. Noctis y el Delantero elegido infligen al otro daño equivalente a su poder.
(Earth)(Earth)(2): Durante este turno, el siguiente daño que reciba Noctis se vuelve 0 en su lugar.</text>
      <prop>
        <type>Forward - DFF · XV - Prince</type>
        <manacost>3</manacost>
        <colors>Earth</colors>
        <pt>7000</pt>
      </prop>
      <set picurl="https://fftcg.cdn.sewest.net/images/cards/full/7-077L_eg.jpg">Opus VII</set>
      <tablerow>2</tablerow>
    </card>
    <card>
      <name>Bahamutian Soldier (7-078C)</name>
      <text>Si controlas un Monstruo, Soldado de Bahamut gana +2000 de poder.</text>
      <prop>
        <type>Forward - WOFF - Standard Unit</type>
        <manacost>2</manacost>
        <colors>Earth</colors>
        <pt>5000</pt>
      </prop>
      <set picurl="https://fftcg.cdn.sewest.net/images/cards/full/7-078C_eg.jpg">Opus VII</set>
      <tablerow>2</tablerow>
    </card>
    <card>
      <name>Geomancer (7-079C)</name>
      <text>(Earth)(Dull), pon Geomante en la Break Zone: Elige 1 Delantero. Este gana +2000 de poder hasta el final del turno.</text>
      <prop>
        <type>Backup - V - Standard Unit</type>
        <manacost>2</manacost>
        <colors>Earth</colors>
        <pt>0</pt>
      </prop>
      <set picurl="https://fftcg.cdn.sewest.net/images/cards/full/7-079C_eg.jpg">Opus VII</set>
      <tablerow>0</tablerow>
    </card>
    <card>
      <name>Prishe (7-080H)</name>
      <text>El coste requerido para jugar Prishe al terreno de juego se reduce en 1 por cada Nombre de la carta Prishe en tu Break Zone.
Cuando Prishe entra al terreno de juego, elige 1 Delantero controlado por tu oponente. Inflígele daño equivalente al poder de Prishe.</text>
      <prop>
        <type>Forward - DFF · XI - Abhorrent One</type>
        <manacost>9</manacost>
        <colors>Earth</colors>
        <pt>9000</pt>
      </prop>
      <set picurl="https://fftcg.cdn.sewest.net/images/cards/full/7-080H_eg.jpg">Opus VII</set>
      <tablerow>2</tablerow>
    </card>
    <card>
      <name>Flan (7-081C)</name>
      <text>Pon Flan en la Break Zone: Elige 1 Delantero. Este no puede atacar ni bloquear este turno a no ser que tu oponente pague (3).
Descarta Flan: Elige 1 Delantero bloqueante. Este gana +1000 de poder hasta el final del turno. Solo puedes usar esta habilidad si Flan está en tu mano.</text>
      <prop>
        <type>Monster - Special - Flan</type>
        <manacost>2</manacost>
        <colors>Earth</colors>
        <pt>0</pt>
      </prop>
      <set picurl="https://fftcg.cdn.sewest.net/images/cards/full/7-081C_eg.jpg">Opus VII</set>
      <tablerow>1</tablerow>
    </card>
    <card>
      <name>Moogle (FFCC) (7-082R)</name>
      <text>Los Apoyos Oficio Moguri que controlas pueden generar CP de cualquier elemento.</text>
      <prop>
        <type>Backup - FFCC - Moogle</type>
        <manacost>4</manacost>
        <colors>Earth</colors>
        <pt>0</pt>
      </prop>
      <set picurl="https://fftcg.cdn.sewest.net/images/cards/full/7-082R_eg.jpg">Opus VII</set>
      <tablerow>0</tablerow>
    </card>
    <card>
      <name>Monk (7-083C)</name>
      <text>Cuando Monje entra al terreno de juego, elige 1 Delantero dañado. Si el coste pagado para jugar Monje incluye CP Rayo, inflígele 5000 puntos de daño.</text>
      <prop>
        <type>Forward - V - Standard Unit</type>
        <manacost>4</manacost>
        <colors>Earth</colors>
        <pt>8000</pt>
      </prop>
      <set picurl="https://fftcg.cdn.sewest.net/images/cards/full/7-083C_eg.jpg">Opus VII</set>
      <tablerow>2</tablerow>
    </card>
    <card>
      <name>Yojimbo (7-084C)</name>
      <text>[EX BURST] Elige 1 Delantero que controlas y 1 Delantero controlado por tu oponente. El primero gana +1000 de poder hasta el final del turno. Después, cada Delantero inflige al otro daño equivalente a su poder. Si Yojimbo es el resultado de un EX Burst, el primero gana +3000 de poder hasta el final del turno en su lugar. Después, cada Delantero inflige al otro daño equivalente a su poder.</text>
      <prop>
        <type>Summon - X</type>
        <manacost>4</manacost>
        <colors>Earth</colors>
        <pt>0</pt>
      </prop>
      <set picurl="https://fftcg.cdn.sewest.net/images/cards/full/7-084C_eg.jpg">Opus VII</set>
      <tablerow>3</tablerow>
    </card>
    <card>
      <name>Red Mage (7-085C)</name>
      <text>Cuando Mago rojo entra al terreno de juego, elige 1 Delantero de coste 3 o menos controlado por tu oponente. Si el coste pagado para jugar Mago rojo incluye CP Agua, devuélvelo a la mano de su propietario.
(Lightning)(Lightning)(Dull), pon Mago rojo en la Break Zone: Elige 1 Delantero de coste 4 o menos. Rómpelo.</text>
      <prop>
        <type>Forward - V - Standard Unit</type>
        <manacost>3</manacost>
        <colors>Lightning</colors>
        <pt>5000</pt>
      </prop>
      <set picurl="https://fftcg.cdn.sewest.net/images/cards/full/7-085C_eg.jpg">Opus VII</set>
      <tablerow>2</tablerow>
    </card>
    <card>
      <name>Argy (7-086C)</name>
      <text>Cuando Argy pasa del terreno de juego a la Break Zone, selecciona 1 de las siguientes 3 acciones.
"Elige 1 Delantero. Este gana Prisa hasta el final del turno."
"Elige 1 Delantero. Actívalo."
"Elige 1 Apoyo de coste 1 de tu Break Zone. Juégalo al terreno de juego."</text>
      <prop>
        <type>Backup - FFL - Memorist</type>
        <manacost>2</manacost>
        <colors>Lightning</colors>
        <pt>0</pt>
      </prop>
      <set picurl="https://fftcg.cdn.sewest.net/images/cards/full/7-086C_eg.jpg">Opus VII</set>
      <tablerow>0</tablerow>
    </card>
    <card>
      <name>Exdeath (7-087R)</name>
      <text>Cuando Exdeath entra al terreno de juego, elige 1 Delantero de la Break Zone de cualquier jugador. Si su coste es igual o inferior al número de Apoyos que controlas, juégalo a tu terreno de juego.</text>
      <prop>
        <type>Backup - DFF · V - Wizard</type>
        <manacost>6</manacost>
        <colors>Lightning</colors>
        <pt>0</pt>
      </prop>
      <set picurl="https://fftcg.cdn.sewest.net/images/cards/full/7-087R_eg.jpg">Opus VII</set>
      <tablerow>0</tablerow>
    </card>
    <card>
      <name>Gilgamesh (7-088L)</name>
      <text>Por cada Nombre de la carta Gilgamesh en tu Break Zone, Gilgamesh gana +1000 de poder.
Si Gilgamesh tiene 10000 de poder o más, Gilgamesh gana Bravura y puede atacar dos veces en el mismo turno.
Cuando Gilgamesh pasa del terreno de juego a la Break Zone, puedes pagar (X). Si lo haces, busca 1 Nombre de la carta Gilgamesh de coste X y juégala al terreno de juego en dull.</text>
      <prop>
        <type>Forward - V - Praetorian</type>
        <manacost>2</manacost>
        <colors>Lightning</colors>
        <pt>4000</pt>
      </prop>
      <set picurl="https://fftcg.cdn.sewest.net/images/cards/full/7-088L_eg.jpg">Opus VII</set>
      <tablerow>2</tablerow>
    </card>
    <card>
      <name>Coeurl (7-089C)</name>
      <text>Pon Bengal en la Break Zone: Elige 1 Delantero. Hasta el final del turno, este gana +3000 de poder, Prisa, Iniciativa y Bravura.
Descarta Bengal: Elige 1 Monstruo de coste 1. Rómpelo. Solo puedes usar esta habilidad si Bengal está en tu mano.</text>
      <prop>
        <type>Monster - Special - Coeurl</type>
        <manacost>2</manacost>
        <colors>Lightning</colors>
        <pt>0</pt>
      </prop>
      <set picurl="https://fftcg.cdn.sewest.net/images/cards/full/7-089C_eg.jpg">Opus VII</set>
      <tablerow>1</tablerow>
    </card>
    <card>
      <name>Gladiator (7-090C)</name>
      <text>Cuando tu oponente lanza una Invocación, Gladiador gana +2000 de poder hasta el final del turno.</text>
      <prop>
        <type>Forward - V - Standard Unit</type>
        <manacost>4</manacost>
        <colors>Lightning</colors>
        <pt>8000</pt>
      </prop>
      <set picurl="https://fftcg.cdn.sewest.net/images/cards/full/7-090C_eg.jpg">Opus VII</set>
      <tablerow>2</tablerow>
    </card>
    <card>
      <name>The Emperor (7-091H)</name>
      <text>Cuando El Emperador entra al terreno de juego, elige 2 Delanteros controlados por tu oponente. Ponlos en dull.
Durante tu turno, cuando un Delantero controlado por tu oponente se pone en dull, elige 1 Delantero activo controlado por tu oponente. Inflígele 3000 puntos de daño.</text>
      <prop>
        <type>Forward - DFF · II - Emperor</type>
        <manacost>5</manacost>
        <colors>Lightning</colors>
        <pt>9000</pt>
      </prop>
      <set picurl="https://fftcg.cdn.sewest.net/images/cards/full/7-091H_eg.jpg">Opus VII</set>
      <tablerow>2</tablerow>
    </card>
    <card>
      <name>Thancred (7-092C)</name>
      <text>Cuando Thancred entra al terreno de juego, elige 1 Delantero controlado por tu oponente. Ponlo en dull.
Cuando Thancred entra al terreno de juego, hasta el final del turno, si el coste para jugar Thancred solo se ha pagado con CP generados por Apoyos Categoría XIV, Thancred gana +2000 de poder, Prisa e Iniciativa.</text>
      <prop>
        <type>Forward - PICTLOGICA · XIV - Scion of the Seventh Dawn</type>
        <manacost>3</manacost>
        <colors>Lightning</colors>
        <pt>6000</pt>
      </prop>
      <set picurl="https://fftcg.cdn.sewest.net/images/cards/full/7-092C_eg.jpg">Opus VII</set>
      <tablerow>2</tablerow>
    </card>
    <card>
      <name>Zapt (7-093C)</name>
      <text>Chispa es también un Monstruo en cualquier situación.
Cuando Chispa pasa del terreno de juego a la Break Zone, puedes buscar 1 Nombre de la carta Lamú y añadirla a tu mano.</text>
      <prop>
        <type>Forward - WOFF - Ramuh</type>
        <manacost>2</manacost>
        <colors>Lightning</colors>
        <pt>4000</pt>
      </prop>
      <set picurl="https://fftcg.cdn.sewest.net/images/cards/full/7-093C_eg.jpg">Opus VII</set>
      <tablerow>2</tablerow>
    </card>
    <card>
      <name>Seymour (7-094R)</name>
      <text><p>[EX BURST]Cuando Seymour entra al terreno de juego, puedes buscar 1 Invocación y ponerla en la parte superior de tu mazo.
Lanza devastadora (S)(Lightning)(Lightning): Revela la carta superior de tu mazo. Si es una Invocación, puedes lanzarla sin pagar su coste.</p>
</text>
      <prop>
        <type>Backup - DFF · X - Summoner</type>
        <manacost>2</manacost>
        <colors>Lightning</colors>
        <pt>0</pt>
      </prop>
      <set picurl="https://fftcg.cdn.sewest.net/images/cards/full/7-094R_eg.jpg">Opus VII</set>
      <tablerow>0</tablerow>
    </card>
    <card>
      <name>Cid Previa (7-095H)</name>
      <text>Cuando Cid Previa entra al terreno de juego, elige 1 Apoyo Rayo de coste 3 o menos de tu Break Zone. Juégalo al terreno de juego.
(Lightning)(Dull), pon Cid Previa en la Break Zone: Elige 1 Delantero. Inflígele 2000 puntos de daño.</text>
      <prop>
        <type>Backup - V - Inventor</type>
        <manacost>6</manacost>
        <colors>Lightning</colors>
        <pt>0</pt>
      </prop>
      <set picurl="https://fftcg.cdn.sewest.net/images/cards/full/7-095H_eg.jpg">Opus VII</set>
      <tablerow>0</tablerow>
    </card>
    <card>
      <name>Noel (7-096L)</name>
      <text>Prisa
Cuando Noel entra al terreno de juego, hasta el final del turno, Noel gana +3000 de poder y "Cuando Noel inflige daño a tu oponente, elige 1 Delantero controlado por tu oponente. Rómpelo".</text>
      <prop>
        <type>Forward - XIII - Commando</type>
        <manacost>6</manacost>
        <colors>Lightning</colors>
        <pt>6000</pt>
      </prop>
      <set picurl="https://fftcg.cdn.sewest.net/images/cards/full/7-096L_eg.jpg">Opus VII</set>
      <tablerow>2</tablerow>
    </card>
    <card>
      <name>Barbara (7-097R)</name>
      <text>Las Oficio Draconarius y Nombre de la carta Caballero dragón que controlas ganan Prisa.
(1): Elige 1 Oficio Draconarius o Nombre de la carta Caballero dragón que no sea Barbara. Esta gana +1000 de poder hasta el final del turno.</text>
      <prop>
        <type>Forward - FFL - Dragoon</type>
        <manacost>4</manacost>
        <colors>Lightning</colors>
        <pt>7000</pt>
      </prop>
      <set picurl="https://fftcg.cdn.sewest.net/images/cards/full/7-097R_eg.jpg">Opus VII</set>
      <tablerow>2</tablerow>
    </card>
    <card>
      <name>Flanborg (7-098R)</name>
      <text>Cuando un Delantero de coste 3 o menos controlado por tu oponente pasa del terreno de juego a la Break Zone, si Flan electrificado no es un Delantero, Flan electrificado pasa a ser un Delantero con 7000 de poder y "Cuando Flan electrificado pasa del terreno de juego a la Break Zone, puedes buscar 1 Oficio Flan militar y añadirla a tu mano". (Este efecto no termina al final del turno. Esta habilidad no se desencadena si Flan electrificado es un Delantero.)</text>
      <prop>
        <type>Monster - XIII - Militarized Flan</type>
        <manacost>2</manacost>
        <colors>Lightning</colors>
        <pt>7000</pt>
      </prop>
      <set picurl="https://fftcg.cdn.sewest.net/images/cards/full/7-098R_eg.jpg">Opus VII</set>
      <tablerow>1</tablerow>
    </card>
    <card>
      <name>Cannoneer (7-099R)</name>
      <text>(Lightning)(Dull), pon Cañonero y 1 Delantero en la Break Zone: Elige 1 Delantero. Inflígele 7000 puntos de daño.</text>
      <prop>
        <type>Backup - V - Standard Unit</type>
        <manacost>2</manacost>
        <colors>Lightning</colors>
        <pt>0</pt>
      </prop>
      <set picurl="https://fftcg.cdn.sewest.net/images/cards/full/7-099R_eg.jpg">Opus VII</set>
      <tablerow>0</tablerow>
    </card>
    <card>
      <name>Mystic Knight (7-100C)</name>
      <text>(Lightning)(Lightning)(Dull), pon Señor místico en la Break Zone: Elige 1 Delantero dañado. Rómpelo.</text>
      <prop>
        <type>Backup - V - Standard Unit</type>
        <manacost>2</manacost>
        <colors>Lightning</colors>
        <pt>0</pt>
      </prop>
      <set picurl="https://fftcg.cdn.sewest.net/images/cards/full/7-100C_eg.jpg">Opus VII</set>
      <tablerow>0</tablerow>
    </card>
    <card>
      <name>Mid Previa (7-101H)</name>
      <text>Cuando Mid Previa entra al terreno de juego, elige 1 Delantero activo. Inflígele 3000 puntos de daño.
Cuando Mid Previa entra al terreno de juego desde la Break Zone, elige 1 Delantero activo. Inflígele 6000 puntos de daño.
Descarta 3 cartas: Juega Mid Previa al terreno de juego. Solo puedes usar esta habilidad durante tu Main Phase y si Mid Previa está en la Break Zone.</text>
      <prop>
        <type>Backup - V - Grandchild</type>
        <manacost>3</manacost>
        <colors>Lightning</colors>
        <pt>0</pt>
      </prop>
      <set picurl="https://fftcg.cdn.sewest.net/images/cards/full/7-101H_eg.jpg">Opus VII</set>
      <tablerow>0</tablerow>
    </card>
    <card>
      <name>Lightning (7-102R)</name>
      <text>(Dull): Elige 1 Delantero Categoría XIII que controlas. Este gana Prisa hasta el final del turno.</text>
      <prop>
        <type>Backup - XIII - Ravager</type>
        <manacost>2</manacost>
        <colors>Lightning</colors>
        <pt>0</pt>
      </prop>
      <set picurl="https://fftcg.cdn.sewest.net/images/cards/full/7-102R_eg.jpg">Opus VII</set>
      <tablerow>0</tablerow>
    </card>
    <card>
      <name>Ramuh (7-103C)</name>
      <text>[EX BURST] Elige 1 Delantero. Este pierde 7000 de poder hasta el final del turno. Si Lamú es el resultado de un EX Burst, pierde 8000 de poder hasta el final del turno en su lugar.</text>
      <prop>
        <type>Summon - DFF</type>
        <manacost>4</manacost>
        <colors>Lightning</colors>
        <pt>0</pt>
      </prop>
      <set picurl="https://fftcg.cdn.sewest.net/images/cards/full/7-103C_eg.jpg">Opus VII</set>
      <tablerow>3</tablerow>
    </card>
    <card>
      <name>Ramza (7-104H)</name>
      <text>Si Ramza tiene 4000 o más de poder, Ramza gana Prisa.
Si Ramza tiene 6000 o más de poder, Ramza gana Bravura.
Si Ramza tiene 8000 o más de poder, Ramza gana Iniciativa.
(Lightning): Ramza gana +2000 de poder hasta el final del turno.</text>
      <prop>
        <type>Forward - LOV · FFT - Knight</type>
        <manacost>1</manacost>
        <colors>Lightning</colors>
        <pt>2000</pt>
      </prop>
      <set picurl="https://fftcg.cdn.sewest.net/images/cards/full/7-104H_eg.jpg">Opus VII</set>
      <tablerow>2</tablerow>
    </card>
    <card>
      <name>Dragoon (7-105C)</name>
      <text>Cuando Caballero dragón entra al terreno de juego, elige 1 Delantero. Si el coste pagado para jugar Caballero dragón incluye CP Aire, no puede ser bloqueado este turno.</text>
      <prop>
        <type>Forward - V - Standard Unit</type>
        <manacost>2</manacost>
        <colors>Lightning</colors>
        <pt>5000</pt>
      </prop>
      <set picurl="https://fftcg.cdn.sewest.net/images/cards/full/7-105C_eg.jpg">Opus VII</set>
      <tablerow>2</tablerow>
    </card>
    <card>
      <name>Agrias (7-106L)</name>
      <text>Si controlas 7 o más personajes, Agrias gana +2000 de poder.
Cuando Agrias entra al terreno de juego, revela cartas de la parte superior de tu mazo una a una hasta que aparezca un personaje de coste 3 o menos. Juégalo al terreno de juego. Después, baraja las demás cartas reveladas y colócalas en la parte inferior de tu mazo.</text>
      <prop>
        <type>Forward - LOV · FFT - Knight</type>
        <manacost>6</manacost>
        <colors>Water</colors>
        <pt>7000</pt>
      </prop>
      <set picurl="https://fftcg.cdn.sewest.net/images/cards/full/7-106L_eg.jpg">Opus VII</set>
      <tablerow>2</tablerow>
    </card>
    <card>
      <name>Gawain (7-107R)</name>
      <text>Si Gawain recibe daño de la habilidad de un Delantero, el daño se vuelve 0 en su lugar.</text>
      <prop>
        <type>Forward - FFL - Knight</type>
        <manacost>3</manacost>
        <colors>Water</colors>
        <pt>7000</pt>
      </prop>
      <set picurl="https://fftcg.cdn.sewest.net/images/cards/full/7-107R_eg.jpg">Opus VII</set>
      <tablerow>2</tablerow>
    </card>
    <card>
      <name>Kimahri (7-108H)</name>
      <text>El coste requerido para jugar Kimahri al terreno de juego se reduce en 1 por cada Oficio Guardián que controlas.
Las Oficio Guardián que controlas que no sean Kimahri no pueden ser objetivo de las habilidades de tu oponente.
Los personajes Categoría X que controlas que no sean Kimahri no pueden ser objetivo de las Invocaciones de tu oponente.</text>
      <prop>
        <type>Forward - X - Guardian</type>
        <manacost>6</manacost>
        <colors>Water</colors>
        <pt>9000</pt>
      </prop>
      <set picurl="https://fftcg.cdn.sewest.net/images/cards/full/7-108H_eg.jpg">Opus VII</set>
      <tablerow>2</tablerow>
    </card>
    <card>
      <name>Chemist (7-109C)</name>
      <text>(Water)(Water)(Dull): Elige 1 Delantero. Actívalo.</text>
      <prop>
        <type>Backup - V - Standard Unit</type>
        <manacost>2</manacost>
        <colors>Water</colors>
        <pt>0</pt>
      </prop>
      <set picurl="https://fftcg.cdn.sewest.net/images/cards/full/7-109C_eg.jpg">Opus VII</set>
      <tablerow>0</tablerow>
    </card>
    <card>
      <name>Sahagin (7-110C)</name>
      <text>Pon Sahuagin en la Break Zone: Elige hasta 2 Delanteros que controlas. Actívalos. Estos ganan +1000 de poder hasta el final del turno.
Descarta Sahuagin: Elige 1 Delantero de coste 1. Devuélvelo a la mano de su propietario. Solo puedes usar esta habilidad si Sahuagin está en tu mano.</text>
      <prop>
        <type>Monster - Special - Sahagin</type>
        <manacost>2</manacost>
        <colors>Water</colors>
        <pt>0</pt>
      </prop>
      <set picurl="https://fftcg.cdn.sewest.net/images/cards/full/7-110C_eg.jpg">Opus VII</set>
      <tablerow>1</tablerow>
    </card>
    <card>
      <name>Geosgaeno (7-111R)</name>
      <text>Cuando un Delantero controlado por tu oponente regresa a la mano de su propietario desde el terreno de juego, si Josguein no es un Delantero, Josguein pasa a ser un Delantero con 7000 de poder y "Si Josguein recibe daño, el daño se reduce en 1000 en su lugar". (Este efecto no termina al final del turno. Esta habilidad no se desencadena si Josguein es un Delantero.)</text>
      <prop>
        <type>Monster - X - Geosgaeno</type>
        <manacost>2</manacost>
        <colors>Water</colors>
        <pt>7000</pt>
      </prop>
      <set picurl="https://fftcg.cdn.sewest.net/images/cards/full/7-111R_eg.jpg">Opus VII</set>
      <tablerow>1</tablerow>
    </card>
    <card>
      <name>White Mage (7-112R)</name>
      <text>Cuando Mago blanco entra al terreno de juego, elige hasta 2 Delanteros que controlas. Actívalos.</text>
      <prop>
        <type>Forward - V - Standard Unit</type>
        <manacost>3</manacost>
        <colors>Water</colors>
        <pt>6000</pt>
      </prop>
      <set picurl="https://fftcg.cdn.sewest.net/images/cards/full/7-112R_eg.jpg">Opus VII</set>
      <tablerow>2</tablerow>
    </card>
    <card>
      <name>Styx (7-113R)</name>
      <text>Cuando Styx entra al terreno de juego, elige 1 Delantero controlado por tu oponente. Si el coste para jugar Styx solo se ha pagado con CP Agua, devuélvelo a la mano de su propietario.
Alarido de la ondina (S)(Water)(Water)(Dull): Hasta el final del turno, todos los Delanteros controlados por tu oponente pierden 5000 de poder. Solo puedes usar esta habilidad si has recibido 5 o más puntos de daño.</text>
      <prop>
        <type>Forward - FFL - The Four Generals</type>
        <manacost>5</manacost>
        <colors>Water</colors>
        <pt>8000</pt>
      </prop>
      <set picurl="https://fftcg.cdn.sewest.net/images/cards/full/7-113R_eg.jpg">Opus VII</set>
      <tablerow>2</tablerow>
    </card>
    <card>
      <name>Sarah (FFL) (7-114H)</name>
      <text>Cuando Sarah (FFL) entra al terreno de juego, puedes buscar 1 Delantero Oficio Guerrero de la Luz de coste 4 o menos que no sea Luz ni Oscuridad y jugarlo al terreno de juego.</text>
      <prop>
        <type>Backup - FFL - Warrior of Light</type>
        <manacost>7</manacost>
        <colors>Water</colors>
        <pt>0</pt>
      </prop>
      <set picurl="https://fftcg.cdn.sewest.net/images/cards/full/7-114H_eg.jpg">Opus VII</set>
      <tablerow>0</tablerow>
    </card>
    <card>
      <name>Dusk (7-115R)</name>
      <text>Cuando Dusk entra al terreno de juego, si controlas un Delantero Oficio Guerrero de la Luz que no sea Dusk, coge 1 carta.
(Dull): Durante este turno, el coste requerido para lanzar tu próxima Invocación se reduce en 1 (no puede ser 0).</text>
      <prop>
        <type>Forward - FFL - Warrior of Light</type>
        <manacost>3</manacost>
        <colors>Water</colors>
        <pt>6000</pt>
      </prop>
      <set picurl="https://fftcg.cdn.sewest.net/images/cards/full/7-115R_eg.jpg">Opus VII</set>
      <tablerow>2</tablerow>
    </card>
    <card>
      <name>Tidus (7-116L)</name>
      <text>Ataque furtivo 
Solo puedes pagar con CP de Apoyos Agua el coste para jugar Tidus de tu mano al terreno de juego.
Cuando Tidus entra al terreno de juego, selecciona 1 de las siguientes 2 acciones.
"Activa todos los Delanteros Agua."
"Elige 1 Delantero Agua. Este gana +2000 de poder hasta el final del turno."</text>
      <prop>
        <type>Forward - DFF · X - Guardian</type>
        <manacost>3</manacost>
        <colors>Water</colors>
        <pt>7000</pt>
      </prop>
      <set picurl="https://fftcg.cdn.sewest.net/images/cards/full/7-116L_eg.jpg">Opus VII</set>
      <tablerow>2</tablerow>
    </card>
    <card>
      <name>Tidus (7-117C)</name>
      <text>Cuando Tidus entra al terreno de juego, elige 1 personaje que controlas. Devuélvelo a la mano de su propietario.</text>
      <prop>
        <type>Forward - PICTLOGICA · X - Guardian</type>
        <manacost>4</manacost>
        <colors>Water</colors>
        <pt>9000</pt>
      </prop>
      <set picurl="https://fftcg.cdn.sewest.net/images/cards/full/7-117C_eg.jpg">Opus VII</set>
      <tablerow>2</tablerow>
    </card>
    <card>
      <name>Ninja (7-118C)</name>
      <text>Cuando Ninja entra al terreno de juego, elige 1 Delantero controlado por tu oponente. Si el coste pagado para jugar Ninja incluye CP Fuego, no puede bloquear este turno.
(Water)(Dull): Devuelve Ninja a tu mano.</text>
      <prop>
        <type>Forward - V - Standard Unit</type>
        <manacost>2</manacost>
        <colors>Water</colors>
        <pt>5000</pt>
      </prop>
      <set picurl="https://fftcg.cdn.sewest.net/images/cards/full/7-118C_eg.jpg">Opus VII</set>
      <tablerow>2</tablerow>
    </card>
    <card>
      <name>Halicarnassus (7-119H)</name>
      <text>Cuando Halicarnaso entra al terreno de juego, todos los Delanteros controlados por tu oponente pierden sus habilidades hasta el final del turno.
(Dull), descarta 2 Invocaciones: Elige 1 Delantero. Rómpelo.</text>
      <prop>
        <type>Forward - V - Queen</type>
        <manacost>3</manacost>
        <colors>Water</colors>
        <pt>7000</pt>
      </prop>
      <set picurl="https://fftcg.cdn.sewest.net/images/cards/full/7-119H_eg.jpg">Opus VII</set>
      <tablerow>2</tablerow>
    </card>
    <card>
      <name>Faris (7-120H)</name>
      <text>Si controlas un Delantero Nombre e la carta Lena, Faris gana +2000 de poder.
Cuando Faris entra al terreno de juego, revela las 5 cartas de la parte superior de tu mazo. Añade 1 personaje Categoría V de entre ellas a tu mano y pon el resto en la parte inferior de tu mazo en el orden que quieras.</text>
      <prop>
        <type>Forward - V - Warrior of Light</type>
        <manacost>4</manacost>
        <colors>Water</colors>
        <pt>6000</pt>
      </prop>
      <set picurl="https://fftcg.cdn.sewest.net/images/cards/full/7-120H_eg.jpg">Opus VII</set>
      <tablerow>2</tablerow>
    </card>
    <card>
      <name>Braska (7-121C)</name>
      <text>El coste requerido para jugar tus Oficio Invocador al terreno de juego se reduce en 1 (no puede ser 0).</text>
      <prop>
        <type>Backup - PICTLOGICA · X - Summoner</type>
        <manacost>3</manacost>
        <colors>Water</colors>
        <pt>0</pt>
      </prop>
      <set picurl="https://fftcg.cdn.sewest.net/images/cards/full/7-121C_eg.jpg">Opus VII</set>
      <tablerow>0</tablerow>
    </card>
    <card>
      <name>Mime (7-122C)</name>
      <text>Cuando Mimo entra al terreno de juego, si el coste pagado para jugar Mimo incluye CP Tierra, todos los Delanteros que controlas ganan +2000 de poder hasta el final del turno.</text>
      <prop>
        <type>Forward - V - Standard Unit</type>
        <manacost>4</manacost>
        <colors>Water</colors>
        <pt>8000</pt>
      </prop>
      <set picurl="https://fftcg.cdn.sewest.net/images/cards/full/7-122C_eg.jpg">Opus VII</set>
      <tablerow>2</tablerow>
    </card>
    <card>
      <name>Yaag Rosch (7-123R)</name>
      <text>Cuando Yaag Rosch entra al terreno de juego, elige 1 Apoyo que controlas que no sea Yaag Rosch. Devuélvelo a la mano de su propietario.</text>
      <prop>
        <type>Backup - XIII - PSICOM</type>
        <manacost>1</manacost>
        <colors>Water</colors>
        <pt>0</pt>
      </prop>
      <set picurl="https://fftcg.cdn.sewest.net/images/cards/full/7-123R_eg.jpg">Opus VII</set>
      <tablerow>0</tablerow>
    </card>
    <card>
      <name>Oracle (7-124C)</name>
      <text>Cuando Oráculo entra al terreno de juego, mira las 2 cartas de la parte superior de tu mazo. Colócalas en la parte superior y/o inferior de tu mazo en el orden que quieras.</text>
      <prop>
        <type>Backup - V - Standard Unit</type>
        <manacost>2</manacost>
        <colors>Water</colors>
        <pt>0</pt>
      </prop>
      <set picurl="https://fftcg.cdn.sewest.net/images/cards/full/7-124C_eg.jpg">Opus VII</set>
      <tablerow>0</tablerow>
    </card>
    <card>
      <name>Leviathan (7-125C)</name>
      <text>[EX BURST] Elige 1 Delantero de coste 4 o menos. Devuélvelo a la mano de su propietario. Si Leviatán es el resultado de un EX Burst, devuélvelo a la mano de su propietario y coge 1 carta en su lugar.</text>
      <prop>
        <type>Summon - DFF</type>
        <manacost>4</manacost>
        <colors>Water</colors>
        <pt>0</pt>
      </prop>
      <set picurl="https://fftcg.cdn.sewest.net/images/cards/full/7-125C_eg.jpg">Opus VII</set>
      <tablerow>3</tablerow>
    </card>
    <card>
      <name>Wakka (7-126C)</name>
      <text>(Dull): Elige 1 Delantero Categoría X que controlas. Este gana +1000 de poder hasta el final del turno.</text>
      <prop>
        <type>Backup - DFF · X - Guardian</type>
        <manacost>2</manacost>
        <colors>Water</colors>
        <pt>0</pt>
      </prop>
      <set picurl="https://fftcg.cdn.sewest.net/images/cards/full/7-126C_eg.jpg">Opus VII</set>
      <tablerow>0</tablerow>
    </card>
    <card>
      <name>Yuna (7-127L)</name>
      <text>(0): Revela la carta de la parte superior de tu mazo. Si es una Invocación, puedes pagar su coste y lanzarla. Solo puedes usar esta habilidad una vez por turno.
(1), retira del juego 3 Invocaciones de la Break Zone: Añade Yuna a tu mano. Solo puedes usar esta habilidad durante tu Main Phase y si Yuna está en la Break Zone.</text>
      <prop>
        <type>Forward - DFF · X - Summoner</type>
        <manacost>2</manacost>
        <colors>Light</colors>
        <pt>6000</pt>
      </prop>
      <set picurl="https://fftcg.cdn.sewest.net/images/cards/full/7-127L_eg.jpg">Opus VII</set>
      <tablerow>2</tablerow>
    </card>
    <card>
      <name>Yuri (7-128H)</name>
      <text>Yuri posee todos los elementos salvo Oscuridad.
Pon en dull un total de 3 Apoyos activos del mismo elemento o 2 Apoyos activos del mismo elemento y Yuri: Selecciona 1 de las siguientes 4 acciones. "Coge 1 carta." "Elige 1 Delantero. Inflígele 4000 puntos de daño." "Elige 1 Delantero. Ponlo en dull y congélalo." "Elige 1 Delantero. Este pierde todas sus habilidades hasta el final del turno."</text>
      <prop>
        <type>Forward - FFCC - Lay Crystal User</type>
        <manacost>4</manacost>
        <colors>Light</colors>
        <pt>8000</pt>
      </prop>
      <set picurl="https://fftcg.cdn.sewest.net/images/cards/full/7-128H_eg.jpg">Opus VII</set>
      <tablerow>2</tablerow>
    </card>
    <card>
      <name>Galdes (7-129H)</name>
      <text>Cuando Galdes pasa del terreno de juego a la Break Zone, selecciona 1 de las siguientes 3 acciones.
"Tu oponente descarta 1 carta al azar de su mano."
"Elige 1 Monstruo de tu Break Zone. Añádelo a tu mano."
"Elige 1 Delantero. Este pierde 5000 de poder hasta el final del turno."</text>
      <prop>
        <type>Forward - FFCC - Archbishop</type>
        <manacost>3</manacost>
        <colors>Dark</colors>
        <pt>8000</pt>
      </prop>
      <set picurl="https://fftcg.cdn.sewest.net/images/cards/full/7-129H_eg.jpg">Opus VII</set>
      <tablerow>2</tablerow>
    </card>
    <card>
      <name>Sin (7-130L)</name>
      <text>Cuando Sinh entra al terreno de juego, rompe todos los Delanteros y Monstruos que no sean Sinh. Sinh te inflige 1 punto de daño.
Gigagravedad (S)(9): Al final de tu próximo turno, si Sinh está en el terreno de juego, tu oponente pierde la partida. Solo puedes usar esta habilidad durante tu turno.</text>
      <prop>
        <type>Forward - X - Final Aeon</type>
        <manacost>9</manacost>
        <colors>Dark</colors>
        <pt>9000</pt>
      </prop>
      <set picurl="https://fftcg.cdn.sewest.net/images/cards/full/7-130L_eg.jpg">Opus VII</set>
      <tablerow>2</tablerow>
    </card>
    <card>
      <name>Warrior of Light (7-131S)</name>
      <text>Si controlas 4 o más Delanteros, Guerrero de la Luz gana Prisa.
Cuando Guerrero de la Luz entra al terreno de juego, todos los Delanteros que controlas ganan +2000 de poder hasta el final del turno.</text>
      <prop>
        <type>Forward - DFF · I - Warrior of Light</type>
        <manacost>2</manacost>
        <colors>Fire</colors>
        <pt>5000</pt>
      </prop>
      <set picurl="https://fftcg.cdn.sewest.net/images/cards/full/7-131S_eg.jpg">Opus VII</set>
      <tablerow>2</tablerow>
    </card>
    <card>
      <name>Firion (7-132S)</name>
      <text>[EX BURST] Cuando Firion entra al terreno de juego, elige 1 Delantero controlado por tu oponente. Inflígele 2000 puntos de daño por cada Delantero que controlas (hasta 3 Delanteros).</text>
      <prop>
        <type>Forward - DFF · II - Warrior</type>
        <manacost>2</manacost>
        <colors>Fire</colors>
        <pt>2000</pt>
      </prop>
      <set picurl="https://fftcg.cdn.sewest.net/images/cards/full/7-132S_eg.jpg">Opus VII</set>
      <tablerow>2</tablerow>
    </card>
    <card>
      <name>Ultimecia (7-133S)</name>
      <text>Cuando Artemisa entra al terreno de juego, selecciona 1 de las siguientes 3 acciones. Si has recibido 6 o más puntos de daño, selecciona hasta 2 de las siguientes 3 acciones en su lugar.
"Elige hasta 2 personajes controlados por tu oponente. Ponlos en dull."
"Congela todos los Delanteros controlados por tu oponente."
"Congela todos los Apoyos controlados por tu oponente."</text>
      <prop>
        <type>Forward - DFF · VIII - Witch</type>
        <manacost>6</manacost>
        <colors>Ice</colors>
        <pt>7000</pt>
      </prop>
      <set picurl="https://fftcg.cdn.sewest.net/images/cards/full/7-133S_eg.jpg">Opus VII</set>
      <tablerow>2</tablerow>
    </card>
    <card>
      <name>The Emperor (7-134S)</name>
      <text>[EX BURST] Cuando El Emperador entra al terreno de juego, elige 1 Delantero controlado por tu oponente. Si has recibido 4 o más puntos de daño, ponlo en dull y congélalo.
(Ice)(Dull), descarta 2 cartas: Elige 1 Delantero en dull. Rómpelo. Solo puedes usar esta habilidad durante tu turno.</text>
      <prop>
        <type>Backup - DFF · II - Emperor</type>
        <manacost>2</manacost>
        <colors>Ice</colors>
        <pt>0</pt>
      </prop>
      <set picurl="https://fftcg.cdn.sewest.net/images/cards/full/7-134S_eg.jpg">Opus VII</set>
      <tablerow>0</tablerow>
    </card>
    <card>
      <name>Cecil (7-135S)</name>
      <text>[EX BURST] Cuando Cecil entra al terreno de juego, elige hasta 2 personajes. Actívalos. 
Si has recibido 5 o más puntos de daño, Cecil gana +2000 de poder y "Cecil no puede ser objetivo de las habilidades de tu oponente".</text>
      <prop>
        <type>Forward - DFF · IV - Paladin</type>
        <manacost>5</manacost>
        <colors>Wind</colors>
        <pt>8000</pt>
      </prop>
      <set picurl="https://fftcg.cdn.sewest.net/images/cards/full/7-135S_eg.jpg">Opus VII</set>
      <tablerow>2</tablerow>
    </card>
    <card>
      <name>Y'shtola (7-136S)</name>
      <text>Cuando Y'shtola entra al terreno de juego, elige 1 Delantero controlado por tu oponente. Inflígele 2000 puntos de daño.
(Wind)(Dull), pon Y'shtola en la Break Zone: Elige 1 Delantero. Inflígele 7000 puntos de daño. Solo puedes usar esta habilidad si controlas 7 o más personajes.</text>
      <prop>
        <type>Backup - DFF · XIV - Scion of the Seventh Dawn</type>
        <manacost>2</manacost>
        <colors>Wind</colors>
        <pt>0</pt>
      </prop>
      <set picurl="https://fftcg.cdn.sewest.net/images/cards/full/7-136S_eg.jpg">Opus VII</set>
      <tablerow>0</tablerow>
    </card>
    <card>
      <name>Garland (7-137S)</name>
      <text>Cuando Garland bloquea, Garland gana +2000 de poder hasta el final del turno.
Cuando Garland pasa del terreno de juego a la Break Zone, elige 1 Delantero. Este gana +4000 de poder hasta el final del turno.</text>
      <prop>
        <type>Forward - DFF · I - Knight</type>
        <manacost>3</manacost>
        <colors>Lightning</colors>
        <pt>7000</pt>
      </prop>
      <set picurl="https://fftcg.cdn.sewest.net/images/cards/full/7-137S_eg.jpg">Opus VII</set>
      <tablerow>2</tablerow>
    </card>
    <card>
      <name>Golbez (7-138S)</name>
      <text>El coste requerido para jugar Golbez al terreno de juego se reduce en 1 por cada 5 cartas en tu Break Zone.
Cuando Golbez entra al terreno de juego, elige 1 Delantero de coste 5 o menos de tu Break Zone. Añádelo a tu mano.</text>
      <prop>
        <type>Forward - DFF · IV - Warlock</type>
        <manacost>8</manacost>
        <colors>Lightning</colors>
        <pt>9000</pt>
      </prop>
      <set picurl="https://fftcg.cdn.sewest.net/images/cards/full/7-138S_eg.jpg">Opus VII</set>
      <tablerow>2</tablerow>
    </card>
  </cards>
</cockatrice_carddatabase>