<?xml version="1.0" encoding="UTF-8"?>
<cockatrice_carddatabase version="4">
  <sets>
    <set>
      <name>Opus II</name>
      <longname>Opus II</longname>
      <settype>Custom</settype>
      <releasedate></releasedate>
    </set>
  </sets>
  <cards>
    <card>
      <name>Irvine (2-001H)</name>
      <text>Cuando Irvine entra al terreno de juego, elige 1 Delantero. Inflígele 6000 puntos de daño.</text>
      <prop>
        <type>Backup - VIII - Sniper</type>
        <manacost>3</manacost>
        <colors>Fire</colors>
        <pt>0</pt>
      </prop>
      <set picurl="https://fftcg.cdn.sewest.net/images/cards/full/2-001H_eg.jpg">Opus II</set>
      <tablerow>0</tablerow>
    </card>
    <card>
      <name>Ifrit (2-002C)</name>
      <text>[EX BURST] Elige 1 Delantero. Inflígele 6000 puntos de daño.</text>
      <prop>
        <type>Summon - VIII</type>
        <manacost>2</manacost>
        <colors>Fire</colors>
        <pt>0</pt>
      </prop>
      <set picurl="https://fftcg.cdn.sewest.net/images/cards/full/2-002C_eg.jpg">Opus II</set>
      <tablerow>3</tablerow>
    </card>
    <card>
      <name>Ward (2-003C)</name>
      <text>Cuando Ward ataca, gana +3000 de poder hasta el final del turno.</text>
      <prop>
        <type>Forward - VIII - Warrior</type>
        <manacost>3</manacost>
        <colors>Fire</colors>
        <pt>5000</pt>
      </prop>
      <set picurl="https://fftcg.cdn.sewest.net/images/cards/full/2-003C_eg.jpg">Opus II</set>
      <tablerow>2</tablerow>
    </card>
    <card>
      <name>Ephemeral Phantom (2-004C)</name>
      <text>Si tu oponente controla 2 o más Delanteros, Fantasma efímero gana +2000 de poder.</text>
      <prop>
        <type>Forward - DFF - Manikin</type>
        <manacost>2</manacost>
        <colors>Fire</colors>
        <pt>5000</pt>
      </prop>
      <set picurl="https://fftcg.cdn.sewest.net/images/cards/full/2-004C_eg.jpg">Opus II</set>
      <tablerow>2</tablerow>
    </card>
    <card>
      <name>Sage (2-005C)</name>
      <text>Cuando Sabio entra al terreno de juego, elige 1 Delantero. Este gana Prisa hasta el final del turno.</text>
      <prop>
        <type>Backup - III - Standard Unit</type>
        <manacost>2</manacost>
        <colors>Fire</colors>
        <pt>0</pt>
      </prop>
      <set picurl="https://fftcg.cdn.sewest.net/images/cards/full/2-005C_eg.jpg">Opus II</set>
      <tablerow>0</tablerow>
    </card>
    <card>
      <name>Sazh (2-006R)</name>
      <text>Cuando Sazh ataca, elige 1 Delantero controlado por tu oponente. Por cada punto de daño que has recibido, inflígele 1000 puntos de daño.</text>
      <prop>
        <type>Forward - XIII - Ravager</type>
        <manacost>2</manacost>
        <colors>Fire</colors>
        <pt>3000</pt>
      </prop>
      <set picurl="https://fftcg.cdn.sewest.net/images/cards/full/2-006R_eg.jpg">Opus II</set>
      <tablerow>2</tablerow>
    </card>
    <card>
      <name>Emperor Xande (2-007L)</name>
      <text>El coste de sacar a Emperador Xande al terreno de juego debe pagarse en CP de Fuego. 
Cuando Emperador Xande ataca, elige 1 Delantero controlado por tu oponente. Inflígele 5000 puntos de daño.
Cuando Emperador Xande pasa del terreno de juego a la Break Zone, elige 1 Delantero controlado por tu oponente. Inflígele 9000 puntos de daño.</text>
      <prop>
        <type>Forward - XIV - Emperor</type>
        <manacost>5</manacost>
        <colors>Fire</colors>
        <pt>9000</pt>
      </prop>
      <set picurl="https://fftcg.cdn.sewest.net/images/cards/full/2-007L_eg.jpg">Opus II</set>
      <tablerow>2</tablerow>
    </card>
    <card>
      <name>Zell (2-008C)</name>
      <text>Cuando Zell ataca, elige 1 Delantero de coste 3 o menos controlado por tu oponente. Este no puede bloquear este turno.</text>
      <prop>
        <type>Forward - VIII - SeeD Candidate</type>
        <manacost>3</manacost>
        <colors>Fire</colors>
        <pt>6000</pt>
      </prop>
      <set picurl="https://fftcg.cdn.sewest.net/images/cards/full/2-008C_eg.jpg">Opus II</set>
      <tablerow>2</tablerow>
    </card>
    <card>
      <name>Selphie (2-009R)</name>
      <text>(Fire)(Fire)(Dull): Elige 1 Delantero atacante. Gana +2000 de poder hasta el final del turno.</text>
      <prop>
        <type>Backup - VIII - SeeD Candidate</type>
        <manacost>2</manacost>
        <colors>Fire</colors>
        <pt>0</pt>
      </prop>
      <set picurl="https://fftcg.cdn.sewest.net/images/cards/full/2-009R_eg.jpg">Opus II</set>
      <tablerow>0</tablerow>
    </card>
    <card>
      <name>Warrior (2-010C)</name>
      <text>(Fire): Guerrero gana +1000 de poder hasta el final del turno.</text>
      <prop>
        <type>Forward - XIV - Standard Unit</type>
        <manacost>2</manacost>
        <colors>Fire</colors>
        <pt>5000</pt>
      </prop>
      <set picurl="https://fftcg.cdn.sewest.net/images/cards/full/2-010C_eg.jpg">Opus II</set>
      <tablerow>2</tablerow>
    </card>
    <card>
      <name>Tifa (2-011L)</name>
      <text>Cuando Tifa ataca, elige 1 Delantero. Este no puede bloquear este turno.
Zambullida del Halcón (S)(Fire)(Fire)(Fire): Los Delanteros de coste 3 o menos no pueden bloquear este turno.</text>
      <prop>
        <type>Forward - DFF · VII - Martial Artist</type>
        <manacost>5</manacost>
        <colors>Fire</colors>
        <pt>9000</pt>
      </prop>
      <set picurl="https://fftcg.cdn.sewest.net/images/cards/full/2-011L_eg.jpg">Opus II</set>
      <tablerow>2</tablerow>
    </card>
    <card>
      <name>Tellah (2-012R)</name>
      <text>(Dull), pon Tellah en la Break Zone: Elige 1 Delantero. Inflígele 9000 puntos de daño.</text>
      <prop>
        <type>Backup - IV - Sage</type>
        <manacost>4</manacost>
        <colors>Fire</colors>
        <pt>0</pt>
      </prop>
      <set picurl="https://fftcg.cdn.sewest.net/images/cards/full/2-012R_eg.jpg">Opus II</set>
      <tablerow>0</tablerow>
    </card>
    <card>
      <name>Ninja (2-013C)</name>
      <text>Iniciativa
Cuando Ninja es bloqueado, inflige 2000 puntos de daño al Delantero que está bloqueando.</text>
      <prop>
        <type>Forward - III - Standard Unit</type>
        <manacost>2</manacost>
        <colors>Fire</colors>
        <pt>4000</pt>
      </prop>
      <set picurl="https://fftcg.cdn.sewest.net/images/cards/full/2-013C_eg.jpg">Opus II</set>
      <tablerow>2</tablerow>
    </card>
    <card>
      <name>Basch (2-014H)</name>
      <text>Si controlas [Nombre de la carta (Ashe)], Basch gana +2000 de poder.
Sables de Fuego (S)(Fire)(Fire)(Fire)(2)(Dull): Elige hasta 2 Delanteros. Inflígeles 9000 puntos de daño.</text>
      <prop>
        <type>Forward - XII - Captain</type>
        <manacost>3</manacost>
        <colors>Fire</colors>
        <pt>7000</pt>
      </prop>
      <set picurl="https://fftcg.cdn.sewest.net/images/cards/full/2-014H_eg.jpg">Opus II</set>
      <tablerow>2</tablerow>
    </card>
    <card>
      <name>Palom (2-015H)</name>
      <text>Cuando Palom entra a tu terreno de juego y no es desde tu mano, elige 1 Delantero. Puedes infligirle 7000 puntos de daño.
Cometa (S)(Dull), pon en dull 1 [Nombre de la carta (Porom)] activa: Inflige 1 punto de daño al oponente.</text>
      <prop>
        <type>Forward - IV - Black Mage</type>
        <manacost>3</manacost>
        <colors>Fire</colors>
        <pt>6000</pt>
      </prop>
      <set picurl="https://fftcg.cdn.sewest.net/images/cards/full/2-015H_eg.jpg">Opus II</set>
      <tablerow>2</tablerow>
    </card>
    <card>
      <name>Palom (2-016R)</name>
      <text>Cuando Palom ataca, elige 1 Delantero controlado por tu oponente. Inflígele 2000 puntos de daño.
Cuando Palom inflige daño a tu oponente, o cuando un Delantero que ha recibido daño desde Palom pasa del terreno de juego a la Break Zone este mismo turno, puedes poner a Palom en la Break Zone. Si lo haces, busca [Nombre de la carta (Palom)] y ｊuégala al terreno de juego.</text>
      <prop>
        <type>Forward - IV - Apprentice Mage</type>
        <manacost>1</manacost>
        <colors>Fire</colors>
        <pt>1000</pt>
      </prop>
      <set picurl="https://fftcg.cdn.sewest.net/images/cards/full/2-016R_eg.jpg">Opus II</set>
      <tablerow>2</tablerow>
    </card>
    <card>
      <name>Bergan (2-017R)</name>
      <text>(Fire)(1): Inflige 1000 puntos de daño a todos los Delanteros controlados por tu oponente.
Cuando Bergan es objetivo de una Invocación, pon a Bergan en la Break Zone.</text>
      <prop>
        <type>Forward - XII - Judge</type>
        <manacost>4</manacost>
        <colors>Fire</colors>
        <pt>8000</pt>
      </prop>
      <set picurl="https://fftcg.cdn.sewest.net/images/cards/full/2-017R_eg.jpg">Opus II</set>
      <tablerow>2</tablerow>
    </card>
    <card>
      <name>Summoner (2-018C)</name>
      <text>(Dull), pon Invocador en la Break Zone: Durante este turno el daño recibido por cualquier Delantero aumenta en 1000.</text>
      <prop>
        <type>Backup - III - Standard Unit</type>
        <manacost>2</manacost>
        <colors>Fire</colors>
        <pt>0</pt>
      </prop>
      <set picurl="https://fftcg.cdn.sewest.net/images/cards/full/2-018C_eg.jpg">Opus II</set>
      <tablerow>0</tablerow>
    </card>
    <card>
      <name>Belias, the Gigas (2-019R)</name>
      <text>[EX BURST] Elige 1 Delantero. Hasta el final del turno, ese gana +1000 puntos de poder, Prisa e Iniciativa. Coge 1 carta.</text>
      <prop>
        <type>Summon - XII</type>
        <manacost>2</manacost>
        <colors>Fire</colors>
        <pt>0</pt>
      </prop>
      <set picurl="https://fftcg.cdn.sewest.net/images/cards/full/2-019R_eg.jpg">Opus II</set>
      <tablerow>3</tablerow>
    </card>
    <card>
      <name>Imitation Liegeman (2-020C)</name>
      <text>Cuando Señor de imitación entra al terreno de juego, elige 1 Delantero controlado por tu oponente. Inflígele 2000 puntos de daño. Si controlas una [Oficio (Siervo)] que no sea Señor de imitación, inflígele 5000 puntos de daño en su lugar.</text>
      <prop>
        <type>Forward - DFF - Manikin</type>
        <manacost>3</manacost>
        <colors>Fire</colors>
        <pt>6000</pt>
      </prop>
      <set picurl="https://fftcg.cdn.sewest.net/images/cards/full/2-020C_eg.jpg">Opus II</set>
      <tablerow>2</tablerow>
    </card>
    <card>
      <name>Montblanc (2-021C)</name>
      <text>(Fire)(Fire)(Dull): Elige 1 Delantero. Inflígele 1000 puntos de daño por cada [Oficio (Moguri)] que controlas.</text>
      <prop>
        <type>Backup - XII - Moogle</type>
        <manacost>2</manacost>
        <colors>Fire</colors>
        <pt>0</pt>
      </prop>
      <set picurl="https://fftcg.cdn.sewest.net/images/cards/full/2-021C_eg.jpg">Opus II</set>
      <tablerow>0</tablerow>
    </card>
    <card>
      <name>Luneth (2-022H)</name>
      <text>Todos los Delanteros [Oficio (Soldado)] que controlas ganan Prisa.</text>
      <prop>
        <type>Forward - III - Warrior of Light</type>
        <manacost>3</manacost>
        <colors>Fire</colors>
        <pt>7000</pt>
      </prop>
      <set picurl="https://fftcg.cdn.sewest.net/images/cards/full/2-022H_eg.jpg">Opus II</set>
      <tablerow>2</tablerow>
    </card>
    <card>
      <name>Rubicante (2-023H)</name>
      <text>Cuando Rubicante ataca, activa a todos los Delanteros controlados por tu oponente.
Barrera Elemental (S)(Fire): Nombra 1 elemento. Hasta el final del turno, Rubicante no puede ser objetivo de Invocaciones o habilidades de ese elemento.</text>
      <prop>
        <type>Forward - IV - Archfiend</type>
        <manacost>4</manacost>
        <colors>Fire</colors>
        <pt>9000</pt>
      </prop>
      <set picurl="https://fftcg.cdn.sewest.net/images/cards/full/2-023H_eg.jpg">Opus II</set>
      <tablerow>2</tablerow>
    </card>
    <card>
      <name>Rosso (2-024R)</name>
      <text>Anula la mitad del daño que recibe Rosso (redondeando al alza en múltiplos de 1000).</text>
      <prop>
        <type>Forward - VII - Tsviets</type>
        <manacost>3</manacost>
        <colors>Fire</colors>
        <pt>5000</pt>
      </prop>
      <set picurl="https://fftcg.cdn.sewest.net/images/cards/full/2-024R_eg.jpg">Opus II</set>
      <tablerow>2</tablerow>
    </card>
    <card>
      <name>Weiss (2-025H)</name>
      <text>Cuando Weiss entra al terreno de juego, puedes jugar 1 Delantero Frío de coste 3 o menos de tu mano al terreno de juego.
Cuando Weiss ataca, gana +2000 de poder hasta el final del turno.</text>
      <prop>
        <type>Forward - VII - Tsviets</type>
        <manacost>6</manacost>
        <colors>Ice</colors>
        <pt>8000</pt>
      </prop>
      <set picurl="https://fftcg.cdn.sewest.net/images/cards/full/2-025H_eg.jpg">Opus II</set>
      <tablerow>2</tablerow>
    </card>
    <card>
      <name>Vayne (2-026L)</name>
      <text>Los Delanteros de coste 5 o más controlados por tu oponente no se activarán durante su Active Phase.
Cuando Vayne entra al terreno de juego, pon en dull todos los Delanteros de coste 5 o más controlados por tu oponente. 
Incursión (S)(Ice)(Ice): Congela todos los Delanteros controlados por tu oponente.</text>
      <prop>
        <type>Forward - XII - Consul</type>
        <manacost>4</manacost>
        <colors>Ice</colors>
        <pt>8000</pt>
      </prop>
      <set picurl="https://fftcg.cdn.sewest.net/images/cards/full/2-026L_eg.jpg">Opus II</set>
      <tablerow>2</tablerow>
    </card>
    <card>
      <name>Scholar (2-027C)</name>
      <text>(Ice)(Dull): Elige 1 Delantero en dull. Inflígele 2000 puntos de daño.</text>
      <prop>
        <type>Backup - XIV - Standard Unit</type>
        <manacost>2</manacost>
        <colors>Ice</colors>
        <pt>0</pt>
      </prop>
      <set picurl="https://fftcg.cdn.sewest.net/images/cards/full/2-027C_eg.jpg">Opus II</set>
      <tablerow>0</tablerow>
    </card>
    <card>
      <name>Semblance of a Lion (2-028C)</name>
      <text>Cuando León artificial bloquea o es bloqueado, elige 1 Delantero. Inflígele 2000 puntos de daño.</text>
      <prop>
        <type>Forward - DFF - Manikin</type>
        <manacost>2</manacost>
        <colors>Ice</colors>
        <pt>5000</pt>
      </prop>
      <set picurl="https://fftcg.cdn.sewest.net/images/cards/full/2-028C_eg.jpg">Opus II</set>
      <tablerow>2</tablerow>
    </card>
    <card>
      <name>Imaginary Champion (2-029C)</name>
      <text>Cuando Campeón simulado entra al terreno de juego, cada jugador descarta 1 carta de su mano.</text>
      <prop>
        <type>Forward - DFF - Manikin</type>
        <manacost>3</manacost>
        <colors>Ice</colors>
        <pt>7000</pt>
      </prop>
      <set picurl="https://fftcg.cdn.sewest.net/images/cards/full/2-029C_eg.jpg">Opus II</set>
      <tablerow>2</tablerow>
    </card>
    <card>
      <name>Edward (2-030H)</name>
      <text>(Ice)(Ice)(Dull): Elige 1 Delantero. Ponlo en dull.</text>
      <prop>
        <type>Backup - IV - Bard</type>
        <manacost>4</manacost>
        <colors>Ice</colors>
        <pt>0</pt>
      </prop>
      <set picurl="https://fftcg.cdn.sewest.net/images/cards/full/2-030H_eg.jpg">Opus II</set>
      <tablerow>0</tablerow>
    </card>
    <card>
      <name>Edward (2-031C)</name>
      <text>Todos los Delanteros pierden Prisa.
Los Delanteros no pueden ganar Prisa.</text>
      <prop>
        <type>Forward - IV - Bard</type>
        <manacost>2</manacost>
        <colors>Ice</colors>
        <pt>5000</pt>
      </prop>
      <set picurl="https://fftcg.cdn.sewest.net/images/cards/full/2-031C_eg.jpg">Opus II</set>
      <tablerow>2</tablerow>
    </card>
    <card>
      <name>Bard (2-032C)</name>
      <text>Cuando Bardo entra al terreno de juego, pon en dull todos los Apoyos controlados por tu oponente.</text>
      <prop>
        <type>Backup - XIV - Standard Unit</type>
        <manacost>2</manacost>
        <colors>Ice</colors>
        <pt>0</pt>
      </prop>
      <set picurl="https://fftcg.cdn.sewest.net/images/cards/full/2-032C_eg.jpg">Opus II</set>
      <tablerow>0</tablerow>
    </card>
    <card>
      <name>Black Mage (2-033C)</name>
      <text>Pon Mago negro en la Break Zone: Los Delanteros de coste 3 o menos no pueden atacar este turno.</text>
      <prop>
        <type>Backup - III - Standard Unit</type>
        <manacost>3</manacost>
        <colors>Ice</colors>
        <pt>0</pt>
      </prop>
      <set picurl="https://fftcg.cdn.sewest.net/images/cards/full/2-033C_eg.jpg">Opus II</set>
      <tablerow>0</tablerow>
    </card>
    <card>
      <name>Zargabaath (2-034R)</name>
      <text>Cuando Zargabaath entra al terreno de juego, puedes jugar 1 Delantero que no sea Frío de coste 3 o menos de tu mano al terreno de juego.</text>
      <prop>
        <type>Forward - XII - Judge</type>
        <manacost>3</manacost>
        <colors>Ice</colors>
        <pt>5000</pt>
      </prop>
      <set picurl="https://fftcg.cdn.sewest.net/images/cards/full/2-034R_eg.jpg">Opus II</set>
      <tablerow>2</tablerow>
    </card>
    <card>
      <name>Shelke (2-035H)</name>
      <text>Cuando Shelke entra al terreno de juego, puedes jugar 1 Delantero que no sea Frío de coste 2 o menos de tu mano al terreno de juego. Si lo haces, tu oponente descarta 1 carta de su mano.</text>
      <prop>
        <type>Forward - VII - Tsviets</type>
        <manacost>3</manacost>
        <colors>Ice</colors>
        <pt>5000</pt>
      </prop>
      <set picurl="https://fftcg.cdn.sewest.net/images/cards/full/2-035H_eg.jpg">Opus II</set>
      <tablerow>2</tablerow>
    </card>
    <card>
      <name>Shalua (2-036R)</name>
      <text>Las Nombre de la carta Shelke que controlas ganan +2000 de poder.
  (Dull), pon Shalua en la Break Zone: El siguiente daño infligido a Nombre de la carta Shelke se vuelve 0 este turno.</text>
      <prop>
        <type>Backup - None - Scientist</type>
        <manacost>2</manacost>
        <colors>Ice</colors>
        <pt>0</pt>
      </prop>
      <set picurl="https://fftcg.cdn.sewest.net/images/cards/full/2-036R_eg.jpg">Opus II</set>
      <tablerow>0</tablerow>
    </card>
    <card>
      <name>Jihl Nabaat (2-037R)</name>
      <text>Si un Delantero que controlas recibe daño de un Apoyo, el daño se vuelve 0 en su lugar.</text>
      <prop>
        <type>Backup - XIII - PSICOM</type>
        <manacost>2</manacost>
        <colors>Ice</colors>
        <pt>0</pt>
      </prop>
      <set picurl="https://fftcg.cdn.sewest.net/images/cards/full/2-037R_eg.jpg">Opus II</set>
      <tablerow>0</tablerow>
    </card>
    <card>
      <name>Squall (2-038H)</name>
      <text>Iniciativa
Por cada personaje en dull controlado por tu oponente, Squall gana +1000 de poder.
Cuando Squall ataca, pon en dull todos los Apoyos controlados por tu oponente.</text>
      <prop>
        <type>Forward - DFF · VIII - SeeD Candidate</type>
        <manacost>5</manacost>
        <colors>Ice</colors>
        <pt>6000</pt>
      </prop>
      <set picurl="https://fftcg.cdn.sewest.net/images/cards/full/2-038H_eg.jpg">Opus II</set>
      <tablerow>2</tablerow>
    </card>
    <card>
      <name>Capricious Reaper (2-039C)</name>
      <text>Cuando Segador es objetivo de una Invocación o habilidad de tu oponente, tu oponente descarta 1 carta de su mano.</text>
      <prop>
        <type>Forward - DFF - Manikin</type>
        <manacost>4</manacost>
        <colors>Ice</colors>
        <pt>8000</pt>
      </prop>
      <set picurl="https://fftcg.cdn.sewest.net/images/cards/full/2-039C_eg.jpg">Opus II</set>
      <tablerow>2</tablerow>
    </card>
    <card>
      <name>Time Mage (2-040C)</name>
      <text>(Dull): Elige 1 Delantero. Este pierde Prisa e Iniciativa hasta el final del turno.</text>
      <prop>
        <type>Backup - FFT - Standard Unit</type>
        <manacost>2</manacost>
        <colors>Ice</colors>
        <pt>0</pt>
      </prop>
      <set picurl="https://fftcg.cdn.sewest.net/images/cards/full/2-040C_eg.jpg">Opus II</set>
      <tablerow>0</tablerow>
    </card>
    <card>
      <name>Doctor Cid (2-041H)</name>
      <text>Cuando una Invocación o habilidad de tu oponente rompa un Apoyo que controlas, tu oponente pone 1 personaje de su terreno de juego en la Break Zone.</text>
      <prop>
        <type>Backup - XII - Research Chief</type>
        <manacost>2</manacost>
        <colors>Ice</colors>
        <pt>0</pt>
      </prop>
      <set picurl="https://fftcg.cdn.sewest.net/images/cards/full/2-041H_eg.jpg">Opus II</set>
      <tablerow>0</tablerow>
    </card>
    <card>
      <name>Nero (2-042R)</name>
      <text>Si controlas [Nombre de la carta (Weiss)], Nero gana +1000 de poder. 
Cuando Nero bloquea o es bloqueado, elige 1 Delantero. Congélalo.</text>
      <prop>
        <type>Forward - VII - Tsviets</type>
        <manacost>3</manacost>
        <colors>Ice</colors>
        <pt>7000</pt>
      </prop>
      <set picurl="https://fftcg.cdn.sewest.net/images/cards/full/2-042R_eg.jpg">Opus II</set>
      <tablerow>2</tablerow>
    </card>
    <card>
      <name>Hurdy (2-043C)</name>
      <text>(Ice)(Ice)(Dull): Pon en dull a todos los Delanteros con coste que sea igual al número de [Oficio (Moguri)] que controlas.</text>
      <prop>
        <type>Backup - XII - Moogle</type>
        <manacost>2</manacost>
        <colors>Ice</colors>
        <pt>0</pt>
      </prop>
      <set picurl="https://fftcg.cdn.sewest.net/images/cards/full/2-043C_eg.jpg">Opus II</set>
      <tablerow>0</tablerow>
    </card>
    <card>
      <name>Mateus, the Corrupt (2-044R)</name>
      <text>[EX BURST] El oponente pone 1 Delantero atacante en la Break Zone.</text>
      <prop>
        <type>Summon - XII</type>
        <manacost>5</manacost>
        <colors>Ice</colors>
        <pt>0</pt>
      </prop>
      <set picurl="https://fftcg.cdn.sewest.net/images/cards/full/2-044R_eg.jpg">Opus II</set>
      <tablerow>3</tablerow>
    </card>
    <card>
      <name>Moomba (2-045C)</name>
      <text>[EX BURST] Elige 1 Delantero. Inflígele daño por valor de su poder menos 1000.</text>
      <prop>
        <type>Summon - VIII</type>
        <manacost>2</manacost>
        <colors>Ice</colors>
        <pt>0</pt>
      </prop>
      <set picurl="https://fftcg.cdn.sewest.net/images/cards/full/2-045C_eg.jpg">Opus II</set>
      <tablerow>3</tablerow>
    </card>
    <card>
      <name>Laguna (2-046R)</name>
      <text>Iniciativa
Cuando Laguna ataca, elige 1 Delantero en dull controlado por tu oponente. Congélalo.</text>
      <prop>
        <type>Forward - VIII - Marksman</type>
        <manacost>3</manacost>
        <colors>Ice</colors>
        <pt>5000</pt>
      </prop>
      <set picurl="https://fftcg.cdn.sewest.net/images/cards/full/2-046R_eg.jpg">Opus II</set>
      <tablerow>2</tablerow>
    </card>
    <card>
      <name>Rinoa (2-047L)</name>
      <text>Por cada Delantero [Categoría (VIII)] que controlas que no sea Rinoa, Rinoa gana +1000 de poder. 
Cuando Rinoa pasa del terreno de juego a la Break Zone, pon en dull todos los Delanteros controlados por tu oponente.
Estrella Fugaz (S)(Ice)(Dull): Elige 1 Delantero y 1 Apoyo. Ponlos en dull y congélalos.</text>
      <prop>
        <type>Forward - VIII - Resistance Fighter</type>
        <manacost>3</manacost>
        <colors>Ice</colors>
        <pt>7000</pt>
      </prop>
      <set picurl="https://fftcg.cdn.sewest.net/images/cards/full/2-047L_eg.jpg">Opus II</set>
      <tablerow>2</tablerow>
    </card>
    <card>
      <name>Rinoa (2-048R)</name>
      <text>Cuando Rinoa entra al terreno de juego, puedes buscar 1 Delantero [Categoría (VIII)] y añadirlo a tu mano.</text>
      <prop>
        <type>Backup - VIII - Resistance Fighter</type>
        <manacost>3</manacost>
        <colors>Ice</colors>
        <pt>0</pt>
      </prop>
      <set picurl="https://fftcg.cdn.sewest.net/images/cards/full/2-048R_eg.jpg">Opus II</set>
      <tablerow>0</tablerow>
    </card>
    <card>
      <name>Asura (2-049H)</name>
      <text>Elige 1 de las siguientes acciones:
"Elige hasta 2 Delanteros. Actívalos."
"Elige hasta 5 Apoyos. Actívalos."
"Elige 1 carta de personaje de coste 2 o menos de tu Break Zone. Añádela a tu mano. "</text>
      <prop>
        <type>Summon - IV</type>
        <manacost>1</manacost>
        <colors>Wind</colors>
        <pt>0</pt>
      </prop>
      <set picurl="https://fftcg.cdn.sewest.net/images/cards/full/2-049H_eg.jpg">Opus II</set>
      <tablerow>3</tablerow>
    </card>
    <card>
      <name>Arc (2-050H)</name>
      <text>Los Delanteros [Oficio (Soldado)] que controlas ganan +1000 de poder.</text>
      <prop>
        <type>Backup - III - Warrior of Light</type>
        <manacost>2</manacost>
        <colors>Wind</colors>
        <pt>0</pt>
      </prop>
      <set picurl="https://fftcg.cdn.sewest.net/images/cards/full/2-050H_eg.jpg">Opus II</set>
      <tablerow>0</tablerow>
    </card>
    <card>
      <name>Vaan (2-051L)</name>
      <text>Cuando Vaan ataca, elige 1 Delantero que controlas. Puedes devolver a la mano de su propietario 1 Apoyo de coste 2 o menos que controlas. Si lo haces, activa el Delantero.
Vorágine (S)(Wind): Activa todos los personajes Aire que controlas.</text>
      <prop>
        <type>Forward - XII - Sky Pirate</type>
        <manacost>4</manacost>
        <colors>Wind</colors>
        <pt>8000</pt>
      </prop>
      <set picurl="https://fftcg.cdn.sewest.net/images/cards/full/2-051L_eg.jpg">Opus II</set>
      <tablerow>2</tablerow>
    </card>
    <card>
      <name>Vaan (2-052C)</name>
      <text>Cuando Vaan entra al terreno de juego o ataca, elige 1 Apoyo que controlas. Actívalo.</text>
      <prop>
        <type>Forward - XII - Sky Pirate</type>
        <manacost>1</manacost>
        <colors>Wind</colors>
        <pt>3000</pt>
      </prop>
      <set picurl="https://fftcg.cdn.sewest.net/images/cards/full/2-052C_eg.jpg">Opus II</set>
      <tablerow>2</tablerow>
    </card>
    <card>
      <name>Edge (2-053H)</name>
      <text>Todos los Delanteros [Oficio (Ninja)] y [Nombre de la carta (Ninja)] que controlas que no sean Edge ganan +1000 de poder e Iniciativa.</text>
      <prop>
        <type>Forward - IV - Ninja</type>
        <manacost>4</manacost>
        <colors>Wind</colors>
        <pt>8000</pt>
      </prop>
      <set picurl="https://fftcg.cdn.sewest.net/images/cards/full/2-053H_eg.jpg">Opus II</set>
      <tablerow>2</tablerow>
    </card>
    <card>
      <name>Edge (2-054R)</name>
      <text>Edge no puede ser bloqueado por un Delantero de coste 4 o más.
Cuando Edge inflige daño al oponente, activa todos los Apoyos que controlas.</text>
      <prop>
        <type>Forward - IV - Ninja</type>
        <manacost>2</manacost>
        <colors>Wind</colors>
        <pt>3000</pt>
      </prop>
      <set picurl="https://fftcg.cdn.sewest.net/images/cards/full/2-054R_eg.jpg">Opus II</set>
      <tablerow>2</tablerow>
    </card>
    <card>
      <name>Kan-E-Senna (2-055H)</name>
      <text>[EX BURST] Cuando Kan-E-Senna entra al terreno de juego, elige 1 Delantero de coste 5 o más controlado por tu oponente. Rómpelo.</text>
      <prop>
        <type>Backup - XIV - Praetor</type>
        <manacost>5</manacost>
        <colors>Wind</colors>
        <pt>0</pt>
      </prop>
      <set picurl="https://fftcg.cdn.sewest.net/images/cards/full/2-055H_eg.jpg">Opus II</set>
      <tablerow>0</tablerow>
    </card>
    <card>
      <name>Ranger (2-056C)</name>
      <text>(Dull), pon Ranger en la Break Zone: Elige 1 Apoyo de coste 1. Rómpelo.</text>
      <prop>
        <type>Backup - III - Standard Unit</type>
        <manacost>2</manacost>
        <colors>Wind</colors>
        <pt>0</pt>
      </prop>
      <set picurl="https://fftcg.cdn.sewest.net/images/cards/full/2-056C_eg.jpg">Opus II</set>
      <tablerow>0</tablerow>
    </card>
    <card>
      <name>Cid Pollendina (2-057C)</name>
      <text>(Dull): El oponente revela su mano.</text>
      <prop>
        <type>Forward - IV - Engineer</type>
        <manacost>3</manacost>
        <colors>Wind</colors>
        <pt>7000</pt>
      </prop>
      <set picurl="https://fftcg.cdn.sewest.net/images/cards/full/2-057C_eg.jpg">Opus II</set>
      <tablerow>2</tablerow>
    </card>
    <card>
      <name>White Mage (2-058C)</name>
      <text>Cuando Mago blanco entra al terreno de juego, elige hasta 2 cartas de personajes Aire. Actívalos.</text>
      <prop>
        <type>Backup - XIV - Standard Unit</type>
        <manacost>3</manacost>
        <colors>Wind</colors>
        <pt>0</pt>
      </prop>
      <set picurl="https://fftcg.cdn.sewest.net/images/cards/full/2-058C_eg.jpg">Opus II</set>
      <tablerow>0</tablerow>
    </card>
    <card>
      <name>Capricious Thief (2-059C)</name>
      <text>Ladrón caprichoso no puede ser bloqueado por un Delantero de coste 5 o más.
Ladrón caprichoso no puede ser objetivo de las Invocaciones o habilidades de tu oponente durante en el turno de tu oponente.</text>
      <prop>
        <type>Forward - DFF - Manikin</type>
        <manacost>2</manacost>
        <colors>Wind</colors>
        <pt>5000</pt>
      </prop>
      <set picurl="https://fftcg.cdn.sewest.net/images/cards/full/2-059C_eg.jpg">Opus II</set>
      <tablerow>2</tablerow>
    </card>
    <card>
      <name>Chocobo (2-060C)</name>
      <text>Iniciativa
Los Delanteros que forman equipo con Chocobo ganan Iniciativa.</text>
      <prop>
        <type>Forward - VIII - Standard Unit</type>
        <manacost>1</manacost>
        <colors>Wind</colors>
        <pt>1000</pt>
      </prop>
      <set picurl="https://fftcg.cdn.sewest.net/images/cards/full/2-060C_eg.jpg">Opus II</set>
      <tablerow>2</tablerow>
    </card>
    <card>
      <name>Ninja (2-061C)</name>
      <text>(Wind)(Wind): Durante este turno, si Ninja inflige daño a un Delantero, duplica el daño en su lugar.</text>
      <prop>
        <type>Forward - XIV - Standard Unit</type>
        <manacost>1</manacost>
        <colors>Wind</colors>
        <pt>3000</pt>
      </prop>
      <set picurl="https://fftcg.cdn.sewest.net/images/cards/full/2-061C_eg.jpg">Opus II</set>
      <tablerow>2</tablerow>
    </card>
    <card>
      <name>Nono (2-062C)</name>
      <text>(Wind)(Wind)(Dull): Elige tantos Delanteros como [Oficio (Moguri)] controlas. Actívalos.</text>
      <prop>
        <type>Backup - XII - Moogle</type>
        <manacost>2</manacost>
        <colors>Wind</colors>
        <pt>0</pt>
      </prop>
      <set picurl="https://fftcg.cdn.sewest.net/images/cards/full/2-062C_eg.jpg">Opus II</set>
      <tablerow>0</tablerow>
    </card>
    <card>
      <name>Paine (2-063R)</name>
      <text>[EX BURST] Cuando Paine entra al terreno de juego, puedes buscar 1 [Nombre de la carta (Yuna)] o 1 [Nombre de la carta (Rikku)] y añadirla a tu mano.</text>
      <prop>
        <type>Forward - X - Gullwings</type>
        <manacost>3</manacost>
        <colors>Wind</colors>
        <pt>3000</pt>
      </prop>
      <set picurl="https://fftcg.cdn.sewest.net/images/cards/full/2-063R_eg.jpg">Opus II</set>
      <tablerow>2</tablerow>
    </card>
    <card>
      <name>Barbariccia (2-064H)</name>
      <text>Vórtice (S)(Wind)(Wind)(Dull): Todos los Delanteros controlados por tu oponente reciben daño por valor de su poder menos 1000.</text>
      <prop>
        <type>Forward - IV - Archfiend</type>
        <manacost>3</manacost>
        <colors>Wind</colors>
        <pt>7000</pt>
      </prop>
      <set picurl="https://fftcg.cdn.sewest.net/images/cards/full/2-064H_eg.jpg">Opus II</set>
      <tablerow>2</tablerow>
    </card>
    <card>
      <name>Balthier (2-065L)</name>
      <text>Cada vez que uno de tus Apoyos entra al terreno de juego, activa Balthier.
(Dull): Elige 1 Delantero. Inflígele 2000 puntos de daño.
Robavidas (S)(Wind): Hasta el final del turno, Balthier gana Iniciativa y no puede ser objetivo de las Invocaciones o habilidades.</text>
      <prop>
        <type>Forward - XII - Sky Pirate</type>
        <manacost>4</manacost>
        <colors>Wind</colors>
        <pt>8000</pt>
      </prop>
      <set picurl="https://fftcg.cdn.sewest.net/images/cards/full/2-065L_eg.jpg">Opus II</set>
      <tablerow>2</tablerow>
    </card>
    <card>
      <name>Balthier (2-066R)</name>
      <text>Cuando Balthier entra al terreno de juego, puedes buscar 1 [Nombre de la carta (Fran)] y añadirla a tu mano.</text>
      <prop>
        <type>Forward - XII - Sky Pirate</type>
        <manacost>3</manacost>
        <colors>Wind</colors>
        <pt>6000</pt>
      </prop>
      <set picurl="https://fftcg.cdn.sewest.net/images/cards/full/2-066R_eg.jpg">Opus II</set>
      <tablerow>2</tablerow>
    </card>
    <card>
      <name>Penelo (2-067R)</name>
      <text>Si todos los Delanteros que controlas tienen el [Oficio (Pirata del aire)] o [Oficio (Pirata)], ganan +1000 de poder.</text>
      <prop>
        <type>Backup - XII - Dancer</type>
        <manacost>2</manacost>
        <colors>Wind</colors>
        <pt>0</pt>
      </prop>
      <set picurl="https://fftcg.cdn.sewest.net/images/cards/full/2-067R_eg.jpg">Opus II</set>
      <tablerow>0</tablerow>
    </card>
    <card>
      <name>Fran (2-068R)</name>
      <text>(Dull): Elige 1 [Nombre de la carta (Balthier)] . Este gana +1000 de poder hasta el final del turno.
(Wind)(Dull): Elige 1 [Nombre de la carta (Balthier)]. Este gana Prisa hasta el final del turno.</text>
      <prop>
        <type>Backup - XII - Sky Pirate</type>
        <manacost>2</manacost>
        <colors>Wind</colors>
        <pt>0</pt>
      </prop>
      <set picurl="https://fftcg.cdn.sewest.net/images/cards/full/2-068R_eg.jpg">Opus II</set>
      <tablerow>0</tablerow>
    </card>
    <card>
      <name>Fallacious Wanderer (2-069C)</name>
      <text>Cuando Vagabundo imaginario entra al terreno de juego, elige hasta 2 personajes Aire que controlas. Actívalos.</text>
      <prop>
        <type>Forward - DFF - Manikin</type>
        <manacost>3</manacost>
        <colors>Wind</colors>
        <pt>6000</pt>
      </prop>
      <set picurl="https://fftcg.cdn.sewest.net/images/cards/full/2-069C_eg.jpg">Opus II</set>
      <tablerow>2</tablerow>
    </card>
    <card>
      <name>Shemhazai, the Whisperer (2-070R)</name>
      <text>Durante este turno, los Delanteros solo pueden ser bloqueados por Delanteros de coste igual o inferior al suyo.</text>
      <prop>
        <type>Summon - XII</type>
        <manacost>1</manacost>
        <colors>Wind</colors>
        <pt>0</pt>
      </prop>
      <set picurl="https://fftcg.cdn.sewest.net/images/cards/full/2-070R_eg.jpg">Opus II</set>
      <tablerow>3</tablerow>
    </card>
    <card>
      <name>Rikku (2-071R)</name>
      <text>[EX BURST] Cuando Rikku entra al terreno de juego, activa todos los Delanteros que controlas.</text>
      <prop>
        <type>Backup - X - Gullwings</type>
        <manacost>2</manacost>
        <colors>Wind</colors>
        <pt>0</pt>
      </prop>
      <set picurl="https://fftcg.cdn.sewest.net/images/cards/full/2-071R_eg.jpg">Opus II</set>
      <tablerow>0</tablerow>
    </card>
    <card>
      <name>Reddas (2-072C)</name>
      <text>Reddas debe atacar una vez por turno siempre que sea posible.
Cuando Reddas ataca, todos Delanteros que controlas que no sean Reddas ganan +1000 de poder hasta el final del turno.</text>
      <prop>
        <type>Forward - XII - Sky Pirate</type>
        <manacost>5</manacost>
        <colors>Wind</colors>
        <pt>9000</pt>
      </prop>
      <set picurl="https://fftcg.cdn.sewest.net/images/cards/full/2-072C_eg.jpg">Opus II</set>
      <tablerow>2</tablerow>
    </card>
    <card>
      <name>Dark Knight (2-073C)</name>
      <text>Por cada punto de daño que has recibido, Caballero oscuro gana +1000 de poder.</text>
      <prop>
        <type>Forward - XIV - Standard Unit</type>
        <manacost>4</manacost>
        <colors>Earth</colors>
        <pt>5000</pt>
      </prop>
      <set picurl="https://fftcg.cdn.sewest.net/images/cards/full/2-073C_eg.jpg">Opus II</set>
      <tablerow>2</tablerow>
    </card>
    <card>
      <name>Warrior of Antiquity (2-074C)</name>
      <text>Por cada punto de daño que has recibido, Guerrero antiguo gana +1000 de poder.
Si has recibido 6 puntos de daño, pon Guerrero antiguo en la Break Zone.</text>
      <prop>
        <type>Forward - DFF - Manikin</type>
        <manacost>3</manacost>
        <colors>Earth</colors>
        <pt>5000</pt>
      </prop>
      <set picurl="https://fftcg.cdn.sewest.net/images/cards/full/2-074C_eg.jpg">Opus II</set>
      <tablerow>2</tablerow>
    </card>
    <card>
      <name>Ingus (2-075H)</name>
      <text>Cuando Ingus entra al terreno de juego, puedes jugar 1 [Oficio (Soldado)] de coste 2 o menos de tu mano al terreno de juego.</text>
      <prop>
        <type>Forward - III - Warrior of Light</type>
        <manacost>4</manacost>
        <colors>Earth</colors>
        <pt>8000</pt>
      </prop>
      <set picurl="https://fftcg.cdn.sewest.net/images/cards/full/2-075H_eg.jpg">Opus II</set>
      <tablerow>2</tablerow>
    </card>
    <card>
      <name>Vanille (2-076R)</name>
      <text>Cuando Vanille entra al terreno de juego, puedes jugar 1 Delantero Tierra de coste 4 o menos de tu mano al terreno de juego.</text>
      <prop>
        <type>Forward - XIII - Medic</type>
        <manacost>6</manacost>
        <colors>Earth</colors>
        <pt>8000</pt>
      </prop>
      <set picurl="https://fftcg.cdn.sewest.net/images/cards/full/2-076R_eg.jpg">Opus II</set>
      <tablerow>2</tablerow>
    </card>
    <card>
      <name>Vincent (2-077L)</name>
      <text>El oponente no puede romper a Vincent con Invocaciones o habilidades que no infligen daño.
Pena de Muerte (S)(5)(Dull): Elige tantos Delanteros como quieras hasta sumar un coste total de 7 o menos. Rómpelos.</text>
      <prop>
        <type>Forward - VII - Gunslinger</type>
        <manacost>4</manacost>
        <colors>Earth</colors>
        <pt>8000</pt>
      </prop>
      <set picurl="https://fftcg.cdn.sewest.net/images/cards/full/2-077L_eg.jpg">Opus II</set>
      <tablerow>2</tablerow>
    </card>
    <card>
      <name>Vincent (2-078R)</name>
      <text>Cuando Vincent ataca o bloquea, puedes pagar (2). Si no pagas (2), Vincent se rompe después del ataque o del bloqueo y no inflige ningún daño.
Cuando Vincent ataca o bloquea, elige 1 Delantero. Inflígele 4000 puntos de daño.</text>
      <prop>
        <type>Forward - VII - Gunslinger</type>
        <manacost>4</manacost>
        <colors>Earth</colors>
        <pt>9000</pt>
      </prop>
      <set picurl="https://fftcg.cdn.sewest.net/images/cards/full/2-078R_eg.jpg">Opus II</set>
      <tablerow>2</tablerow>
    </card>
    <card>
      <name>Ormi (2-079R)</name>
      <text>Las [Nombre de la carta (Logos)] y [Nombre de la carta (Leblanc)] que controlas ganan +2000 de poder.</text>
      <prop>
        <type>Forward - X - Sphere Hunter</type>
        <manacost>2</manacost>
        <colors>Earth</colors>
        <pt>5000</pt>
      </prop>
      <set picurl="https://fftcg.cdn.sewest.net/images/cards/full/2-079R_eg.jpg">Opus II</set>
      <tablerow>2</tablerow>
    </card>
    <card>
      <name>Carbuncle (2-080C)</name>
      <text>Elige 1 Invocación que tiene como objetivo una carta de personaje que controlas. Cancela su efecto.</text>
      <prop>
        <type>Summon - FFT</type>
        <manacost>3</manacost>
        <colors>Earth</colors>
        <pt>0</pt>
      </prop>
      <set picurl="https://fftcg.cdn.sewest.net/images/cards/full/2-080C_eg.jpg">Opus II</set>
      <tablerow>3</tablerow>
    </card>
    <card>
      <name>Gabranth (2-081L)</name>
      <text>El coste requerido para jugar Gabranth al terreno de juego se reduce en 1 por cada punto de daño que has recibido.
Si has recibido 6 puntos de daño o más, todos los Delanteros Tierra que controlas ganan Bravura.</text>
      <prop>
        <type>Forward - XII - Judge</type>
        <manacost>7</manacost>
        <colors>Earth</colors>
        <pt>9000</pt>
      </prop>
      <set picurl="https://fftcg.cdn.sewest.net/images/cards/full/2-081L_eg.jpg">Opus II</set>
      <tablerow>2</tablerow>
    </card>
    <card>
      <name>Ranger (2-082C)</name>
      <text>(Earth)(Dull): Elige 1 Delantero Tierra atacante. Gana +1000 de poder hasta el final del turno.</text>
      <prop>
        <type>Backup - III - Standard Unit</type>
        <manacost>2</manacost>
        <colors>Earth</colors>
        <pt>0</pt>
      </prop>
      <set picurl="https://fftcg.cdn.sewest.net/images/cards/full/2-082C_eg.jpg">Opus II</set>
      <tablerow>0</tablerow>
    </card>
    <card>
      <name>Machinist (2-083C)</name>
      <text>(Earth)(Earth)(2)(Dull), pon Ingeniero en la Break Zone: Elige 1 Delantero en dull de coste 4 o menos. Rómpelo.</text>
      <prop>
        <type>Backup - XIV - Standard Unit</type>
        <manacost>2</manacost>
        <colors>Earth</colors>
        <pt>0</pt>
      </prop>
      <set picurl="https://fftcg.cdn.sewest.net/images/cards/full/2-083C_eg.jpg">Opus II</set>
      <tablerow>0</tablerow>
    </card>
    <card>
      <name>Logos (2-084R)</name>
      <text>Las [Nombre de la carta (Ormi)] y [Nombre de la carta Leblanc)] que controlas ganan +2000 de poder.</text>
      <prop>
        <type>Forward - X - Sphere Hunter</type>
        <manacost>3</manacost>
        <colors>Earth</colors>
        <pt>7000</pt>
      </prop>
      <set picurl="https://fftcg.cdn.sewest.net/images/cards/full/2-084R_eg.jpg">Opus II</set>
      <tablerow>2</tablerow>
    </card>
    <card>
      <name>Scarmiglione (2-085H)</name>
      <text>Ataque furtivo (Al igual que las Invocaciones y las habilidades, puedes jugar esta carta durante la Attack Phase o la Main Phase de cualquier jugador.)</text>
      <prop>
        <type>Forward - IV - Archfiend</type>
        <manacost>2</manacost>
        <colors>Earth</colors>
        <pt>5000</pt>
      </prop>
      <set picurl="https://fftcg.cdn.sewest.net/images/cards/full/2-085H_eg.jpg">Opus II</set>
      <tablerow>2</tablerow>
    </card>
    <card>
      <name>Sorbet (2-086C)</name>
      <text>(Earth)(Earth)(Dull): Elige 1 Delantero bloqueante. Ese gana +1000 de poder por cada [Oficio (Moguri)] que controlas hasta el final del turno.</text>
      <prop>
        <type>Backup - XII - Moogle</type>
        <manacost>2</manacost>
        <colors>Earth</colors>
        <pt>0</pt>
      </prop>
      <set picurl="https://fftcg.cdn.sewest.net/images/cards/full/2-086C_eg.jpg">Opus II</set>
      <tablerow>0</tablerow>
    </card>
    <card>
      <name>Hashmal, Bringer of Order (2-087R)</name>
      <text>Elige 1 oficio o 1 elemento. Hasta el final del turno, todos los Delanteros que controlas ganan +1000 de poder y el oficio o elemento elegido.</text>
      <prop>
        <type>Summon - XII</type>
        <manacost>1</manacost>
        <colors>Earth</colors>
        <pt>0</pt>
      </prop>
      <set picurl="https://fftcg.cdn.sewest.net/images/cards/full/2-087R_eg.jpg">Opus II</set>
      <tablerow>3</tablerow>
    </card>
    <card>
      <name>Ba'Gamnan (2-088C)</name>
      <text>Si Ba'Gamnan inflige daño al oponente, el daño se vuelve 0 en su lugar.
El oponente debe bloquear a Ba'Gamnan siempre que sea posible.</text>
      <prop>
        <type>Forward - XII - Headhunter</type>
        <manacost>2</manacost>
        <colors>Earth</colors>
        <pt>5000</pt>
      </prop>
      <set picurl="https://fftcg.cdn.sewest.net/images/cards/full/2-088C_eg.jpg">Opus II</set>
      <tablerow>2</tablerow>
    </card>
    <card>
      <name>Monk (2-089C)</name>
      <text>(Earth)(Earth)(Dull), pon Monje en la Break Zone: Elige 1 Delantero. Ese gana +3000 de poder y Bravura hasta el final del turno.</text>
      <prop>
        <type>Backup - XIV - Standard Unit</type>
        <manacost>2</manacost>
        <colors>Earth</colors>
        <pt>0</pt>
      </prop>
      <set picurl="https://fftcg.cdn.sewest.net/images/cards/full/2-089C_eg.jpg">Opus II</set>
      <tablerow>0</tablerow>
    </card>
    <card>
      <name>Yang (2-090R)</name>
      <text>Por cada [Nombre de la carta (Monje)] y [Oficio (Monje)] que controlas que no sea Yang, Yang gana +1000 de poder.
Si Yang tiene 10000 o más de poder, Yang gana Bravura.</text>
      <prop>
        <type>Forward - IV - Monk</type>
        <manacost>5</manacost>
        <colors>Earth</colors>
        <pt>8000</pt>
      </prop>
      <set picurl="https://fftcg.cdn.sewest.net/images/cards/full/2-090R_eg.jpg">Opus II</set>
      <tablerow>2</tablerow>
    </card>
    <card>
      <name>Yang (2-091C)</name>
      <text>Si controlas una [Nombre de la carta (Monje)] o una [Oficio (Monje)] que no sea Yang, Yang gana +2000 puntos de poder y Bravura.</text>
      <prop>
        <type>Forward - IV - Monk</type>
        <manacost>2</manacost>
        <colors>Earth</colors>
        <pt>5000</pt>
      </prop>
      <set picurl="https://fftcg.cdn.sewest.net/images/cards/full/2-091C_eg.jpg">Opus II</set>
      <tablerow>2</tablerow>
    </card>
    <card>
      <name>Phantasmal Harlequin (2-092C)</name>
      <text>(Dull): Elige 1 [Oficio (Siervo)] que controlas. Ese gana +2000 de poder hasta el final del turno. Este turno, si ese pasa del terreno de juego a la Break Zone, rompe todas las [Nombre de la carta (Arlequín fantasmal)] que controlas.</text>
      <prop>
        <type>Backup - DFF - Manikin</type>
        <manacost>2</manacost>
        <colors>Earth</colors>
        <pt>0</pt>
      </prop>
      <set picurl="https://fftcg.cdn.sewest.net/images/cards/full/2-092C_eg.jpg">Opus II</set>
      <tablerow>0</tablerow>
    </card>
    <card>
      <name>Raubahn (2-093H)</name>
      <text>[EX BURST] Cuando Raubahn entra al terreno de juego, elige 1 Delantero que controlas y 1 Delantero controlado por tu oponente. El primero inflige al segundo un daño igual a su poder.</text>
      <prop>
        <type>Backup - XIV - Flame General</type>
        <manacost>4</manacost>
        <colors>Earth</colors>
        <pt>0</pt>
      </prop>
      <set picurl="https://fftcg.cdn.sewest.net/images/cards/full/2-093H_eg.jpg">Opus II</set>
      <tablerow>0</tablerow>
    </card>
    <card>
      <name>Rydia (2-094H)</name>
      <text>Puedes usar la habilidad especial de Rydia descartando una Invocación Tierra en lugar de una carta [Nombre de la carta (Rydia)] para pagar el coste. 
Ira de Gaia (S)(Earth)(Earth)(Earth)(Dull): Inflige 7000 puntos de daño a los Delanteros de cualquier elemento que no sea Tierra.</text>
      <prop>
        <type>Forward - IV - Summoner</type>
        <manacost>3</manacost>
        <colors>Earth</colors>
        <pt>7000</pt>
      </prop>
      <set picurl="https://fftcg.cdn.sewest.net/images/cards/full/2-094H_eg.jpg">Opus II</set>
      <tablerow>2</tablerow>
    </card>
    <card>
      <name>Rydia (2-095R)</name>
      <text>[EX BURST] Cuando Rydia entra al terreno de juego, elige 1 Invocación Tierra de tu Break Zone. Añádela a tu mano.</text>
      <prop>
        <type>Backup - IV - Summoner</type>
        <manacost>4</manacost>
        <colors>Earth</colors>
        <pt>0</pt>
      </prop>
      <set picurl="https://fftcg.cdn.sewest.net/images/cards/full/2-095R_eg.jpg">Opus II</set>
      <tablerow>0</tablerow>
    </card>
    <card>
      <name>Leblanc (2-096H)</name>
      <text>Bravura
(Dull), pon 1 [Nombre de la carta (Ormi)] o 1 [Nombre de la carta (Logos)] en la Break Zone: Leblanc no puede romperse este turno.</text>
      <prop>
        <type>Forward - X - Sphere Hunter</type>
        <manacost>4</manacost>
        <colors>Earth</colors>
        <pt>8000</pt>
      </prop>
      <set picurl="https://fftcg.cdn.sewest.net/images/cards/full/2-096H_eg.jpg">Opus II</set>
      <tablerow>2</tablerow>
    </card>
    <card>
      <name>Al-Cid (2-097H)</name>
      <text>Cuando Al-Cid entra al terreno de juego, elige 1 Delantero activo controlado por tu oponente. Puedes jugar 1 Delantero Rayo de coste 3 o menos de tu mano. Si lo haces, inflige 6000 puntos de daño.</text>
      <prop>
        <type>Forward - XII - Agent</type>
        <manacost>4</manacost>
        <colors>Lightning</colors>
        <pt>6000</pt>
      </prop>
      <set picurl="https://fftcg.cdn.sewest.net/images/cards/full/2-097H_eg.jpg">Opus II</set>
      <tablerow>2</tablerow>
    </card>
    <card>
      <name>Amon (2-098L)</name>
      <text>Cuando Amon entra al terreno de juego, elige 1 Delantero controlado por tu oponente. Ponlo en dull. 
(Dull): Elige 1 Delantero. Ponlo en dull.</text>
      <prop>
        <type>Forward - XIV - Technologist</type>
        <manacost>4</manacost>
        <colors>Lightning</colors>
        <pt>8000</pt>
      </prop>
      <set picurl="https://fftcg.cdn.sewest.net/images/cards/full/2-098L_eg.jpg">Opus II</set>
      <tablerow>2</tablerow>
    </card>
    <card>
      <name>Edea (2-099L)</name>
      <text>[EX BURST] Cuando Edea entra al terreno de juego, elige 1 Delantero controlado por tu oponente cuyo coste sea menor o igual que el número de Apoyos Rayo que controlas. Rómpelo. 
Muerte (S)(Lightning)(Lightning)(Lightning)(Lightning): Elige 1 Delantero. Rómpelo.</text>
      <prop>
        <type>Forward - VIII - Witch</type>
        <manacost>6</manacost>
        <colors>Lightning</colors>
        <pt>6000</pt>
      </prop>
      <set picurl="https://fftcg.cdn.sewest.net/images/cards/full/2-099L_eg.jpg">Opus II</set>
      <tablerow>2</tablerow>
    </card>
    <card>
      <name>Edea (2-100H)</name>
      <text>Los Delanteros de coste 5 o más no pueden bloquear.</text>
      <prop>
        <type>Backup - VIII - Witch</type>
        <manacost>4</manacost>
        <colors>Lightning</colors>
        <pt>0</pt>
      </prop>
      <set picurl="https://fftcg.cdn.sewest.net/images/cards/full/2-100H_eg.jpg">Opus II</set>
      <tablerow>0</tablerow>
    </card>
    <card>
      <name>Exdeath (2-101H)</name>
      <text>Cuando Exdeath entra al terreno de juego, puedes jugar 1 [Oficio (Siervo)] de coste 4 o menos de tu mano al terreno de juego.
Los Delanteros [Oficio (Siervo)] que controlas ganan +1000 de poder. 
Por cada Delantero [Oficio (Siervo)] que controlas, Exdeath gana +1000 de poder.</text>
      <prop>
        <type>Forward - DFF · V - Wizard</type>
        <manacost>6</manacost>
        <colors>Lightning</colors>
        <pt>8000</pt>
      </prop>
      <set picurl="https://fftcg.cdn.sewest.net/images/cards/full/2-101H_eg.jpg">Opus II</set>
      <tablerow>2</tablerow>
    </card>
    <card>
      <name>Gurdy (2-102C)</name>
      <text>(Lightning)(Lightning)(Dull): Elige 1 Delantero activo controlado por tu oponente. Hasta el final del turno, por cada [Oficio (Moguri)] que controlas, ese Delantero pierde 1000 de poder.</text>
      <prop>
        <type>Backup - XII - Moogle</type>
        <manacost>2</manacost>
        <colors>Lightning</colors>
        <pt>0</pt>
      </prop>
      <set picurl="https://fftcg.cdn.sewest.net/images/cards/full/2-102C_eg.jpg">Opus II</set>
      <tablerow>0</tablerow>
    </card>
    <card>
      <name>Kain (2-103H)</name>
      <text>Prisa
(1)(Dull): Hasta tu siguiente turno, Kain no puede ser objetivo de las Invocaciones o habilidades de tu oponente. El poder de Kain se duplicará al principio de la Main Phase 1 de tu siguiente turno hasta el final del mismo turno. Solo puedes usar esta habilidad durante tu turno.</text>
      <prop>
        <type>Forward - DFF · IV - Dragoon</type>
        <manacost>3</manacost>
        <colors>Lightning</colors>
        <pt>5000</pt>
      </prop>
      <set picurl="https://fftcg.cdn.sewest.net/images/cards/full/2-103H_eg.jpg">Opus II</set>
      <tablerow>2</tablerow>
    </card>
    <card>
      <name>Kain (2-104R)</name>
      <text>Si controlas [Nombre de la carta (Rosa)], Kain gana +2000 de poder, Prisa e Iniciativa. 
Los Delanteros [Oficio (Draconarius)] y [Nombre de la carta (Caballero dragón)] que controlas que no sean Kain ganan +2000 de poder.</text>
      <prop>
        <type>Forward - IV - Dragoon</type>
        <manacost>4</manacost>
        <colors>Lightning</colors>
        <pt>6000</pt>
      </prop>
      <set picurl="https://fftcg.cdn.sewest.net/images/cards/full/2-104R_eg.jpg">Opus II</set>
      <tablerow>2</tablerow>
    </card>
    <card>
      <name>Kiros (2-105C)</name>
      <text>Si controlas [Nombre de la carta (Laguna)], Kiros gana +2000 de poder y Prisa.</text>
      <prop>
        <type>Forward - VIII - Warrior</type>
        <manacost>3</manacost>
        <colors>Lightning</colors>
        <pt>7000</pt>
      </prop>
      <set picurl="https://fftcg.cdn.sewest.net/images/cards/full/2-105C_eg.jpg">Opus II</set>
      <tablerow>2</tablerow>
    </card>
    <card>
      <name>Gramis (2-106R)</name>
      <text>Cuando Gramis entra al terreno de juego, puedes buscar 1 Delantero [Categoría (XII)] y añadirlo a tu mano.</text>
      <prop>
        <type>Backup - XII - Emperor</type>
        <manacost>3</manacost>
        <colors>Lightning</colors>
        <pt>0</pt>
      </prop>
      <set picurl="https://fftcg.cdn.sewest.net/images/cards/full/2-106R_eg.jpg">Opus II</set>
      <tablerow>0</tablerow>
    </card>
    <card>
      <name>Cyclops (2-107C)</name>
      <text>[EX BURST] Todos los Delanteros controlados por tu oponente pierden 3000 de poder hasta el final del turno.</text>
      <prop>
        <type>Summon - FFT</type>
        <manacost>3</manacost>
        <colors>Lightning</colors>
        <pt>0</pt>
      </prop>
      <set picurl="https://fftcg.cdn.sewest.net/images/cards/full/2-107C_eg.jpg">Opus II</set>
      <tablerow>3</tablerow>
    </card>
    <card>
      <name>Black Mage (2-108C)</name>
      <text>Cuando Mago negro entra al terreno de juego, elige 1 Delantero controlado por tu oponente. Este pierde 4000 de poder hasta el final del turno.</text>
      <prop>
        <type>Backup - XIV - Standard Unit</type>
        <manacost>2</manacost>
        <colors>Lightning</colors>
        <pt>0</pt>
      </prop>
      <set picurl="https://fftcg.cdn.sewest.net/images/cards/full/2-108C_eg.jpg">Opus II</set>
      <tablerow>0</tablerow>
    </card>
    <card>
      <name>Golbez (2-109H)</name>
      <text>El coste requerido para jugar Golbez al terreno de juego se reduce en 2 por cada [Oficio (Archidiablo)] de nombre distinto que tienes en la Break Zone. 
Cuando Golbez ataca, selecciona 1 de las siguientes opciones. "Elige 1 Delantero. Ponlo en dull." "Inflige 3000 puntos de daño a todos los Delanteros controlados por tu oponente." "Elige 1 [Oficio (Archidiablo)] de tu Break Zone. Añádela a tu mano."</text>
      <prop>
        <type>Forward - IV - Warlock</type>
        <manacost>8</manacost>
        <colors>Lightning</colors>
        <pt>9000</pt>
      </prop>
      <set picurl="https://fftcg.cdn.sewest.net/images/cards/full/2-109H_eg.jpg">Opus II</set>
      <tablerow>2</tablerow>
    </card>
    <card>
      <name>Seifer (2-110R)</name>
      <text>Si controlas [Nombre de la carta (Edea)], Seifer gana +3000 puntos de poder y Prisa. 
Exterminio (S)(Lightning)(Lightning)(Lightning): Rompe todos los Delanteros de coste menor o igual a 2.</text>
      <prop>
        <type>Forward - VIII - SeeD Candidate</type>
        <manacost>3</manacost>
        <colors>Lightning</colors>
        <pt>6000</pt>
      </prop>
      <set picurl="https://fftcg.cdn.sewest.net/images/cards/full/2-110R_eg.jpg">Opus II</set>
      <tablerow>2</tablerow>
    </card>
    <card>
      <name>Seifer (2-111C)</name>
      <text>Cuando Seifer bloquea o es bloqueado, elige hasta 2 Delanteros. Inflígeles 3000 puntos de daño.</text>
      <prop>
        <type>Forward - VIII - SeeD Candidate</type>
        <manacost>3</manacost>
        <colors>Lightning</colors>
        <pt>5000</pt>
      </prop>
      <set picurl="https://fftcg.cdn.sewest.net/images/cards/full/2-111C_eg.jpg">Opus II</set>
      <tablerow>2</tablerow>
    </card>
    <card>
      <name>Fleeting Flash (2-112C)</name>
      <text>Prisa
Si controlas una [Oficio (Siervo)] que no sea Destello fugaz, Destello fugaz gana +2000 de poder.</text>
      <prop>
        <type>Forward - DFF - Manikin</type>
        <manacost>4</manacost>
        <colors>Lightning</colors>
        <pt>6000</pt>
      </prop>
      <set picurl="https://fftcg.cdn.sewest.net/images/cards/full/2-112C_eg.jpg">Opus II</set>
      <tablerow>2</tablerow>
    </card>
    <card>
      <name>Drace (2-113R)</name>
      <text>Si controlas [Nombre de la carta (Larsa)], el coste requerido para jugar Drace al terreno de juego se reduce en 2 (no puede ser 0).
Si controlas [Nombre de la carta (Larsa)], Drace gana +2000 de poder e Iniciativa.</text>
      <prop>
        <type>Forward - XII - Judge</type>
        <manacost>3</manacost>
        <colors>Lightning</colors>
        <pt>6000</pt>
      </prop>
      <set picurl="https://fftcg.cdn.sewest.net/images/cards/full/2-113R_eg.jpg">Opus II</set>
      <tablerow>2</tablerow>
    </card>
    <card>
      <name>Ninja (2-114C)</name>
      <text>(Lightning)(Lightning): Rompe Ninja y también el Delantero que está bloqueando a Ninja o siendo bloqueado por él.</text>
      <prop>
        <type>Forward - FFT - Standard Unit</type>
        <manacost>2</manacost>
        <colors>Lightning</colors>
        <pt>3000</pt>
      </prop>
      <set picurl="https://fftcg.cdn.sewest.net/images/cards/full/2-114C_eg.jpg">Opus II</set>
      <tablerow>2</tablerow>
    </card>
    <card>
      <name>Ninja (2-115C)</name>
      <text>(Lightning)(Lightning)(Dull): Elige 1 Delantero. Inflígele 2000 puntos de daño.</text>
      <prop>
        <type>Backup - FFT - Standard Unit</type>
        <manacost>2</manacost>
        <colors>Lightning</colors>
        <pt>0</pt>
      </prop>
      <set picurl="https://fftcg.cdn.sewest.net/images/cards/full/2-115C_eg.jpg">Opus II</set>
      <tablerow>0</tablerow>
    </card>
    <card>
      <name>Fusoya (2-116R)</name>
      <text>Cuando Fusoya entra al terreno de juego, elige 1 Delantero controlado por tu oponente. Inflígele 5000 puntos de daño.
Cuando Fusoya pasa del terreno de juego a la Break Zone, elige 1 Delantero de tu Break Zone. Añádelo a tu mano.</text>
      <prop>
        <type>Backup - IV - Lunarian</type>
        <manacost>3</manacost>
        <colors>Lightning</colors>
        <pt>0</pt>
      </prop>
      <set picurl="https://fftcg.cdn.sewest.net/images/cards/full/2-116R_eg.jpg">Opus II</set>
      <tablerow>0</tablerow>
    </card>
    <card>
      <name>Adrammelech, the Wroth (2-117R)</name>
      <text>[EX BURST] Elige 1 Delantero activo. Inflígele 7000 puntos de daño.</text>
      <prop>
        <type>Summon - XII</type>
        <manacost>3</manacost>
        <colors>Lightning</colors>
        <pt>0</pt>
      </prop>
      <set picurl="https://fftcg.cdn.sewest.net/images/cards/full/2-117R_eg.jpg">Opus II</set>
      <tablerow>3</tablerow>
    </card>
    <card>
      <name>Arborous Simulacrum (2-118C)</name>
      <text>Las cartas de coste 2 o menos puestas en la Damage Zone a causa de Árbol imaginario no pueden usar sus EX Burst.</text>
      <prop>
        <type>Forward - DFF - Manikin</type>
        <manacost>3</manacost>
        <colors>Lightning</colors>
        <pt>7000</pt>
      </prop>
      <set picurl="https://fftcg.cdn.sewest.net/images/cards/full/2-118C_eg.jpg">Opus II</set>
      <tablerow>2</tablerow>
    </card>
    <card>
      <name>Reeve (2-119R)</name>
      <text>Reeve no puede ser objetivo de las Invocaciones o habilidades de tu oponente.
Ánimo (S)(Dull): Busca 1 [Nombre de la carta (Cait Sith)] y añádela a tu mano.</text>
      <prop>
        <type>Backup - VII - Commissioner</type>
        <manacost>2</manacost>
        <colors>Lightning</colors>
        <pt>0</pt>
      </prop>
      <set picurl="https://fftcg.cdn.sewest.net/images/cards/full/2-119R_eg.jpg">Opus II</set>
      <tablerow>0</tablerow>
    </card>
    <card>
      <name>Dragoon (2-120C)</name>
      <text>(Lightning): Caballero dragón gana Iniciativa hasta el final del turno.</text>
      <prop>
        <type>Forward - XIV - Standard Unit</type>
        <manacost>2</manacost>
        <colors>Lightning</colors>
        <pt>5000</pt>
      </prop>
      <set picurl="https://fftcg.cdn.sewest.net/images/cards/full/2-120C_eg.jpg">Opus II</set>
      <tablerow>2</tablerow>
    </card>
    <card>
      <name>Ashe (2-121H)</name>
      <text>Cuando Ashe es objetivo de una Invocación o habilidad de tu oponente, Ashe gana +3000 de poder hasta el final del turno. 
(Water)(Water): Activa Ashe.
Aura Celestial (S)(Water)(Water): Hasta el final del turno, Ashe gana +2000 de poder e Iniciativa.</text>
      <prop>
        <type>Forward - XII - Princess</type>
        <manacost>3</manacost>
        <colors>Water</colors>
        <pt>7000</pt>
      </prop>
      <set picurl="https://fftcg.cdn.sewest.net/images/cards/full/2-121H_eg.jpg">Opus II</set>
      <tablerow>2</tablerow>
    </card>
    <card>
      <name>Agrias (2-122R)</name>
      <text>Hoja del Juicio (S)(Dull): Elige 1 Delantero de coste 3 o menos controlado por tu oponente. Rómpelo.</text>
      <prop>
        <type>Forward - FFT - Knight</type>
        <manacost>2</manacost>
        <colors>Water</colors>
        <pt>5000</pt>
      </prop>
      <set picurl="https://fftcg.cdn.sewest.net/images/cards/full/2-122R_eg.jpg">Opus II</set>
      <tablerow>2</tablerow>
    </card>
    <card>
      <name>Ephemeral Vision (2-123C)</name>
      <text>Si controlas 4 Delanteros o más, Visión efímera gana +3000 de poder.</text>
      <prop>
        <type>Forward - DFF - Manikin</type>
        <manacost>2</manacost>
        <colors>Water</colors>
        <pt>4000</pt>
      </prop>
      <set picurl="https://fftcg.cdn.sewest.net/images/cards/full/2-123C_eg.jpg">Opus II</set>
      <tablerow>2</tablerow>
    </card>
    <card>
      <name>Cagnazzo (2-124H)</name>
      <text>Cagnazzo no puede bloquear a Delanteros que forman equipo.
Cuando Cagnazzo bloquea, pon Cagnazzo en dull.
Si Cagnazzo recibe o inflige daño cuando está en dull, el daño se vuelve 0 en su lugar (incluyendo el daño a un jugador).</text>
      <prop>
        <type>Forward - IV - Archfiend</type>
        <manacost>2</manacost>
        <colors>Water</colors>
        <pt>5000</pt>
      </prop>
      <set picurl="https://fftcg.cdn.sewest.net/images/cards/full/2-124H_eg.jpg">Opus II</set>
      <tablerow>2</tablerow>
    </card>
    <card>
      <name>Semblance of a Witch (2-125C)</name>
      <text>Cuando Bruja artificial entra al terreno de juego, elige 1 Delantero controlado por tu oponente. Congélalo.</text>
      <prop>
        <type>Forward - DFF - Manikin</type>
        <manacost>3</manacost>
        <colors>Water</colors>
        <pt>7000</pt>
      </prop>
      <set picurl="https://fftcg.cdn.sewest.net/images/cards/full/2-125C_eg.jpg">Opus II</set>
      <tablerow>2</tablerow>
    </card>
    <card>
      <name>Ghis (2-126R)</name>
      <text>Cuando Ghis entra al terreno de juego, puedes jugar 1 Delantero que no sea Agua de coste 3 o menos de tu mano al terreno de juego. Si lo haces, coge 2 cartas y luego descarta 2 cartas de tu mano.
Si Ghis recibe daño de habilidades que no sean habilidades especiales, el daño se vuelve 0 en su lugar.</text>
      <prop>
        <type>Forward - XII - Judge</type>
        <manacost>5</manacost>
        <colors>Water</colors>
        <pt>8000</pt>
      </prop>
      <set picurl="https://fftcg.cdn.sewest.net/images/cards/full/2-126R_eg.jpg">Opus II</set>
      <tablerow>2</tablerow>
    </card>
    <card>
      <name>Quistis (2-127R)</name>
      <text>Cuando Quistis entra al terreno de juego, puedes jugar 1 Delantero Agua de coste 3 o menos de tu mano al terreno de juego. 
Los Delanteros de coste 2 o menos que controlas ganan +1000 de poder.</text>
      <prop>
        <type>Forward - VIII - Instructor</type>
        <manacost>5</manacost>
        <colors>Water</colors>
        <pt>7000</pt>
      </prop>
      <set picurl="https://fftcg.cdn.sewest.net/images/cards/full/2-127R_eg.jpg">Opus II</set>
      <tablerow>2</tablerow>
    </card>
    <card>
      <name>Summoner (2-128C)</name>
      <text>(Dull): Lanza 1 Invocación de coste 2 o menos de tu mano sin pagar su coste.</text>
      <prop>
        <type>Backup - XIV - Standard Unit</type>
        <manacost>3</manacost>
        <colors>Water</colors>
        <pt>0</pt>
      </prop>
      <set picurl="https://fftcg.cdn.sewest.net/images/cards/full/2-128C_eg.jpg">Opus II</set>
      <tablerow>0</tablerow>
    </card>
    <card>
      <name>Cecil (2-129L)</name>
      <text>Cecil debe bloquear si es posible.
Si Cecil recibe daño de Invocaciones o habilidades, el daño se vuelve 0 en su lugar.
Los Delanteros que controlas que no sean Cecil ganan +1000 de poder y, si reciben daño de Invocaciones o habilidades, el daño se vuelve 0 en su lugar.</text>
      <prop>
        <type>Forward - DFF · IV - Paladin</type>
        <manacost>5</manacost>
        <colors>Water</colors>
        <pt>9000</pt>
      </prop>
      <set picurl="https://fftcg.cdn.sewest.net/images/cards/full/2-129L_eg.jpg">Opus II</set>
      <tablerow>2</tablerow>
    </card>
    <card>
      <name>Astrologian (2-130C)</name>
      <text>(Water)(Water)(Dull): Elige 1 Delantero. Actívalo.</text>
      <prop>
        <type>Backup - XIV - Standard Unit</type>
        <manacost>2</manacost>
        <colors>Water</colors>
        <pt>0</pt>
      </prop>
      <set picurl="https://fftcg.cdn.sewest.net/images/cards/full/2-130C_eg.jpg">Opus II</set>
      <tablerow>0</tablerow>
    </card>
    <card>
      <name>Paladin (2-131C)</name>
      <text></text>
      <prop>
        <type>Forward - XIV - Standard Unit</type>
        <manacost>3</manacost>
        <colors>Water</colors>
        <pt>7000</pt>
      </prop>
      <set picurl="https://fftcg.cdn.sewest.net/images/cards/full/2-131C_eg.jpg">Opus II</set>
      <tablerow>2</tablerow>
    </card>
    <card>
      <name>Viking (2-132C)</name>
      <text>Cuando Vikingo deja el terreno de juego, coge 1 carta.</text>
      <prop>
        <type>Forward - III - Standard Unit</type>
        <manacost>1</manacost>
        <colors>Water</colors>
        <pt>1000</pt>
      </prop>
      <set picurl="https://fftcg.cdn.sewest.net/images/cards/full/2-132C_eg.jpg">Opus II</set>
      <tablerow>2</tablerow>
    </card>
    <card>
      <name>Cuchulainn, the Impure (2-133R)</name>
      <text>[EX BURST] Elige 1 Delantero controlado por tu oponente. Hasta el final del turno, ese Delantero pierde 1000 puntos de poder por cada carta de personaje en dull controlada por tu oponente. Coge 1 carta.</text>
      <prop>
        <type>Summon - XII</type>
        <manacost>4</manacost>
        <colors>Water</colors>
        <pt>0</pt>
      </prop>
      <set picurl="https://fftcg.cdn.sewest.net/images/cards/full/2-133R_eg.jpg">Opus II</set>
      <tablerow>3</tablerow>
    </card>
    <card>
      <name>Horne (2-134C)</name>
      <text>(Water)(Water)(Dull): Por cada [Oficio (Moguri)] que controlas, coge 1 carta. Después pon en la parte inferior de tu mazo en el orden que quieras tantas cartas como hayas cogido de tu mano.</text>
      <prop>
        <type>Backup - XII - Moogle</type>
        <manacost>2</manacost>
        <colors>Water</colors>
        <pt>0</pt>
      </prop>
      <set picurl="https://fftcg.cdn.sewest.net/images/cards/full/2-134C_eg.jpg">Opus II</set>
      <tablerow>0</tablerow>
    </card>
    <card>
      <name>Porom (2-135H)</name>
      <text>Cuando Porom entra a tu terreno de juego y no es desde tu mano, elige 1 Delantero de coste 5 o menos. Puedes devolverlo a la mano de su propietario.
Fogonazo (S)(Dull), pon en dull 1 [Nombre de la carta (Palom)] activa: Elige 1 Delantero. Inflígele 8000 puntos de daño.</text>
      <prop>
        <type>Forward - IV - White Mage</type>
        <manacost>3</manacost>
        <colors>Water</colors>
        <pt>6000</pt>
      </prop>
      <set picurl="https://fftcg.cdn.sewest.net/images/cards/full/2-135H_eg.jpg">Opus II</set>
      <tablerow>2</tablerow>
    </card>
    <card>
      <name>Porom (2-136R)</name>
      <text>Cuando Porom o [Nombre de la carta (Palom)] es objetivo de una Invocación o habilidad de tu oponente, puedes devolverla a la mano de su propietario.
(Water)(Water)(Dull), pon Porom en la Break Zone: Busca 1 [Nombre de la carta (Porom)] y juégala al terreno de juego.</text>
      <prop>
        <type>Forward - IV - Apprentice Mage</type>
        <manacost>1</manacost>
        <colors>Water</colors>
        <pt>1000</pt>
      </prop>
      <set picurl="https://fftcg.cdn.sewest.net/images/cards/full/2-136R_eg.jpg">Opus II</set>
      <tablerow>2</tablerow>
    </card>
    <card>
      <name>Merlwyb (2-137H)</name>
      <text>[EX BURST] Cuando Merlwyb entra al terreno de juego, coge 2 cartas y después descarta 1 carta de tu mano.</text>
      <prop>
        <type>Backup - XIV - Admiral</type>
        <manacost>4</manacost>
        <colors>Water</colors>
        <pt>0</pt>
      </prop>
      <set picurl="https://fftcg.cdn.sewest.net/images/cards/full/2-137H_eg.jpg">Opus II</set>
      <tablerow>0</tablerow>
    </card>
    <card>
      <name>Yuna (2-138L)</name>
      <text>Cuando Yuna ataca, todos los personajes que no sean Luz u Oscuridad controlados por tu oponente pierden sus habilidades hasta el final del turno. 
Nuevo Look (S): Nombra 1 elemento y 1 oficio. Hasta el final del turno, esos serán el elemento y el oficio de Yuna.</text>
      <prop>
        <type>Forward - X - Songstress</type>
        <manacost>3</manacost>
        <colors>Water</colors>
        <pt>7000</pt>
      </prop>
      <set picurl="https://fftcg.cdn.sewest.net/images/cards/full/2-138L_eg.jpg">Opus II</set>
      <tablerow>2</tablerow>
    </card>
    <card>
      <name>Larsa (2-139C)</name>
      <text>Si un Delantero que controlas recibe daño por valor inferior a su poder, el daño se vuelve 0 en su lugar.
(Water)(Dull): Elige 1 Delantero bloqueante. Hasta el final del turno, ese gana +2000 de poder.</text>
      <prop>
        <type>Forward - XII - Fourthborn Son of the Emperor</type>
        <manacost>2</manacost>
        <colors>Water</colors>
        <pt>5000</pt>
      </prop>
      <set picurl="https://fftcg.cdn.sewest.net/images/cards/full/2-139C_eg.jpg">Opus II</set>
      <tablerow>2</tablerow>
    </card>
    <card>
      <name>Leviathan (2-140C)</name>
      <text>[EX BURST] Hasta el final del turno, todos los Delanteros Agua ganan +2000 de poder.</text>
      <prop>
        <type>Summon - VIII</type>
        <manacost>1</manacost>
        <colors>Water</colors>
        <pt>0</pt>
      </prop>
      <set picurl="https://fftcg.cdn.sewest.net/images/cards/full/2-140C_eg.jpg">Opus II</set>
      <tablerow>3</tablerow>
    </card>
    <card>
      <name>Refia (2-141H)</name>
      <text>El coste requerido para jugar los Delanteros [Oficio (Soldado)] al terreno de juego se reduce en 1 (no puede ser 0).</text>
      <prop>
        <type>Forward - III - Warrior of Light</type>
        <manacost>2</manacost>
        <colors>Water</colors>
        <pt>5000</pt>
      </prop>
      <set picurl="https://fftcg.cdn.sewest.net/images/cards/full/2-141H_eg.jpg">Opus II</set>
      <tablerow>2</tablerow>
    </card>
    <card>
      <name>Lenne (2-142R)</name>
      <text>Cuando Lenne forma un equipo con [Nombre de la carta (Yuna)] y ataca, puedes buscar 1 Invocación y lanzarla sin pagar el coste. Si no la lanzas, ponla en la Break Zone. Si lanzas una Invocación de coste 5 o más con esta habilidad, pon Lenne en la Break Zone.</text>
      <prop>
        <type>Forward - X - Songstress</type>
        <manacost>3</manacost>
        <colors>Water</colors>
        <pt>7000</pt>
      </prop>
      <set picurl="https://fftcg.cdn.sewest.net/images/cards/full/2-142R_eg.jpg">Opus II</set>
      <tablerow>2</tablerow>
    </card>
    <card>
      <name>Rosa (2-143R)</name>
      <text>Cada vez que un Delantero que controlas sea objetivo de una Invocación de tu oponente, puedes coger 1 carta.
Coraza (S)(Dull): Durante este turno, si un Delantero que controlas recibe daño por valor inferior a su poder, el daño se vuelve 0 en su lugar.</text>
      <prop>
        <type>Backup - IV - White Mage</type>
        <manacost>3</manacost>
        <colors>Water</colors>
        <pt>0</pt>
      </prop>
      <set picurl="https://fftcg.cdn.sewest.net/images/cards/full/2-143R_eg.jpg">Opus II</set>
      <tablerow>0</tablerow>
    </card>
    <card>
      <name>Rosa (2-144C)</name>
      <text>Las [Nombre de la carta (Cecil)] que controlas ganan +1000 de poder. 
(Dull): Elige 1 Delantero. La próxima vez que reciba daño este turno, se reduce en 1000.</text>
      <prop>
        <type>Forward - IV - White Mage</type>
        <manacost>1</manacost>
        <colors>Water</colors>
        <pt>3000</pt>
      </prop>
      <set picurl="https://fftcg.cdn.sewest.net/images/cards/full/2-144C_eg.jpg">Opus II</set>
      <tablerow>2</tablerow>
    </card>
    <card>
      <name>Warrior of Light (2-145L)</name>
      <text>El daño que reciben las [Oficio (Guerrero de la Luz)] que controlas se reduce en 2000. 
El Fin (S)(1)(Dull): Elige 1 Delantero. Inflígele daño equivalente al poder de Guerrero de la Luz.</text>
      <prop>
        <type>Forward - DFF · I - Warrior of Light</type>
        <manacost>4</manacost>
        <colors>Light</colors>
        <pt>8000</pt>
      </prop>
      <set picurl="https://fftcg.cdn.sewest.net/images/cards/full/2-145L_eg.jpg">Opus II</set>
      <tablerow>2</tablerow>
    </card>
    <card>
      <name>Fusoya (2-146H)</name>
      <text>(Dull): Elige 1 Delantero. Inflígele 7000 puntos de daño. Fusoya te inflige 1 punto de daño.</text>
      <prop>
        <type>Backup - IV - Lunarian</type>
        <manacost>3</manacost>
        <colors>Light</colors>
        <pt>0</pt>
      </prop>
      <set picurl="https://fftcg.cdn.sewest.net/images/cards/full/2-146H_eg.jpg">Opus II</set>
      <tablerow>0</tablerow>
    </card>
    <card>
      <name>The Emperor (2-147L)</name>
      <text>Los personajes de tu oponente no pueden usar habilidades especiales ni habilidades de acción.</text>
      <prop>
        <type>Forward - II - Emperor</type>
        <manacost>4</manacost>
        <colors>Dark</colors>
        <pt>8000</pt>
      </prop>
      <set picurl="https://fftcg.cdn.sewest.net/images/cards/full/2-147L_eg.jpg">Opus II</set>
      <tablerow>2</tablerow>
    </card>
    <card>
      <name>Zemus (2-148H)</name>
      <text>(Dull): Elige 1 Delantero. Durante este turno, no puede ser bloqueado.</text>
      <prop>
        <type>Backup - IV - Lunarian</type>
        <manacost>4</manacost>
        <colors>Dark</colors>
        <pt>0</pt>
      </prop>
      <set picurl="https://fftcg.cdn.sewest.net/images/cards/full/2-148H_eg.jpg">Opus II</set>
      <tablerow>0</tablerow>
    </card>
  </cards>
</cockatrice_carddatabase>