<?xml version="1.0" encoding="UTF-8"?>
<cockatrice_carddatabase version="4">
  <sets>
    <set>
      <name>Opus XIII</name>
      <longname>Opus XIII</longname>
      <settype>Custom</settype>
      <releasedate></releasedate>
    </set>
  </sets>
  <cards>
    <card>
      <name>Irvine (13-001R)</name>
      <text>Pon Irvine en la Break Zone: Elige 1 Delantero. Inflígele 5000 puntos de daño.
  Daños 5 -- Pon Irvine en la Break Zone: Elige 1 Delantero. Inflígele 9000 puntos de daño.</text>
      <prop>
        <type>Forward - DFF · VIII - Sniper</type>
        <manacost>2</manacost>
        <colors>Fire</colors>
        <pt>5000</pt>
      </prop>
      <set picurl="https://fftcg.cdn.sewest.net/images/cards/full/13-001R_eg.jpg">Opus XIII</set>
      <tablerow>2</tablerow>
    </card>
    <card>
      <name>Akstar (13-002L)</name>
      <text>Cuando Akstar entra al terreno de juego, elige 1 carta con EX Burst de tu Damage Zone. Puedes desencadenar el efecto de su EX Burst. (Este efecto se suma a la pila.)
  Daños 3 -- Cuando Akstar entra al terreno de juego, puedes buscar 1 personaje Categoría FFBE que no sea Nombre de la carta Akstar y añadirlo a tu mano.</text>
      <prop>
        <type>Forward - FFBE - Mercenary</type>
        <manacost>4</manacost>
        <colors>Fire</colors>
        <pt>8000</pt>
      </prop>
      <set picurl="https://fftcg.cdn.sewest.net/images/cards/full/13-002L_eg.jpg">Opus XIII</set>
      <tablerow>2</tablerow>
    </card>
    <card>
      <name>Imaginary Soldier (13-003C)</name>
      <text>Por cada Oficio Siervo que controlas, Soldado simulado gana +1000 de poder.
  Cuando Soldado simulado entra al terreno de juego, elige 1 Delantero controlado por tu oponente. Inflígele 1000 puntos de daño por cada Oficio Siervo que controlas.</text>
      <prop>
        <type>Forward - DFF - Manikin</type>
        <manacost>2</manacost>
        <colors>Fire</colors>
        <pt>3000</pt>
      </prop>
      <set picurl="https://fftcg.cdn.sewest.net/images/cards/full/13-003C_eg.jpg">Opus XIII</set>
      <tablerow>2</tablerow>
    </card>
    <card>
      <name>Clavat (13-004C)</name>
      <text>Cuando Clavate entra al terreno de juego, elige hasta 2 Delanteros. Si el coste pagado para lanzar Clavate incluye CP Frío, congélalos.
  Cuando Clavate entra al terreno de juego, elige hasta 2 Delanteros. Si el coste pagado para lanzar Clavate incluye CP Rayo, ponlos en dull.</text>
      <prop>
        <type>Forward - FFCC - Standard Unit</type>
        <manacost>4</manacost>
        <colors>Fire</colors>
        <pt>7000</pt>
      </prop>
      <set picurl="https://fftcg.cdn.sewest.net/images/cards/full/13-004C_eg.jpg">Opus XIII</set>
      <tablerow>2</tablerow>
    </card>
    <card>
      <name>Black Mage (13-005C)</name>
      <text>Cuando Mago negro entra al terreno de juego, revela cartas de la parte superior de tu mazo una a una hasta que aparezca una carta Rayo o Agua. Añádela a tu mano. Después, baraja las demás cartas reveladas y colócalas en la parte inferior de tu mazo.</text>
      <prop>
        <type>Backup - FFEX - Standard Unit</type>
        <manacost>3</manacost>
        <colors>Fire</colors>
        <pt>0</pt>
      </prop>
      <set picurl="https://fftcg.cdn.sewest.net/images/cards/full/13-005C_eg.jpg">Opus XIII</set>
      <tablerow>0</tablerow>
    </card>
    <card>
      <name>Xande (13-006C)</name>
      <text>Cuando Zande entra al terreno de juego, puedes recibir 1 punto de daño. Cuando lo haces, elige 1 Delantero. Inflígele 7000 puntos de daño.
  (Fire)(Dull), pon Zande en la Break Zone: Busca 1 Delantero Nombre de la carta Zande y añádelo a tu mano.</text>
      <prop>
        <type>Backup - PICTLOGICA · III - Dark Lord</type>
        <manacost>2</manacost>
        <colors>Fire</colors>
        <pt>0</pt>
      </prop>
      <set picurl="https://fftcg.cdn.sewest.net/images/cards/full/13-006C_eg.jpg">Opus XIII</set>
      <tablerow>0</tablerow>
    </card>
    <card>
      <name>Cinque (13-007R)</name>
      <text>Si controlas 3 o más Oficio Clase Cero, Cinque gana +4000 de poder.
  Si controlas 7 o más Oficio Clase Cero, Cinque gana Bravura y "Cuando Cinque ataca, elige 1 personaje controlado por tu oponente. Rómpelo."</text>
      <prop>
        <type>Forward - TYPE-0 - Class Zero Cadet</type>
        <manacost>2</manacost>
        <colors>Fire</colors>
        <pt>5000</pt>
      </prop>
      <set picurl="https://fftcg.cdn.sewest.net/images/cards/full/13-007R_eg.jpg">Opus XIII</set>
      <tablerow>2</tablerow>
    </card>
    <card>
      <name>Vermilion Bird l'Cie Caetuna (13-008R)</name>
      <text>Cuando Sétsuna, lu'Cie del Fénix de Gules, entra al terreno de juego, puedes buscar hasta 2 Invocaciones y añadirlas a tu mano.
  (Dull), retira del juego todas las Invocaciones de tu Break Zone: Elige 1 Delantero. Inflígele 2000 puntos de daño por cada Invocación retirada por el coste de esta habilidad.</text>
      <prop>
        <type>Backup - TYPE-0 - L'Cie</type>
        <manacost>7</manacost>
        <colors>Fire</colors>
        <pt>0</pt>
      </prop>
      <set picurl="https://fftcg.cdn.sewest.net/images/cards/full/13-008R_eg.jpg">Opus XIII</set>
      <tablerow>0</tablerow>
    </card>
    <card>
      <name>Selphie (13-009H)</name>
      <text>Por cada Delantero que controlas que no sea Fuego, Selphie gana +2000 de poder.
  Cuando un Delantero multielemento entra a tu terreno de juego, puedes pagar (Fire). Cuando lo haces, hasta el final del turno, este gana +2000 de poder y Prisa.
  The End (S)(Fire)(Fire)(Fire)(Fire)(Dull): Elige 2 Delanteros. Rómpelos.</text>
      <prop>
        <type>Forward - VIII - SeeD Candidate</type>
        <manacost>2</manacost>
        <colors>Fire</colors>
        <pt>5000</pt>
      </prop>
      <set picurl="https://fftcg.cdn.sewest.net/images/cards/full/13-009H_eg.jpg">Opus XIII</set>
      <tablerow>2</tablerow>
    </card>
    <card>
      <name>Onion Knight (FFT) (13-010C)</name>
      <text>Daños 5 -- Caballero cebolla (FFT) gana +4000 de poder y Prisa.</text>
      <prop>
        <type>Forward - FFT - Standard Unit</type>
        <manacost>2</manacost>
        <colors>Fire</colors>
        <pt>5000</pt>
      </prop>
      <set picurl="https://fftcg.cdn.sewest.net/images/cards/full/13-010C_eg.jpg">Opus XIII</set>
      <tablerow>2</tablerow>
    </card>
    <card>
      <name>Iron Giant (13-011C)</name>
      <text>Cuando Férreo entra al terreno de juego, elige 1 Delantero. Inflígele 3000 puntos de daño.
  Daños 3 -- Férreo también pasa a ser un Delantero con 7000 de poder.</text>
      <prop>
        <type>Monster - VIII - Iron Giant</type>
        <manacost>1</manacost>
        <colors>Fire</colors>
        <pt>7000</pt>
      </prop>
      <set picurl="https://fftcg.cdn.sewest.net/images/cards/full/13-011C_eg.jpg">Opus XIII</set>
      <tablerow>1</tablerow>
    </card>
    <card>
      <name>Bahamut (13-012R)</name>
      <text>Si has recibido 5 o más puntos de daño, el coste requerido para lanzar Bahamut se reduce en 3.
[EX BURST] Elige 1 Delantero. Inflígele 8000 puntos de daño. Si pasa del terreno de juego a la Break Zone este turno, retíralo del juego en su lugar.</text>
      <prop>
        <type>Summon - FFT</type>
        <manacost>5</manacost>
        <colors>Fire</colors>
        <pt>0</pt>
      </prop>
      <set picurl="https://fftcg.cdn.sewest.net/images/cards/full/13-012R_eg.jpg">Opus XIII</set>
      <tablerow>3</tablerow>
    </card>
    <card>
      <name>Palom (13-013C)</name>
      <text>Cuando Palom entra al terreno de juego, elige 1 Delantero. Inflígele 4000 puntos de daño. Si controlas un Delantero Nombre de la carta Porom, inflígele 8000 puntos de daño en su lugar.</text>
      <prop>
        <type>Backup - PICTLOGICA · IV - Black Mage</type>
        <manacost>2</manacost>
        <colors>Fire</colors>
        <pt>0</pt>
      </prop>
      <set picurl="https://fftcg.cdn.sewest.net/images/cards/full/13-013C_eg.jpg">Opus XIII</set>
      <tablerow>0</tablerow>
    </card>
    <card>
      <name>Larkeicus (13-014R)</name>
      <text>Larkeicus no se activa durante tu Active Phase.
  Cuando Larkeicus entra al terreno de juego, elige 1 Delantero controlado por tu oponente. Retíralo del juego mientras Larkeicus está en el terreno de juego.</text>
      <prop>
        <type>Backup - FFCC - Doctor</type>
        <manacost>1</manacost>
        <colors>Fire</colors>
        <pt>0</pt>
      </prop>
      <set picurl="https://fftcg.cdn.sewest.net/images/cards/full/13-014R_eg.jpg">Opus XIII</set>
      <tablerow>0</tablerow>
    </card>
    <card>
      <name>Luneth (13-015C)</name>
      <text>(1)(Dull): Elige 1 Delantero Oficio Soldado o Delantero Oficio Guerrero de la Luz que controlas. Hasta el final del turno, este gana +1000 de poder y Prisa. Solo puedes utilizar esta habilidad durante tu turno.</text>
      <prop>
        <type>Backup - III - Warrior of Light</type>
        <manacost>2</manacost>
        <colors>Fire</colors>
        <pt>0</pt>
      </prop>
      <set picurl="https://fftcg.cdn.sewest.net/images/cards/full/13-015C_eg.jpg">Opus XIII</set>
      <tablerow>0</tablerow>
    </card>
    <card>
      <name>Rubicante (13-016H)</name>
      <text>Cuando Rubicante pasa del terreno de juego a la Break Zone, elige 1 Delantero controlado por tu oponente. Inflígele daño equivalente al poder de Rubicante.
  Daños 3 -- Rubicante gana +3000 de poder.</text>
      <prop>
        <type>Forward - IV - Archfiend</type>
        <manacost>2</manacost>
        <colors>Fire</colors>
        <pt>5000</pt>
      </prop>
      <set picurl="https://fftcg.cdn.sewest.net/images/cards/full/13-016H_eg.jpg">Opus XIII</set>
      <tablerow>2</tablerow>
    </card>
    <card>
      <name>Rain (13-017H)</name>
      <text>El coste requerido para lanzar Rain se reduce en 1 por cada Apoyo Fuego que controlas.
  Cuando Rain entra al terreno de juego o ataca, elige 1 Delantero controlado por tu oponente. Inflígele 1000 puntos de daño por cada Apoyo que controlas.
  Daños 3 -- Rain gana Prisa.</text>
      <prop>
        <type>Forward - FFBE - King</type>
        <manacost>6</manacost>
        <colors>Fire</colors>
        <pt>7000</pt>
      </prop>
      <set picurl="https://fftcg.cdn.sewest.net/images/cards/full/13-017H_eg.jpg">Opus XIII</set>
      <tablerow>2</tablerow>
    </card>
    <card>
      <name>Quistis (13-018C)</name>
      <text>Cuando Quistis entra al terreno de juego, revela las 4 cartas de la parte superior de tu mazo. Añade 1 carta Frío de entre ellas a tu mano y pon el resto en la parte inferior de tu mazo en el orden que quieras.
  Daños 5 -- Cuando Quistis entra al terreno de juego, elige 1 carta Categoría VIII de tu Break Zone. Añádela a tu mano.</text>
      <prop>
        <type>Backup - DFF · VIII - Instructor</type>
        <manacost>3</manacost>
        <colors>Ice</colors>
        <pt>0</pt>
      </prop>
      <set picurl="https://fftcg.cdn.sewest.net/images/cards/full/13-018C_eg.jpg">Opus XIII</set>
      <tablerow>0</tablerow>
    </card>
    <card>
      <name>Coeurl (13-019C)</name>
      <text>Cuando Bengal entra al terreno de juego, elige 1 Delantero controlado por tu oponente. Ponlo en dull o congélalo.
  Daños 3 -- Bengal también pasa a ser un Delantero con 7000 de poder.</text>
      <prop>
        <type>Monster - FFTA - Coeurl</type>
        <manacost>1</manacost>
        <colors>Ice</colors>
        <pt>7000</pt>
      </prop>
      <set picurl="https://fftcg.cdn.sewest.net/images/cards/full/13-019C_eg.jpg">Opus XIII</set>
      <tablerow>1</tablerow>
    </card>
    <card>
      <name>Kurasame (13-020C)</name>
      <text>(Dull): Elige 1 Delantero Categoría TYPE-0 que controlas. Este gana +1000 de poder hasta el final del turno.</text>
      <prop>
        <type>Backup - TYPE-0 - Instructor</type>
        <manacost>2</manacost>
        <colors>Ice</colors>
        <pt>0</pt>
      </prop>
      <set picurl="https://fftcg.cdn.sewest.net/images/cards/full/13-020C_eg.jpg">Opus XIII</set>
      <tablerow>0</tablerow>
    </card>
    <card>
      <name>Shiva (13-021R)</name>
      <text>Si has recibido 5 o más puntos de daño, el coste requerido para lanzar Shiva se reduce en 3.
[EX BURST] Elige hasta 2 Delanteros controlados por tu oponente. Ponlos en dull y congélalos.</text>
      <prop>
        <type>Summon - TYPE-0</type>
        <manacost>5</manacost>
        <colors>Ice</colors>
        <pt>0</pt>
      </prop>
      <set picurl="https://fftcg.cdn.sewest.net/images/cards/full/13-021R_eg.jpg">Opus XIII</set>
      <tablerow>3</tablerow>
    </card>
    <card>
      <name>Cid Randell (13-022H)</name>
      <text>Si controlas una Nombre de la carta Remedí, Cid Randell gana +2000 de poder.
  Los Delanteros de tu oponente que entran al terreno de juego no desencadenan ninguna habilidad de apoyo (se refiere a sus propias habilidades y a aquellas que se desencadenan cuando un Delantero de tu oponente entra a su terreno de juego).</text>
      <prop>
        <type>Forward - FFTA - Judgemaster</type>
        <manacost>4</manacost>
        <colors>Ice</colors>
        <pt>6000</pt>
      </prop>
      <set picurl="https://fftcg.cdn.sewest.net/images/cards/full/13-022H_eg.jpg">Opus XIII</set>
      <tablerow>2</tablerow>
    </card>
    <card>
      <name>Charlotte (13-023R)</name>
      <text>Las Invocaciones y habilidades de tu oponente elegirán como objetivo a Charlotte siempre que sea posible.
  Daños 3 -- Charlotte gana +2000 de poder y "El daño que reciba Charlotte se reduce en 2000 en su lugar."</text>
      <prop>
        <type>Forward - FFBE - Knight</type>
        <manacost>2</manacost>
        <colors>Ice</colors>
        <pt>5000</pt>
      </prop>
      <set picurl="https://fftcg.cdn.sewest.net/images/cards/full/13-023R_eg.jpg">Opus XIII</set>
      <tablerow>2</tablerow>
    </card>
    <card>
      <name>Squall (13-024R)</name>
      <text>(Dull), pon Squall en la Break Zone: Tu oponente descarta 1 carta de su mano. Solo puedes usar esta habilidad durante tu turno y si controlas 3 o más personajes Categoría VIII.</text>
      <prop>
        <type>Backup - DFF · VIII - SeeD Candidate</type>
        <manacost>2</manacost>
        <colors>Ice</colors>
        <pt>0</pt>
      </prop>
      <set picurl="https://fftcg.cdn.sewest.net/images/cards/full/13-024R_eg.jpg">Opus XIII</set>
      <tablerow>0</tablerow>
    </card>
    <card>
      <name>Onion Knight (FFT) (13-025C)</name>
      <text>Daños 5 -- Caballero cebolla (FFT) gana +4000 de poder y Bravura.</text>
      <prop>
        <type>Forward - FFT - Standard Unit</type>
        <manacost>2</manacost>
        <colors>Ice</colors>
        <pt>5000</pt>
      </prop>
      <set picurl="https://fftcg.cdn.sewest.net/images/cards/full/13-025C_eg.jpg">Opus XIII</set>
      <tablerow>2</tablerow>
    </card>
    <card>
      <name>Tellah (13-026C)</name>
      <text>[EX BURST] Cuando Tellah entra al terreno de juego, elige 1 Invocación de tu Break Zone. Añádela a tu mano.
  (Dull), descarta 1 Invocación, pon Tellah en la Break Zone: Elige 1 Delantero en dull. Inflígele 3000 puntos de daño por cada CP requerido para lanzar la Invocación descartada.</text>
      <prop>
        <type>Backup - PICTLOGICA · IV - Sage</type>
        <manacost>4</manacost>
        <colors>Ice</colors>
        <pt>0</pt>
      </prop>
      <set picurl="https://fftcg.cdn.sewest.net/images/cards/full/13-026C_eg.jpg">Opus XIII</set>
      <tablerow>0</tablerow>
    </card>
    <card>
      <name>Time Mage (13-027C)</name>
      <text>Cuando Mago temporal entra al terreno de juego, revela cartas de la parte superior de tu mazo una a una hasta que aparezca una carta Fuego o Agua. Añádela a tu mano. Después, baraja las demás cartas reveladas y colócalas en la parte inferior de tu mazo.</text>
      <prop>
        <type>Backup - FFEX - Standard Unit</type>
        <manacost>3</manacost>
        <colors>Ice</colors>
        <pt>0</pt>
      </prop>
      <set picurl="https://fftcg.cdn.sewest.net/images/cards/full/13-027C_eg.jpg">Opus XIII</set>
      <tablerow>0</tablerow>
    </card>
    <card>
      <name>Physalis (13-028L)</name>
      <text>Cuando Physalis entra al terreno de juego o ataca, si tu oponente tiene 3 cartas o menos en su mano, selecciona 1 de las siguientes 2 acciones. Si tu oponente no tiene cartas en su mano, selecciona hasta 2 de las siguientes 2 acciones en su lugar. "Elige 1 personaje. Ponlo en dull y congélalo." "Coge 1 carta."
  Superbala physalística (S)(Ice)(Ice): Elige 1 Delantero. Inflígele 10000 puntos de daño. Quien controla ese Delantero descarta 1 carta de su mano.</text>
      <prop>
        <type>Forward - FFBE - Member of the Orders</type>
        <manacost>5</manacost>
        <colors>Ice</colors>
        <pt>9000</pt>
      </prop>
      <set picurl="https://fftcg.cdn.sewest.net/images/cards/full/13-028L_eg.jpg">Opus XIII</set>
      <tablerow>2</tablerow>
    </card>
    <card>
      <name>Counterfeit Wraith (13-029C)</name>
      <text>Cuando Espectro impostor entra al terreno de juego, si controlas 3 o más Oficio Siervo, tu oponente selecciona 1 Delantero que controla. Ponlo en la Break Zone.</text>
      <prop>
        <type>Forward - DFF - Manikin</type>
        <manacost>4</manacost>
        <colors>Ice</colors>
        <pt>5000</pt>
      </prop>
      <set picurl="https://fftcg.cdn.sewest.net/images/cards/full/13-029C_eg.jpg">Opus XIII</set>
      <tablerow>2</tablerow>
    </card>
    <card>
      <name>Yuke (13-030C)</name>
      <text>Cuando Yuko entra al terreno de juego, elige 1 Delantero de coste 5 o más. Si el coste pagado para lanzar Yuko incluye CP Aire, rómpelo.
  Cuando Yuko entra al terreno de juego, si el coste pagado para lanzar Yuko incluye CP Agua, coge 1 carta.</text>
      <prop>
        <type>Forward - FFCC - Standard Unit</type>
        <manacost>4</manacost>
        <colors>Ice</colors>
        <pt>7000</pt>
      </prop>
      <set picurl="https://fftcg.cdn.sewest.net/images/cards/full/13-030C_eg.jpg">Opus XIII</set>
      <tablerow>2</tablerow>
    </card>
    <card>
      <name>Laguna (13-031R)</name>
      <text>Si controlas una Nombre de la carta Squall, Laguna gana +1000 de poder y "Cuando Laguna ataca, elige hasta 2 personajes. Ponlos en dull y congélalos."
  Cuando Laguna entra al terreno de juego, elige 1 personaje. Ponlo en dull y congélalo.</text>
      <prop>
        <type>Forward - DFF · VIII - Marksman</type>
        <manacost>5</manacost>
        <colors>Ice</colors>
        <pt>9000</pt>
      </prop>
      <set picurl="https://fftcg.cdn.sewest.net/images/cards/full/13-031R_eg.jpg">Opus XIII</set>
      <tablerow>2</tablerow>
    </card>
    <card>
      <name>Rinoa (13-032H)</name>
      <text>El coste requerido para lanzar Rinoa se reduce en 1 por cada personaje Categoría VIII que controlas.
  Cuando Rinoa entra al terreno de juego, elige 1 personaje Categoría VIII que no sea Nombre de la carta Rinoa de tu Break Zone. Añádelo a tu mano.
  Daños 5 -- Cuando Rinoa ataca, pon en dull todos los personajes controlados por tu oponente.</text>
      <prop>
        <type>Forward - DFF · VIII - Resistance Fighter</type>
        <manacost>4</manacost>
        <colors>Ice</colors>
        <pt>8000</pt>
      </prop>
      <set picurl="https://fftcg.cdn.sewest.net/images/cards/full/13-032H_eg.jpg">Opus XIII</set>
      <tablerow>2</tablerow>
    </card>
    <card>
      <name>Levnato (13-033R)</name>
      <text>Cuando Levnato entra al terreno de juego, puedes revelar tantas Invocaciones como quieras de tu mano. Cuando no revelas ninguna Invocación, pon Levnato en la Break Zone. Cuando revelas 2 o más Invocaciones, elige 1 Delantero en dull. Rómpelo.</text>
      <prop>
        <type>Forward - FFBE - Member of the Orders</type>
        <manacost>3</manacost>
        <colors>Ice</colors>
        <pt>8000</pt>
      </prop>
      <set picurl="https://fftcg.cdn.sewest.net/images/cards/full/13-033R_eg.jpg">Opus XIII</set>
      <tablerow>2</tablerow>
    </card>
    <card>
      <name>Remedi (13-034H)</name>
      <text>Cuando tu oponente busca 1 o más cartas, tu oponente descarta 1 carta de su mano.
  Cuando tu oponente descarta una carta de su mano a causa de tus Invocaciones o habilidades, puedes buscar 1 Nombre de la carta Cid Randell y añadirla a tu mano. Este efecto solo se puede desencadenar una vez por turno.</text>
      <prop>
        <type>Forward - FFTA - Queen</type>
        <manacost>3</manacost>
        <colors>Ice</colors>
        <pt>7000</pt>
      </prop>
      <set picurl="https://fftcg.cdn.sewest.net/images/cards/full/13-034H_eg.jpg">Opus XIII</set>
      <tablerow>2</tablerow>
    </card>
    <card>
      <name>Arc (13-035C)</name>
      <text>(Wind)(Dull): Elige 1 Delantero Oficio Soldado o Delantero Oficio Guerrero de la Luz que controlas. Hasta el final del turno, este gana "Este Delantero no puede ser objetivo de las habilidades de tu oponente."</text>
      <prop>
        <type>Backup - III - Warrior of Light</type>
        <manacost>2</manacost>
        <colors>Wind</colors>
        <pt>0</pt>
      </prop>
      <set picurl="https://fftcg.cdn.sewest.net/images/cards/full/13-035C_eg.jpg">Opus XIII</set>
      <tablerow>0</tablerow>
    </card>
    <card>
      <name>Eight (13-036R)</name>
      <text>El coste requerido para lanzar Eight se reduce en 1 por cada Oficio Clase Cero que controlas.
  Cuando Eight entra al terreno de juego, si has lanzado 2 o más cartas este turno, Eight gana Prisa hasta el final del turno.</text>
      <prop>
        <type>Forward - DFF · TYPE-0 - Class Zero Cadet</type>
        <manacost>3</manacost>
        <colors>Wind</colors>
        <pt>7000</pt>
      </prop>
      <set picurl="https://fftcg.cdn.sewest.net/images/cards/full/13-036R_eg.jpg">Opus XIII</set>
      <tablerow>2</tablerow>
    </card>
    <card>
      <name>Ochu (13-037C)</name>
      <text>Cuando Ochú entra al terreno de juego, elige hasta 2 Apoyos. Actívalos.
  Daños 3 -- Ochú también pasa a ser un Delantero con 7000 de poder.</text>
      <prop>
        <type>Monster - VIII - Ochu</type>
        <manacost>1</manacost>
        <colors>Wind</colors>
        <pt>7000</pt>
      </prop>
      <set picurl="https://fftcg.cdn.sewest.net/images/cards/full/13-037C_eg.jpg">Opus XIII</set>
      <tablerow>1</tablerow>
    </card>
    <card>
      <name>Cid Haze (13-038H)</name>
      <text>Cuando Cid Haze entra al terreno de juego o ataca, activa todas las Oficio Ingeniero que controlas.
  (Dull): Elige 1 Delantero que no sea Cid Haze. Hasta el final del turno, este gana +1000 de poder por cada Oficio Ingeniero que controlas.</text>
      <prop>
        <type>Forward - III - Engineer</type>
        <manacost>4</manacost>
        <colors>Wind</colors>
        <pt>8000</pt>
      </prop>
      <set picurl="https://fftcg.cdn.sewest.net/images/cards/full/13-038H_eg.jpg">Opus XIII</set>
      <tablerow>2</tablerow>
    </card>
    <card>
      <name>Cid Pollendina (13-039C)</name>
      <text>[EX BURST] Cuando Cid Pollendina entra al terreno de juego, puedes buscar 1 Delantero Oficio Ingeniero y añadirlo a tu mano.</text>
      <prop>
        <type>Backup - PICTLOGICA · IV - Engineer</type>
        <manacost>3</manacost>
        <colors>Wind</colors>
        <pt>0</pt>
      </prop>
      <set picurl="https://fftcg.cdn.sewest.net/images/cards/full/13-039C_eg.jpg">Opus XIII</set>
      <tablerow>0</tablerow>
    </card>
    <card>
      <name>Shara (13-040L)</name>
      <text>[EX BURST] Cuando Shara entra al terreno de juego, elige 1 Nombre de la carta Ritz de tu Break Zone. Añádela a tu mano.
  Cuando un personaje Categoría FFTA que no sea Shara entra a tu terreno de juego, pon 1 Contador Viera sobre Shara.
  (Dull), retira 1 Contador Viera de Shara: Elige 1 personaje Categoría FFTA. Hasta el final del turno, este gana "Este personaje no puede ser objetivo de las Invocaciones o habilidades de tu oponente."</text>
      <prop>
        <type>Forward - FFTA - Archer</type>
        <manacost>2</manacost>
        <colors>Wind</colors>
        <pt>4000</pt>
      </prop>
      <set picurl="https://fftcg.cdn.sewest.net/images/cards/full/13-040L_eg.jpg">Opus XIII</set>
      <tablerow>2</tablerow>
    </card>
    <card>
      <name>White Mage (13-041C)</name>
      <text>(0): Elige 1 Delantero. Durante este turno, el siguiente daño que reciba se reduce en 2000 en su lugar. Solo puedes usar esta habilidad una vez por turno.</text>
      <prop>
        <type>Forward - III - Standard Unit</type>
        <manacost>3</manacost>
        <colors>Wind</colors>
        <pt>7000</pt>
      </prop>
      <set picurl="https://fftcg.cdn.sewest.net/images/cards/full/13-041C_eg.jpg">Opus XIII</set>
      <tablerow>2</tablerow>
    </card>
    <card>
      <name>White Mage (13-042C)</name>
      <text>Cuando Mago blanco entra al terreno de juego, revela cartas de la parte superior de tu mazo una a una hasta que aparezca una carta Fuego o Frío. Añádela a tu mano. Después, baraja las demás cartas reveladas y colócalas en la parte inferior de tu mazo.</text>
      <prop>
        <type>Backup - FFEX - Standard Unit</type>
        <manacost>3</manacost>
        <colors>Wind</colors>
        <pt>0</pt>
      </prop>
      <set picurl="https://fftcg.cdn.sewest.net/images/cards/full/13-042C_eg.jpg">Opus XIII</set>
      <tablerow>0</tablerow>
    </card>
    <card>
      <name>Stiltzkin (13-043C)</name>
      <text>Cuando Stiltzkin entra al terreno de juego, puedes buscar 1 Delantero de coste 1 o Monstruo de coste 1 y añadirlo a tu mano.</text>
      <prop>
        <type>Backup - FFCC - Moogle</type>
        <manacost>3</manacost>
        <colors>Wind</colors>
        <pt>0</pt>
      </prop>
      <set picurl="https://fftcg.cdn.sewest.net/images/cards/full/13-043C_eg.jpg">Opus XIII</set>
      <tablerow>0</tablerow>
    </card>
    <card>
      <name>Selkie (13-044C)</name>
      <text>Cuando Selki entra al terreno de juego, si el coste pagado para lanzar Selki incluye CP Fuego, Selki gana Prisa hasta el final del turno.
  Cuando Selki entra al terreno de juego, si el coste pagado para lanzar Selki incluye CP Tierra, hasta el final del turno, todos los Delanteros que controlas ganan +2000 de poder y Bravura.</text>
      <prop>
        <type>Forward - FFCC - Standard Unit</type>
        <manacost>4</manacost>
        <colors>Wind</colors>
        <pt>7000</pt>
      </prop>
      <set picurl="https://fftcg.cdn.sewest.net/images/cards/full/13-044C_eg.jpg">Opus XIII</set>
      <tablerow>2</tablerow>
    </card>
    <card>
      <name>Dryad (13-045R)</name>
      <text>[EX BURST] Elige 1 personaje que controlas. Hasta el final del turno, este gana "Este personaje no puede ser objetivo de las habilidades de tu oponente." Si has recibido 5 o más puntos de daño, coge 1 carta, todos los personajes que controlas ganan "Este personaje no puede ser objetivo de las habilidades de tu oponente." hasta el final del turno en su lugar.</text>
      <prop>
        <type>Summon - FFEX</type>
        <manacost>1</manacost>
        <colors>Wind</colors>
        <pt>0</pt>
      </prop>
      <set picurl="https://fftcg.cdn.sewest.net/images/cards/full/13-045R_eg.jpg">Opus XIII</set>
      <tablerow>3</tablerow>
    </card>
    <card>
      <name>Pavlov (13-046R)</name>
      <text>Cuando Pavlov entra al terreno de juego, elige hasta 2 personajes Categoría FFCC que no sean Pavlov. Actívalos.</text>
      <prop>
        <type>Backup - FFCC - Penguin</type>
        <manacost>2</manacost>
        <colors>Wind</colors>
        <pt>0</pt>
      </prop>
      <set picurl="https://fftcg.cdn.sewest.net/images/cards/full/13-046R_eg.jpg">Opus XIII</set>
      <tablerow>0</tablerow>
    </card>
    <card>
      <name>Barbariccia (13-047H)</name>
      <text>Cuando Barbariccia entra al terreno de juego, inflige 2000 puntos de daño a todos los Delanteros controlados por tu oponente por cada Delantero Oficio Archidiablo que controlas. 
  Al final de cada uno de tus turnos, si controlas 4 o más Delanteros Oficio Archidiablo, puedes buscar 1 Nombre de la carta Golbez y jugarla al terreno de juego.</text>
      <prop>
        <type>Forward - IV - Archfiend</type>
        <manacost>2</manacost>
        <colors>Wind</colors>
        <pt>5000</pt>
      </prop>
      <set picurl="https://fftcg.cdn.sewest.net/images/cards/full/13-047H_eg.jpg">Opus XIII</set>
      <tablerow>2</tablerow>
    </card>
    <card>
      <name>Balthier (13-048H)</name>
      <text>Cuando Balthier entra al terreno de juego, elige 1 Delantero Oficio Pirata del aire de coste 2 o menos de tu Break Zone. Juégalo al terreno de juego.
  Pon en dull 2 Oficio Pirata del aire activas: Elige 1 Delantero Oficio Pirata del aire. Hasta el final del turno, este gana +2000 de poder y Prisa.</text>
      <prop>
        <type>Forward - FFT - Sky Pirate</type>
        <manacost>4</manacost>
        <colors>Wind</colors>
        <pt>7000</pt>
      </prop>
      <set picurl="https://fftcg.cdn.sewest.net/images/cards/full/13-048H_eg.jpg">Opus XIII</set>
      <tablerow>2</tablerow>
    </card>
    <card>
      <name>Counterfeit Youth (13-049C)</name>
      <text>Si controlas 4 o más Oficio Siervo, Joven impostor gana +3000 de poder, Prisa y "Joven impostor no puede ser bloqueado por un Delantero de coste 4 o más."</text>
      <prop>
        <type>Forward - DFF - Manikin</type>
        <manacost>2</manacost>
        <colors>Wind</colors>
        <pt>5000</pt>
      </prop>
      <set picurl="https://fftcg.cdn.sewest.net/images/cards/full/13-049C_eg.jpg">Opus XIII</set>
      <tablerow>2</tablerow>
    </card>
    <card>
      <name>Mid (13-050R)</name>
      <text>Ataque furtivo
  Cuando Mid entra al terreno de juego, elige 1 Delantero que controlas que no sea Mid. Hasta el final del turno, este gana +1000 de poder y "Este Delantero no puede ser objetivo de las habilidades de tu oponente."</text>
      <prop>
        <type>Forward - FFBE - Member of the Orders</type>
        <manacost>4</manacost>
        <colors>Wind</colors>
        <pt>7000</pt>
      </prop>
      <set picurl="https://fftcg.cdn.sewest.net/images/cards/full/13-050R_eg.jpg">Opus XIII</set>
      <tablerow>2</tablerow>
    </card>
    <card>
      <name>Mog (FFBE) (13-051R)</name>
      <text>Cuando Mogu (FFBE) entra al terreno de juego, puedes buscar 1 Delantero Categoría FFBE y añadirlo a tu mano.</text>
      <prop>
        <type>Backup - FFBE - Moogle</type>
        <manacost>3</manacost>
        <colors>Wind</colors>
        <pt>0</pt>
      </prop>
      <set picurl="https://fftcg.cdn.sewest.net/images/cards/full/13-051R_eg.jpg">Opus XIII</set>
      <tablerow>0</tablerow>
    </card>
    <card>
      <name>Abyss Worm (13-052C)</name>
      <text>Cuando Gusano Ebis entra al terreno de juego, elige 1 Delantero. Hasta el final del turno, este gana +3000 de poder y Bravura.
  Daños 3 -- Gusano Ebis también pasa a ser un Delantero con 7000 de poder.</text>
      <prop>
        <type>Monster - VIII - Worm</type>
        <manacost>1</manacost>
        <colors>Earth</colors>
        <pt>7000</pt>
      </prop>
      <set picurl="https://fftcg.cdn.sewest.net/images/cards/full/13-052C_eg.jpg">Opus XIII</set>
      <tablerow>1</tablerow>
    </card>
    <card>
      <name>Alexander (13-053R)</name>
      <text>[EX BURST] Elige 1 Delantero que controlas y hasta 1 Delantero controlado por tu oponente. Hasta el final del turno, el primero gana +3000 de poder y "Las Invocaciones y habilidades de tu oponente no pueden poner en dull a este Delantero." Si has recibido 5 o más puntos de daño, también inflígele al segundo daño equivalente al poder del Delantero más poderoso que controlas.</text>
      <prop>
        <type>Summon - FFEX</type>
        <manacost>2</manacost>
        <colors>Earth</colors>
        <pt>0</pt>
      </prop>
      <set picurl="https://fftcg.cdn.sewest.net/images/cards/full/13-053R_eg.jpg">Opus XIII</set>
      <tablerow>3</tablerow>
    </card>
    <card>
      <name>Lady of Antiquity (13-054C)</name>
      <text>El coste requerido para lanzar tus Delanteros Rayo Nombre de la carta Exdeath se reduce en 1 (no puede ser 0).
  El coste requerido para lanzar tus Oficio Siervo puede pagarse con CP de cualquier elemento.</text>
      <prop>
        <type>Backup - DFF - Manikin</type>
        <manacost>2</manacost>
        <colors>Earth</colors>
        <pt>0</pt>
      </prop>
      <set picurl="https://fftcg.cdn.sewest.net/images/cards/full/13-054C_eg.jpg">Opus XIII</set>
      <tablerow>0</tablerow>
    </card>
    <card>
      <name>Ingus (13-055C)</name>
      <text>(Dull): Elige 1 Delantero Oficio Soldado o Delantero Oficio Guerrero de la Luz que controlas. Hasta el final del turno, este gana +1000 de poder y Bravura. Solo puedes utilizar esta habilidad durante tu Main Phase.</text>
      <prop>
        <type>Backup - III - Warrior of Light</type>
        <manacost>2</manacost>
        <colors>Earth</colors>
        <pt>0</pt>
      </prop>
      <set picurl="https://fftcg.cdn.sewest.net/images/cards/full/13-055C_eg.jpg">Opus XIII</set>
      <tablerow>0</tablerow>
    </card>
    <card>
      <name>Vanille (13-056R)</name>
      <text>Vanille no puede atacar ni bloquear.
  Al final de cada uno de tus turnos, pon 1 Contador Preces de las almas sobre Vanille.
  Retira 2 Contadores Preces de las almas de Vanille: Elige 1 Delantero de tu Break Zone. Añádelo a tu mano.
  Retira 4 Contadores Preces de las almas de Vanille: Elige 1 Delantero de tu Break Zone. Juégalo al terreno de juego.</text>
      <prop>
        <type>Forward - XIII - Saint</type>
        <manacost>2</manacost>
        <colors>Earth</colors>
        <pt>6000</pt>
      </prop>
      <set picurl="https://fftcg.cdn.sewest.net/images/cards/full/13-056R_eg.jpg">Opus XIII</set>
      <tablerow>2</tablerow>
    </card>
    <card>
      <name>Graff (13-057H)</name>
      <text>Al principio de la Attack Phase durante cada uno de tus turnos, todos los Delanteros Tierra y Delanteros Categoría MOBIUS que controlas ganan +2000 de poder hasta el final del turno.
  Prevención (S)(Earth): Todos los Delanteros que controlas ganan +5000 de poder hasta el final del turno. Coge 1 carta.</text>
      <prop>
        <type>Forward - MOBIUS - Warrior</type>
        <manacost>3</manacost>
        <colors>Earth</colors>
        <pt>7000</pt>
      </prop>
      <set picurl="https://fftcg.cdn.sewest.net/images/cards/full/13-057H_eg.jpg">Opus XIII</set>
      <tablerow>2</tablerow>
    </card>
    <card>
      <name>Sherlotta (13-058C)</name>
      <text>Si Sherlotta está en el terreno de juego, Sherlotta puede generar CP de cualquier elemento de los Delanteros que controlas.</text>
      <prop>
        <type>Backup - FFCC - Mysterious Woman</type>
        <manacost>2</manacost>
        <colors>Earth</colors>
        <pt>0</pt>
      </prop>
      <set picurl="https://fftcg.cdn.sewest.net/images/cards/full/13-058C_eg.jpg">Opus XIII</set>
      <tablerow>0</tablerow>
    </card>
    <card>
      <name>Scarmiglione (13-059H)</name>
      <text>Ataque furtivo
  Iniciativa
  Cuando Scarmiglione entra al terreno de juego, elige 1 Delantero. Durante este turno, si recibe daño, duplica el daño en su lugar.</text>
      <prop>
        <type>Forward - IV - Archfiend</type>
        <manacost>2</manacost>
        <colors>Earth</colors>
        <pt>3000</pt>
      </prop>
      <set picurl="https://fftcg.cdn.sewest.net/images/cards/full/13-059H_eg.jpg">Opus XIII</set>
      <tablerow>2</tablerow>
    </card>
    <card>
      <name>Cecil (13-060R)</name>
      <text>Cuando Cecil entra al terreno de juego, puedes recibir 1 punto de daño. Cuando lo haces, elige 1 Delantero controlado por tu oponente. Cecil y el Delantero elegido infligen al otro daño equivalente a su poder.
  Daños 3 -- Cecil gana +1000 de poder y Bravura.</text>
      <prop>
        <type>Forward - IV - Dark Knight</type>
        <manacost>3</manacost>
        <colors>Earth</colors>
        <pt>7000</pt>
      </prop>
      <set picurl="https://fftcg.cdn.sewest.net/images/cards/full/13-060R_eg.jpg">Opus XIII</set>
      <tablerow>2</tablerow>
    </card>
    <card>
      <name>Hugh Yurg (13-061C)</name>
      <text>Si controlas un personaje Categoría FFCC que no sea Hugh Yurg, Hugh Yurg gana Bravura.</text>
      <prop>
        <type>Forward - FFCC - Warrior</type>
        <manacost>4</manacost>
        <colors>Earth</colors>
        <pt>8000</pt>
      </prop>
      <set picurl="https://fftcg.cdn.sewest.net/images/cards/full/13-061C_eg.jpg">Opus XIII</set>
      <tablerow>2</tablerow>
    </card>
    <card>
      <name>Bhunivelze (13-062H)</name>
      <text>El coste requerido para lanzar Bhunivelze se reduce en 2 por cada Apoyo que controlas de un elemento distinto que no sea multielemento.
  Daños 3 -- Bhunivelze gana Bravura y "Bhunivelze puede atacar dos veces en el mismo turno."
  Daños 6 -- Cuando Bhunivelze ataca, elige 1 personaje. Rómpelo.</text>
      <prop>
        <type>Forward - XIII - God</type>
        <manacost>10</manacost>
        <colors>Earth</colors>
        <pt>10000</pt>
      </prop>
      <set picurl="https://fftcg.cdn.sewest.net/images/cards/full/13-062H_eg.jpg">Opus XIII</set>
      <tablerow>2</tablerow>
    </card>
    <card>
      <name>Monk (13-063C)</name>
      <text>El coste requerido para lanzar Monje se reduce en 1 por cada Oficio Monje o Nombre de la carta Monje que controlas (no puede ser 0).</text>
      <prop>
        <type>Forward - III - Standard Unit</type>
        <manacost>5</manacost>
        <colors>Earth</colors>
        <pt>8000</pt>
      </prop>
      <set picurl="https://fftcg.cdn.sewest.net/images/cards/full/13-063C_eg.jpg">Opus XIII</set>
      <tablerow>2</tablerow>
    </card>
    <card>
      <name>Yang (13-064R)</name>
      <text>Daños 1 -- Cuando Yang entra al terreno de juego, puedes jugar 1 Oficio Monje o Nombre de la carta Monje de tu mano al terreno de juego.
  Daños 3 -- Yang gana "Los Delanteros Oficio Monje y Delanteros Nombre de la carta Monje que controlas ganan +1000 de poder y Bravura."</text>
      <prop>
        <type>Forward - DFF · IV - Monk</type>
        <manacost>3</manacost>
        <colors>Earth</colors>
        <pt>7000</pt>
      </prop>
      <set picurl="https://fftcg.cdn.sewest.net/images/cards/full/13-064R_eg.jpg">Opus XIII</set>
      <tablerow>2</tablerow>
    </card>
    <card>
      <name>Rydia (13-065R)</name>
      <text>Cuando Rydia entra al terreno de juego, pon 1 Contador Invocación sobre Rydia.
  Retira 1 Contador Invocación de Rydia: Lanza 1 Invocación que no sea Luz ni Oscuridad de tu mano sin pagar su coste.
  (Dull): Elige 1 Invocación. Si inflige daño a un Delantero este turno, el daño aumenta en 1000 en su lugar.</text>
      <prop>
        <type>Backup - IV - Summoner</type>
        <manacost>6</manacost>
        <colors>Earth</colors>
        <pt>0</pt>
      </prop>
      <set picurl="https://fftcg.cdn.sewest.net/images/cards/full/13-065R_eg.jpg">Opus XIII</set>
      <tablerow>0</tablerow>
    </card>
    <card>
      <name>Lilty (13-066C)</name>
      <text>Cuando Lilti entra al terreno de juego, si el coste pagado para lanzar Lilti incluye CP Frío, tu oponente descarta 1 carta de su mano.
  Cuando Lilti entra al terreno de juego, elige 1 Delantero de coste 2 o menos. Si el coste pagado para lanzar Lilti incluye CP Rayo, rómpelo.</text>
      <prop>
        <type>Forward - FFCC - Standard Unit</type>
        <manacost>4</manacost>
        <colors>Earth</colors>
        <pt>7000</pt>
      </prop>
      <set picurl="https://fftcg.cdn.sewest.net/images/cards/full/13-066C_eg.jpg">Opus XIII</set>
      <tablerow>2</tablerow>
    </card>
    <card>
      <name>Leo (13-067L)</name>
      <text>Cuando Leo entra al terreno de juego, pon 1 Contador Reino sobre Leo por cada personaje Categoría FFCC que controlas.
  (1)(Dull), retira X Contadores Reino de Leo: Elige 1 Delantero que no sea Nombre de la carta Leo, Luz ni Oscuridad de tu Break Zone. Si su coste es X, juégalo al terreno de juego. Solo puedes usar esta habilidad durante tu turno y solo una vez por turno.</text>
      <prop>
        <type>Forward - FFCC - King</type>
        <manacost>1</manacost>
        <colors>Earth</colors>
        <pt>3000</pt>
      </prop>
      <set picurl="https://fftcg.cdn.sewest.net/images/cards/full/13-067L_eg.jpg">Opus XIII</set>
      <tablerow>2</tablerow>
    </card>
    <card>
      <name>Alchemist (13-068C)</name>
      <text>Cuando Alquimista entra al terreno de juego, revela cartas de la parte superior de tu mazo una a una hasta que aparezca una carta Frío o Aire. Añádela a tu mano. Después, baraja las demás cartas reveladas y colócalas en la parte inferior de tu mazo.</text>
      <prop>
        <type>Backup - FFEX - Standard Unit</type>
        <manacost>3</manacost>
        <colors>Earth</colors>
        <pt>0</pt>
      </prop>
      <set picurl="https://fftcg.cdn.sewest.net/images/cards/full/13-068C_eg.jpg">Opus XIII</set>
      <tablerow>0</tablerow>
    </card>
    <card>
      <name>Red Mage (13-069C)</name>
      <text>Cuando Mago rojo entra al terreno de juego, revela cartas de la parte superior de tu mazo una a una hasta que aparezca una carta Aire o Tierra. Añádela a tu mano. Después, baraja las demás cartas reveladas y colócalas en la parte inferior de tu mazo.</text>
      <prop>
        <type>Backup - FFEX - Standard Unit</type>
        <manacost>3</manacost>
        <colors>Lightning</colors>
        <pt>0</pt>
      </prop>
      <set picurl="https://fftcg.cdn.sewest.net/images/cards/full/13-069C_eg.jpg">Opus XIII</set>
      <tablerow>0</tablerow>
    </card>
    <card>
      <name>Delusory Warlock (13-070C)</name>
      <text>El coste requerido para lanzar tus Delanteros Rayo Nombre de la carta Exdeath se reduce en 1 (no puede ser 0).
  Cuando Taumaturgo ficticio entra al terreno de juego, puedes buscar 1 Oficio Siervo que no sea Rayo y añadirla a tu mano.</text>
      <prop>
        <type>Backup - DFF - Manikin</type>
        <manacost>3</manacost>
        <colors>Lightning</colors>
        <pt>0</pt>
      </prop>
      <set picurl="https://fftcg.cdn.sewest.net/images/cards/full/13-070C_eg.jpg">Opus XIII</set>
      <tablerow>0</tablerow>
    </card>
    <card>
      <name>Exdeath (13-071R)</name>
      <text>Cuando Exdeath entra al terreno de juego, puedes jugar 1 Oficio Siervo de coste 4 o menos de tu mano al terreno de juego.
  Los Delanteros Oficio Siervo que controlas ganan +1000 de poder.
  Por cada Oficio Siervo que controlas, Exdeath gana +1000 de poder.</text>
      <prop>
        <type>Forward - DFF · V - Wizard</type>
        <manacost>6</manacost>
        <colors>Lightning</colors>
        <pt>8000</pt>
      </prop>
      <set picurl="https://fftcg.cdn.sewest.net/images/cards/full/13-071R_eg.jpg">Opus XIII</set>
      <tablerow>2</tablerow>
    </card>
    <card>
      <name>Exdeath (2-101H)</name>
      <text>Cuando Exdeath entra al terreno de juego, puedes jugar 1 Oficio Siervo de coste 4 o menos de tu mano al terreno de juego.
  Los Delanteros Oficio Siervo que controlas ganan +1000 de poder.
  Por cada Oficio Siervo que controlas, Exdeath gana +1000 de poder.</text>
      <prop>
        <type>Forward - DFF · V - Wizard</type>
        <manacost>6</manacost>
        <colors>Lightning</colors>
        <pt>8000</pt>
      </prop>
      <set picurl="https://fftcg.cdn.sewest.net/images/cards/full/2-101H_eg.jpg">Opus XIII</set>
      <tablerow>2</tablerow>
    </card>
    <card>
      <name>Odin (13-072R)</name>
      <text>Si has recibido 5 o más puntos de daño, el coste requerido para lanzar Odín se reduce en 3.
[EX BURST] Elige 1 Delantero de coste 5 o menos. Rómpelo.</text>
      <prop>
        <type>Summon - FFEX</type>
        <manacost>5</manacost>
        <colors>Lightning</colors>
        <pt>0</pt>
      </prop>
      <set picurl="https://fftcg.cdn.sewest.net/images/cards/full/13-072R_eg.jpg">Opus XIII</set>
      <tablerow>3</tablerow>
    </card>
    <card>
      <name>Kain (13-073H)</name>
      <text>Prisa
  Cuando Kain entra al terreno de juego desde tu mano, pon 1 Contador Lavado de cerebro sobre Kain.
  Cuando Kain pasa del terreno de juego a la Break Zone, si hay un contador Lavado de cerebro sobre Kain, juega Kain de tu Break Zone al terreno de juego de tu oponente.</text>
      <prop>
        <type>Forward - IV - Dragoon</type>
        <manacost>2</manacost>
        <colors>Lightning</colors>
        <pt>9000</pt>
      </prop>
      <set picurl="https://fftcg.cdn.sewest.net/images/cards/full/13-073H_eg.jpg">Opus XIII</set>
      <tablerow>2</tablerow>
    </card>
    <card>
      <name>Clavat (13-074C)</name>
      <text>Cuando Clavate entra al terreno de juego, elige 1 Monstruo de coste 3 o menos. Si el coste pagado para lanzar Clavate incluye CP Aire, rómpelo.
  Cuando Clavate entra al terreno de juego, elige 1 Delantero de coste 3 o menos. Si el coste pagado para lanzar Clavate incluye CP Agua, devuélvelo a la mano de su propietario.
</text>
      <prop>
        <type>Forward - FFCC - Standard Unit</type>
        <manacost>4</manacost>
        <colors>Lightning</colors>
        <pt>7000</pt>
      </prop>
      <set picurl="https://fftcg.cdn.sewest.net/images/cards/full/13-074C_eg.jpg">Opus XIII</set>
      <tablerow>2</tablerow>
    </card>
    <card>
      <name>Sakura (13-075R)</name>
      <text>Solo puedes pagar con CP Rayo el coste para lanzar Sakura.
  Cuando Sakura entra al terreno de juego, elige 1 Delantero de coste 4 o menos controlado por tu oponente. Rómpelo.</text>
      <prop>
        <type>Backup - FFBE - Sage</type>
        <manacost>4</manacost>
        <colors>Lightning</colors>
        <pt>0</pt>
      </prop>
      <set picurl="https://fftcg.cdn.sewest.net/images/cards/full/13-075R_eg.jpg">Opus XIII</set>
      <tablerow>0</tablerow>
    </card>
    <card>
      <name>Jake (13-076R)</name>
      <text>Cuando Jake entra al terreno de juego, elige 1 Delantero activo controlado por tu oponente. Inflígele 3000 puntos de daño por cada CP de un elemento distinto que hayas pagado para lanzar Jake.</text>
      <prop>
        <type>Forward - FFBE - Marksman</type>
        <manacost>3</manacost>
        <colors>Lightning</colors>
        <pt>7000</pt>
      </prop>
      <set picurl="https://fftcg.cdn.sewest.net/images/cards/full/13-076R_eg.jpg">Opus XIII</set>
      <tablerow>2</tablerow>
    </card>
    <card>
      <name>Zemus (13-077C)</name>
      <text>Cuando Zemus entra al terreno de juego, elige 1 Delantero de tu Break Zone. Añádelo a tu mano.
  Daños 3 -- Cuando Zemus entra al terreno de juego, elige 1 Apoyo de tu Break Zone. Añádelo a tu mano.</text>
      <prop>
        <type>Backup - PICTLOGICA · IV - Lunarian</type>
        <manacost>4</manacost>
        <colors>Lightning</colors>
        <pt>0</pt>
      </prop>
      <set picurl="https://fftcg.cdn.sewest.net/images/cards/full/13-077C_eg.jpg">Opus XIII</set>
      <tablerow>0</tablerow>
    </card>
    <card>
      <name>Propagator (13-078C)</name>
      <text>Cuando Gestalt entra al terreno de juego, elige 1 Delantero. Este pierde 2000 de poder hasta el final del turno.
  Daños 3 -- Gestalt también pasa a ser un Delantero con 7000 de poder.</text>
      <prop>
        <type>Monster - VIII - Propagator</type>
        <manacost>1</manacost>
        <colors>Lightning</colors>
        <pt>7000</pt>
      </prop>
      <set picurl="https://fftcg.cdn.sewest.net/images/cards/full/13-078C_eg.jpg">Opus XIII</set>
      <tablerow>1</tablerow>
    </card>
    <card>
      <name>Behemoth K (13-079L)</name>
      <text>Cuando Bégimo K es objetivo de la habilidad de un Delantero, rompe ese Delantero.
  Cuando Bégimo K ataca, Bégimo K gana +3000 de poder hasta el final del turno. Bégimo K le inflige a tu oponente 1 punto de daño.
  Daños 5 -- Bégimo K gana Prisa y "Cuando Bégimo K es bloqueado, Bégimo K le inflige 1 punto de daño a tu oponente."</text>
      <prop>
        <type>Forward - FFBE - Sage of Hess</type>
        <manacost>5</manacost>
        <colors>Lightning</colors>
        <pt>9000</pt>
      </prop>
      <set picurl="https://fftcg.cdn.sewest.net/images/cards/full/13-079L_eg.jpg">Opus XIII</set>
      <tablerow>2</tablerow>
    </card>
    <card>
      <name>Marach (13-080C)</name>
      <text>Cuando Marach entra al terreno de juego, tu oponente selecciona 1 Delantero que controla. Inflige 4000 puntos de daño a todos los demás Delanteros controlados por tu oponente.</text>
      <prop>
        <type>Forward - PICTLOGICA · FFT - Netherseer</type>
        <manacost>4</manacost>
        <colors>Lightning</colors>
        <pt>8000</pt>
      </prop>
      <set picurl="https://fftcg.cdn.sewest.net/images/cards/full/13-080C_eg.jpg">Opus XIII</set>
      <tablerow>2</tablerow>
    </card>
    <card>
      <name>Lightning (13-081H)</name>
      <text>Cuando Lightning entra al terreno de juego, elige hasta 2 Delanteros controlados por tu oponente o Delanteros de tu Break Zone. Retíralos del juego.
  Cuando Lightning abandona el terreno de juego, devuelve a la mano de su propietario cada carta retirada por la habilidad de Lightning.</text>
      <prop>
        <type>Forward - DFF · XIII - Savior</type>
        <manacost>7</manacost>
        <colors>Lightning</colors>
        <pt>9000</pt>
      </prop>
      <set picurl="https://fftcg.cdn.sewest.net/images/cards/full/13-081H_eg.jpg">Opus XIII</set>
      <tablerow>2</tablerow>
    </card>
    <card>
      <name>Rapha (13-082C)</name>
      <text>Si la Nombre de la carta Marach que controlas inflige daño a un Delantero, el daño aumenta en 1000 en su lugar.
  Daños 3 -- (Dull), pon Rafa en la Break Zone: Elige hasta 3 Delanteros controlados por tu oponente. Inflígeles 4000 puntos de daño.</text>
      <prop>
        <type>Backup - PICTLOGICA · FFT - Skyseer</type>
        <manacost>2</manacost>
        <colors>Lightning</colors>
        <pt>0</pt>
      </prop>
      <set picurl="https://fftcg.cdn.sewest.net/images/cards/full/13-082C_eg.jpg">Opus XIII</set>
      <tablerow>0</tablerow>
    </card>
    <card>
      <name>Lid (13-083H)</name>
      <text>Cuando Lid entra al terreno de juego o pasa del terreno de juego a la Break Zone, revela las 4 cartas de la parte superior de tu mazo. Añade 1 carta multielemento de entre ellas a tu mano y pon el resto en la parte inferior de tu mazo en el orden que quieras.
  Martillo personalizable de chocobot (S)(Lightning): Elige 1 Delantero. Inflígele 7000 puntos de daño. Si controlas un Delantero multielemento, inflígele 10000 puntos de daño en su lugar.</text>
      <prop>
        <type>Forward - FFBE - Engineer</type>
        <manacost>3</manacost>
        <colors>Lightning</colors>
        <pt>7000</pt>
      </prop>
      <set picurl="https://fftcg.cdn.sewest.net/images/cards/full/13-083H_eg.jpg">Opus XIII</set>
      <tablerow>2</tablerow>
    </card>
    <card>
      <name>Dragoon (13-084C)</name>
      <text>Si has lanzado una Oficio Draconarius o Nombre de la carta Caballero dragón este turno, el coste requerido para lanzar Caballero dragón se reduce en 3.
  Prisa</text>
      <prop>
        <type>Forward - III - Standard Unit</type>
        <manacost>5</manacost>
        <colors>Lightning</colors>
        <pt>8000</pt>
      </prop>
      <set picurl="https://fftcg.cdn.sewest.net/images/cards/full/13-084C_eg.jpg">Opus XIII</set>
      <tablerow>2</tablerow>
    </card>
    <card>
      <name>Lumina (13-085R)</name>
      <text>Cuando Lumina entra al terreno de juego, puedes buscar 1 Delantero Categoría XIII y añadirlo a tu mano.</text>
      <prop>
        <type>Backup - XIII - Mysterious Woman</type>
        <manacost>3</manacost>
        <colors>Lightning</colors>
        <pt>0</pt>
      </prop>
      <set picurl="https://fftcg.cdn.sewest.net/images/cards/full/13-085R_eg.jpg">Opus XIII</set>
      <tablerow>0</tablerow>
    </card>
    <card>
      <name>Agrias (13-086R)</name>
      <text>[EX BURST] Cuando Agrias entra al terreno de juego, si controlas una Oficio Princesa, coge 1 carta.
  Cuando Agrias entra al terreno de juego, elige 1 Delantero controlado por tu oponente. Si controlas una Nombre de la carta Ovelia, este pierde 7000 de poder hasta el final del turno.
  Daños 5 -- Cuando Agrias entra al terreno de juego, puedes buscar 1 Delantero Categoría FFT y añadirlo a tu mano.</text>
      <prop>
        <type>Forward - DFF · FFT - Knight</type>
        <manacost>5</manacost>
        <colors>Water</colors>
        <pt>9000</pt>
      </prop>
      <set picurl="https://fftcg.cdn.sewest.net/images/cards/full/13-086R_eg.jpg">Opus XIII</set>
      <tablerow>2</tablerow>
    </card>
    <card>
      <name>Delusory Knight (13-087C)</name>
      <text>Cuando Caballero ficticio entra al terreno de juego, puedes buscar 1 Oficio Siervo que no sea Agua y añadirla a tu mano.</text>
      <prop>
        <type>Forward - DFF - Manikin</type>
        <manacost>4</manacost>
        <colors>Water</colors>
        <pt>8000</pt>
      </prop>
      <set picurl="https://fftcg.cdn.sewest.net/images/cards/full/13-087C_eg.jpg">Opus XIII</set>
      <tablerow>2</tablerow>
    </card>
    <card>
      <name>Elle (13-088H)</name>
      <text>Cuando Elle ataca, coge 2 cartas y después descarta 2 cartas de tu mano. Si 1 o más cartas descartadas eran Categoría FFBE, hasta el final del turno, Elle gana "Elle no puede ser bloqueado." y "Cuando Elle inflige daño a tu oponente, coge 1 carta."
  Daños 3 -- Elle gana +2000 de poder.</text>
      <prop>
        <type>Forward - FFBE - Warrior</type>
        <manacost>3</manacost>
        <colors>Water</colors>
        <pt>7000</pt>
      </prop>
      <set picurl="https://fftcg.cdn.sewest.net/images/cards/full/13-088H_eg.jpg">Opus XIII</set>
      <tablerow>2</tablerow>
    </card>
    <card>
      <name>Oilboyle (13-089C)</name>
      <text>Cuando Oleoplasto entra al terreno de juego, coge 1 carta y después descarta 1 carta de tu mano.
  Daños 3 -- Oleoplasto también pasa a ser un Delantero con 7000 de poder.</text>
      <prop>
        <type>Monster - VIII - Oilboyle</type>
        <manacost>1</manacost>
        <colors>Water</colors>
        <pt>7000</pt>
      </prop>
      <set picurl="https://fftcg.cdn.sewest.net/images/cards/full/13-089C_eg.jpg">Opus XIII</set>
      <tablerow>1</tablerow>
    </card>
    <card>
      <name>Ovelia (13-090L)</name>
      <text>Cuando un Delantero Categoría FFT que controlas pasa del terreno de juego a la Break Zone, coge 1 carta. Este efecto solo se puede desencadenar una vez por turno.
  Égida (S)(Dull): Elige 1 Delantero que controlas. Hasta el final del turno, este gana Prisa y "Cuando este Delantero pasa del terreno de juego a la Break Zone, juega este Delantero desde la Break Zone al terreno de juego en dull."</text>
      <prop>
        <type>Backup - FFT - Princess</type>
        <manacost>3</manacost>
        <colors>Water</colors>
        <pt>0</pt>
      </prop>
      <set picurl="https://fftcg.cdn.sewest.net/images/cards/full/13-090L_eg.jpg">Opus XIII</set>
      <tablerow>0</tablerow>
    </card>
    <card>
      <name>Cagnazzo (13-091H)</name>
      <text>Cuando un Delantero que no sea Cagnazzo entra a tu terreno de juego, pon 1 Contador Agua sobre Cagnazzo.
  Retira 3 Contadores Agua de Cagnazzo: Elige 1 Delantero. Este pierde 8000 de poder hasta el final del turno.
  Retira 7 Contadores Agua de Cagnazzo: Todos los Delanteros controlados por tu oponente pierden 10000 de poder hasta el final del turno.</text>
      <prop>
        <type>Forward - IV - Archfiend</type>
        <manacost>2</manacost>
        <colors>Water</colors>
        <pt>4000</pt>
      </prop>
      <set picurl="https://fftcg.cdn.sewest.net/images/cards/full/13-091H_eg.jpg">Opus XIII</set>
      <tablerow>2</tablerow>
    </card>
    <card>
      <name>Sage (13-092C)</name>
      <text>Cuando Sabio entra al terreno de juego, revela cartas de la parte superior de tu mazo una a una hasta que aparezca una carta Tierra o Rayo. Añádela a tu mano. Después, baraja las demás cartas reveladas y colócalas en la parte inferior de tu mazo.</text>
      <prop>
        <type>Backup - FFEX - Standard Unit</type>
        <manacost>3</manacost>
        <colors>Water</colors>
        <pt>0</pt>
      </prop>
      <set picurl="https://fftcg.cdn.sewest.net/images/cards/full/13-092C_eg.jpg">Opus XIII</set>
      <tablerow>0</tablerow>
    </card>
    <card>
      <name>Sara (13-093H)</name>
      <text>Cuando Sara entra al terreno de juego, puedes buscar 1 Oficio Rey, Oficio Príncipe u Oficio Princesa y añadirla a tu mano.</text>
      <prop>
        <type>Backup - III - Princess</type>
        <manacost>4</manacost>
        <colors>Water</colors>
        <pt>0</pt>
      </prop>
      <set picurl="https://fftcg.cdn.sewest.net/images/cards/full/13-093H_eg.jpg">Opus XIII</set>
      <tablerow>0</tablerow>
    </card>
    <card>
      <name>Simon (13-094C)</name>
      <text>(Dull), pon Simón en la Break Zone: Elige 1 carta Categoría FFT de tu Break Zone. Añádela a tu mano.</text>
      <prop>
        <type>Backup - FFT - Bishop</type>
        <manacost>2</manacost>
        <colors>Water</colors>
        <pt>0</pt>
      </prop>
      <set picurl="https://fftcg.cdn.sewest.net/images/cards/full/13-094C_eg.jpg">Opus XIII</set>
      <tablerow>0</tablerow>
    </card>
    <card>
      <name>Tonogiri (13-095C)</name>
      <text>Cuando Tonogiri forma un equipo y ataca, elige 1 Delantero. Devuélvelo a la mano de su propietario.</text>
      <prop>
        <type>Forward - TYPE-0 - Warrior</type>
        <manacost>4</manacost>
        <colors>Water</colors>
        <pt>8000</pt>
      </prop>
      <set picurl="https://fftcg.cdn.sewest.net/images/cards/full/13-095C_eg.jpg">Opus XIII</set>
      <tablerow>2</tablerow>
    </card>
    <card>
      <name>Nichol (13-096R)</name>
      <text>Los Delanteros multielemento que controlas ganan +1000 de poder.
  Cuando un Delantero multielemento entra a tu terreno de juego, coge 1 carta. Este efecto solo se puede desencadenar una vez por turno.</text>
      <prop>
        <type>Forward - FFBE - Tactician</type>
        <manacost>2</manacost>
        <colors>Water</colors>
        <pt>5000</pt>
      </prop>
      <set picurl="https://fftcg.cdn.sewest.net/images/cards/full/13-096R_eg.jpg">Opus XIII</set>
      <tablerow>2</tablerow>
    </card>
    <card>
      <name>Viking (13-097C)</name>
      <text>Cuando Vikingo entra al terreno de juego, revela las 5 cartas de la parte superior de tu mazo. Juega 1 Nombre de la carta Vikingo de coste 3 o menos de entre ellas al terreno de juego y pon el resto en la parte inferior de tu mazo en el orden que quieras.</text>
      <prop>
        <type>Forward - III - Standard Unit</type>
        <manacost>2</manacost>
        <colors>Water</colors>
        <pt>4000</pt>
      </prop>
      <set picurl="https://fftcg.cdn.sewest.net/images/cards/full/13-097C_eg.jpg">Opus XIII</set>
      <tablerow>2</tablerow>
    </card>
    <card>
      <name>Fina (13-098R)</name>
      <text>Cuando Fina entra al terreno de juego, elige 1 Delantero controlado por tu oponente. Si controlas un Delantero Categoría FFBE, devuélvelo a la mano de su propietario.</text>
      <prop>
        <type>Backup - FFBE - Blue Mage</type>
        <manacost>2</manacost>
        <colors>Water</colors>
        <pt>0</pt>
      </prop>
      <set picurl="https://fftcg.cdn.sewest.net/images/cards/full/13-098R_eg.jpg">Opus XIII</set>
      <tablerow>0</tablerow>
    </card>
    <card>
      <name>Yuke (13-099C)</name>
      <text>Cuando Yuko entra al terreno de juego, elige 1 Delantero. Si el coste pagado para lanzar Yuko incluye CP Fuego, inflígele 4000 puntos de daño.
  Cuando Yuko entra al terreno de juego, elige 1 personaje de tu Break Zone. Si el coste pagado para lanzar Yuko incluye CP Tierra, añádelo a tu mano.</text>
      <prop>
        <type>Forward - FFCC - Standard Unit</type>
        <manacost>4</manacost>
        <colors>Water</colors>
        <pt>7000</pt>
      </prop>
      <set picurl="https://fftcg.cdn.sewest.net/images/cards/full/13-099C_eg.jpg">Opus XIII</set>
      <tablerow>2</tablerow>
    </card>
    <card>
      <name>Leviathan (13-100R)</name>
      <text>[EX BURST] Elige 1 Delantero. Durante este turno, el siguiente daño que reciba se reduce en 5000 en su lugar. Coge 1 carta. Si has recibido 5 o más puntos de daño, hasta el final del turno, todos los Delanteros que controlas también ganan "Este Delantero no puede ser objetivo de las habilidades o Invocaciones de tu oponente."</text>
      <prop>
        <type>Summon - FFEX</type>
        <manacost>2</manacost>
        <colors>Water</colors>
        <pt>0</pt>
      </prop>
      <set picurl="https://fftcg.cdn.sewest.net/images/cards/full/13-100R_eg.jpg">Opus XIII</set>
      <tablerow>3</tablerow>
    </card>
    <card>
      <name>Luka (13-101R)</name>
      <text>Los Delanteros Categoría FFBE que controlas ganan +1000 de poder.</text>
      <prop>
        <type>Backup - FFBE - Seeress</type>
        <manacost>3</manacost>
        <colors>Water</colors>
        <pt>0</pt>
      </prop>
      <set picurl="https://fftcg.cdn.sewest.net/images/cards/full/13-101R_eg.jpg">Opus XIII</set>
      <tablerow>0</tablerow>
    </card>
    <card>
      <name>Refia (13-102C)</name>
      <text>(1)(Dull): Elige 1 Delantero Oficio Soldado o Delantero Oficio Guerrero de la Luz que controlas. Actívalo.</text>
      <prop>
        <type>Backup - III - Warrior of Light</type>
        <manacost>2</manacost>
        <colors>Water</colors>
        <pt>0</pt>
      </prop>
      <set picurl="https://fftcg.cdn.sewest.net/images/cards/full/13-102C_eg.jpg">Opus XIII</set>
      <tablerow>0</tablerow>
    </card>
    <card>
      <name>Materia (13-103L)</name>
      <text>Puedes jugar 2 o más personajes Luz al terreno de juego.
  Cuando Materia entra al terreno de juego, puedes pagar (X). Cuando lo haces, busca 1 Delantero Luz de coste X y juégalo al terreno de juego.
  Cuando un Delantero Luz que controlas que no sea Materia pasa del terreno de juego a la Break Zone, coge 1 carta. Este efecto solo se puede desencadenar una vez por turno.</text>
      <prop>
        <type>Forward - DFF - Goddess</type>
        <manacost>1</manacost>
        <colors>Light</colors>
        <pt>2000</pt>
      </prop>
      <set picurl="https://fftcg.cdn.sewest.net/images/cards/full/13-103L_eg.jpg">Opus XIII</set>
      <tablerow>2</tablerow>
    </card>
    <card>
      <name>Spiritus (13-104L)</name>
      <text>Puedes jugar 2 o más personajes Oscuridad al terreno de juego.
  Cuando Spiritus entra al terreno de juego, puedes pagar (X). Cuando lo haces, busca 1 Delantero Oscuridad de coste X y juégalo al terreno de juego.
  Cuando un Delantero Oscuridad que controlas que no sea Spiritus pasa del terreno de juego a la Break Zone, elige hasta 1 Delantero. Retíralo del juego. Este efecto solo se puede desencadenar una vez por turno.</text>
      <prop>
        <type>Forward - DFF - God</type>
        <manacost>1</manacost>
        <colors>Dark</colors>
        <pt>2000</pt>
      </prop>
      <set picurl="https://fftcg.cdn.sewest.net/images/cards/full/13-104L_eg.jpg">Opus XIII</set>
      <tablerow>2</tablerow>
    </card>
    <card>
      <name>Lasswell (13-105R)</name>
      <text>Cuando Lasswell entra al terreno de juego, tu oponente descarta 1 carta de su mano.
  Cuando un Delantero Fuego o Frío que controlas ataca, elige 1 Delantero controlado por tu oponente. Inflígele 3000 puntos de daño.</text>
      <prop>
        <type>Forward - FFBE - King</type>
        <manacost>5</manacost>
        <colors>Fire, Ice</colors>
        <pt>8000</pt>
      </prop>
      <set picurl="https://fftcg.cdn.sewest.net/images/cards/full/13-105R_eg.jpg">Opus XIII</set>
      <tablerow>2</tablerow>
    </card>
    <card>
      <name>Onion Knight (13-106H)</name>
      <text>Cuando Caballero cebolla pasa del terreno de juego a la Break Zone, puedes jugar 1 Nombre de la carta Caballero cebolla de tu mano al terreno de juego.
  (Fire)(Wind), retira del juego 3 Nombre de la carta Caballero cebolla de la Break Zone: Elige hasta 3 Delanteros. Inflígeles 9000 puntos de daño.</text>
      <prop>
        <type>Forward - DFF · III - Onion Knight</type>
        <manacost>4</manacost>
        <colors>Fire, Wind</colors>
        <pt>9000</pt>
      </prop>
      <set picurl="https://fftcg.cdn.sewest.net/images/cards/full/13-106H_eg.jpg">Opus XIII</set>
      <tablerow>2</tablerow>
    </card>
    <card>
      <name>Cater (13-107C)</name>
      <text>Cuando Cater entra al terreno de juego, selecciona 1 de las siguientes 2 acciones.
  "Elige hasta 3 Apoyos. Actívalos."
  "Elige 1 Delantero. Inflígele 1000 puntos de daño por cada Apoyo que controlas."</text>
      <prop>
        <type>Forward - DFF · TYPE-0 - Class Zero Cadet</type>
        <manacost>2</manacost>
        <colors>Fire, Wind</colors>
        <pt>6000</pt>
      </prop>
      <set picurl="https://fftcg.cdn.sewest.net/images/cards/full/13-107C_eg.jpg">Opus XIII</set>
      <tablerow>2</tablerow>
    </card>
    <card>
      <name>Llednar (13-108L)</name>
      <text>Cuando Llednar entra al terreno de juego por un lanzamiento tuyo, pon 1 Contador Fortuna sobre Llednar.
  Si se pone un Contador Fortuna sobre Llednar, Llednar no puede romperse.
  Descarta 2 cartas: Retira todos los Contadores Fortuna de Llednar. Cada jugador puede usar esta habilidad.</text>
      <prop>
        <type>Forward - FFTA - Biskmatar</type>
        <manacost>3</manacost>
        <colors>Fire, Wind</colors>
        <pt>8000</pt>
      </prop>
      <set picurl="https://fftcg.cdn.sewest.net/images/cards/full/13-108L_eg.jpg">Opus XIII</set>
      <tablerow>2</tablerow>
    </card>
    <card>
      <name>Hope (13-109R)</name>
      <text>Cuando un personaje activo controlado por tu oponente se pone en dull a causa de tus Invocaciones o habilidades, congélalo.
  Cuando un personaje en dull que controlas se activa a causa de tus Invocaciones o habilidades, elige hasta 2 personajes que controlas. Actívalos. Este efecto solo se puede desencadenar una vez por turno.</text>
      <prop>
        <type>Forward - XIII - Observer</type>
        <manacost>3</manacost>
        <colors>Ice, Wind</colors>
        <pt>8000</pt>
      </prop>
      <set picurl="https://fftcg.cdn.sewest.net/images/cards/full/13-109R_eg.jpg">Opus XIII</set>
      <tablerow>2</tablerow>
    </card>
    <card>
      <name>Unei (13-110H)</name>
      <text>Cuando Une entra al terreno de juego, elige 2 Invocaciones de tu Break Zone, cada una con un coste distinto. Tu oponente selecciona 1 Invocación de entre ellas. Puedes lanzar la otra Invocación sin pagar su coste. Si la lanzas, retira del juego esa Invocación tras usarla en lugar de ponerla en la Break Zone.
  Sanctus (S)(Ice)(Earth): Elige 1 Delantero en dull. Inflígele 20000 puntos de daño. Busca 1 Invocación y añádela a tu mano.</text>
      <prop>
        <type>Forward - III - Magus</type>
        <manacost>5</manacost>
        <colors>Ice, Earth</colors>
        <pt>8000</pt>
      </prop>
      <set picurl="https://fftcg.cdn.sewest.net/images/cards/full/13-110H_eg.jpg">Opus XIII</set>
      <tablerow>2</tablerow>
    </card>
    <card>
      <name>Delita (13-111C)</name>
      <text>Cuando Delita entra al terreno de juego, selecciona 1 de las siguientes 2 acciones.
  "Selecciona 1 personaje que controlas. Rómpelo."
  "Elige 1 personaje de coste 2 o menos de tu Break Zone. Añádelo a tu mano."</text>
      <prop>
        <type>Forward - PICTLOGICA · FFT - Knight</type>
        <manacost>2</manacost>
        <colors>Ice, Earth</colors>
        <pt>5000</pt>
      </prop>
      <set picurl="https://fftcg.cdn.sewest.net/images/cards/full/13-111C_eg.jpg">Opus XIII</set>
      <tablerow>2</tablerow>
    </card>
    <card>
      <name>White Tiger l'Cie Nimbus (13-112L)</name>
      <text>Solo puedes pagar con CP de Apoyos el coste para lanzar Nimbus, lu'Cie del Tigre de Argén.
  Bravura
  Cuando Nimbus, lu'Cie del Tigre de Argén, entra al terreno de juego o ataca, elige 1 personaje controlado por tu oponente. Ponlo en dull y congélalo.</text>
      <prop>
        <type>Forward - TYPE-0 - L'Cie</type>
        <manacost>3</manacost>
        <colors>Ice, Earth</colors>
        <pt>9000</pt>
      </prop>
      <set picurl="https://fftcg.cdn.sewest.net/images/cards/full/13-112L_eg.jpg">Opus XIII</set>
      <tablerow>2</tablerow>
    </card>
    <card>
      <name>Gudon (13-113R)</name>
      <text>Bravura
  Las Invocaciones o habilidades de tu oponente no pueden poner en dull a Gudon.
  Gudon puede atacar dos veces en el mismo turno.</text>
      <prop>
        <type>Forward - FFBE - Member of the Orders</type>
        <manacost>4</manacost>
        <colors>Wind, Earth</colors>
        <pt>9000</pt>
      </prop>
      <set picurl="https://fftcg.cdn.sewest.net/images/cards/full/13-113R_eg.jpg">Opus XIII</set>
      <tablerow>2</tablerow>
    </card>
    <card>
      <name>Kunshira (13-114H)</name>
      <text>Prisa
  Si controlas 4 o más Apoyos, Kunshira pierde 3000 de poder.
  Esgrimago tempestuoso (S)(Wind)(Lightning): Activa Kunshira. Hasta el final del turno, todos los Delanteros controlados por tu oponente pierden 4000 de poder y Kunshira gana Iniciativa y "Kunshira puede atacar una vez más este turno."</text>
      <prop>
        <type>Forward - FFBE - Warrior</type>
        <manacost>2</manacost>
        <colors>Wind, Lightning</colors>
        <pt>9000</pt>
      </prop>
      <set picurl="https://fftcg.cdn.sewest.net/images/cards/full/13-114H_eg.jpg">Opus XIII</set>
      <tablerow>2</tablerow>
    </card>
    <card>
      <name>Golbez (13-115L)</name>
      <text>[EX BURST] Cuando Golbez entra al terreno de juego, puedes buscar 1 carta de coste 2 y añadirla a tu mano.
  Daños 6 -- Cuando Golbez entra al terreno de juego, puedes buscar hasta 3 cartas de coste 2 y añadirlas a tu mano. Después, puedes jugar de tu mano al terreno de juego tantas Oficio Archidiablo como quieras.</text>
      <prop>
        <type>Forward - LOV · IV - Warlock</type>
        <manacost>5</manacost>
        <colors>Wind, Lightning</colors>
        <pt>9000</pt>
      </prop>
      <set picurl="https://fftcg.cdn.sewest.net/images/cards/full/13-115L_eg.jpg">Opus XIII</set>
      <tablerow>2</tablerow>
    </card>
    <card>
      <name>Lightning (13-116C)</name>
      <text>Cuando Lightning entra al terreno de juego, selecciona 1 de las siguientes 2 acciones.
  "Busca 1 Nombre de la carta Odín y añádela a tu mano."
  "Lightning gana Prisa hasta el final del turno."</text>
      <prop>
        <type>Forward - XIII - Savior</type>
        <manacost>2</manacost>
        <colors>Wind, Lightning</colors>
        <pt>5000</pt>
      </prop>
      <set picurl="https://fftcg.cdn.sewest.net/images/cards/full/13-116C_eg.jpg">Opus XIII</set>
      <tablerow>2</tablerow>
    </card>
    <card>
      <name>Wol (13-117R)</name>
      <text>Los Delanteros Categoría MOBIUS que controlas que no sean Wol ganan +2000 de poder.
  Cuando Wol inflige daño a tu oponente, elige 1 personaje Categoría MOBIUS de tu Break Zone. Añádelo a tu mano.</text>
      <prop>
        <type>Forward - MOBIUS - Warrior</type>
        <manacost>2</manacost>
        <colors>Earth, Lightning</colors>
        <pt>7000</pt>
      </prop>
      <set picurl="https://fftcg.cdn.sewest.net/images/cards/full/13-117R_eg.jpg">Opus XIII</set>
      <tablerow>2</tablerow>
    </card>
    <card>
      <name>Sarah (MOBIUS) (13-118C)</name>
      <text>Cuando Sarah (MOBIUS) entra al terreno de juego, selecciona 1 de las siguientes 2 acciones.
  "Elige 1 Delantero que controlas y 1 Delantero controlado por tu oponente. Cada Delantero inflige al otro daño equivalente a su poder."
  "Coge 1 carta."</text>
      <prop>
        <type>Forward - MOBIUS - Princess</type>
        <manacost>2</manacost>
        <colors>Earth, Water</colors>
        <pt>5000</pt>
      </prop>
      <set picurl="https://fftcg.cdn.sewest.net/images/cards/full/13-118C_eg.jpg">Opus XIII</set>
      <tablerow>2</tablerow>
    </card>
    <card>
      <name>Sophie (13-119L)</name>
      <text>Por cada Delantero Tierra que controlas que no sea Sophie, Sophie gana +2000 de poder.
  Por cada Delantero Agua que controlas que no sea Sophie, Sophie gana +2000 de poder.
  Al final de cada uno de tus turnos, si Sophie tiene 10000 o más de poder, coge 1 carta y Sophie le inflige 1 punto de daño a tu oponente.</text>
      <prop>
        <type>Forward - MOBIUS - Monk</type>
        <manacost>2</manacost>
        <colors>Earth, Water</colors>
        <pt>4000</pt>
      </prop>
      <set picurl="https://fftcg.cdn.sewest.net/images/cards/full/13-119L_eg.jpg">Opus XIII</set>
      <tablerow>2</tablerow>
    </card>
    <card>
      <name>Doga (13-120H)</name>
      <text>Por cada 3 Invocaciones en tu Break Zone, Doga gana +1000 de poder.
  Cuando Doga entra al terreno de juego, coge 1 carta por cada Invocación descartada para lanzar Doga.
  Cuando Doga ataca, si tienes 9 o más Invocaciones en tu Break Zone, puedes lanzar 1 Invocación de tu mano sin pagar su coste.</text>
      <prop>
        <type>Forward - III - Magus</type>
        <manacost>6</manacost>
        <colors>Earth, Water</colors>
        <pt>7000</pt>
      </prop>
      <set picurl="https://fftcg.cdn.sewest.net/images/cards/full/13-120H_eg.jpg">Opus XIII</set>
      <tablerow>2</tablerow>
    </card>
    <card>
      <name>Ramza (13-121R)</name>
      <text>Si controlas 5 o más personajes Categoría FFT, el coste requerido para lanzar Ramza se reduce en 3.
  Cuando Ramza entra al terreno de juego, elige 2 Delanteros controlados por tu oponente. Tu oponente pone uno de los Delanteros elegidos en la Break Zone y devuelve el resto a la mano de su propietario.</text>
      <prop>
        <type>Forward - DFF · FFT - Knight</type>
        <manacost>7</manacost>
        <colors>Lightning, Water</colors>
        <pt>9000</pt>
      </prop>
      <set picurl="https://fftcg.cdn.sewest.net/images/cards/full/13-121R_eg.jpg">Opus XIII</set>
      <tablerow>2</tablerow>
    </card>
    <card>
      <name>Aldore Emperor (13-122H)</name>
      <text>Cuando Emperador de Aldore entra al terreno de juego, selecciona 1 de las siguientes 3 acciones. Si has recibido 5 o más puntos de daño, selecciona hasta 2 de las siguientes 3 acciones en su lugar.
  "Elige 1 Delantero. Inflígele 7000 puntos de daño."
  "Elige 1 Delantero de coste 3 o menos. Rómpelo."
  "Elige 1 Delantero activo. Inflígele 8000 puntos de daño."</text>
      <prop>
        <type>Forward - FFBE - Emperor</type>
        <manacost>5</manacost>
        <colors>Lightning, Fire</colors>
        <pt>9000</pt>
      </prop>
      <set picurl="https://fftcg.cdn.sewest.net/images/cards/full/13-122H_eg.jpg">Opus XIII</set>
      <tablerow>2</tablerow>
    </card>
    <card>
      <name>Nine (13-123L)</name>
      <text>Puedes poner en dull 1 Delantero Fuego activo Oficio Clase Cero y 1 Delantero Rayo activo Oficio Clase Cero (en lugar de pagar su coste con CP) para lanzar Nine.
  Cuando Nine entra al terreno de juego o ataca, elige 1 Delantero controlado por tu oponente. Este pierde 2000 de poder por cada Oficio Clase Cero que controlas.</text>
      <prop>
        <type>Forward - TYPE-0 - Class Zero Cadet</type>
        <manacost>6</manacost>
        <colors>Lightning, Fire</colors>
        <pt>9000</pt>
      </prop>
      <set picurl="https://fftcg.cdn.sewest.net/images/cards/full/13-123L_eg.jpg">Opus XIII</set>
      <tablerow>2</tablerow>
    </card>
    <card>
      <name>Noel (13-124C)</name>
      <text>Cuando Noel entra al terreno de juego, selecciona 1 de las siguientes 2 acciones.
  "Elige 1 Delantero que controlas que no sea Noel. Hasta el final del turno, este gana +2000 de poder y Prisa."
  "Elige hasta 2 Delanteros. Inflígeles 2000 puntos de daño y ponlos en dull."</text>
      <prop>
        <type>Forward - XIII - Shadow Hunter</type>
        <manacost>2</manacost>
        <colors>Lightning, Fire</colors>
        <pt>5000</pt>
      </prop>
      <set picurl="https://fftcg.cdn.sewest.net/images/cards/full/13-124C_eg.jpg">Opus XIII</set>
      <tablerow>2</tablerow>
    </card>
    <card>
      <name>Yuzuki (13-125R)</name>
      <text>Si un Delantero Fuego que controlas recibe daño de las habilidades de tu oponente, el daño se vuelve 0 en su lugar.
  Si un Delantero Agua que controlas recibe daño, el daño se reduce en 2000 en su lugar.</text>
      <prop>
        <type>Forward - TYPE-0 - Warrior</type>
        <manacost>3</manacost>
        <colors>Water, Fire</colors>
        <pt>7000</pt>
      </prop>
      <set picurl="https://fftcg.cdn.sewest.net/images/cards/full/13-125R_eg.jpg">Opus XIII</set>
      <tablerow>2</tablerow>
    </card>
    <card>
      <name>Ultimecia (13-126C)</name>
      <text>Cuando Artemisa entra al terreno de juego, selecciona 1 de las siguientes 2 acciones.
  "Tu oponente descarta 1 carta de su mano."
  "Elige 1 personaje que controlas. Devuélvelo a la mano de su propietario."</text>
      <prop>
        <type>Forward - DFF · VIII - Witch</type>
        <manacost>2</manacost>
        <colors>Water, Ice</colors>
        <pt>5000</pt>
      </prop>
      <set picurl="https://fftcg.cdn.sewest.net/images/cards/full/13-126C_eg.jpg">Opus XIII</set>
      <tablerow>2</tablerow>
    </card>
    <card>
      <name>Chime (13-127H)</name>
      <text>Cuando Chime entra al terreno de juego, elige 2 Delanteros controlados por tu oponente. Devuelve el primer Delantero a la mano de su propietario y pon en dull y congela el segundo.</text>
      <prop>
        <type>Forward - FFCC - Minister</type>
        <manacost>4</manacost>
        <colors>Water, Ice</colors>
        <pt>8000</pt>
      </prop>
      <set picurl="https://fftcg.cdn.sewest.net/images/cards/full/13-127H_eg.jpg">Opus XIII</set>
      <tablerow>2</tablerow>
    </card>
    <card>
      <name>Celestia (13-128L)</name>
      <text>Las Invocaciones o habilidades de tu oponente que no infligen daño no pueden romper los personajes Agua que controlas.
  Cuando un personaje Frío que controlas es objetivo de una Invocación o habilidad de tu oponente, elige hasta 1 personaje. Ponlo en dull y congélalo.</text>
      <prop>
        <type>Forward - TYPE-0 - Warrior</type>
        <manacost>4</manacost>
        <colors>Water, Ice</colors>
        <pt>9000</pt>
      </prop>
      <set picurl="https://fftcg.cdn.sewest.net/images/cards/full/13-128L_eg.jpg">Opus XIII</set>
      <tablerow>2</tablerow>
    </card>
    <card>
      <name>Philia (13-129S)</name>
      <text>Si Philia recibe daño de una habilidad, el daño se vuelve 0 en su lugar.
Cuando Philia entra al terreno de juego, inflige 10000 puntos de daño a todos los Delanteros. Philia te inflige 1 punto de daño.</text>
      <prop>
        <type>Forward - XIV - Lightwarden</type>
        <manacost>8</manacost>
        <colors>Fire</colors>
        <pt>10000</pt>
      </prop>
      <set picurl="https://fftcg.cdn.sewest.net/images/cards/full/13-129S_eg.jpg">Opus XIII</set>
      <tablerow>2</tablerow>
    </card>
    <card>
      <name>Ran'jit (13-130S)</name>
      <text>El coste requerido para lanzar Ran'jit se reduce en 1 por cada Apoyo que controlas.
Cuando Ran'jit entra al terreno de juego, elige 1 Delantero controlado por tu oponente. Inflígele 8000 puntos de daño.</text>
      <prop>
        <type>Forward - XIV - Captain</type>
        <manacost>8</manacost>
        <colors>Fire</colors>
        <pt>8000</pt>
      </prop>
      <set picurl="https://fftcg.cdn.sewest.net/images/cards/full/13-130S_eg.jpg">Opus XIII</set>
      <tablerow>2</tablerow>
    </card>
    <card>
      <name>Emet-Selch (13-131S)</name>
      <text>Cuando Emet-Selch entra al terreno de juego, puedes pagar (4). Si lo haces, busca 1 Apoyo Frío de coste 4 o menos y juégalo al terreno de juego.</text>
      <prop>
        <type>Forward - XIV - Ascian</type>
        <manacost>3</manacost>
        <colors>Ice</colors>
        <pt>7000</pt>
      </prop>
      <set picurl="https://fftcg.cdn.sewest.net/images/cards/full/13-131S_eg.jpg">Opus XIII</set>
      <tablerow>2</tablerow>
    </card>
    <card>
      <name>Titania (13-132S)</name>
      <text>Solo puedes lanzar Titania si tienes un Delantero, un Apoyo, un Monstruo y una Invocación en tu Break Zone (antes de pagar el coste de Titania).
Cuando Titania entra al terreno de juego, elige hasta 2 personajes controlados por tu oponente. Ponlos en dull y congélalos.</text>
      <prop>
        <type>Forward - XIV - Pixie King</type>
        <manacost>2</manacost>
        <colors>Ice</colors>
        <pt>8000</pt>
      </prop>
      <set picurl="https://fftcg.cdn.sewest.net/images/cards/full/13-132S_eg.jpg">Opus XIII</set>
      <tablerow>2</tablerow>
    </card>
    <card>
      <name>The Crystal Exarch (13-133S)</name>
      <text>Al principio de la Attack Phase durante los turnos de cada jugador, elige 1 Delantero. Este gana +2000 de poder hasta el final del turno.
Daños 5 -- El exarca del cristal gana "Cuando El exarca del cristal ataca, elige 1 Delantero. Si su poder es inferior al de El exarca de cristal, rómpelo".
</text>
      <prop>
        <type>Forward - XIV - Leader of the Crystarium</type>
        <manacost>3</manacost>
        <colors>Earth</colors>
        <pt>7000</pt>
      </prop>
      <set picurl="https://fftcg.cdn.sewest.net/images/cards/full/13-133S_eg.jpg">Opus XIII</set>
      <tablerow>2</tablerow>
    </card>
    <card>
      <name>Y'shtola (13-134S)</name>
      <text>Y'shtola no puede ser objetivo de las Invocaciones de tu oponente.
Cuando Y'shtola entra al terreno de juego, elige 1 Delantero de tu Break Zone. Si su coste es igual o inferior al número de Oficio Totema del Séptimo Amanecer que controlas, juégalo al terreno de juego.</text>
      <prop>
        <type>Forward - XIV - Scion of the Seventh Dawn</type>
        <manacost>6</manacost>
        <colors>Earth</colors>
        <pt>8000</pt>
      </prop>
      <set picurl="https://fftcg.cdn.sewest.net/images/cards/full/13-134S_eg.jpg">Opus XIII</set>
      <tablerow>2</tablerow>
    </card>
    <card>
      <name>Urianger (13-135S)</name>
      <text>[EX BURST] Cuando Urianger entra al terreno de juego, revela las 2 cartas de la parte superior de tu mazo. Añade 1 personaje Categoría XIV de entre ellas a tu mano y pon el resto en la parte inferior de tu mazo en el orden que quieras.</text>
      <prop>
        <type>Forward - XIV - Scion of the Seventh Dawn</type>
        <manacost>2</manacost>
        <colors>Lightning</colors>
        <pt>5000</pt>
      </prop>
      <set picurl="https://fftcg.cdn.sewest.net/images/cards/full/13-135S_eg.jpg">Opus XIII</set>
      <tablerow>2</tablerow>
    </card>
    <card>
      <name>Thancred (13-136S)</name>
      <text>Cuando una Oficio Totema del Séptimo Amanecer que no sea Thancred entra a tu terreno de juego, hasta el final del turno, Thancred gana +2000 de poder, Prisa y Bravura.
Guillotina cósmica (S)(Dull): Elige 1 Delantero. Inflígele daño equivalente al poder de Thancred.</text>
      <prop>
        <type>Forward - XIV - Scion of the Seventh Dawn</type>
        <manacost>4</manacost>
        <colors>Lightning</colors>
        <pt>8000</pt>
      </prop>
      <set picurl="https://fftcg.cdn.sewest.net/images/cards/full/13-136S_eg.jpg">Opus XIII</set>
      <tablerow>2</tablerow>
    </card>
    <card>
      <name>Innocence (13-137S)</name>
      <text>Bravura
Si tienes una Nombre de la carta Inocencia en tu Break Zone, Inocencia gana "(Fire)(Dull): Elige 1 Delantero. Inflígele 10000 puntos de daño." y "(Ice)(Dull): Tu oponente descarta 2 cartas de su mano. Solo puedes usar esta habilidad durante tu turno y solo una vez por turno."</text>
      <prop>
        <type>Forward - XIV - Lightwarden</type>
        <manacost>4</manacost>
        <colors>Light</colors>
        <pt>9000</pt>
      </prop>
      <set picurl="https://fftcg.cdn.sewest.net/images/cards/full/13-137S_eg.jpg">Opus XIII</set>
      <tablerow>2</tablerow>
    </card>
    <card>
      <name>The Oracle of Light (13-138S)</name>
      <text>Los DelanterosOficio Totema del Séptimo Amanecer que controlas ganan +2000 de poder.
Cuando El oráculo de la luz pasa del terreno de juego a la Break Zone, puedes retirar del juego El oráculo de la luz. Cuando lo haces, elige 1 Oficio Totema del Séptimo Amanecer de tu Break Zone. Juégala al terreno de juego en dull.</text>
      <prop>
        <type>Forward - XIV - Oracle of Light</type>
        <manacost>3</manacost>
        <colors>Light</colors>
        <pt>5000</pt>
      </prop>
      <set picurl="https://fftcg.cdn.sewest.net/images/cards/full/13-138S_eg.jpg">Opus XIII</set>
      <tablerow>2</tablerow>
    </card>
  </cards>
</cockatrice_carddatabase>