<?xml version="1.0" encoding="UTF-8"?>
<cockatrice_carddatabase version="4">
  <sets>
    <set>
      <name>Opus XII</name>
      <longname>Opus XII</longname>
      <settype>Custom</settype>
      <releasedate></releasedate>
    </set>
  </sets>
  <cards>
    <card>
      <name>Aigis (12-001R)</name>
      <text>Los Delanteros Oficio Guerrero de la Luz que controlas pueden formar un equipo con Delanteros Oficio Guerrero de la Luz de cualquier elemento.
  Cuando Aigis entra al terreno de juego, puedes jugar 1 Oficio Guerrero de la Luz de coste 4 o menos de tu mano al terreno de juego.</text>
      <prop>
        <type>Forward - FFL - Warrior of Light</type>
        <manacost>5</manacost>
        <colors>Fire</colors>
        <pt>9000</pt>
      </prop>
      <set picurl="https://fftcg.cdn.sewest.net/images/cards/full/12-001R_eg.jpg">Opus XII</set>
      <tablerow>2</tablerow>
    </card>
    <card>
      <name>Amaterasu (12-002H)</name>
      <text>Elige 1 habilidad de apoyo. Cancela su efecto. Si la habilidad de apoyo cancelada pertenecía a un Delantero, inflígele a ese Delantero 8000 puntos de daño.</text>
      <prop>
        <type>Summon - FFEX</type>
        <manacost>3</manacost>
        <colors>Fire</colors>
        <pt>0</pt>
      </prop>
      <set picurl="https://fftcg.cdn.sewest.net/images/cards/full/12-002H_eg.jpg">Opus XII</set>
      <tablerow>3</tablerow>
    </card>
    <card>
      <name>Alisaie (12-003R)</name>
      <text>Cuando Alisaie entra al terreno de juego, selecciona 1 de las siguientes 2 acciones.
  "Juega 1 Nombre de la carta Alphinaud de tu mano al terreno de juego."
  "Busca 1 Nombre de la carta Alphinaud y añádela a tu mano."</text>
      <prop>
        <type>Forward - XIV - Scion of the Seventh Dawn</type>
        <manacost>3</manacost>
        <colors>Fire</colors>
        <pt>7000</pt>
      </prop>
      <set picurl="https://fftcg.cdn.sewest.net/images/cards/full/12-003R_eg.jpg">Opus XII</set>
      <tablerow>2</tablerow>
    </card>
    <card>
      <name>Alphinaud (12-004R)</name>
      <text>Cuando Alphinaud entra al terreno de juego a causa de tus Invocaciones o habilidades, puedes buscar 1 personaje y añadirlo a tu mano.</text>
      <prop>
        <type>Forward - XIV - Scion of the Seventh Dawn</type>
        <manacost>3</manacost>
        <colors>Fire</colors>
        <pt>7000</pt>
      </prop>
      <set picurl="https://fftcg.cdn.sewest.net/images/cards/full/12-004R_eg.jpg">Opus XII</set>
      <tablerow>2</tablerow>
    </card>
    <card>
      <name>Ifrit (12-005C)</name>
      <text>[EX BURST] Elige 1 Delantero. Inflígele 9000 puntos de daño.</text>
      <prop>
        <type>Summon - FFEX</type>
        <manacost>5</manacost>
        <colors>Fire</colors>
        <pt>0</pt>
      </prop>
      <set picurl="https://fftcg.cdn.sewest.net/images/cards/full/12-005C_eg.jpg">Opus XII</set>
      <tablerow>3</tablerow>
    </card>
    <card>
      <name>Ogre (12-006C)</name>
      <text>Cuando Ogro entra al terreno de juego, selecciona 1 de las siguientes 2 acciones.
  "Ogro también pasa a ser un Delantero con 8000 de poder." (Este efecto no termina al final del turno.)
  "Pon Ogro en la Break Zone. Cuando lo haces, elige 1 Delantero. Inflígele 8000 puntos de daño."</text>
      <prop>
        <type>Monster - IX - Ogre</type>
        <manacost>4</manacost>
        <colors>Fire</colors>
        <pt>8000</pt>
      </prop>
      <set picurl="https://fftcg.cdn.sewest.net/images/cards/full/12-006C_eg.jpg">Opus XII</set>
      <tablerow>1</tablerow>
    </card>
    <card>
      <name>Black Mage (12-007C)</name>
      <text>(Fire)(Dull), pon Mago negro en la Break Zone: Elige 1 Delantero. Inflígele 5000 puntos de daño.</text>
      <prop>
        <type>Backup - XIV - Standard Unit</type>
        <manacost>2</manacost>
        <colors>Fire</colors>
        <pt>0</pt>
      </prop>
      <set picurl="https://fftcg.cdn.sewest.net/images/cards/full/12-007C_eg.jpg">Opus XII</set>
      <tablerow>0</tablerow>
    </card>
    <card>
      <name>Princess Goblin (12-008R)</name>
      <text>Cuando Princesa duende entra al terreno de juego, puedes buscar 1 Delantero Luz y añadirlo a tu mano.
  Cuando un Delantero Luz entra a tu terreno de juego, pon Princesa duende en la Break Zone.</text>
      <prop>
        <type>Backup - WOFF - Goblin</type>
        <manacost>2</manacost>
        <colors>Fire</colors>
        <pt>0</pt>
      </prop>
      <set picurl="https://fftcg.cdn.sewest.net/images/cards/full/12-008R_eg.jpg">Opus XII</set>
      <tablerow>0</tablerow>
    </card>
    <card>
      <name>Samurai (12-009C)</name>
      <text>(Fire)(Fire)(Fire)(Dull), pon Samurái en la Break Zone: Elige 1 Delantero. Inflígele 8000 puntos de daño. Solo puedes usar esta habilidad si controlas 3 o más Oficio Samurái o Nombre de la carta Samurái.</text>
      <prop>
        <type>Backup - XIV - Standard Unit</type>
        <manacost>2</manacost>
        <colors>Fire</colors>
        <pt>0</pt>
      </prop>
      <set picurl="https://fftcg.cdn.sewest.net/images/cards/full/12-009C_eg.jpg">Opus XII</set>
      <tablerow>0</tablerow>
    </card>
    <card>
      <name>Warrior (12-010C)</name>
      <text>Cuando Guerrero entra al terreno de juego, puedes poner en dull tantos Apoyos activos que controlas como quieras. Cuando lo haces, elige 1 Delantero. Inflígele 3000 puntos de daño por cada Apoyo puesto en dull a causa de esta habilidad.</text>
      <prop>
        <type>Forward - XIV - Standard Unit</type>
        <manacost>3</manacost>
        <colors>Fire</colors>
        <pt>7000</pt>
      </prop>
      <set picurl="https://fftcg.cdn.sewest.net/images/cards/full/12-010C_eg.jpg">Opus XII</set>
      <tablerow>2</tablerow>
    </card>
    <card>
      <name>Sol (12-011C)</name>
      <text>Si controlas un Delantero Oficio Guerrero de la Luz que no sea Sol, Sol gana Prisa.
  Cuando Sol forma un equipo y ataca, puedes buscar 1 Oficio Guerrero de la Luz de coste 2 o más y añadirla a tu mano.</text>
      <prop>
        <type>Forward - FFL - Warrior of Light</type>
        <manacost>1</manacost>
        <colors>Fire</colors>
        <pt>2000</pt>
      </prop>
      <set picurl="https://fftcg.cdn.sewest.net/images/cards/full/12-011C_eg.jpg">Opus XII</set>
      <tablerow>2</tablerow>
    </card>
    <card>
      <name>Tenzen (12-012L)</name>
      <text>Bravura
  Al final de cada uno de tus turnos, revela las 5 cartas de la parte superior de tu mazo. Añade 1 Oficio Samurái o Nombre de la carta Samurái de entre ellas a tu mano y pon el resto en la parte inferior de tu mazo en el orden que quieras.
  Cuando Tenzen abandona el terreno de juego, elige 1 Oficio Samurái o Nombre de la carta Samurái de coste 3 o menos de tu Break Zone. Añádela a tu mano.</text>
      <prop>
        <type>Forward - XI - Samurai</type>
        <manacost>6</manacost>
        <colors>Fire</colors>
        <pt>9000</pt>
      </prop>
      <set picurl="https://fftcg.cdn.sewest.net/images/cards/full/12-012L_eg.jpg">Opus XII</set>
      <tablerow>2</tablerow>
    </card>
    <card>
      <name>Ninja (12-013C)</name>
      <text>Cuando Ninja entra al terreno de juego, elige 1 Delantero. Hasta el final del turno, este gana "Cuando este Delantero ataca, elige 1 Delantero. Inflígele 5000 puntos de daño."</text>
      <prop>
        <type>Backup - Special - Standard Unit</type>
        <manacost>2</manacost>
        <colors>Fire</colors>
        <pt>0</pt>
      </prop>
      <set picurl="https://fftcg.cdn.sewest.net/images/cards/full/12-013C_eg.jpg">Opus XII</set>
      <tablerow>0</tablerow>
    </card>
    <card>
      <name>Bahamut (12-014R)</name>
      <text>Si tienes 3 o más Invocaciones Fuego en tu Break Zone, Bahamut gana +2000 de poder y si tienes 7 o más, Bahamut también gana "Cuando Bahamut ataca, inflige 5000 puntos de daño a todos los Delanteros controlados por tu oponente."
  Onda letal (S)(Fire): Inflige 4000 puntos de daño a todos los Delanteros controlados por tu oponente.
  Megafulgor (S)(Dull): Elige 1 Delantero. Inflígele 9000 puntos de daño.</text>
      <prop>
        <type>Forward - X - Bahamut</type>
        <manacost>3</manacost>
        <colors>Fire</colors>
        <pt>7000</pt>
      </prop>
      <set picurl="https://fftcg.cdn.sewest.net/images/cards/full/12-014R_eg.jpg">Opus XII</set>
      <tablerow>2</tablerow>
    </card>
    <card>
      <name>Forza (12-015H)</name>
      <text>No puedes lanzar Forza.
  Cuando Forza entra al terreno de juego, elige 1 Delantero controlado por tu oponente. Inflígele 7000 puntos de daño.</text>
      <prop>
        <type>Forward - V - Fighter</type>
        <manacost>3</manacost>
        <colors>Fire</colors>
        <pt>9000</pt>
      </prop>
      <set picurl="https://fftcg.cdn.sewest.net/images/cards/full/12-015H_eg.jpg">Opus XII</set>
      <tablerow>2</tablerow>
    </card>
    <card>
      <name>Blaze (12-016C)</name>
      <text>[EX BURST] Cuando Blaze entra al terreno de juego, elige hasta 2 Delanteros. Inflígeles 5000 puntos de daño.
  (Dull), pon Blaze en la Break Zone: Elige 1 Delantero. Inflígele 7000 puntos de daño.</text>
      <prop>
        <type>Backup - FFCC - Crystal Bearer</type>
        <manacost>4</manacost>
        <colors>Fire</colors>
        <pt>0</pt>
      </prop>
      <set picurl="https://fftcg.cdn.sewest.net/images/cards/full/12-016C_eg.jpg">Opus XII</set>
      <tablerow>0</tablerow>
    </card>
    <card>
      <name>Magissa (12-017H)</name>
      <text>(0): Busca 1 Delantero Fuego de coste 3 y juégalo al terreno de juego. Solo puedes usar esta habilidad si Magissa ha recibido 4000 o más puntos de daño y solo una vez por turno.</text>
      <prop>
        <type>Forward - V - Beastmaster</type>
        <manacost>4</manacost>
        <colors>Fire</colors>
        <pt>8000</pt>
      </prop>
      <set picurl="https://fftcg.cdn.sewest.net/images/cards/full/12-017H_eg.jpg">Opus XII</set>
      <tablerow>2</tablerow>
    </card>
    <card>
      <name>Lani (12-018H)</name>
      <text>Cuando Lani entra al terreno de juego, tu oponente retira del juego la carta superior de su mazo boca abajo. Tú puedes mirarla y/o lanzarla en cualquier momento en el que normalmente sería posible lanzarla como si te perteneciera. El coste requerido para lanzarla se reduce en 2 y puede pagarse con CP de cualquier elemento.</text>
      <prop>
        <type>Forward - IX - Headhunter</type>
        <manacost>4</manacost>
        <colors>Fire</colors>
        <pt>7000</pt>
      </prop>
      <set picurl="https://fftcg.cdn.sewest.net/images/cards/full/12-018H_eg.jpg">Opus XII</set>
      <tablerow>2</tablerow>
    </card>
    <card>
      <name>Amidatelion (12-019R)</name>
      <text>(Ice)(Ice)(1)(Dull): Retira del juego la carta superior de tu mazo. Si el coste de la carta es 4 o menos, puedes lanzarla sin pagar su coste este turno.</text>
      <prop>
        <type>Backup - FFCC - Crystal Bearer</type>
        <manacost>2</manacost>
        <colors>Ice</colors>
        <pt>0</pt>
      </prop>
      <set picurl="https://fftcg.cdn.sewest.net/images/cards/full/12-019R_eg.jpg">Opus XII</set>
      <tablerow>0</tablerow>
    </card>
    <card>
      <name>Ulmia (12-020R)</name>
      <text>Los Delanteros Frío que controlas que no sean Ulmia ganan +1000 de poder.
  Daños 3 -- (Dull): Elige 1 Delantero Frío. Este gana +2000 de poder hasta el final del turno.
  Daños 5 -- (Dull): Elige 1 Delantero Frío. Hasta el final del turno, este gana +2000 de poder, Prisa, Iniciativa y Bravura.</text>
      <prop>
        <type>Forward - XI - Bard</type>
        <manacost>2</manacost>
        <colors>Ice</colors>
        <pt>5000</pt>
      </prop>
      <set picurl="https://fftcg.cdn.sewest.net/images/cards/full/12-020R_eg.jpg">Opus XII</set>
      <tablerow>2</tablerow>
    </card>
    <card>
      <name>Necron (12-021R)</name>
      <text>Puedes jugar 2 o más personajes Oscuridad al terreno de juego.
  Cuando Tiniebla Eterna entra al terreno de juego, elige 1 personaje que controlas que no sea Tiniebla Eterna. Su elemento pasa a ser Oscuridad. (Este efecto no termina al final del turno.)
  Al final de cada uno de tus turnos, si controlas 3 o más personajes Oscuridad, Tiniebla Eterna le inflige 1 punto de daño a tu oponente.</text>
      <prop>
        <type>Forward - THEATRHYTHM · IX - Necron</type>
        <manacost>5</manacost>
        <colors>Ice</colors>
        <pt>9000</pt>
      </prop>
      <set picurl="https://fftcg.cdn.sewest.net/images/cards/full/12-021R_eg.jpg">Opus XII</set>
      <tablerow>2</tablerow>
    </card>
    <card>
      <name>Esha'ntarl (12-022H)</name>
      <text>(Dull), devuelve Esha'ntarl a la mano de su propietario: Juega 1 Delantero de coste 7 o menos que no sea Nombre de la carta Esha'ntarl de tu mano al terreno de juego. Solo puedes usar esta habilidad durante tu turno.</text>
      <prop>
        <type>Forward - XI - Member of the Armathrwn Society</type>
        <manacost>4</manacost>
        <colors>Ice</colors>
        <pt>8000</pt>
      </prop>
      <set picurl="https://fftcg.cdn.sewest.net/images/cards/full/12-022H_eg.jpg">Opus XII</set>
      <tablerow>2</tablerow>
    </card>
    <card>
      <name>Eduardo (12-023H)</name>
      <text>Cuando Eduardo entra al terreno de juego, pon en dull todos los personajes controlados por tu oponente.
  Endecha endémica (S)(Ice)(Ice)(Ice)(Ice)(Ice): Rompe todos los Apoyos en dull.</text>
      <prop>
        <type>Backup - FFL - Bard</type>
        <manacost>4</manacost>
        <colors>Ice</colors>
        <pt>0</pt>
      </prop>
      <set picurl="https://fftcg.cdn.sewest.net/images/cards/full/12-023H_eg.jpg">Opus XII</set>
      <tablerow>0</tablerow>
    </card>
    <card>
      <name>Emet-Selch (12-024H)</name>
      <text>Cuando Emet-Selch es objetivo de las Invocaciones o habilidades de tu oponente, retira Emet-Selch del juego. Si lo haces, juega Emet-Selch al terreno de juego al final del turno.
  Daños 5 -- Cuando Emet-Selch entra al terreno de juego, puedes pagar (Ice). Cuando lo haces, selecciona 1 de las siguientes 2 acciones. "Elige 1 Delantero en dull. Rómpelo." "Elige 1 Delantero de coste 2 o menos de tu Break Zone. Juégalo al terreno de juego."</text>
      <prop>
        <type>Forward - XIV - Ascian</type>
        <manacost>4</manacost>
        <colors>Ice</colors>
        <pt>9000</pt>
      </prop>
      <set picurl="https://fftcg.cdn.sewest.net/images/cards/full/12-024H_eg.jpg">Opus XII</set>
      <tablerow>2</tablerow>
    </card>
    <card>
      <name>Carbuncle (12-025H)</name>
      <text>Selecciona 1 de las siguientes 3 acciones. Si tu oponente tiene 2 cartas o menos en su mano, selecciona hasta 2 de las siguientes 3 acciones en su lugar.
  "Elige 1 Delantero. Ponlo en dull."
  "Elige 1 Delantero Frío. Este gana +2000 de poder hasta el final del turno."
  "Elige hasta 2 personajes controlados por tu oponente. Congélalos."</text>
      <prop>
        <type>Summon - IX</type>
        <manacost>2</manacost>
        <colors>Ice</colors>
        <pt>0</pt>
      </prop>
      <set picurl="https://fftcg.cdn.sewest.net/images/cards/full/12-025H_eg.jpg">Opus XII</set>
      <tablerow>3</tablerow>
    </card>
    <card>
      <name>Scholar (12-026C)</name>
      <text>(Dull): Elige 1 Delantero. Hasta el final del turno, este pierde Prisa, Iniciativa y Bravura.</text>
      <prop>
        <type>Backup - XIV - Standard Unit</type>
        <manacost>2</manacost>
        <colors>Ice</colors>
        <pt>0</pt>
      </prop>
      <set picurl="https://fftcg.cdn.sewest.net/images/cards/full/12-026C_eg.jpg">Opus XII</set>
      <tablerow>0</tablerow>
    </card>
    <card>
      <name>Gunbreaker (12-027C)</name>
      <text>Cuando Gunbreaker forma un equipo y ataca, tu oponente descarta 1 carta de su mano.</text>
      <prop>
        <type>Forward - XIV - Standard Unit</type>
        <manacost>4</manacost>
        <colors>Ice</colors>
        <pt>8000</pt>
      </prop>
      <set picurl="https://fftcg.cdn.sewest.net/images/cards/full/12-027C_eg.jpg">Opus XII</set>
      <tablerow>2</tablerow>
    </card>
    <card>
      <name>Bard (12-028C)</name>
      <text>Cuando tu oponente descarta una carta de su mano a causa de tus Invocaciones o habilidades, puedes poner Bardo en la Break Zone. Cuando lo haces, coge 2 cartas.</text>
      <prop>
        <type>Backup - XIV - Standard Unit</type>
        <manacost>3</manacost>
        <colors>Ice</colors>
        <pt>0</pt>
      </prop>
      <set picurl="https://fftcg.cdn.sewest.net/images/cards/full/12-028C_eg.jpg">Opus XII</set>
      <tablerow>0</tablerow>
    </card>
    <card>
      <name>The Emperor (12-029L)</name>
      <text>Cuando El Emperador entra al terreno de juego, si tienes 2 o más Nombre de la carta El Emperador en tu Break Zone, tu oponente descarta 1 carta de su mano.
  Cuando El Emperador pasa del terreno de juego a la Break Zone, puedes buscar 1 Nombre de la carta El Emperador y ponerla en la Break Zone. Si lo haces, juega El Emperador de tu Break Zone al terreno de juego en dull al final del turno.</text>
      <prop>
        <type>Forward - II - Emperor</type>
        <manacost>2</manacost>
        <colors>Ice</colors>
        <pt>5000</pt>
      </prop>
      <set picurl="https://fftcg.cdn.sewest.net/images/cards/full/12-029L_eg.jpg">Opus XII</set>
      <tablerow>2</tablerow>
    </card>
    <card>
      <name>Shiva (12-030C)</name>
      <text>Elige 1 Delantero en dull. Inflígele 10000 puntos de daño menos 1000 puntos de daño por cada carta que tu oponente tenga en su mano.</text>
      <prop>
        <type>Summon - FFEX</type>
        <manacost>2</manacost>
        <colors>Ice</colors>
        <pt>0</pt>
      </prop>
      <set picurl="https://fftcg.cdn.sewest.net/images/cards/full/12-030C_eg.jpg">Opus XII</set>
      <tablerow>3</tablerow>
    </card>
    <card>
      <name>Summoner (12-031C)</name>
      <text>Cuando lanzas una Invocación, puedes poner Invocador en la Break Zone. Cuando lo haces, elige 1 Delantero. Ponlo en dull y congélalo.</text>
      <prop>
        <type>Backup - XIV - Standard Unit</type>
        <manacost>2</manacost>
        <colors>Ice</colors>
        <pt>0</pt>
      </prop>
      <set picurl="https://fftcg.cdn.sewest.net/images/cards/full/12-031C_eg.jpg">Opus XII</set>
      <tablerow>0</tablerow>
    </card>
    <card>
      <name>The Crystal Exarch (12-032R)</name>
      <text>Al principio de la Main Phase 2 durante cada uno de tus turnos, puedes jugar 1 Delantero de coste igual o inferior al número de Apoyos Frío que controlas de tu mano al terreno de juego.</text>
      <prop>
        <type>Forward - XIV - Overseer</type>
        <manacost>4</manacost>
        <colors>Ice</colors>
        <pt>7000</pt>
      </prop>
      <set picurl="https://fftcg.cdn.sewest.net/images/cards/full/12-032R_eg.jpg">Opus XII</set>
      <tablerow>2</tablerow>
    </card>
    <card>
      <name>Snow (12-033R)</name>
      <text>Cuando Snow entra al terreno de juego, puedes buscar 2 Nombre de la carta Serah, cada una con un coste distinto, y añadirlas a tu mano (Snow no puede buscar 1 carta).
  Cuando Snow ataca, puedes poner en dull 1 Delantero Categoría XIII activo que controlas. Cuando lo haces, elige 1 Delantero. Ponlo en dull y congélalo.</text>
      <prop>
        <type>Forward - DFF · XIII - L'Cie</type>
        <manacost>6</manacost>
        <colors>Ice</colors>
        <pt>7000</pt>
      </prop>
      <set picurl="https://fftcg.cdn.sewest.net/images/cards/full/12-033R_eg.jpg">Opus XII</set>
      <tablerow>2</tablerow>
    </card>
    <card>
      <name>Nooj (12-034C)</name>
      <text>[EX BURST] Cuando Nooj entra al terreno de juego, elige 1 personaje controlado por tu oponente. Si tu oponente tiene 2 cartas o menos en su mano, ponlo en dull y congélalo.</text>
      <prop>
        <type>Forward - X - Mevyn</type>
        <manacost>4</manacost>
        <colors>Ice</colors>
        <pt>8000</pt>
      </prop>
      <set picurl="https://fftcg.cdn.sewest.net/images/cards/full/12-034C_eg.jpg">Opus XII</set>
      <tablerow>2</tablerow>
    </card>
    <card>
      <name>Belle (12-035C)</name>
      <text>Cuando Belle entra al terreno de juego, tu oponente revela su mano. Selecciona 1 carta de coste 4 o más de su mano. Tu oponente descarta esa carta.</text>
      <prop>
        <type>Backup - FFCC - Informant</type>
        <manacost>3</manacost>
        <colors>Ice</colors>
        <pt>0</pt>
      </prop>
      <set picurl="https://fftcg.cdn.sewest.net/images/cards/full/12-035C_eg.jpg">Opus XII</set>
      <tablerow>0</tablerow>
    </card>
    <card>
      <name>Mimic (12-036C)</name>
      <text>Cuando Mímico entra al terreno de juego, selecciona 1 de las siguientes 2 acciones.
  "Mímico también pasa a ser un Delantero con 7000 de poder." (Este efecto no termina al final del turno.)
  "Pon Mímico en la Break Zone. Cuando lo haces, elige 1 Delantero. Congélalo. Tu oponente descarta 1 carta de su mano."</text>
      <prop>
        <type>Monster - IX - Mimic</type>
        <manacost>3</manacost>
        <colors>Ice</colors>
        <pt>7000</pt>
      </prop>
      <set picurl="https://fftcg.cdn.sewest.net/images/cards/full/12-036C_eg.jpg">Opus XII</set>
      <tablerow>1</tablerow>
    </card>
    <card>
      <name>Ashe (12-037L)</name>
      <text>Si controlas 6 o más personajes, Ashe gana +2000 de poder y "Ashe no puede ser objetivo de las habilidades de tu oponente."
  Al final de cada uno de tus turnos, si has lanzado 3 o más cartas en ese turno, coge 1 carta.</text>
      <prop>
        <type>Forward - XII - Princess</type>
        <manacost>2</manacost>
        <colors>Wind</colors>
        <pt>5000</pt>
      </prop>
      <set picurl="https://fftcg.cdn.sewest.net/images/cards/full/12-037L_eg.jpg">Opus XII</set>
      <tablerow>2</tablerow>
    </card>
    <card>
      <name>Althea (12-038H)</name>
      <text>Cuando Althea entra al terreno de juego, elige 1 personaje que controlas que no sea Althea. Actívalo.
  (Dull): Elige 1 personaje que controlas que no sea Althea. Devuelve el personaje elegido y Althea a la mano de su propietario.</text>
      <prop>
        <type>Backup - FFCC - Princess</type>
        <manacost>3</manacost>
        <colors>Wind</colors>
        <pt>0</pt>
      </prop>
      <set picurl="https://fftcg.cdn.sewest.net/images/cards/full/12-038H_eg.jpg">Opus XII</set>
      <tablerow>0</tablerow>
    </card>
    <card>
      <name>Alexander (12-039C)</name>
      <text>[EX BURST] Coge 1 carta. Si has lanzado 4 o más cartas este turno, coge 2 cartas en su lugar.</text>
      <prop>
        <type>Summon - DFF</type>
        <manacost>1</manacost>
        <colors>Wind</colors>
        <pt>0</pt>
      </prop>
      <set picurl="https://fftcg.cdn.sewest.net/images/cards/full/12-039C_eg.jpg">Opus XII</set>
      <tablerow>3</tablerow>
    </card>
    <card>
      <name>Enkidu (12-040H)</name>
      <text>Cuando Enkidu entra al terreno de juego o ataca, inflige 1000 puntos de daño a todos los Delanteros controlados por tu oponente. 
  Huracán(S): Elige 1 Delantero. Inflígele daño equivalente a su poder menos 1000.</text>
      <prop>
        <type>Forward - THEATRHYTHM · V - Warrior</type>
        <manacost>3</manacost>
        <colors>Wind</colors>
        <pt>7000</pt>
      </prop>
      <set picurl="https://fftcg.cdn.sewest.net/images/cards/full/12-040H_eg.jpg">Opus XII</set>
      <tablerow>2</tablerow>
    </card>
    <card>
      <name>Dancer (12-041C)</name>
      <text>(Dull): Inflige 1000 puntos de daño a todos los Delanteros controlados por tu oponente. Si controlas 7 o más personajes Aire, inflige 4000 puntos de daño a todos los Delanteros controlados por tu oponente en su lugar.</text>
      <prop>
        <type>Forward - XIV - Standard Unit</type>
        <manacost>3</manacost>
        <colors>Wind</colors>
        <pt>7000</pt>
      </prop>
      <set picurl="https://fftcg.cdn.sewest.net/images/cards/full/12-041C_eg.jpg">Opus XII</set>
      <tablerow>2</tablerow>
    </card>
    <card>
      <name>Cactuar (12-042C)</name>
      <text>Cuando Cactilio entra al terreno de juego, selecciona 1 de las siguientes 2 acciones. 
  "Cactilio también pasa a ser un Delantero con 4000 de poder." (Este efecto no termina al final del turno.)
  "Pon Cactilio en la Break Zone. Cuando lo haces, elige 1 Delantero. Tu oponente revela la carta superior de su mazo. Si el coste de la carta revelada es 3 o menos, inflígele 1000 puntos de daño. Si es 4 o más, inflígele 10000 puntos de daño."</text>
      <prop>
        <type>Monster - Crystal Hunt - Cactuar</type>
        <manacost>1</manacost>
        <colors>Wind</colors>
        <pt>4000</pt>
      </prop>
      <set picurl="https://fftcg.cdn.sewest.net/images/cards/full/12-042C_eg.jpg">Opus XII</set>
      <tablerow>1</tablerow>
    </card>
    <card>
      <name>White Mage (12-043C)</name>
      <text>Cuando Mago blanco entra al terreno de juego, elige hasta 3 Apoyos que controlas. Si has lanzado 3 o más cartas este turno, actívalos.</text>
      <prop>
        <type>Backup - Special - Standard Unit</type>
        <manacost>2</manacost>
        <colors>Wind</colors>
        <pt>0</pt>
      </prop>
      <set picurl="https://fftcg.cdn.sewest.net/images/cards/full/12-043C_eg.jpg">Opus XII</set>
      <tablerow>0</tablerow>
    </card>
    <card>
      <name>Shikaree X (12-044R)</name>
      <text>Por cada Oficio Guardamoral que controlas que no sea Shikaree X, Shikaree X gana +2000 de poder.
  Los Delanteros Oficio Guardamoral que controlas que no sean Shikaree X ganan Prisa y "Este Delantero no puede ser bloqueado por un Delantero de coste 4 o más."
  Cuando Shikaree X forma un equipo con Nombre de la carta Shikaree Y y Nombre de la carta Shikaree Z y ataca, Shikaree X inflige a tu oponente 3 puntos de daño.</text>
      <prop>
        <type>Forward - XI - Sin Hunter</type>
        <manacost>2</manacost>
        <colors>Wind</colors>
        <pt>5000</pt>
      </prop>
      <set picurl="https://fftcg.cdn.sewest.net/images/cards/full/12-044R_eg.jpg">Opus XII</set>
      <tablerow>2</tablerow>
    </card>
    <card>
      <name>Shikaree Y (12-045R)</name>
      <text>Por cada Oficio Guardamoral que controlas que no sea
  Shikaree Y, Shikaree Y gana +2000 de poder.
  Cuando una Oficio Guardamoral que no sea
  Shikaree Y entra a tu terreno de juego, elige hasta
  3 Apoyos. Actívalos.</text>
      <prop>
        <type>Forward - XI - Sin Hunter</type>
        <manacost>2</manacost>
        <colors>Wind</colors>
        <pt>5000</pt>
      </prop>
      <set picurl="https://fftcg.cdn.sewest.net/images/cards/full/12-045R_eg.jpg">Opus XII</set>
      <tablerow>2</tablerow>
    </card>
    <card>
      <name>Shikaree Z (12-046R)</name>
      <text>Por cada Oficio Guardamoral que controlas que no sea Shikaree Z, Shikaree Z gana +2000 de poder.
  Cuando una Oficio Guardamoral que no sea Shikaree Z entra a tu terreno de juego, coge 1 carta.</text>
      <prop>
        <type>Forward - XI - Sin Hunter</type>
        <manacost>2</manacost>
        <colors>Wind</colors>
        <pt>5000</pt>
      </prop>
      <set picurl="https://fftcg.cdn.sewest.net/images/cards/full/12-046R_eg.jpg">Opus XII</set>
      <tablerow>2</tablerow>
    </card>
    <card>
      <name>Chocobo (12-047C)</name>
      <text>Cuando Chocobo entra al terreno de juego, todos los Delanteros que controlas pueden formar un equipo con Delanteros de cualquier elemento este turno.
  (Dull): Los Delanteros que controlas pueden formar un equipo con Delanteros de cualquier elemento este turno.</text>
      <prop>
        <type>Backup - Crystal Hunt - Standard Unit</type>
        <manacost>2</manacost>
        <colors>Wind</colors>
        <pt>0</pt>
      </prop>
      <set picurl="https://fftcg.cdn.sewest.net/images/cards/full/12-047C_eg.jpg">Opus XII</set>
      <tablerow>0</tablerow>
    </card>
    <card>
      <name>Chocolatte (12-048R)</name>
      <text>(Dull): Pon 1 Contador Objeto sobre Chocolatte.
  (Dull), retira 2 Contadores Objeto de Chocolatte: Coge 1 carta. Solo puedes usar esta habilidad durante tu turno y solo una vez por turno.</text>
      <prop>
        <type>Backup - WOFF - Chocobo</type>
        <manacost>2</manacost>
        <colors>Wind</colors>
        <pt>0</pt>
      </prop>
      <set picurl="https://fftcg.cdn.sewest.net/images/cards/full/12-048R_eg.jpg">Opus XII</set>
      <tablerow>0</tablerow>
    </card>
    <card>
      <name>Diabolos (12-049H)</name>
      <text>Elige 1 Delantero. Si su poder ha aumentado o disminuido, rómpelo.</text>
      <prop>
        <type>Summon - FFEX</type>
        <manacost>2</manacost>
        <colors>Wind</colors>
        <pt>0</pt>
      </prop>
      <set picurl="https://fftcg.cdn.sewest.net/images/cards/full/12-049H_eg.jpg">Opus XII</set>
      <tablerow>3</tablerow>
    </card>
    <card>
      <name>Ninja (12-050C)</name>
      <text>(Wind)(Dull): Elige 1 Delantero Aire. Actívalo.
  (Wind)(Wind)(Dull), pon Ninja en la Break Zone: Activa todos los personajes Aire que controlas.</text>
      <prop>
        <type>Backup - FFEX - Standard Unit</type>
        <manacost>2</manacost>
        <colors>Wind</colors>
        <pt>0</pt>
      </prop>
      <set picurl="https://fftcg.cdn.sewest.net/images/cards/full/12-050C_eg.jpg">Opus XII</set>
      <tablerow>0</tablerow>
    </card>
    <card>
      <name>Paine (12-051R)</name>
      <text>Cuando Paine entra al terreno de juego, si controlas 3 o más personajes Categoría X, activa todos los Apoyos que controlas.</text>
      <prop>
        <type>Forward - X - Gullwings</type>
        <manacost>4</manacost>
        <colors>Wind</colors>
        <pt>8000</pt>
      </prop>
      <set picurl="https://fftcg.cdn.sewest.net/images/cards/full/12-051R_eg.jpg">Opus XII</set>
      <tablerow>2</tablerow>
    </card>
    <card>
      <name>Bartz (12-052H)</name>
      <text>Los Delanteros de coste 1 que controlas ganan Prisa.
  Cuando Bartz forma un equipo y ataca, puedes buscar 1 Delantero de coste 1 y jugarlo al terreno de juego.</text>
      <prop>
        <type>Forward - DFF · V - Warrior of Light</type>
        <manacost>4</manacost>
        <colors>Wind</colors>
        <pt>8000</pt>
      </prop>
      <set picurl="https://fftcg.cdn.sewest.net/images/cards/full/12-052H_eg.jpg">Opus XII</set>
      <tablerow>2</tablerow>
    </card>
    <card>
      <name>Boko (12-053C)</name>
      <text>Las Nombre de la carta Bartz que controlas ganan +1000 de poder y Prisa.
  Cuando un equipo que controlas inflige daño a tu oponente, coge 1 carta.</text>
      <prop>
        <type>Forward - V - Chocobo</type>
        <manacost>1</manacost>
        <colors>Wind</colors>
        <pt>3000</pt>
      </prop>
      <set picurl="https://fftcg.cdn.sewest.net/images/cards/full/12-053C_eg.jpg">Opus XII</set>
      <tablerow>2</tablerow>
    </card>
    <card>
      <name>Moogle (Crystal Hunt) (12-054C)</name>
      <text>Daños 3 -- [EX BURST] Cuando Moguri (Crystal Hunt) entra al terreno de juego, coge 1 carta.</text>
      <prop>
        <type>Forward - Crystal Hunt - Moogle</type>
        <manacost>3</manacost>
        <colors>Wind</colors>
        <pt>7000</pt>
      </prop>
      <set picurl="https://fftcg.cdn.sewest.net/images/cards/full/12-054C_eg.jpg">Opus XII</set>
      <tablerow>2</tablerow>
    </card>
    <card>
      <name>Dark Knight (12-055C)</name>
      <text>Daños 5 -- Cuando Caballero oscuro entra al terreno de juego, elige 1 Delantero controlado por tu oponente. Si su poder es inferior al de Caballero oscuro, rómpelo.</text>
      <prop>
        <type>Forward - XIV - Standard Unit</type>
        <manacost>4</manacost>
        <colors>Earth</colors>
        <pt>8000</pt>
      </prop>
      <set picurl="https://fftcg.cdn.sewest.net/images/cards/full/12-055C_eg.jpg">Opus XII</set>
      <tablerow>2</tablerow>
    </card>
    <card>
      <name>Galuf (12-056H)</name>
      <text>Durante cada Attack Phase, Galuf no puede romperse.
  Daños 3 -- Cuando Galuf pasa del terreno de juego a la Break Zone, puedes buscar 1 Delantero Tierra de coste 2 o menos y jugarlo al terreno de juego.
  Voluntad de hierro(S): Activa Galuf. Hasta el final del turno, Galuf gana +10000 de poder y "Galuf puede atacar una vez más este turno." Solo puedes usar esta habilidad si Galuf ha recibido daño este turno.</text>
      <prop>
        <type>Forward - V - Dawn Warrior</type>
        <manacost>3</manacost>
        <colors>Earth</colors>
        <pt>7000</pt>
      </prop>
      <set picurl="https://fftcg.cdn.sewest.net/images/cards/full/12-056H_eg.jpg">Opus XII</set>
      <tablerow>2</tablerow>
    </card>
    <card>
      <name>Machinist (12-057C)</name>
      <text>Cuando Ingeniero entra al terreno de juego, elige hasta 2 Delanteros. Hasta el final del turno, estos ganan
  "(Dull): Elige 1 Delantero. Inflígele 4000 puntos de daño."</text>
      <prop>
        <type>Backup - XIV - Standard Unit</type>
        <manacost>2</manacost>
        <colors>Earth</colors>
        <pt>0</pt>
      </prop>
      <set picurl="https://fftcg.cdn.sewest.net/images/cards/full/12-057C_eg.jpg">Opus XII</set>
      <tablerow>0</tablerow>
    </card>
    <card>
      <name>Gippal (12-058C)</name>
      <text>Los Delanteros que forman un equipo que controlas ganan Bravura.
  Cuando un equipo que controlas ataca, todos los Delanteros que forman el equipo ganan +5000 de poder hasta el final del turno.</text>
      <prop>
        <type>Forward - X - Faction Leader</type>
        <manacost>3</manacost>
        <colors>Earth</colors>
        <pt>7000</pt>
      </prop>
      <set picurl="https://fftcg.cdn.sewest.net/images/cards/full/12-058C_eg.jpg">Opus XII</set>
      <tablerow>2</tablerow>
    </card>
    <card>
      <name>Kujata (12-059C)</name>
      <text>Elige 1 Delantero. Inflígele 2000 puntos de daño por cada CP requerido para lanzarlo.</text>
      <prop>
        <type>Summon - MOBIUS · VII</type>
        <manacost>4</manacost>
        <colors>Earth</colors>
        <pt>0</pt>
      </prop>
      <set picurl="https://fftcg.cdn.sewest.net/images/cards/full/12-059C_eg.jpg">Opus XII</set>
      <tablerow>3</tablerow>
    </card>
    <card>
      <name>Graham (12-060R)</name>
      <text>Solo puedes pagar con CP de Apoyos Tierra el coste para jugar Graham de tu mano al terreno de juego. 
  Cuando Graham entra al terreno de juego, elige 1 Delantero controlado por tu oponente. Inflígele 9000 puntos de daño.</text>
      <prop>
        <type>Backup - FFL - Dark Knight</type>
        <manacost>3</manacost>
        <colors>Earth</colors>
        <pt>0</pt>
      </prop>
      <set picurl="https://fftcg.cdn.sewest.net/images/cards/full/12-060R_eg.jpg">Opus XII</set>
      <tablerow>0</tablerow>
    </card>
    <card>
      <name>Krile (12-061L)</name>
      <text>Cuando Krile entra al terreno de juego, elige 1 Invocación de la Break Zone de cualquier jugador. Puedes lanzarla este turno como si te perteneciera. Si la lanzas, retira esa Invocación del juego tras usarla en lugar de ponerla en la Break Zone.
  (1)(Dull): Elige 1 Invocación de la Break Zone de cualquier jugador. Puedes lanzarla este turno como si te perteneciera. Si la lanzas, retira esa Invocación del juego tras usarla en lugar de ponerla en la Break Zone.</text>
      <prop>
        <type>Forward - V - Warrior of Light</type>
        <manacost>2</manacost>
        <colors>Earth</colors>
        <pt>5000</pt>
      </prop>
      <set picurl="https://fftcg.cdn.sewest.net/images/cards/full/12-061L_eg.jpg">Opus XII</set>
      <tablerow>2</tablerow>
    </card>
    <card>
      <name>Glaive (12-062R)</name>
      <text>Bravura
  Los Delanteros Categoría FFL que controlas que no sean Glaive ganan +1000 de poder y Bravura.
  Daños 3 -- Glaive gana +1000 de poder.</text>
      <prop>
        <type>Forward - FFL - Warrior of Darkness</type>
        <manacost>4</manacost>
        <colors>Earth</colors>
        <pt>8000</pt>
      </prop>
      <set picurl="https://fftcg.cdn.sewest.net/images/cards/full/12-062R_eg.jpg">Opus XII</set>
      <tablerow>2</tablerow>
    </card>
    <card>
      <name>White Mage (12-063C)</name>
      <text>(Dull), pon Mago blanco en la Break Zone: Elige 1 Delantero Tierra de coste 4 o menos de tu Break Zone. Juégalo al terreno de juego.</text>
      <prop>
        <type>Backup - XIV - Standard Unit</type>
        <manacost>4</manacost>
        <colors>Earth</colors>
        <pt>0</pt>
      </prop>
      <set picurl="https://fftcg.cdn.sewest.net/images/cards/full/12-063C_eg.jpg">Opus XII</set>
      <tablerow>0</tablerow>
    </card>
    <card>
      <name>Objet d'Art (12-064C)</name>
      <text>Cuando Objet d'Art entra al terreno de juego, selecciona 1 de las siguientes 2 acciones. 
  "Objet d'Art también pasa a ser un Delantero con 6000 de poder." (Este efecto no termina al final del turno.)
  "Pon Objet d'Art en la Break Zone. Cuando lo haces, hasta el final del turno, todos los Delanteros que controlas ganan +2000 de poder y Bravura."</text>
      <prop>
        <type>Monster - THEATRHYTHM · V - Statue</type>
        <manacost>2</manacost>
        <colors>Earth</colors>
        <pt>6000</pt>
      </prop>
      <set picurl="https://fftcg.cdn.sewest.net/images/cards/full/12-064C_eg.jpg">Opus XII</set>
      <tablerow>1</tablerow>
    </card>
    <card>
      <name>Nacht (12-065H)</name>
      <text>Cuando una Oficio Guerrero de la oscuridad que controlas es objetivo de las Invocaciones o habilidades de tu oponente, elige 1 Oficio Guerrero de la oscuridad que no sea Nombre de la carta Nacht de tu Break Zone. Añádela a tu mano.
  Cuando Nacht pasa del terreno de juego a la Break Zone, puedes jugar 1 Oficio Guerrero de la oscuridad de tu mano al terreno de juego.</text>
      <prop>
        <type>Forward - FFL - Warrior of Darkness</type>
        <manacost>5</manacost>
        <colors>Earth</colors>
        <pt>9000</pt>
      </prop>
      <set picurl="https://fftcg.cdn.sewest.net/images/cards/full/12-065H_eg.jpg">Opus XII</set>
      <tablerow>2</tablerow>
    </card>
    <card>
      <name>Vaigali (12-066C)</name>
      <text>Cuando Vaigali entra al terreno de juego, puedes buscar 1 carta multielemento y añadirla a tu mano.</text>
      <prop>
        <type>Backup - FFCC - Guild Master</type>
        <manacost>4</manacost>
        <colors>Earth</colors>
        <pt>0</pt>
      </prop>
      <set picurl="https://fftcg.cdn.sewest.net/images/cards/full/12-066C_eg.jpg">Opus XII</set>
      <tablerow>0</tablerow>
    </card>
    <card>
      <name>The Oracle of Light (12-067R)</name>
      <text>(Dull): Elige 1 Delantero Categoría XIV que controlas. Este gana +1000 de poder hasta el final del turno.</text>
      <prop>
        <type>Backup - XIV - Oracle of Light</type>
        <manacost>2</manacost>
        <colors>Earth</colors>
        <pt>0</pt>
      </prop>
      <set picurl="https://fftcg.cdn.sewest.net/images/cards/full/12-067R_eg.jpg">Opus XII</set>
      <tablerow>0</tablerow>
    </card>
    <card>
      <name>Fenrir (12-068H)</name>
      <text>Selecciona hasta 2 de las siguientes 4 acciones.
  "Elige 1 Delantero Luz u Oscuridad. Rómpelo."
  "Elige 1 Apoyo de coste 4 o más. Rómpelo."
  "Elige 1 Monstruo. Rómpelo."
  "Elige 1 Delantero Tierra de coste 2 de tu Break Zone. Juégalo al terreno de juego en dull."</text>
      <prop>
        <type>Summon - FFEX</type>
        <manacost>5</manacost>
        <colors>Earth</colors>
        <pt>0</pt>
      </prop>
      <set picurl="https://fftcg.cdn.sewest.net/images/cards/full/12-068H_eg.jpg">Opus XII</set>
      <tablerow>3</tablerow>
    </card>
    <card>
      <name>Borghen (12-069H)</name>
      <text>Cuando Borguen pasa del terreno de juego a la Break Zone, tu oponente selecciona 1 Delantero de su Break Zone. Tu oponente lo añade a su mano.</text>
      <prop>
        <type>Forward - II - Captain</type>
        <manacost>1</manacost>
        <colors>Earth</colors>
        <pt>9000</pt>
      </prop>
      <set picurl="https://fftcg.cdn.sewest.net/images/cards/full/12-069H_eg.jpg">Opus XII</set>
      <tablerow>2</tablerow>
    </card>
    <card>
      <name>Monk (12-070C)</name>
      <text>Cuando Monje entra al terreno de juego, elige 1 Oficio Monje o Nombre de la carta Monje de tu Break Zone. Añádela a tu mano.
  (Earth)(Dull), pon Monje en la Break Zone: Elige 1 Delantero Oficio Monje o Delantero Nombre de la carta Monje que controlas y 1 Delantero controlado por tu oponente. Cada Delantero inflige al otro un daño igual a su poder. Solo puedes usar esta habilidad durante tu turno.</text>
      <prop>
        <type>Backup - XIV - Standard Unit</type>
        <manacost>3</manacost>
        <colors>Earth</colors>
        <pt>0</pt>
      </prop>
      <set picurl="https://fftcg.cdn.sewest.net/images/cards/full/12-070C_eg.jpg">Opus XII</set>
      <tablerow>0</tablerow>
    </card>
    <card>
      <name>Shadow Lord (12-071R)</name>
      <text>Cuando Rey de la oscuridad entra al terreno de juego, tu oponente puede jugar 1 Apoyo de coste 2 o menos de su mano al terreno de juego.
  (Earth): Hasta el final del turno, Rey de la oscuridad gana Bravura y "No se pueden usar los EX Burst de las cartas puestas en la Damage Zone a causa de Rey de la oscuridad."</text>
      <prop>
        <type>Forward - XI - Kindred</type>
        <manacost>2</manacost>
        <colors>Earth</colors>
        <pt>9000</pt>
      </prop>
      <set picurl="https://fftcg.cdn.sewest.net/images/cards/full/12-071R_eg.jpg">Opus XII</set>
      <tablerow>2</tablerow>
    </card>
    <card>
      <name>Layle (12-072R)</name>
      <text>Cuando Layle o un Delantero entra a tu terreno de juego, coloca 1 Contador Portador sobre Layle.
  Retira 3 Contadores Portador de Layle: Elige 1 Delantero. Retíralo del juego. Solo puedes usar esta habilidad mientras Layle está atacando.</text>
      <prop>
        <type>Forward - FFCC - Crystal Bearer</type>
        <manacost>4</manacost>
        <colors>Earth</colors>
        <pt>8000</pt>
      </prop>
      <set picurl="https://fftcg.cdn.sewest.net/images/cards/full/12-072R_eg.jpg">Opus XII</set>
      <tablerow>2</tablerow>
    </card>
    <card>
      <name>Red Mage (12-073C)</name>
      <text>Cuando lanzas una Invocación, puedes poner Mago rojo en la Break Zone. Cuando lo haces, elige 1 Delantero de coste 3 o menos. Rómpelo.</text>
      <prop>
        <type>Backup - XIV - Standard Unit</type>
        <manacost>3</manacost>
        <colors>Lightning</colors>
        <pt>0</pt>
      </prop>
      <set picurl="https://fftcg.cdn.sewest.net/images/cards/full/12-073C_eg.jpg">Opus XII</set>
      <tablerow>0</tablerow>
    </card>
    <card>
      <name>Argy (12-074H)</name>
      <text>Cuando Argy pasa a la Break Zone en cualquier situación a causa de las Invocaciones o habilidades de tu oponente, añade Argy a tu mano al final del turno.
  Daños 5 -- Cuando Argy pasa del terreno de juego a la Break Zone, elige 1 Delantero de coste 3 o menos controlado por tu oponente. Rómpelo.</text>
      <prop>
        <type>Forward - FFL - Memorist</type>
        <manacost>3</manacost>
        <colors>Lightning</colors>
        <pt>7000</pt>
      </prop>
      <set picurl="https://fftcg.cdn.sewest.net/images/cards/full/12-074H_eg.jpg">Opus XII</set>
      <tablerow>2</tablerow>
    </card>
    <card>
      <name>Alba (12-075R)</name>
      <text>Cuando Alba entra al terreno de juego o ataca, elige 1 carta de la Break Zone de tu oponente. Retírala del juego. Si es una Invocación, Alba gana Prisa hasta el final del turno. Si es un personaje, Alba gana +3000 de poder hasta el final del turno.</text>
      <prop>
        <type>Forward - FFL - Warrior of Darkness</type>
        <manacost>2</manacost>
        <colors>Lightning</colors>
        <pt>5000</pt>
      </prop>
      <set picurl="https://fftcg.cdn.sewest.net/images/cards/full/12-075R_eg.jpg">Opus XII</set>
      <tablerow>2</tablerow>
    </card>
    <card>
      <name>Exdeath (12-076R)</name>
      <text>Cuando Exdeath entra al terreno de juego, retira del juego tantos Delanteros como quieras de tu Break Zone, cada uno con un coste distinto. Cuando lo haces, elige 1 Delantero de coste igual o inferior al número de cartas retiradas. Rómpelo.</text>
      <prop>
        <type>Backup - THEATRHYTHM · V - Wizard</type>
        <manacost>4</manacost>
        <colors>Lightning</colors>
        <pt>0</pt>
      </prop>
      <set picurl="https://fftcg.cdn.sewest.net/images/cards/full/12-076R_eg.jpg">Opus XII</set>
      <tablerow>0</tablerow>
    </card>
    <card>
      <name>Odin (12-077H)</name>
      <text>El coste requerido para lanzar Odín se reduce en 1 por cada Nombre de la carta Odín en tu Break Zone (no puede ser 0).
  Elige 1 Delantero. Rómpelo.</text>
      <prop>
        <type>Summon - IX</type>
        <manacost>6</manacost>
        <colors>Lightning</colors>
        <pt>0</pt>
      </prop>
      <set picurl="https://fftcg.cdn.sewest.net/images/cards/full/12-077H_eg.jpg">Opus XII</set>
      <tablerow>3</tablerow>
    </card>
    <card>
      <name>Gilgamesh (12-078L)</name>
      <text>Pon Gilgamesh en la Break Zone: Elige 1 Delantero. Rómpelo.
  (Dull): Busca 1 Nombre de la carta Enkidu y juégala al terreno de juego en dull.
  (Lightning)(Lightning)(Lightning)(2): Elige 1 Delantero dañado. Rómpelo.</text>
      <prop>
        <type>Forward - MOBIUS · V - Praetorian</type>
        <manacost>5</manacost>
        <colors>Lightning</colors>
        <pt>9000</pt>
      </prop>
      <set picurl="https://fftcg.cdn.sewest.net/images/cards/full/12-078L_eg.jpg">Opus XII</set>
      <tablerow>2</tablerow>
    </card>
    <card>
      <name>Cid (FFCC) (12-079C)</name>
      <text>(Dull): Elige 1 personaje controlado por tu oponente. Selecciona 1 Contador puesto sobre él y retira el Contador seleccionado.</text>
      <prop>
        <type>Backup - FFCC - Engineer</type>
        <manacost>2</manacost>
        <colors>Lightning</colors>
        <pt>0</pt>
      </prop>
      <set picurl="https://fftcg.cdn.sewest.net/images/cards/full/12-079C_eg.jpg">Opus XII</set>
      <tablerow>0</tablerow>
    </card>
    <card>
      <name>Cid Previa (12-080H)</name>
      <text>Cuando Cid Previa entra al terreno de juego, elige 1 Delantero que no sea Cid Previa. Este gana Prisa hasta el final del turno.</text>
      <prop>
        <type>Forward - V - Engineer</type>
        <manacost>1</manacost>
        <colors>Lightning</colors>
        <pt>2000</pt>
      </prop>
      <set picurl="https://fftcg.cdn.sewest.net/images/cards/full/12-080H_eg.jpg">Opus XII</set>
      <tablerow>2</tablerow>
    </card>
    <card>
      <name>Jegran (12-081R)</name>
      <text>Cuando Jegran entra al terreno de juego, puedes buscar 1 Oficio Princesa de coste 3 o menos y jugarla al terreno de juego.</text>
      <prop>
        <type>Forward - FFCC - Knight</type>
        <manacost>6</manacost>
        <colors>Lightning</colors>
        <pt>8000</pt>
      </prop>
      <set picurl="https://fftcg.cdn.sewest.net/images/cards/full/12-081R_eg.jpg">Opus XII</set>
      <tablerow>2</tablerow>
    </card>
    <card>
      <name>Diana (12-082R)</name>
      <text>[EX BURST] Cuando Diana entra al terreno de juego, puedes buscar 1 Delantero de coste 1 y añadirlo a tu mano.</text>
      <prop>
        <type>Backup - FFL - Warrior of Darkness</type>
        <manacost>3</manacost>
        <colors>Lightning</colors>
        <pt>0</pt>
      </prop>
      <set picurl="https://fftcg.cdn.sewest.net/images/cards/full/12-082R_eg.jpg">Opus XII</set>
      <tablerow>0</tablerow>
    </card>
    <card>
      <name>Ninja (12-083C)</name>
      <text>Cuando Ninja entra al terreno de juego, elige 1 Delantero que controlas. Devuélvelo a la mano de su propietario. Si lo haces, puedes jugar 1 Delantero que cuesta 1 CP más que él de tu mano al terreno de juego.</text>
      <prop>
        <type>Backup - XIV - Standard Unit</type>
        <manacost>4</manacost>
        <colors>Lightning</colors>
        <pt>0</pt>
      </prop>
      <set picurl="https://fftcg.cdn.sewest.net/images/cards/full/12-083C_eg.jpg">Opus XII</set>
      <tablerow>0</tablerow>
    </card>
    <card>
      <name>Vivi (12-084C)</name>
      <text>[EX BURST] Cuando Vivi entra al terreno de juego, elige 1 Delantero activo. Si su coste es igual o inferior al daño que has recibido, rómpelo.</text>
      <prop>
        <type>Forward - THEATRHYTHM · IX - Black Mage</type>
        <manacost>3</manacost>
        <colors>Lightning</colors>
        <pt>6000</pt>
      </prop>
      <set picurl="https://fftcg.cdn.sewest.net/images/cards/full/12-084C_eg.jpg">Opus XII</set>
      <tablerow>2</tablerow>
    </card>
    <card>
      <name>Firion (12-085R)</name>
      <text>(Dull): Elige 1 Delantero. Inflígele 4000 puntos de daño. Solo puedes usar esta habilidad mientras un equipo que controlas está atacando.</text>
      <prop>
        <type>Backup - DFF · II - Rebel</type>
        <manacost>2</manacost>
        <colors>Lightning</colors>
        <pt>0</pt>
      </prop>
      <set picurl="https://fftcg.cdn.sewest.net/images/cards/full/12-085R_eg.jpg">Opus XII</set>
      <tablerow>0</tablerow>
    </card>
    <card>
      <name>Behemoth (12-086C)</name>
      <text>Cuando Bégimo entra al terreno de juego, selecciona 1 de las siguientes 2 acciones.
  "Bégimo también pasa a ser un Delantero con 9000 de poder." (Este efecto no termina al final del turno.)
  "Pon Bégimo en la Break Zone. Cuando lo haces, elige 1 Delantero. Rómpelo."</text>
      <prop>
        <type>Monster - Crystal Hunt - Behemoth</type>
        <manacost>5</manacost>
        <colors>Lightning</colors>
        <pt>9000</pt>
      </prop>
      <set picurl="https://fftcg.cdn.sewest.net/images/cards/full/12-086C_eg.jpg">Opus XII</set>
      <tablerow>1</tablerow>
    </card>
    <card>
      <name>Mid Previa (12-087H)</name>
      <text>Cuando un equipo que controlas ataca, elige 1 Delantero activo controlado por tu oponente. Inflígele 8000 puntos de daño.
  Cuando Mid Previa entra al terreno de juego, elige 1 Delantero Rayo de coste 1 de tu Break Zone. Juégalo al terreno de juego.</text>
      <prop>
        <type>Forward - V - Engineer</type>
        <manacost>4</manacost>
        <colors>Lightning</colors>
        <pt>6000</pt>
      </prop>
      <set picurl="https://fftcg.cdn.sewest.net/images/cards/full/12-087H_eg.jpg">Opus XII</set>
      <tablerow>2</tablerow>
    </card>
    <card>
      <name>Ramuh (12-088C)</name>
      <text>[EX BURST] Elige 1 Delantero activo. Rómpelo.</text>
      <prop>
        <type>Summon - FFEX</type>
        <manacost>5</manacost>
        <colors>Lightning</colors>
        <pt>0</pt>
      </prop>
      <set picurl="https://fftcg.cdn.sewest.net/images/cards/full/12-088C_eg.jpg">Opus XII</set>
      <tablerow>3</tablerow>
    </card>
    <card>
      <name>Dragoon (12-089C)</name>
      <text>Cuando Caballero dragón entra al terreno de juego, puedes revelar tantas Oficio Draconarius o Nombre de la carta Caballero dragón como quieras de tu mano. Cuando revelas 1 o más, Caballero dragón gana Prisa hasta el final del turno. Además, cuando revelas 4 o más, elige 1 Delantero. Rómpelo.</text>
      <prop>
        <type>Forward - Special - Standard Unit</type>
        <manacost>3</manacost>
        <colors>Lightning</colors>
        <pt>7000</pt>
      </prop>
      <set picurl="https://fftcg.cdn.sewest.net/images/cards/full/12-089C_eg.jpg">Opus XII</set>
      <tablerow>2</tablerow>
    </card>
    <card>
      <name>Dragoon (12-090C)</name>
      <text>(Dull), pon Caballero dragón en la Break Zone: Elige 1 Oficio Draconarius o Nombre de la carta Caballero dragón de tu Break Zone. Añádela a tu mano.</text>
      <prop>
        <type>Backup - XIV - Standard Unit</type>
        <manacost>2</manacost>
        <colors>Lightning</colors>
        <pt>0</pt>
      </prop>
      <set picurl="https://fftcg.cdn.sewest.net/images/cards/full/12-090C_eg.jpg">Opus XII</set>
      <tablerow>0</tablerow>
    </card>
    <card>
      <name>Blue Mage (12-091C)</name>
      <text>Cuando Mago azul entra al terreno de juego, elige 1 Delantero controlado por tu oponente. Devuélvelo a la mano de su propietario.</text>
      <prop>
        <type>Backup - FFEX - Standard Unit</type>
        <manacost>4</manacost>
        <colors>Water</colors>
        <pt>0</pt>
      </prop>
      <set picurl="https://fftcg.cdn.sewest.net/images/cards/full/12-091C_eg.jpg">Opus XII</set>
      <tablerow>0</tablerow>
    </card>
    <card>
      <name>Ultros (12-092C)</name>
      <text>Cuando Ultros pasa del terreno de juego a la Break Zone, puedes pagar (Water). Cuando lo haces, busca 1 Nombre de la carta Ultros y añádela a tu mano.
  (Dull), pon Ultros en la Break Zone: Elige 1 Delantero. Este pierde 5000 de poder hasta el final del turno.</text>
      <prop>
        <type>Forward - THEATRHYTHM · VI - Octopus</type>
        <manacost>2</manacost>
        <colors>Water</colors>
        <pt>5000</pt>
      </prop>
      <set picurl="https://fftcg.cdn.sewest.net/images/cards/full/12-092C_eg.jpg">Opus XII</set>
      <tablerow>2</tablerow>
    </card>
    <card>
      <name>Scholar (12-093C)</name>
      <text>Cuando Erudito entra al terreno de juego, elige hasta 2 Delanteros activos que controlas. Ponlos en dull. Después, coge 1 carta por cada Delantero puesto en dull a causa de esta habilidad.</text>
      <prop>
        <type>Backup - Special - Standard Unit</type>
        <manacost>4</manacost>
        <colors>Water</colors>
        <pt>0</pt>
      </prop>
      <set picurl="https://fftcg.cdn.sewest.net/images/cards/full/12-093C_eg.jpg">Opus XII</set>
      <tablerow>0</tablerow>
    </card>
    <card>
      <name>Captain (12-094C)</name>
      <text>Cuando Capitán entra al terreno de juego, selecciona 1 de las siguientes 2 acciones.
  "Capitán también pasa a ser un Delantero con 7000 de poder." (Este efecto no termina al final del turno.)
  "Pon Capitán en la Break Zone. Cuando lo haces, elige 1 Delantero. Devuélvelo a la mano de su propietario. Coge 1 carta y después descarta 1 carta de tu mano."</text>
      <prop>
        <type>Monster - THEATRHYTHM · II - Warrior</type>
        <manacost>3</manacost>
        <colors>Water</colors>
        <pt>7000</pt>
      </prop>
      <set picurl="https://fftcg.cdn.sewest.net/images/cards/full/12-094C_eg.jpg">Opus XII</set>
      <tablerow>1</tablerow>
    </card>
    <card>
      <name>Keiss (12-095R)</name>
      <text>Cuando Keiss entra al terreno de juego, mira la carta superior de tu mazo y del mazo de tu oponente. Colócalas en la parte superior o inferior de sus respectivos mazos.
  (Dull): Elige 1 Nombre de la carta Layle. Esta gana +2000 de poder hasta el final del turno.</text>
      <prop>
        <type>Backup - FFCC - Partner</type>
        <manacost>2</manacost>
        <colors>Water</colors>
        <pt>0</pt>
      </prop>
      <set picurl="https://fftcg.cdn.sewest.net/images/cards/full/12-095R_eg.jpg">Opus XII</set>
      <tablerow>0</tablerow>
    </card>
    <card>
      <name>Quacho Queen (12-096H)</name>
      <text>Pingüirreina es también un Monstruo en cualquier situación.
  Cuando Pingüirreina entra al terreno de juego, elige 1 Monstruo de coste 2 o menos de tu Break Zone. Añádelo a tu mano. Si también es un Delantero, juégalo al terreno de juego en su lugar.</text>
      <prop>
        <type>Forward - WOFF - Queen</type>
        <manacost>4</manacost>
        <colors>Water</colors>
        <pt>8000</pt>
      </prop>
      <set picurl="https://fftcg.cdn.sewest.net/images/cards/full/12-096H_eg.jpg">Opus XII</set>
      <tablerow>2</tablerow>
    </card>
    <card>
      <name>Syldra (12-097H)</name>
      <text>Busca 2 personajes Agua, 2 personajes Categoría V
  o 1 de cada, cada uno con un coste distinto, y añádelos a tu mano.</text>
      <prop>
        <type>Summon - V</type>
        <manacost>4</manacost>
        <colors>Water</colors>
        <pt>0</pt>
      </prop>
      <set picurl="https://fftcg.cdn.sewest.net/images/cards/full/12-097H_eg.jpg">Opus XII</set>
      <tablerow>3</tablerow>
    </card>
    <card>
      <name>Strago (12-098H)</name>
      <text>Cuando Strago entra al terreno de juego, elige 1 Delantero controlado por tu oponente. Devuélvelo a la mano de su propietario. Después, puedes jugar 1 personaje del mismo coste que él de tu mano al terreno de juego.</text>
      <prop>
        <type>Forward - VI - Blue Mage</type>
        <manacost>5</manacost>
        <colors>Water</colors>
        <pt>7000</pt>
      </prop>
      <set picurl="https://fftcg.cdn.sewest.net/images/cards/full/12-098H_eg.jpg">Opus XII</set>
      <tablerow>2</tablerow>
    </card>
    <card>
      <name>Sarah (FFL) (12-099R)</name>
      <text>Cuando Sarah (FFL) entra al terreno de juego, puedes buscar hasta 2 Delanteros Categoría FFL o Delanteros Oficio Guerrero de la Luz y añadirlos a tu mano.
  (Dull), pon Sarah (FFL) en la Break Zone: Elige 1 Delantero. Actívalo.</text>
      <prop>
        <type>Backup - FFL - Warrior of Light</type>
        <manacost>6</manacost>
        <colors>Water</colors>
        <pt>0</pt>
      </prop>
      <set picurl="https://fftcg.cdn.sewest.net/images/cards/full/12-099R_eg.jpg">Opus XII</set>
      <tablerow>0</tablerow>
    </card>
    <card>
      <name>Astrologian (12-100C)</name>
      <text>(Dull), pon Astrólogo en la Break Zone: revela carta superior de tu mazo. Si no es un Apoyo, añádelo a tu mano.</text>
      <prop>
        <type>Backup - XIV - Standard Unit</type>
        <manacost>2</manacost>
        <colors>Water</colors>
        <pt>0</pt>
      </prop>
      <set picurl="https://fftcg.cdn.sewest.net/images/cards/full/12-100C_eg.jpg">Opus XII</set>
      <tablerow>0</tablerow>
    </card>
    <card>
      <name>Dusk (12-101R)</name>
      <text>Cuando Dusk entra al terreno de juego, puedes
  pagar (Water). Cuando lo haces, juega 1 Delantero
  de coste 3 o menos de tu mano al terreno de juego.
  Bendición (S)(Water): Elige 1 Delantero de coste 3 o menos que
  no sea Dusk. Este gana +5000 de poder hasta el final del
  turno. Coge 1 carta.</text>
      <prop>
        <type>Forward - FFL - Warrior of Light</type>
        <manacost>3</manacost>
        <colors>Water</colors>
        <pt>7000</pt>
      </prop>
      <set picurl="https://fftcg.cdn.sewest.net/images/cards/full/12-101R_eg.jpg">Opus XII</set>
      <tablerow>2</tablerow>
    </card>
    <card>
      <name>Paladin (12-102C)</name>
      <text>Si Caballero forma un equipo, el daño recibido por Caballero se vuelve 0 en su lugar.</text>
      <prop>
        <type>Forward - XIV - Standard Unit</type>
        <manacost>4</manacost>
        <colors>Water</colors>
        <pt>8000</pt>
      </prop>
      <set picurl="https://fftcg.cdn.sewest.net/images/cards/full/12-102C_eg.jpg">Opus XII</set>
      <tablerow>2</tablerow>
    </card>
    <card>
      <name>Beatrix (12-103H)</name>
      <text>Cuando Beatrix o una Oficio Caballero entra a tu terreno de juego, todos los Delanteros que controlas ganan +2000 de poder hasta el final del turno.
  (0): Durante este turno, el coste requerido para lanzar tu próximo Delantero Oficio Caballero se reduce en 2 (no puede ser 0). Solo puedes usar esta habilidad durante tu turno y solo una vez por turno.</text>
      <prop>
        <type>Forward - IX - Knight</type>
        <manacost>2</manacost>
        <colors>Water</colors>
        <pt>5000</pt>
      </prop>
      <set picurl="https://fftcg.cdn.sewest.net/images/cards/full/12-103H_eg.jpg">Opus XII</set>
      <tablerow>2</tablerow>
    </card>
    <card>
      <name>Minwu (12-104C)</name>
      <text>(Water)(Water)(2)(Dull), pon Minu en la Break Zone: Lanza 1 Invocación de coste 7 o menos de tu mano sin pagar su coste.</text>
      <prop>
        <type>Backup - THEATRHYTHM · II - White Mage</type>
        <manacost>2</manacost>
        <colors>Water</colors>
        <pt>0</pt>
      </prop>
      <set picurl="https://fftcg.cdn.sewest.net/images/cards/full/12-104C_eg.jpg">Opus XII</set>
      <tablerow>0</tablerow>
    </card>
    <card>
      <name>Yuna (12-105L)</name>
      <text>Cuando Yuna entra al terreno de juego, si un Delantero que controlabas formó un equipo este turno, coge 2 cartas.
  Cuando Yuna forma un equipo y ataca, elige 1 Delantero. Este pierde 4000 de poder por cada Delantero atacante hasta el final del turno. 
  (0): Nombra 1 elemento que no sea Luz ni Oscuridad. Ese será el elemento de Yuna hasta el final del turno. Solo puedes usar esta habilidad una vez por turno.</text>
      <prop>
        <type>Forward - X - Gullwings</type>
        <manacost>3</manacost>
        <colors>Water</colors>
        <pt>7000</pt>
      </prop>
      <set picurl="https://fftcg.cdn.sewest.net/images/cards/full/12-105L_eg.jpg">Opus XII</set>
      <tablerow>2</tablerow>
    </card>
    <card>
      <name>Relm (12-106R)</name>
      <text>[EX BURST] Cuando Relm entra al terreno de juego, elige 1 personaje sin (Generic) que no sea Relm. Puedes buscar 1 personaje con el mismo nombre y añadirlo a tu mano.</text>
      <prop>
        <type>Forward - VI - Pictomancer</type>
        <manacost>4</manacost>
        <colors>Water</colors>
        <pt>5000</pt>
      </prop>
      <set picurl="https://fftcg.cdn.sewest.net/images/cards/full/12-106R_eg.jpg">Opus XII</set>
      <tablerow>2</tablerow>
    </card>
    <card>
      <name>Lunafreya (12-107R)</name>
      <text>Pon en dull 1 Delantero Categoría XV activo: Lunafreya gana +2000 de poder hasta el final del turno.
  Pon en dull 4 Delanteros Categoría XV activos: Elige 1 Delantero. Ponlo en la Break Zone.</text>
      <prop>
        <type>Forward - XV - Oracle</type>
        <manacost>2</manacost>
        <colors>Water</colors>
        <pt>5000</pt>
      </prop>
      <set picurl="https://fftcg.cdn.sewest.net/images/cards/full/12-107R_eg.jpg">Opus XII</set>
      <tablerow>2</tablerow>
    </card>
    <card>
      <name>Remora (12-108C)</name>
      <text>[EX BURST] Elige 1 Delantero. Coge 1 carta. Después, hasta el final del turno, este pierde 2000 de poder por cada carta que tienes en tu mano.</text>
      <prop>
        <type>Summon - MOBIUS</type>
        <manacost>6</manacost>
        <colors>Water</colors>
        <pt>0</pt>
      </prop>
      <set picurl="https://fftcg.cdn.sewest.net/images/cards/full/12-108C_eg.jpg">Opus XII</set>
      <tablerow>3</tablerow>
    </card>
    <card>
      <name>Lenna (12-109L)</name>
      <text>Cuando Lena entra al terreno de juego, coloca 1 Contador Lázaro+ sobre Lena por cada Apoyo que controlas.
  Cuando un Apoyo entra a tu terreno de juego, coloca 1 Contador Lázaro+ sobre Lena.
  (Dull), retira X Contadores Lázaro+ de Lena: Elige 1 Delantero de tu Break Zone. Si su coste es X, juégalo al terreno de juego.</text>
      <prop>
        <type>Forward - V - Warrior of Light</type>
        <manacost>3</manacost>
        <colors>Light</colors>
        <pt>8000</pt>
      </prop>
      <set picurl="https://fftcg.cdn.sewest.net/images/cards/full/12-109L_eg.jpg">Opus XII</set>
      <tablerow>2</tablerow>
    </card>
    <card>
      <name>Neo Exdeath (12-110L)</name>
      <text>Neo Exdeath es también Nombre de la carta Exdeath en cualquier situación.
  Al final de cada uno de los turnos de tu oponente, tu oponente selecciona 1 personaje que controla. Ponlo en la Break Zone. 
  Cuando Neo Exdeath es objetivo de las Invocaciones o habilidades de tu oponente, tu oponente selecciona 1 personaje que controla. Ponlo en la Break Zone.</text>
      <prop>
        <type>Forward - MOBIUS · V - None</type>
        <manacost>6</manacost>
        <colors>Dark</colors>
        <pt>10000</pt>
      </prop>
      <set picurl="https://fftcg.cdn.sewest.net/images/cards/full/12-110L_eg.jpg">Opus XII</set>
      <tablerow>2</tablerow>
    </card>
    <card>
      <name>Vayne (12-111R)</name>
      <text>Si controlas 4 o más personajes Fuego, Vayne gana +2000 de poder.
  Si controlas 4 o más personajes Frío, Vayne gana "Cuando Vayne ataca, tu oponente descarta 1 carta de su mano."</text>
      <prop>
        <type>Forward - DFF · XII - Consul</type>
        <manacost>3</manacost>
        <colors>Fire, Ice</colors>
        <pt>8000</pt>
      </prop>
      <set picurl="https://fftcg.cdn.sewest.net/images/cards/full/12-111R_eg.jpg">Opus XII</set>
      <tablerow>2</tablerow>
    </card>
    <card>
      <name>Selh'teus (12-112L)</name>
      <text>Cuando Selh'teus entra al terreno de juego, retira del juego hasta 5 Delanteros Fuego y/o Delanteros Frío de tu Break Zone. Después, revela las 5 cartas de la parte superior de tu mazo. Juega 1 Delantero de coste igual o inferior al número de cartas retiradas de entre ellas al terreno de juego y pon el resto en la parte inferior de tu mazo en el orden que quieras.</text>
      <prop>
        <type>Forward - XI - Kuluu</type>
        <manacost>4</manacost>
        <colors>Fire, Ice</colors>
        <pt>7000</pt>
      </prop>
      <set picurl="https://fftcg.cdn.sewest.net/images/cards/full/12-112L_eg.jpg">Opus XII</set>
      <tablerow>2</tablerow>
    </card>
    <card>
      <name>Leon (12-113C)</name>
      <text>Cuando Leon entra al terreno de juego, selecciona 1 de las siguientes 2 acciones.
  "Elige 1 Delantero. Ponlo en dull o congélalo."
  "Elige 1 Delantero. Inflígele 3000 puntos de daño."</text>
      <prop>
        <type>Forward - THEATRHYTHM · II - Rebel</type>
        <manacost>2</manacost>
        <colors>Fire, Ice</colors>
        <pt>7000</pt>
      </prop>
      <set picurl="https://fftcg.cdn.sewest.net/images/cards/full/12-113C_eg.jpg">Opus XII</set>
      <tablerow>2</tablerow>
    </card>
    <card>
      <name>Baralai (12-114R)</name>
      <text>Cuando 1 o más Apoyos en dull que controlas se activa a causa de tus Invocaciones o habilidades, inflige 3000 puntos de daño a todos los Delanteros controlados por tu oponente.
  Cuando tu oponente descarta 1 o más cartas de su mano a causa de tus Invocaciones o habilidades, elige 1 personaje. Ponlo en dull y congélalo.</text>
      <prop>
        <type>Forward - X - Praetor</type>
        <manacost>3</manacost>
        <colors>Ice, Wind</colors>
        <pt>7000</pt>
      </prop>
      <set picurl="https://fftcg.cdn.sewest.net/images/cards/full/12-114R_eg.jpg">Opus XII</set>
      <tablerow>2</tablerow>
    </card>
    <card>
      <name>Rikku (12-115C)</name>
      <text>Cuando Rikku entra al terreno de juego, selecciona 1 de las siguientes 2 acciones.
  "Elige 1 personaje. Ponlo en dull."
  "Elige 2 personajes. Actívalos."</text>
      <prop>
        <type>Forward - X - Gullwings</type>
        <manacost>2</manacost>
        <colors>Ice, Wind</colors>
        <pt>6000</pt>
      </prop>
      <set picurl="https://fftcg.cdn.sewest.net/images/cards/full/12-115C_eg.jpg">Opus XII</set>
      <tablerow>2</tablerow>
    </card>
    <card>
      <name>Locke (12-116L)</name>
      <text>El coste requerido para lanzar Locke se reduce en 2 por cada carta que hayas lanzado este turno (no puede ser 1 o menos).
  Cuando Locke entra al terreno de juego, selecciona hasta 2 de las siguientes 4 acciones. "Tu oponente descarta 1 carta." "Elige hasta 2 personajes. Ponlos en dull y congélalos." "Elige 1 Delantero de coste 6 o más. Rómpelo." "Elige 1 Monstruo. Rómpelo."</text>
      <prop>
        <type>Forward - DFF · VI - Treasure Hunter</type>
        <manacost>8</manacost>
        <colors>Ice, Wind</colors>
        <pt>9000</pt>
      </prop>
      <set picurl="https://fftcg.cdn.sewest.net/images/cards/full/12-116L_eg.jpg">Opus XII</set>
      <tablerow>2</tablerow>
    </card>
    <card>
      <name>Iris (12-117R)</name>
      <text>Cuando Iris entra al terreno de juego, elige hasta 2 Apoyos Aire que controlas y hasta 2 Apoyos Tierra que controlas. Actívalos.
  (Wind)(Earth): Selecciona 1 de las siguientes 2 acciones.
  "Iris gana +2000 de poder hasta el final del turno."
  "Iris gana 'Iris no puede ser bloqueada por un Delantero de poder 9000 o más' hasta el final del turno."</text>
      <prop>
        <type>Forward - XV - Lucian Subject</type>
        <manacost>4</manacost>
        <colors>Wind, Earth</colors>
        <pt>8000</pt>
      </prop>
      <set picurl="https://fftcg.cdn.sewest.net/images/cards/full/12-117R_eg.jpg">Opus XII</set>
      <tablerow>2</tablerow>
    </card>
    <card>
      <name>Prishe (12-118C)</name>
      <text>Cuando Prishe entra al terreno de juego, selecciona 1 de las siguientes 2 acciones.
  "Elige 1 Delantero. Hasta el final del turno, este gana +1000 de poder y Bravura."
  "Elige 1 Monstruo de coste 3 o menos. Rómpelo."</text>
      <prop>
        <type>Forward - DFF · XI - Abhorrent One</type>
        <manacost>2</manacost>
        <colors>Wind, Earth</colors>
        <pt>7000</pt>
      </prop>
      <set picurl="https://fftcg.cdn.sewest.net/images/cards/full/12-118C_eg.jpg">Opus XII</set>
      <tablerow>2</tablerow>
    </card>
    <card>
      <name>Y'shtola (12-119L)</name>
      <text>Prisa
  Si Y'shtola recibe daño por valor inferior a su poder, el daño se vuelve 0 en su lugar.
  Y'shtola no puede ser bloqueado por un Delantero de coste 4 o más.</text>
      <prop>
        <type>Forward - XIV - Scion of the Seventh Dawn</type>
        <manacost>3</manacost>
        <colors>Wind, Earth</colors>
        <pt>9000</pt>
      </prop>
      <set picurl="https://fftcg.cdn.sewest.net/images/cards/full/12-119L_eg.jpg">Opus XII</set>
      <tablerow>2</tablerow>
    </card>
    <card>
      <name>Shantotto (12-120C)</name>
      <text>Cuando Shantotto entra al terreno de juego, selecciona 1 de las siguientes 2 acciones.
  "Elige 1 Delantero que no sea Shantotto. Este gana Prisa hasta el final del turno."
  "Elige 1 Delantero que controlas. Este gana 'Este Delantero no puede romperse' hasta el final del turno."</text>
      <prop>
        <type>Forward - DFF · XI - Mage</type>
        <manacost>2</manacost>
        <colors>Earth, Lightning</colors>
        <pt>7000</pt>
      </prop>
      <set picurl="https://fftcg.cdn.sewest.net/images/cards/full/12-120C_eg.jpg">Opus XII</set>
      <tablerow>2</tablerow>
    </card>
    <card>
      <name>Noctis (12-121R)</name>
      <text>Cuando Noctis entra al terreno de juego, elige 1 Delantero Categoría XV que no sea Nombre de la carta Noctis de tu Break Zone. Añádelo a tu mano.
  Cuando Noctis forma un equipo y ataca, hasta el final del turno, todos los Delanteros que controlas ganan +2000 de poder y Prisa.</text>
      <prop>
        <type>Forward - DFF · XV - Prince</type>
        <manacost>3</manacost>
        <colors>Earth, Lightning</colors>
        <pt>7000</pt>
      </prop>
      <set picurl="https://fftcg.cdn.sewest.net/images/cards/full/12-121R_eg.jpg">Opus XII</set>
      <tablerow>2</tablerow>
    </card>
    <card>
      <name>Regis (12-122L)</name>
      <text>Cuando Regis entra al terreno de juego, elige hasta 2 Delanteros que no sean Nombre de la carta Regis ni Luz ni Oscuridad que hayan pasado del terreno de juego a la Break Zone durante este turno. Juégalos al terreno de juego.
  Sigilo real (S)(Earth)(Lightning): Todos los Delanteros que controlas ganan "Este Delantero no puede romperse" hasta el final del turno.</text>
      <prop>
        <type>Forward - XV - King</type>
        <manacost>5</manacost>
        <colors>Earth, Lightning</colors>
        <pt>8000</pt>
      </prop>
      <set picurl="https://fftcg.cdn.sewest.net/images/cards/full/12-122L_eg.jpg">Opus XII</set>
      <tablerow>2</tablerow>
    </card>
    <card>
      <name>Urianger (12-123R)</name>
      <text>Cuando Urianger entra al terreno de juego, puedes jugar 1 Monstruo de coste 2 o menos de tu mano al terreno de juego. Cuando lo haces, elige 1 Delantero controlado por tu oponente. Devuélvelo a la mano de su propietario.</text>
      <prop>
        <type>Forward - XIV - Scion of the Seventh Dawn</type>
        <manacost>3</manacost>
        <colors>Lightning, Water</colors>
        <pt>7000</pt>
      </prop>
      <set picurl="https://fftcg.cdn.sewest.net/images/cards/full/12-123R_eg.jpg">Opus XII</set>
      <tablerow>2</tablerow>
    </card>
    <card>
      <name>Thancred (12-124L)</name>
      <text>Cuando Thancred entra al terreno de juego, elige 1 Delantero de tu Break Zone. Si su coste es igual o inferior al número de Delanteros Agua y/o Apoyos Agua que controlas, juégalo al terreno de juego. 
  Cuando Thancred ataca, elige 1 Delantero activo controlado por tu oponente. Si su coste es igual o inferior al número de Delanteros Rayo y/o Apoyos Rayo que controlas, rómpelo.</text>
      <prop>
        <type>Forward - XIV - Scion of the Seventh Dawn</type>
        <manacost>7</manacost>
        <colors>Lightning, Water</colors>
        <pt>8000</pt>
      </prop>
      <set picurl="https://fftcg.cdn.sewest.net/images/cards/full/12-124L_eg.jpg">Opus XII</set>
      <tablerow>2</tablerow>
    </card>
    <card>
      <name>Freya (12-125C)</name>
      <text>Cuando Freya entra al terreno de juego, selecciona 1 de las siguientes 2 acciones.
  "Coge 1 carta y después descarta 1 carta de tu mano."
  "Elige 1 Delantero activo. Inflígele 4000 puntos de daño."</text>
      <prop>
        <type>Forward - DFF · IX - Dragoon</type>
        <manacost>2</manacost>
        <colors>Lightning, Water</colors>
        <pt>7000</pt>
      </prop>
      <set picurl="https://fftcg.cdn.sewest.net/images/cards/full/12-125C_eg.jpg">Opus XII</set>
      <tablerow>2</tablerow>
    </card>
    <card>
      <name>Gawain (12-126R)</name>
      <text>Cuando Gawain entra al terreno de juego, puedes buscar hasta 1 Oficio Caballero Fuego que no sea Nombre de la carta Gawain y hasta 1 Oficio Caballero Agua que no sea Nombre de la carta Gawain y añadirla a tu mano.</text>
      <prop>
        <type>Forward - FFL - Knight</type>
        <manacost>4</manacost>
        <colors>Water, Fire</colors>
        <pt>5000</pt>
      </prop>
      <set picurl="https://fftcg.cdn.sewest.net/images/cards/full/12-126R_eg.jpg">Opus XII</set>
      <tablerow>2</tablerow>
    </card>
    <card>
      <name>Steiner (12-127C)</name>
      <text>Cuando Steiner entra al terreno de juego, selecciona 1 de las siguientes 2 acciones.
  "Todos los Delanteros que controlas ganan +2000 de poder hasta el final del turno."
  "Elige 1 Delantero de coste 3 o menos controlado por tu oponente. Devuélvelo a la mano de su propietario."</text>
      <prop>
        <type>Forward - DFF · IX - Knight</type>
        <manacost>2</manacost>
        <colors>Water, Fire</colors>
        <pt>7000</pt>
      </prop>
      <set picurl="https://fftcg.cdn.sewest.net/images/cards/full/12-127C_eg.jpg">Opus XII</set>
      <tablerow>2</tablerow>
    </card>
    <card>
      <name>Faris (12-128L)</name>
      <text>Cuando Faris o un Delantero Oficio Guerrero de la Luz entra a tu terreno de juego, selecciona 1 de las siguientes 2 acciones.
  "Elige 1 Delantero. Inflígele 2000 puntos de daño por cada Delantero Oficio Guerrero de la Luz que controlas."
  "Durante este turno, el coste requerido para lanzar tu próxima Oficio Guerrero de la Luz se reduce en 2 (no puede ser 0)."</text>
      <prop>
        <type>Forward - V - Warrior of Light</type>
        <manacost>4</manacost>
        <colors>Water, Fire</colors>
        <pt>8000</pt>
      </prop>
      <set picurl="https://fftcg.cdn.sewest.net/images/cards/full/12-128L_eg.jpg">Opus XII</set>
      <tablerow>2</tablerow>
    </card>
  </cards>
</cockatrice_carddatabase>