<?xml version="1.0" encoding="UTF-8"?>
<cockatrice_carddatabase version="4">
  <sets>
    <set>
      <name>Opus III</name>
      <longname>Opus III</longname>
      <settype>Custom</settype>
      <releasedate></releasedate>
    </set>
  </sets>
  <cards>
    <card>
      <name>Red Mage (3-001C)</name>
      <text>Cuando Mago rojo entra al terreno de juego, elige 1 Delantero controlado por tu oponente. Si controlas 4 o más Nombre de la carta Mago rojo, inflígele 8000 puntos de daño.</text>
      <prop>
        <type>Backup - V - Standard Unit</type>
        <manacost>2</manacost>
        <colors>Fire</colors>
        <pt>0</pt>
      </prop>
      <set picurl="https://fftcg.cdn.sewest.net/images/cards/full/3-001C_eg.jpg">Opus III</set>
      <tablerow>0</tablerow>
    </card>
    <card>
      <name>Ifrit (3-002R)</name>
      <text>[EX BURST] Elige 1 Delantero. Inflígele 7000 puntos de daño. Si controlas un Delantero Oficio Clase Cero, Inflígele 8000 puntos de daño en su lugar.</text>
      <prop>
        <type>Summon - TYPE-0</type>
        <manacost>4</manacost>
        <colors>Fire</colors>
        <pt>0</pt>
      </prop>
      <set picurl="https://fftcg.cdn.sewest.net/images/cards/full/3-002R_eg.jpg">Opus III</set>
      <tablerow>3</tablerow>
    </card>
    <card>
      <name>Ace (3-003R)</name>
      <text>Los Delanteros Oficio Clase Cero que controlas que no sean Ace ganan +1000 de poder.
Mano ganadora (S)(Fire): Elige 1 Delantero. Revela las 4 cartas de la parte superior de tu mazo. Por cada carta de Oficio Clase Cero que reveles, inflígele 4000 puntos de daño. Después, pon las cartas reveladas en la parte inferior de tu mazo en el orden que quieras.</text>
      <prop>
        <type>Forward - TYPE-0 - Class Zero Cadet</type>
        <manacost>3</manacost>
        <colors>Fire</colors>
        <pt>7000</pt>
      </prop>
      <set picurl="https://fftcg.cdn.sewest.net/images/cards/full/3-003R_eg.jpg">Opus III</set>
      <tablerow>2</tablerow>
    </card>
    <card>
      <name>Garland (3-004H)</name>
      <text>Durante tu turno, si Garland recibe daño, este se reduce en 2000 puntos. 
Alma de caos (S)(X)(Dull): Elige 1 Delantero. Inflígele 6000 puntos de daño y 1000 puntos de daño adicionales por cada CP pagado como X.</text>
      <prop>
        <type>Forward - DFF · I - Knight</type>
        <manacost>4</manacost>
        <colors>Fire</colors>
        <pt>8000</pt>
      </prop>
      <set picurl="https://fftcg.cdn.sewest.net/images/cards/full/3-004H_eg.jpg">Opus III</set>
      <tablerow>2</tablerow>
    </card>
    <card>
      <name>Imaginary Brawler (3-005C)</name>
      <text>Cuando Luchadora simulada ataca, elige 1 Delantero del coste más alto controlado por tu oponente. Este no puede bloquear este turno.</text>
      <prop>
        <type>Forward - DFF - Manikin</type>
        <manacost>3</manacost>
        <colors>Fire</colors>
        <pt>7000</pt>
      </prop>
      <set picurl="https://fftcg.cdn.sewest.net/images/cards/full/3-005C_eg.jpg">Opus III</set>
      <tablerow>2</tablerow>
    </card>
    <card>
      <name>King (3-006R)</name>
      <text>Por cada Delantero Oficio Clase Cero que no sea King que controlas, King gana +1000 de poder. 
Punta hueca (S)(Fire)(Dull): Elige 1 Delantero. Inflígele daño equivalente al poder de King.</text>
      <prop>
        <type>Forward - TYPE-0 - Class Zero Cadet</type>
        <manacost>5</manacost>
        <colors>Fire</colors>
        <pt>9000</pt>
      </prop>
      <set picurl="https://fftcg.cdn.sewest.net/images/cards/full/3-006R_eg.jpg">Opus III</set>
      <tablerow>2</tablerow>
    </card>
    <card>
      <name>Bard (3-007C)</name>
      <text>(Fire)(Fire)(Dull), pon Bardo en la Break Zone: Todos los Delanteros que controlas ganan +2000 de poder hasta el final del turno. Puedes usar esta habilidad solo durante tu turno.</text>
      <prop>
        <type>Backup - V - Standard Unit</type>
        <manacost>2</manacost>
        <colors>Fire</colors>
        <pt>0</pt>
      </prop>
      <set picurl="https://fftcg.cdn.sewest.net/images/cards/full/3-007C_eg.jpg">Opus III</set>
      <tablerow>0</tablerow>
    </card>
    <card>
      <name>Cloud (3-008C)</name>
      <text>Si controlas un Delantero Categoría VII que no sea Cloud, Cloud gana Bravura. 
(Dull): Elige 1 Delantero atacante. Gana +2000 de poder hasta el final del turno.</text>
      <prop>
        <type>Forward - VII - Shinra Soldier</type>
        <manacost>3</manacost>
        <colors>Fire</colors>
        <pt>7000</pt>
      </prop>
      <set picurl="https://fftcg.cdn.sewest.net/images/cards/full/3-008C_eg.jpg">Opus III</set>
      <tablerow>2</tablerow>
    </card>
    <card>
      <name>Cater (3-009C)</name>
      <text>(Wind)(Dull): Elige 1 Delantero. Inflígele 1000 puntos de daño.
(Lightning)(Dull): Elige 1 Delantero dañado. Inflígele 2000 puntos de daño.</text>
      <prop>
        <type>Backup - TYPE-0 - Class Zero Cadet</type>
        <manacost>2</manacost>
        <colors>Fire</colors>
        <pt>0</pt>
      </prop>
      <set picurl="https://fftcg.cdn.sewest.net/images/cards/full/3-009C_eg.jpg">Opus III</set>
      <tablerow>0</tablerow>
    </card>
    <card>
      <name>Gekkou (3-010R)</name>
      <text>Cuando Gekkou entra al terreno de juego, puedes jugar 1　Oficio Ninja o Nombre de la carta Ninja de coste 4 o menos de tu mano al terreno de juego.
(Fire)(1): Todas las Oficio Ninja y Nombre de la carta Ninja que controlas ganan +1000 de poder hasta el final del turno.</text>
      <prop>
        <type>Forward - IV - Ninja</type>
        <manacost>5</manacost>
        <colors>Fire</colors>
        <pt>7000</pt>
      </prop>
      <set picurl="https://fftcg.cdn.sewest.net/images/cards/full/3-010R_eg.jpg">Opus III</set>
      <tablerow>2</tablerow>
    </card>
    <card>
      <name>Gladiator (3-011C)</name>
      <text>Por cada Apoyo controlado por tu oponente, Gladiador gana +1000 de poder.</text>
      <prop>
        <type>Forward - V - Standard Unit</type>
        <manacost>2</manacost>
        <colors>Fire</colors>
        <pt>3000</pt>
      </prop>
      <set picurl="https://fftcg.cdn.sewest.net/images/cards/full/3-011C_eg.jpg">Opus III</set>
      <tablerow>2</tablerow>
    </card>
    <card>
      <name>Zack (3-012L)</name>
      <text>Cuando Zack entra al terreno de juego, todos los Delanteros que controlas ganan +2000 de poder hasta el final del turno.
Cuando Zack pasa del terreno de juego a la Break Zone, puedes buscar 1 Nombre de la carta Cloud de coste 4 o menos y añadirla a tu mano o jugarla al terreno de juego en dull.</text>
      <prop>
        <type>Forward - VII - SOLDIER</type>
        <manacost>5</manacost>
        <colors>Fire</colors>
        <pt>8000</pt>
      </prop>
      <set picurl="https://fftcg.cdn.sewest.net/images/cards/full/3-012L_eg.jpg">Opus III</set>
      <tablerow>2</tablerow>
    </card>
    <card>
      <name>Amarant (3-013R)</name>
      <text>(Dull), pon 1 Delantero en la Break Zone: Elige 1 Delantero. Inflígele daño equivalente al poder del Delantero que has puesto en la Break Zone.</text>
      <prop>
        <type>Forward - IX - Fighter</type>
        <manacost>5</manacost>
        <colors>Fire</colors>
        <pt>9000</pt>
      </prop>
      <set picurl="https://fftcg.cdn.sewest.net/images/cards/full/3-013R_eg.jpg">Opus III</set>
      <tablerow>2</tablerow>
    </card>
    <card>
      <name>Cinque (3-014C)</name>
      <text>(Fire)(Dull): Elige 1 Delantero. Si es posible, debe bloquear este turno.
Mazada (S): Cinque gana +5000 de poder y Bravura hasta el final del turno. Puedes usar esta habilidad solo durante tu turno.</text>
      <prop>
        <type>Forward - TYPE-0 - Class Zero Cadet</type>
        <manacost>2</manacost>
        <colors>Fire</colors>
        <pt>5000</pt>
      </prop>
      <set picurl="https://fftcg.cdn.sewest.net/images/cards/full/3-014C_eg.jpg">Opus III</set>
      <tablerow>2</tablerow>
    </card>
    <card>
      <name>Black Waltz 2 (3-015R)</name>
      <text>[EX BURST] Cuando Vals Negro 2 entra al terreno de juego, elige 1 Delantero controlado por tu oponente. Inflígele 3000 puntos de daño y 1000 puntos adicionales por cada carta que tu oponente tenga en su mano.</text>
      <prop>
        <type>Backup - IX - Black Mage</type>
        <manacost>3</manacost>
        <colors>Fire</colors>
        <pt>0</pt>
      </prop>
      <set picurl="https://fftcg.cdn.sewest.net/images/cards/full/3-015R_eg.jpg">Opus III</set>
      <tablerow>0</tablerow>
    </card>
    <card>
      <name>Palom (3-016H)</name>
      <text>Si un Delantero recibe daño, el daño aumenta en 1000.
Meteo (S)(Fire)(Fire)(Fire): Elige hasta 3 Delanteros controlados por tu oponente. Inflígeles 6000, 4000 y 2000 puntos de daño respectivamente.</text>
      <prop>
        <type>Forward - IV - Black Mage</type>
        <manacost>4</manacost>
        <colors>Fire</colors>
        <pt>7000</pt>
      </prop>
      <set picurl="https://fftcg.cdn.sewest.net/images/cards/full/3-016H_eg.jpg">Opus III</set>
      <tablerow>2</tablerow>
    </card>
    <card>
      <name>Vivi (3-017L)</name>
      <text>Cuando Vivi entra al terreno de juego, elige 1 Delantero controlado por tu oponente. Inflígele 4000 puntos de daño y 1000 puntos de daño adicionales por cada carta que tu oponente tenga en su mano. 
Piro++(S)(Fire)(Fire)(Fire)(Dull): Inflige 7000 puntos de daño a todos los Delanteros.</text>
      <prop>
        <type>Forward - IX - Black Mage</type>
        <manacost>3</manacost>
        <colors>Fire</colors>
        <pt>4000</pt>
      </prop>
      <set picurl="https://fftcg.cdn.sewest.net/images/cards/full/3-017L_eg.jpg">Opus III</set>
      <tablerow>2</tablerow>
    </card>
    <card>
      <name>Vivi (3-018C)</name>
      <text>[EX BURST] Cuando Vivi entra al terreno de juego, elige 1 Delantero controlado por tu oponente. Inflígele 5000 puntos de daño.</text>
      <prop>
        <type>Backup - IX - Black Mage</type>
        <manacost>2</manacost>
        <colors>Fire</colors>
        <pt>0</pt>
      </prop>
      <set picurl="https://fftcg.cdn.sewest.net/images/cards/full/3-018C_eg.jpg">Opus III</set>
      <tablerow>0</tablerow>
    </card>
    <card>
      <name>Faris (3-019H)</name>
      <text>[EX BURST] Cuando Faris entra al terreno de juego, puedes buscar 1 Nombre de la carta Syldra y añadirla a tu mano.
Si controlas Nombre de la carta Lena, Faris gana +1000 de poder.</text>
      <prop>
        <type>Forward - V - Pirate</type>
        <manacost>5</manacost>
        <colors>Fire</colors>
        <pt>8000</pt>
      </prop>
      <set picurl="https://fftcg.cdn.sewest.net/images/cards/full/3-019H_eg.jpg">Opus III</set>
      <tablerow>2</tablerow>
    </card>
    <card>
      <name>Phoenix (3-020H)</name>
      <text>Elige hasta 1 Delantero de coste 2 o menos de tu Break Zone.Juégalo al terreno de juego. Inflige 2000 puntos de daño a todos los Delanteros controlados por tu oponente.</text>
      <prop>
        <type>Summon - VII</type>
        <manacost>4</manacost>
        <colors>Fire</colors>
        <pt>0</pt>
      </prop>
      <set picurl="https://fftcg.cdn.sewest.net/images/cards/full/3-020H_eg.jpg">Opus III</set>
      <tablerow>3</tablerow>
    </card>
    <card>
      <name>Cannoneer (3-021C)</name>
      <text>(Fire)(Fire)(Fire)(Dull), pon Cañonero en la Break Zone: Elige 2 Delanteros. Inflígeles 5000 puntos de daño.</text>
      <prop>
        <type>Backup - V - Standard Unit</type>
        <manacost>2</manacost>
        <colors>Fire</colors>
        <pt>0</pt>
      </prop>
      <set picurl="https://fftcg.cdn.sewest.net/images/cards/full/3-021C_eg.jpg">Opus III</set>
      <tablerow>0</tablerow>
    </card>
    <card>
      <name>Machina (3-022H)</name>
      <text>Cuando un Delantero que ha recibido daño de Machina pasa del terreno de juego a la Break Zone este turno, elige 1 Delantero controlado por tu oponente. Inflígele 4000 puntos de daño.
Campo de aceros(S)(Fire)(Fire)(Fire)(Dull): Elige 1 Delantero controlado por tu oponente. Inflígele 8000 puntos de daño, y 4000 puntos de daño a todos los demás Delanteros controlados por tu oponente.</text>
      <prop>
        <type>Forward - TYPE-0 - Class Zero Cadet</type>
        <manacost>4</manacost>
        <colors>Fire</colors>
        <pt>8000</pt>
      </prop>
      <set picurl="https://fftcg.cdn.sewest.net/images/cards/full/3-022H_eg.jpg">Opus III</set>
      <tablerow>2</tablerow>
    </card>
    <card>
      <name>Luca (3-023C)</name>
      <text>Las Nombre de la carta Palom que controlas ganan +1000 de poder. 
Fulminacerebros (S)(Fire)(Dull), pon en dull 1 Nombre de la carta Rydia activa: Elige 1 Delantero. Inflígele 10000 puntos de daño.</text>
      <prop>
        <type>Backup - IV - Engineer</type>
        <manacost>2</manacost>
        <colors>Fire</colors>
        <pt>0</pt>
      </prop>
      <set picurl="https://fftcg.cdn.sewest.net/images/cards/full/3-023C_eg.jpg">Opus III</set>
      <tablerow>0</tablerow>
    </card>
    <card>
      <name>Rubicante (3-024R)</name>
      <text>Si controlas 4 o más Apoyos Fuego, el coste requerido para jugar Rubicante al terreno de juego se reduce en 2. 
Cuando Rubicante es bloqueado, elige 1 Delantero controlado por tu oponente. Inflígele 5000 puntos de daño. 
Ciclón ígneo (S): Elige 1 Delantero. Inflígele 4000 puntos de daño. Rubicante gana +2000 puntos de poder hasta el final del turno.</text>
      <prop>
        <type>Forward - LOV · IV - Archfiend</type>
        <manacost>6</manacost>
        <colors>Fire</colors>
        <pt>9000</pt>
      </prop>
      <set picurl="https://fftcg.cdn.sewest.net/images/cards/full/3-024R_eg.jpg">Opus III</set>
      <tablerow>2</tablerow>
    </card>
    <card>
      <name>Emina (3-025C)</name>
      <text>El coste requerido para jugar Nombre de la carta Kazusa o Nombre de la carta Kurasame al terreno de juego se reduce en 1 (no puede ser 0).</text>
      <prop>
        <type>Backup - TYPE-0 - Commanding Officer</type>
        <manacost>2</manacost>
        <colors>Ice</colors>
        <pt>0</pt>
      </prop>
      <set picurl="https://fftcg.cdn.sewest.net/images/cards/full/3-025C_eg.jpg">Opus III</set>
      <tablerow>0</tablerow>
    </card>
    <card>
      <name>Kazusa (3-026C)</name>
      <text>Cuando Kazusa entra al terreno de juego, cada jugador descarta 1 carta de su mano.
(Dull), pon Kazusa en la Break Zone: Cada jugador descarta 1 carta de su mano.</text>
      <prop>
        <type>Backup - TYPE-0 - Researcher</type>
        <manacost>2</manacost>
        <colors>Ice</colors>
        <pt>0</pt>
      </prop>
      <set picurl="https://fftcg.cdn.sewest.net/images/cards/full/3-026C_eg.jpg">Opus III</set>
      <tablerow>0</tablerow>
    </card>
    <card>
      <name>Qator Bashtar (3-027R)</name>
      <text>[EX BURST] Cuando Qator Bashtar ataca, elige 1 Delantero de coste 3 o menos controlado por tu oponente. Congélalo.</text>
      <prop>
        <type>Forward - TYPE-0 - Brigadier General</type>
        <manacost>4</manacost>
        <colors>Ice</colors>
        <pt>8000</pt>
      </prop>
      <set picurl="https://fftcg.cdn.sewest.net/images/cards/full/3-027R_eg.jpg">Opus III</set>
      <tablerow>2</tablerow>
    </card>
    <card>
      <name>Semblance of a Gunslinger (3-028C)</name>
      <text>Cuando Artillero artificial inflige daño a tu oponente, elige 1 Delantero en dull. Puedes infligirle 5000 puntos de daño.</text>
      <prop>
        <type>Forward - DFF - Manikin</type>
        <manacost>4</manacost>
        <colors>Ice</colors>
        <pt>8000</pt>
      </prop>
      <set picurl="https://fftcg.cdn.sewest.net/images/cards/full/3-028C_eg.jpg">Opus III</set>
      <tablerow>2</tablerow>
    </card>
    <card>
      <name>Edward (3-029R)</name>
      <text>(Ice)(1)(Dull): Tu oponente descarta 1 carta de su mano. Puedes usar esta habilidad solo durante tu turno.
Fuga (S): Edward no puede ser objetivo de las Invocaciones o habilidades de tu oponente durante este turno.</text>
      <prop>
        <type>Backup - IV - King of Damcyan</type>
        <manacost>3</manacost>
        <colors>Ice</colors>
        <pt>0</pt>
      </prop>
      <set picurl="https://fftcg.cdn.sewest.net/images/cards/full/3-029R_eg.jpg">Opus III</set>
      <tablerow>0</tablerow>
    </card>
    <card>
      <name>Kuja (3-030L)</name>
      <text>Cuando Kuja ataca, elige 1 Delantero. Puedes pagar (1). Si lo haces, ponlo en dull. 
Cuando Kuja ataca, elige 1 Delantero. Puedes pagar (Ice). Si lo haces, congélalo.</text>
      <prop>
        <type>Forward - LOV · IX - Genome</type>
        <manacost>3</manacost>
        <colors>Ice</colors>
        <pt>7000</pt>
      </prop>
      <set picurl="https://fftcg.cdn.sewest.net/images/cards/full/3-030L_eg.jpg">Opus III</set>
      <tablerow>2</tablerow>
    </card>
    <card>
      <name>Kurasame (3-031R)</name>
      <text>Cuando Kurasame entra al terreno de juego, elige hasta 2 Delanteros controlados por tu oponente. Congélalos.</text>
      <prop>
        <type>Forward - TYPE-0 - Instructor</type>
        <manacost>5</manacost>
        <colors>Ice</colors>
        <pt>9000</pt>
      </prop>
      <set picurl="https://fftcg.cdn.sewest.net/images/cards/full/3-031R_eg.jpg">Opus III</set>
      <tablerow>2</tablerow>
    </card>
    <card>
      <name>Shiva (3-032R)</name>
      <text>Elige hasta 2 Delanteros controlados por tu oponente. Ponlos en dull.</text>
      <prop>
        <type>Summon - DFF</type>
        <manacost>2</manacost>
        <colors>Ice</colors>
        <pt>0</pt>
      </prop>
      <set picurl="https://fftcg.cdn.sewest.net/images/cards/full/3-032R_eg.jpg">Opus III</set>
      <tablerow>3</tablerow>
    </card>
    <card>
      <name>Genesis (3-033L)</name>
      <text>Cuando Génesis entra al terreno de juego, elige 1 Delantero controlado por tu oponente. Ponlo en dull y congélalo.
Cuando Génesis inflige daño al oponente, tu oponente descarta 1 carta de su mano.</text>
      <prop>
        <type>Forward - VII - SOLDIER</type>
        <manacost>4</manacost>
        <colors>Ice</colors>
        <pt>7000</pt>
      </prop>
      <set picurl="https://fftcg.cdn.sewest.net/images/cards/full/3-033L_eg.jpg">Opus III</set>
      <tablerow>2</tablerow>
    </card>
    <card>
      <name>Genesis Avatar (3-034H)</name>
      <text>Avatar de Génesis es también Nombre de la carta Génesis en cualquier situación. 
Cuando Avatar de Génesis entra al terreno de juego, inflige daño a cada Delantero controlado por tu oponente por valor de la mitad de su poder (redondeando al alza en múltiplos de 1000).</text>
      <prop>
        <type>Forward - VII - Avatar</type>
        <manacost>6</manacost>
        <colors>Ice</colors>
        <pt>9000</pt>
      </prop>
      <set picurl="https://fftcg.cdn.sewest.net/images/cards/full/3-034H_eg.jpg">Opus III</set>
      <tablerow>2</tablerow>
    </card>
    <card>
      <name>Shelke (3-035R)</name>
      <text>Cuando tu oponente recibe daño, activa a Shelke. 
(Ice)(Ice)(2)(Dull): Elige 1 Delantero. Ponlo en dull.</text>
      <prop>
        <type>Backup - VII - Tsviets</type>
        <manacost>3</manacost>
        <colors>Ice</colors>
        <pt>0</pt>
      </prop>
      <set picurl="https://fftcg.cdn.sewest.net/images/cards/full/3-035R_eg.jpg">Opus III</set>
      <tablerow>0</tablerow>
    </card>
    <card>
      <name>Cid Aulstyne (3-036H)</name>
      <text>[EX BURST] Cuando Cid Aulstyne entra al terreno de juego, elige 1 Delantero controlado por tu oponente. Si tu oponente no tiene cartas en su mano, rómpelo.</text>
      <prop>
        <type>Forward - TYPE-0 - Grand Marshal</type>
        <manacost>5</manacost>
        <colors>Ice</colors>
        <pt>9000</pt>
      </prop>
      <set picurl="https://fftcg.cdn.sewest.net/images/cards/full/3-036H_eg.jpg">Opus III</set>
      <tablerow>2</tablerow>
    </card>
    <card>
      <name>Zalera, the Death Seraph (3-037H)</name>
      <text>Rompe todos los Delanteros en dull de coste 2, 3, 5, 7, 11 y 13 controlados por tu oponente.</text>
      <prop>
        <type>Summon - XII</type>
        <manacost>4</manacost>
        <colors>Ice</colors>
        <pt>0</pt>
      </prop>
      <set picurl="https://fftcg.cdn.sewest.net/images/cards/full/3-037H_eg.jpg">Opus III</set>
      <tablerow>3</tablerow>
    </card>
    <card>
      <name>Xezat (3-038H)</name>
      <text>Iniciativa
Si controlas Nombre de la carta Galuf o Nombre de la carta Kelger o Nombre de la carta Dorgann, Xezat gana +1000 puntos de poder y Bravura.</text>
      <prop>
        <type>Forward - V - Dawn Warrior</type>
        <manacost>5</manacost>
        <colors>Ice</colors>
        <pt>8000</pt>
      </prop>
      <set picurl="https://fftcg.cdn.sewest.net/images/cards/full/3-038H_eg.jpg">Opus III</set>
      <tablerow>2</tablerow>
    </card>
    <card>
      <name>Sephiroth (3-039R)</name>
      <text>[EX BURST] Cuando Sefirot pasa del terreno de juego a la Break Zone, puedes buscar 1 Nombre de la carta Sefirot Oscuridad y añadirla a tu mano.</text>
      <prop>
        <type>Forward - DFF · VII - War Hero</type>
        <manacost>4</manacost>
        <colors>Ice</colors>
        <pt>8000</pt>
      </prop>
      <set picurl="https://fftcg.cdn.sewest.net/images/cards/full/3-039R_eg.jpg">Opus III</set>
      <tablerow>2</tablerow>
    </card>
    <card>
      <name>DGS Trooper 1st Class (3-040C)</name>
      <text>Los Delanteros Frío de Oficio Soldado que controlas ganan +2000 puntos de poder.</text>
      <prop>
        <type>Forward - VII - Deepground Soldier</type>
        <manacost>4</manacost>
        <colors>Ice</colors>
        <pt>8000</pt>
      </prop>
      <set picurl="https://fftcg.cdn.sewest.net/images/cards/full/3-040C_eg.jpg">Opus III</set>
      <tablerow>2</tablerow>
    </card>
    <card>
      <name>Deepground Soldier (3-041C)</name>
      <text>Cuando Soldado Deepground entra al terreno de juego, puedes buscar 1 Nombre de la carta Soldado Deepground 1.ª y añadirla a tu mano.</text>
      <prop>
        <type>Forward - VII - Standard Unit</type>
        <manacost>3</manacost>
        <colors>Ice</colors>
        <pt>5000</pt>
      </prop>
      <set picurl="https://fftcg.cdn.sewest.net/images/cards/full/3-041C_eg.jpg">Opus III</set>
      <tablerow>2</tablerow>
    </card>
    <card>
      <name>Deepground Soldier (3-042C)</name>
      <text>Cuando Soldado Deepground entra al terreno de juego, puedes buscar 1 Nombre de la carta Soldado Deepground de coste 3 y añadirla a tu mano.</text>
      <prop>
        <type>Forward - VII - Standard Unit</type>
        <manacost>2</manacost>
        <colors>Ice</colors>
        <pt>3000</pt>
      </prop>
      <set picurl="https://fftcg.cdn.sewest.net/images/cards/full/3-042C_eg.jpg">Opus III</set>
      <tablerow>2</tablerow>
    </card>
    <card>
      <name>Time Mage (3-043C)</name>
      <text>(Ice)(Ice)(Ice)(Dull), pon Mago temporal en la Break Zone: Elige 1 Delantero que controlas. Retíralo del juego. Después, juégalo en dull. Puedes usar esta habilidad solo durante tu turno.</text>
      <prop>
        <type>Backup - V - Standard Unit</type>
        <manacost>2</manacost>
        <colors>Ice</colors>
        <pt>0</pt>
      </prop>
      <set picurl="https://fftcg.cdn.sewest.net/images/cards/full/3-043C_eg.jpg">Opus III</set>
      <tablerow>0</tablerow>
    </card>
    <card>
      <name>Harley (3-044C)</name>
      <text>El coste requerido para jugar Nombre de la carta Edward al terreno de juego se reduce en 2 (no puede ser 0).</text>
      <prop>
        <type>Backup - IV - Secretary</type>
        <manacost>2</manacost>
        <colors>Ice</colors>
        <pt>0</pt>
      </prop>
      <set picurl="https://fftcg.cdn.sewest.net/images/cards/full/3-044C_eg.jpg">Opus III</set>
      <tablerow>0</tablerow>
    </card>
    <card>
      <name>White Tiger l'Cie Qun'mi (3-045R)</name>
      <text>Iniciativa
Cuando tu oponente elige a 1 o más Delanteros que controlas como objetivo de sus Invocaciones, su efecto se cancela a no ser que tu oponente pague (3).</text>
      <prop>
        <type>Forward - TYPE-0 - L'Cie</type>
        <manacost>3</manacost>
        <colors>Ice</colors>
        <pt>6000</pt>
      </prop>
      <set picurl="https://fftcg.cdn.sewest.net/images/cards/full/3-045R_eg.jpg">Opus III</set>
      <tablerow>2</tablerow>
    </card>
    <card>
      <name>White Tiger l'Cie Nimbus (3-046H)</name>
      <text><p>Solo puedes pagar con CP de Apoyos Frío el coste para jugar a Nimbus, lu'Cie del Tigre de Argén, al terreno de juego desde tu mano.<br />

Bravura</p>

</text>
      <prop>
        <type>Forward - TYPE-0 - L'Cie</type>
        <manacost>3</manacost>
        <colors>Ice</colors>
        <pt>8000</pt>
      </prop>
      <set picurl="https://fftcg.cdn.sewest.net/images/cards/full/3-046H_eg.jpg">Opus III</set>
      <tablerow>2</tablerow>
    </card>
    <card>
      <name>Cannoneer (3-047C)</name>
      <text>Cuando Cañonero entra al terreno de juego, elige hasta 2 Delanteros controlados por tu oponente. Ponlos en dull y congélalos.</text>
      <prop>
        <type>Backup - V - Standard Unit</type>
        <manacost>5</manacost>
        <colors>Ice</colors>
        <pt>0</pt>
      </prop>
      <set picurl="https://fftcg.cdn.sewest.net/images/cards/full/3-047C_eg.jpg">Opus III</set>
      <tablerow>0</tablerow>
    </card>
    <card>
      <name>Mystic Knight (3-048C)</name>
      <text>Si Señor místico recibe daño de Invocaciones o habilidades, este se reduce en 5000 puntos en su lugar.</text>
      <prop>
        <type>Forward - V - Standard Unit</type>
        <manacost>2</manacost>
        <colors>Ice</colors>
        <pt>5000</pt>
      </prop>
      <set picurl="https://fftcg.cdn.sewest.net/images/cards/full/3-048C_eg.jpg">Opus III</set>
      <tablerow>2</tablerow>
    </card>
    <card>
      <name>Izana (3-049C)</name>
      <text>Cuando Izana entra al terreno de juego, puedes buscar 1 Oficio Chocobo o Nombre de la carta Chocobo y añadirla a tu mano.</text>
      <prop>
        <type>Forward - TYPE-0 - Dominion Legionary</type>
        <manacost>2</manacost>
        <colors>Wind</colors>
        <pt>5000</pt>
      </prop>
      <set picurl="https://fftcg.cdn.sewest.net/images/cards/full/3-049C_eg.jpg">Opus III</set>
      <tablerow>2</tablerow>
    </card>
    <card>
      <name>Aerith (3-050L)</name>
      <text>Si controlas un Delantero Categoría VII, el coste requerido para jugar Aeris al terreno de juego se reduce en 1.
Los Delanteros que controlas no pueden ser objetivo de las habilidades de los Apoyos controlados por tu oponente.</text>
      <prop>
        <type>Backup - VII - Ancient</type>
        <manacost>3</manacost>
        <colors>Wind</colors>
        <pt>0</pt>
      </prop>
      <set picurl="https://fftcg.cdn.sewest.net/images/cards/full/3-050L_eg.jpg">Opus III</set>
      <tablerow>0</tablerow>
    </card>
    <card>
      <name>Eight (3-051R)</name>
      <text>Cuando Eight entra al terreno de juego, elige hasta 3 personajes Oficio Clase Cero que controlas. Actívalos.
Estampida espectral (S)(Wind): Durante este turno, Eight no puede ser objetivo de las Invocaciones o habilidades de tu oponente, y la próxima vez que Eight recibe daño, este se vuelve 0.</text>
      <prop>
        <type>Forward - TYPE-0 - Class Zero Cadet</type>
        <manacost>3</manacost>
        <colors>Wind</colors>
        <pt>7000</pt>
      </prop>
      <set picurl="https://fftcg.cdn.sewest.net/images/cards/full/3-051R_eg.jpg">Opus III</set>
      <tablerow>2</tablerow>
    </card>
    <card>
      <name>Dancer (3-052C)</name>
      <text>(Dull): Inflige 1000 puntos de daño a todos los Delanteros controlados por tu oponente.</text>
      <prop>
        <type>Forward - V - Standard Unit</type>
        <manacost>1</manacost>
        <colors>Wind</colors>
        <pt>3000</pt>
      </prop>
      <set picurl="https://fftcg.cdn.sewest.net/images/cards/full/3-052C_eg.jpg">Opus III</set>
      <tablerow>2</tablerow>
    </card>
    <card>
      <name>Ranger (3-053C)</name>
      <text>Guardabosques no puede ser objetivo de las habilidades de tu oponente.</text>
      <prop>
        <type>Forward - V - Standard Unit</type>
        <manacost>3</manacost>
        <colors>Wind</colors>
        <pt>7000</pt>
      </prop>
      <set picurl="https://fftcg.cdn.sewest.net/images/cards/full/3-053C_eg.jpg">Opus III</set>
      <tablerow>2</tablerow>
    </card>
    <card>
      <name>Black Chocobo (3-054C)</name>
      <text>Si Chocobo negro está formando un equipo, ese equipo no puede ser bloqueado.</text>
      <prop>
        <type>Forward - V - Chocobo</type>
        <manacost>1</manacost>
        <colors>Wind</colors>
        <pt>3000</pt>
      </prop>
      <set picurl="https://fftcg.cdn.sewest.net/images/cards/full/3-054C_eg.jpg">Opus III</set>
      <tablerow>2</tablerow>
    </card>
    <card>
      <name>Thief (3-055C)</name>
      <text>(Wind)(1)(Dull), pon Ladrón en la Break Zone: Tu oponente pone las 2 cartas de la parte superior de su mazo en la Break Zone.</text>
      <prop>
        <type>Backup - V - Standard Unit</type>
        <manacost>2</manacost>
        <colors>Wind</colors>
        <pt>0</pt>
      </prop>
      <set picurl="https://fftcg.cdn.sewest.net/images/cards/full/3-055C_eg.jpg">Opus III</set>
      <tablerow>0</tablerow>
    </card>
    <card>
      <name>Zidane (3-056H)</name>
      <text>Cuando Yitán entra al terreno de juego, tu oponente revela su mano. Selecciona 1 carta. Tu oponente descarta la carta seleccionada. 
Si tu oponente tiene 2 cartas o menos en su mano, Yitán gana +4000 de poder.</text>
      <prop>
        <type>Forward - IX - Thief</type>
        <manacost>3</manacost>
        <colors>Wind</colors>
        <pt>3000</pt>
      </prop>
      <set picurl="https://fftcg.cdn.sewest.net/images/cards/full/3-056H_eg.jpg">Opus III</set>
      <tablerow>2</tablerow>
    </card>
    <card>
      <name>Seven (3-057R)</name>
      <text>Los Delanteros de coste 4 o más no pueden bloquear a los Delanteros Oficio Clase Cero que controlas.
Presa (S): Elige 1 habilidad especial o de apoyo. Anula su efecto.</text>
      <prop>
        <type>Forward - TYPE-0 - Class Zero Cadet</type>
        <manacost>2</manacost>
        <colors>Wind</colors>
        <pt>4000</pt>
      </prop>
      <set picurl="https://fftcg.cdn.sewest.net/images/cards/full/3-057R_eg.jpg">Opus III</set>
      <tablerow>2</tablerow>
    </card>
    <card>
      <name>Sky Pirate Replica (3-058C)</name>
      <text>Cuando Pirata del aire ocioso ataca, elige 1 Apoyo que controlas. Actívalo.</text>
      <prop>
        <type>Forward - DFF - Manikin</type>
        <manacost>3</manacost>
        <colors>Wind</colors>
        <pt>7000</pt>
      </prop>
      <set picurl="https://fftcg.cdn.sewest.net/images/cards/full/3-058C_eg.jpg">Opus III</set>
      <tablerow>2</tablerow>
    </card>
    <card>
      <name>King Tycoon (3-059H)</name>
      <text>[EX BURST] Cuando Rey Tycoon entra al terreno de juego, puedes buscar 1 Nombre de la carta Faris o Nombre de la carta Lena y añadirla a tu mano.</text>
      <prop>
        <type>Backup - V - King</type>
        <manacost>3</manacost>
        <colors>Wind</colors>
        <pt>0</pt>
      </prop>
      <set picurl="https://fftcg.cdn.sewest.net/images/cards/full/3-059H_eg.jpg">Opus III</set>
      <tablerow>0</tablerow>
    </card>
    <card>
      <name>Tsukinowa (3-060R)</name>
      <text>Tsukinowa no puede ser bloqueado por un Delantero de coste 3 o más.
Si controlas Nombre de la carta Edge, Tsukinowa gana Prisa.</text>
      <prop>
        <type>Forward - IV - Ninja</type>
        <manacost>1</manacost>
        <colors>Wind</colors>
        <pt>2000</pt>
      </prop>
      <set picurl="https://fftcg.cdn.sewest.net/images/cards/full/3-060R_eg.jpg">Opus III</set>
      <tablerow>2</tablerow>
    </card>
    <card>
      <name>Diablos (3-061R)</name>
      <text>[EX BURST] Elige 1 Delantero. Inflígele 1000 puntos de daño por cada personaje que controlas. Si controlas algún Delantero Oficio Clase Cero, selecciona hasta 3 Apoyos que controlas. Actívalos.</text>
      <prop>
        <type>Summon - TYPE-0</type>
        <manacost>3</manacost>
        <colors>Wind</colors>
        <pt>0</pt>
      </prop>
      <set picurl="https://fftcg.cdn.sewest.net/images/cards/full/3-061R_eg.jpg">Opus III</set>
      <tablerow>3</tablerow>
    </card>
    <card>
      <name>Deuce (3-062C)</name>
      <text>(Wind)(Dull): Elige 1 Delantero atacante. Inflígele 2000 puntos de daño. 
Concierto (S)(Wind)(Dull): Elige 1 Delantero. Inflígele 4000 puntos de daño por cada Delantero Oficio Clase Cero que controlas.</text>
      <prop>
        <type>Backup - TYPE-0 - Class Zero Cadet</type>
        <manacost>2</manacost>
        <colors>Wind</colors>
        <pt>0</pt>
      </prop>
      <set picurl="https://fftcg.cdn.sewest.net/images/cards/full/3-062C_eg.jpg">Opus III</set>
      <tablerow>0</tablerow>
    </card>
    <card>
      <name>Dorgann (3-063H)</name>
      <text>(Dull), retira Dorgann del juego: Elige 1 Delantero. Retíralo del juego.</text>
      <prop>
        <type>Forward - V - Dawn Warrior</type>
        <manacost>3</manacost>
        <colors>Wind</colors>
        <pt>6000</pt>
      </prop>
      <set picurl="https://fftcg.cdn.sewest.net/images/cards/full/3-063H_eg.jpg">Opus III</set>
      <tablerow>2</tablerow>
    </card>
    <card>
      <name>Trey (3-064H)</name>
      <text>Si Trey está activo, Trey no puede ser objetivo de las habilidades de tu oponente.
Si Trey está en dull, Trey no puede ser objetivo de las Invocaciones de tu oponente.</text>
      <prop>
        <type>Forward - TYPE-0 - Class Zero Cadet</type>
        <manacost>4</manacost>
        <colors>Wind</colors>
        <pt>8000</pt>
      </prop>
      <set picurl="https://fftcg.cdn.sewest.net/images/cards/full/3-064H_eg.jpg">Opus III</set>
      <tablerow>2</tablerow>
    </card>
    <card>
      <name>Bartz (3-065L)</name>
      <text>Bartz tiene los oficios de los Delanteros que controlas.
Si Bartz tiene 3 oficios o más, gana Prisa e Iniciativa. 
Si Bartz tiene 5 oficios o más, gana +3000 de poder, Bravura y puede atacar dos veces en el mismo turno.</text>
      <prop>
        <type>Forward - V - Freelancer</type>
        <manacost>3</manacost>
        <colors>Wind</colors>
        <pt>6000</pt>
      </prop>
      <set picurl="https://fftcg.cdn.sewest.net/images/cards/full/3-065L_eg.jpg">Opus III</set>
      <tablerow>2</tablerow>
    </card>
    <card>
      <name>Barbariccia (3-066R)</name>
      <text>Cuando Barbariccia entra al terreno de juego, elige 1 Delantero controlado por tu oponente. Su poder pasa a ser 1000 hasta el final del turno.</text>
      <prop>
        <type>Forward - LOV · IV - Archfiend</type>
        <manacost>4</manacost>
        <colors>Wind</colors>
        <pt>7000</pt>
      </prop>
      <set picurl="https://fftcg.cdn.sewest.net/images/cards/full/3-066R_eg.jpg">Opus III</set>
      <tablerow>2</tablerow>
    </card>
    <card>
      <name>Wind Drake (3-067R)</name>
      <text>(Dull): Elige 1 Delantero que controlas que no sea Hiryu. Devuelve el Delantero elegido y Hiryu a la mano de su propietario.</text>
      <prop>
        <type>Forward - V - Dragon</type>
        <manacost>3</manacost>
        <colors>Wind</colors>
        <pt>7000</pt>
      </prop>
      <set picurl="https://fftcg.cdn.sewest.net/images/cards/full/3-067R_eg.jpg">Opus III</set>
      <tablerow>2</tablerow>
    </card>
    <card>
      <name>Geomancer (3-068C)</name>
      <text>Cuando Geomante entra al terreno de juego, inflige 2000 puntos de daño a todos los Delanteros controlados por tu oponente.</text>
      <prop>
        <type>Backup - V - Standard Unit</type>
        <manacost>2</manacost>
        <colors>Wind</colors>
        <pt>0</pt>
      </prop>
      <set picurl="https://fftcg.cdn.sewest.net/images/cards/full/3-068C_eg.jpg">Opus III</set>
      <tablerow>0</tablerow>
    </card>
    <card>
      <name>Yuffie (3-069C)</name>
      <text>Si controlas Nombre de la carta Vincent, el coste para jugar Yuffie al terreno de juego se vuelve 0. 
Las Nombre de la carta Vincent que controlas ganan +1000 puntos de poder y Bravura.</text>
      <prop>
        <type>Forward - VII - Ninja</type>
        <manacost>2</manacost>
        <colors>Wind</colors>
        <pt>5000</pt>
      </prop>
      <set picurl="https://fftcg.cdn.sewest.net/images/cards/full/3-069C_eg.jpg">Opus III</set>
      <tablerow>2</tablerow>
    </card>
    <card>
      <name>Oracle (3-070C)</name>
      <text>(Wind)(Wind)(Dull), pon Oráculo en la Break Zone: Activa todos los personajes que controlas.</text>
      <prop>
        <type>Backup - V - Standard Unit</type>
        <manacost>2</manacost>
        <colors>Wind</colors>
        <pt>0</pt>
      </prop>
      <set picurl="https://fftcg.cdn.sewest.net/images/cards/full/3-070C_eg.jpg">Opus III</set>
      <tablerow>0</tablerow>
    </card>
    <card>
      <name>Chaos, Walker of the Wheel (3-071H)</name>
      <text>[EX BURST] Elige 1 Delantero controlado por tu oponente. Rómpelo. Si ese Delantero pasa a la Break Zone, tu oponente puede jugar 1 Delantero de su mano al terreno de juego.</text>
      <prop>
        <type>Summon - XII</type>
        <manacost>3</manacost>
        <colors>Wind</colors>
        <pt>0</pt>
      </prop>
      <set picurl="https://fftcg.cdn.sewest.net/images/cards/full/3-071H_eg.jpg">Opus III</set>
      <tablerow>3</tablerow>
    </card>
    <card>
      <name>Rem (3-072R)</name>
      <text>[EX BURST] Cuando Rem entra al terreno de juego, elige 1 carta Categoría TYPE-0 de tu Break Zone. Añádela a tu mano.</text>
      <prop>
        <type>Backup - TYPE-0 - Class Zero Cadet</type>
        <manacost>4</manacost>
        <colors>Wind</colors>
        <pt>0</pt>
      </prop>
      <set picurl="https://fftcg.cdn.sewest.net/images/cards/full/3-072R_eg.jpg">Opus III</set>
      <tablerow>0</tablerow>
    </card>
    <card>
      <name>Ursula (3-073C)</name>
      <text>Si controlas Nombre de la carta Yang, Ursula gana +3000 de poder. 
Remate a dos bandas (S)(Earth)(Earth): Elige 1 Delantero. Inflígele 9000 puntos de daño. Solo puedes usar esta habilidad si controlas Nombre de la carta Yang.</text>
      <prop>
        <type>Forward - IV - Monk</type>
        <manacost>2</manacost>
        <colors>Earth</colors>
        <pt>6000</pt>
      </prop>
      <set picurl="https://fftcg.cdn.sewest.net/images/cards/full/3-073C_eg.jpg">Opus III</set>
      <tablerow>2</tablerow>
    </card>
    <card>
      <name>Atomos (3-074R)</name>
      <text>Elige 1 Delantero. Inflígele daño equivalente al poder del Delantero más poderoso que controlas.</text>
      <prop>
        <type>Summon - DFF · IX</type>
        <manacost>4</manacost>
        <colors>Earth</colors>
        <pt>0</pt>
      </prop>
      <set picurl="https://fftcg.cdn.sewest.net/images/cards/full/3-074R_eg.jpg">Opus III</set>
      <tablerow>3</tablerow>
    </card>
    <card>
      <name>Horror of Antiquity (3-075C)</name>
      <text>Cuando Monstruo de la antigüedad pasa del terreno de juego a la Break Zone, puedes jugar 1 Nombre de la carta Monstruo de la antigüedad de tu mano al terreno de juego.</text>
      <prop>
        <type>Forward - DFF - Manikin</type>
        <manacost>2</manacost>
        <colors>Earth</colors>
        <pt>6000</pt>
      </prop>
      <set picurl="https://fftcg.cdn.sewest.net/images/cards/full/3-075C_eg.jpg">Opus III</set>
      <tablerow>2</tablerow>
    </card>
    <card>
      <name>Masked Woman (3-076R)</name>
      <text>Cuando Mujer enmascarada entra al terreno de juego, elige 1 Delantero en dull de coste 4 o menos controlado por tu oponente. Rómpelo.</text>
      <prop>
        <type>Backup - WOFF - Mysterious Woman</type>
        <manacost>3</manacost>
        <colors>Earth</colors>
        <pt>0</pt>
      </prop>
      <set picurl="https://fftcg.cdn.sewest.net/images/cards/full/3-076R_eg.jpg">Opus III</set>
      <tablerow>0</tablerow>
    </card>
    <card>
      <name>Galuf (3-077H)</name>
      <text>Si tienes 4 cartas o más en tu mano, Galuf gana +2000 de poder.
Si tienes 5 cartas o más en tu mano, Galuf gana Bravura.</text>
      <prop>
        <type>Forward - V - Dawn Warrior</type>
        <manacost>5</manacost>
        <colors>Earth</colors>
        <pt>9000</pt>
      </prop>
      <set picurl="https://fftcg.cdn.sewest.net/images/cards/full/3-077H_eg.jpg">Opus III</set>
      <tablerow>2</tablerow>
    </card>
    <card>
      <name>Krile (3-078H)</name>
      <text>Hoja embrujada: Piro+ (S)(Fire): Inflige 6000 puntos de daño a todos los Delanteros controlados por tu oponente.
Hoja embrujada: Electro+ (S)(Lightning): Elige hasta 2 Delanteros dañados. Rómpelos.</text>
      <prop>
        <type>Forward - V - Mystic Knight</type>
        <manacost>2</manacost>
        <colors>Earth</colors>
        <pt>6000</pt>
      </prop>
      <set picurl="https://fftcg.cdn.sewest.net/images/cards/full/3-078H_eg.jpg">Opus III</set>
      <tablerow>2</tablerow>
    </card>
    <card>
      <name>Kefka (3-079H)</name>
      <text>Si controlas 3 o más Apoyos de elementos distintos, Kefka gana +3000 de poder. 
Si controlas 5 o más Apoyos de elementos distintos, Kefka gana Bravura.</text>
      <prop>
        <type>Forward - DFF · VI - Mage</type>
        <manacost>2</manacost>
        <colors>Earth</colors>
        <pt>5000</pt>
      </prop>
      <set picurl="https://fftcg.cdn.sewest.net/images/cards/full/3-079H_eg.jpg">Opus III</set>
      <tablerow>2</tablerow>
    </card>
    <card>
      <name>Black Tortoise l'Cie Gilgamesh (3-080R)</name>
      <text>Bravura
(Dull): Elige 1 Delantero. Este pierde Iniciativa hasta el final del turno.
(Dull): Gilgamesh, lu'Cie de la Tortuga de Sable, gana +2000 de poder hasta el final del turno.</text>
      <prop>
        <type>Forward - TYPE-0 - L'Cie</type>
        <manacost>5</manacost>
        <colors>Earth</colors>
        <pt>8000</pt>
      </prop>
      <set picurl="https://fftcg.cdn.sewest.net/images/cards/full/3-080R_eg.jpg">Opus III</set>
      <tablerow>2</tablerow>
    </card>
    <card>
      <name>Summoner (3-081C)</name>
      <text>(Earth)(Earth)(Dull), pon Invocador en la Break Zone: Lanza 1 Invocación de coste 6 o menos de tu mano sin pagar su coste.</text>
      <prop>
        <type>Backup - V - Standard Unit</type>
        <manacost>2</manacost>
        <colors>Earth</colors>
        <pt>0</pt>
      </prop>
      <set picurl="https://fftcg.cdn.sewest.net/images/cards/full/3-081C_eg.jpg">Opus III</set>
      <tablerow>0</tablerow>
    </card>
    <card>
      <name>Scarmiglione (3-082R)</name>
      <text>Cuando Scarmiglione entra al terreno de juego desde la Break Zone, elige 1 Delantero. Inflígele daño equivalente a la mitad del poder de Scarmiglione (redondeando al alza en múltiplos de 1000). 
Muerto viviente (S): Cuando Scarmiglione pasa del terreno de juego a la Break Zone este turno, devuelve Scarmiglione al terreno de juego. Este gana +2000 de poder hasta el final del turno.</text>
      <prop>
        <type>Forward - LOV · IV - Archfiend</type>
        <manacost>2</manacost>
        <colors>Earth</colors>
        <pt>6000</pt>
      </prop>
      <set picurl="https://fftcg.cdn.sewest.net/images/cards/full/3-082R_eg.jpg">Opus III</set>
      <tablerow>2</tablerow>
    </card>
    <card>
      <name>Segwarides (3-083C)</name>
      <text>Durante tu turno, las Nombre de la carta Brandelis que controlas ganan Iniciativa. 
(Dull): Elige 1 Delantero. Pierde Iniciativa hasta el final del turno.</text>
      <prop>
        <type>Backup - WOFF - Knight</type>
        <manacost>2</manacost>
        <colors>Earth</colors>
        <pt>0</pt>
      </prop>
      <set picurl="https://fftcg.cdn.sewest.net/images/cards/full/3-083C_eg.jpg">Opus III</set>
      <tablerow>0</tablerow>
    </card>
    <card>
      <name>WRO Member (3-084C)</name>
      <text>Si controlas 2 o más Nombre de la carta Oficial de la WRO, Oficial de la WRO gana +1000 de poder y Bravura.</text>
      <prop>
        <type>Forward - VII - Standard Unit</type>
        <manacost>2</manacost>
        <colors>Earth</colors>
        <pt>6000</pt>
      </prop>
      <set picurl="https://fftcg.cdn.sewest.net/images/cards/full/3-084C_eg.jpg">Opus III</set>
      <tablerow>2</tablerow>
    </card>
    <card>
      <name>WRO Member (3-085C)</name>
      <text>(Dull), pon Oficial de la WRO en la Break Zone: Elige 1 Nombre de la carta Comandante de la WRO. No puede romperse este turno.</text>
      <prop>
        <type>Backup - VII - Standard Unit</type>
        <manacost>2</manacost>
        <colors>Earth</colors>
        <pt>0</pt>
      </prop>
      <set picurl="https://fftcg.cdn.sewest.net/images/cards/full/3-085C_eg.jpg">Opus III</set>
      <tablerow>0</tablerow>
    </card>
    <card>
      <name>WRO Commander (3-086C)</name>
      <text>Si controlas Nombre de la carta Vincent, Comandante de la WRO gana +1000 de poder. 
Las Nombre de la carta Oficial de la WRO que controlas ganan +2000 de poder.</text>
      <prop>
        <type>Forward - VII - Commander</type>
        <manacost>3</manacost>
        <colors>Earth</colors>
        <pt>7000</pt>
      </prop>
      <set picurl="https://fftcg.cdn.sewest.net/images/cards/full/3-086C_eg.jpg">Opus III</set>
      <tablerow>2</tablerow>
    </card>
    <card>
      <name>Zeromus, the Condemner (3-087H)</name>
      <text>[EX BURST] Elige hasta 1 Delantero de tu Break Zone de coste igual o menor que el daño que has recibido. Devuélvelo a tu mano. Tu oponente selecciona 1 Delantero de coste igual o menor que el daño que has recibido y lo pone en la Break Zone.</text>
      <prop>
        <type>Summon - XII</type>
        <manacost>7</manacost>
        <colors>Earth</colors>
        <pt>0</pt>
      </prop>
      <set picurl="https://fftcg.cdn.sewest.net/images/cards/full/3-087H_eg.jpg">Opus III</set>
      <tablerow>3</tablerow>
    </card>
    <card>
      <name>Delita (3-088L)</name>
      <text>Cuando Delita sea objetivo de una habilidad de un personaje controlado por tu oponente, rompe ese personaje. 
Cuando Delita sea objetivo de una Invocación de tu oponente, inflige 1 punto de daño al oponente.</text>
      <prop>
        <type>Forward - FFT - Knight</type>
        <manacost>5</manacost>
        <colors>Earth</colors>
        <pt>9000</pt>
      </prop>
      <set picurl="https://fftcg.cdn.sewest.net/images/cards/full/3-088L_eg.jpg">Opus III</set>
      <tablerow>2</tablerow>
    </card>
    <card>
      <name>The Girl Who Forgot Her Name (3-089R)</name>
      <text>Cuando Chica sin nombre entra al terreno de juego, puedes buscar 1 Delantero Categoría WOFF y añadirlo a tu mano.</text>
      <prop>
        <type>Backup - WOFF - Girl</type>
        <manacost>3</manacost>
        <colors>Earth</colors>
        <pt>0</pt>
      </prop>
      <set picurl="https://fftcg.cdn.sewest.net/images/cards/full/3-089R_eg.jpg">Opus III</set>
      <tablerow>0</tablerow>
    </card>
    <card>
      <name>Ninja (3-090C)</name>
      <text>Cuando Ninja entra al terreno de juego, elige 1 Delantero en dull de coste 2 o menos controlado por tu oponente. Rómpelo.</text>
      <prop>
        <type>Backup - V - Standard Unit</type>
        <manacost>2</manacost>
        <colors>Earth</colors>
        <pt>0</pt>
      </prop>
      <set picurl="https://fftcg.cdn.sewest.net/images/cards/full/3-090C_eg.jpg">Opus III</set>
      <tablerow>0</tablerow>
    </card>
    <card>
      <name>Berserker (3-091C)</name>
      <text>Bárbaro no puede formar equipos. 
Bárbaro debe atacar una vez por turno siempre que sea posible.</text>
      <prop>
        <type>Forward - V - Standard Unit</type>
        <manacost>3</manacost>
        <colors>Earth</colors>
        <pt>8000</pt>
      </prop>
      <set picurl="https://fftcg.cdn.sewest.net/images/cards/full/3-091C_eg.jpg">Opus III</set>
      <tablerow>2</tablerow>
    </card>
    <card>
      <name>Prishe (3-092L)</name>
      <text>Bravura
Cuando Prishe pasa del terreno de juego a la Break Zone, puedes jugar 1 Nombre de la carta Prishe de tu mano al terreno de juego. 
Patada anuladora (S)(Earth)(Earth)(2): Elige 1 Delantero en dull. Rómpelo.</text>
      <prop>
        <type>Forward - DFF · XI - Abhorrent One</type>
        <manacost>6</manacost>
        <colors>Earth</colors>
        <pt>9000</pt>
      </prop>
      <set picurl="https://fftcg.cdn.sewest.net/images/cards/full/3-092L_eg.jpg">Opus III</set>
      <tablerow>2</tablerow>
    </card>
    <card>
      <name>Brandelis (3-093H)</name>
      <text>[EX BURST] Cuando Brandelis entra al terreno de juego, puedes buscar 1 Nombre de la carta Segwarides o Nombre de la carta Pellinore y añadirla a tu mano. 
Brandelis gana +1000 de poder por cada Nombre de la carta Segwarides y Nombre de la carta Pellinore que controlas.</text>
      <prop>
        <type>Forward - WOFF - Knight</type>
        <manacost>5</manacost>
        <colors>Earth</colors>
        <pt>6000</pt>
      </prop>
      <set picurl="https://fftcg.cdn.sewest.net/images/cards/full/3-093H_eg.jpg">Opus III</set>
      <tablerow>2</tablerow>
    </card>
    <card>
      <name>Pellinore (3-094C)</name>
      <text>Las Nombre de la carta Brandelis que controlas ganan Bravura. 
(Earth)(1)(Dull): Inflige 1000 puntos de daño a todos los Delanteros.</text>
      <prop>
        <type>Backup - WOFF - Knight</type>
        <manacost>2</manacost>
        <colors>Earth</colors>
        <pt>0</pt>
      </prop>
      <set picurl="https://fftcg.cdn.sewest.net/images/cards/full/3-094C_eg.jpg">Opus III</set>
      <tablerow>0</tablerow>
    </card>
    <card>
      <name>Yang (3-095R)</name>
      <text>Si controlas Nombre de la carta Ursula, Yang gana +1000 de poder y Bravura.
Cuando Yang entra al terreno de juego, puedes jugar 1 Nombre de la carta Ursula de tu mano al terreno de juego. 
Patada (S)(Earth)(1)(Dull): Inflige a todos los Delanteros controlados por tu oponente daño equivalente a la mitad del poder de Yang (redondeando al alza en múltiplos de 1000).</text>
      <prop>
        <type>Forward - IV - Monk</type>
        <manacost>4</manacost>
        <colors>Earth</colors>
        <pt>8000</pt>
      </prop>
      <set picurl="https://fftcg.cdn.sewest.net/images/cards/full/3-095R_eg.jpg">Opus III</set>
      <tablerow>2</tablerow>
    </card>
    <card>
      <name>Rydia (3-096R)</name>
      <text>Cuando Rydia entra al terreno de juego, puedes buscar 1 Invocación y añadirla a tu mano.</text>
      <prop>
        <type>Backup - LOV · IV - Summoner</type>
        <manacost>3</manacost>
        <colors>Earth</colors>
        <pt>0</pt>
      </prop>
      <set picurl="https://fftcg.cdn.sewest.net/images/cards/full/3-096R_eg.jpg">Opus III</set>
      <tablerow>0</tablerow>
    </card>
    <card>
      <name>Arecia Al-Rashia (3-097R)</name>
      <text>Cuando Arecia Al'Racia entra al terreno de juego, puedes buscar 1 Delantero Categoría TYPE-0 y añadirlo a tu mano.</text>
      <prop>
        <type>Backup - TYPE-0 - Archsorceress</type>
        <manacost>3</manacost>
        <colors>Lightning</colors>
        <pt>0</pt>
      </prop>
      <set picurl="https://fftcg.cdn.sewest.net/images/cards/full/3-097R_eg.jpg">Opus III</set>
      <tablerow>0</tablerow>
    </card>
    <card>
      <name>Angeal (3-098R)</name>
      <text>Cuando Angeal pasa del terreno de juego a la Break Zone, puedes buscar 1 Nombre de la carta Zack y añadirla a tu mano.</text>
      <prop>
        <type>Forward - VII - SOLDIER</type>
        <manacost>3</manacost>
        <colors>Lightning</colors>
        <pt>7000</pt>
      </prop>
      <set picurl="https://fftcg.cdn.sewest.net/images/cards/full/3-098R_eg.jpg">Opus III</set>
      <tablerow>2</tablerow>
    </card>
    <card>
      <name>Angeal Penance (3-099R)</name>
      <text>Expiación de Angeal es también Nombre de la carta Angeal en cualquier situación.
Prisa
Cuando Expiación de Angeal inflige daño a un oponente, elige 1 Delantero dañado. Rómpelo.</text>
      <prop>
        <type>Forward - VII - Test Subject</type>
        <manacost>4</manacost>
        <colors>Lightning</colors>
        <pt>7000</pt>
      </prop>
      <set picurl="https://fftcg.cdn.sewest.net/images/cards/full/3-099R_eg.jpg">Opus III</set>
      <tablerow>2</tablerow>
    </card>
    <card>
      <name>Exdeath (3-100L)</name>
      <text>Cuando Exdeath ataca, todos los personajes controlados por tu oponente pierden sus oficios hasta el final del turno.
Gran Cruz(S)(Lightning)(Lightning)(Lightning)(Lightning)(Lightning)(Lightning)(Lightning): Retira del juego todos los personajes en el terreno de juego que no sean Exdeath y todas las cartas que estén en la Break Zone.</text>
      <prop>
        <type>Forward - V - Wizard</type>
        <manacost>5</manacost>
        <colors>Lightning</colors>
        <pt>9000</pt>
      </prop>
      <set picurl="https://fftcg.cdn.sewest.net/images/cards/full/3-100L_eg.jpg">Opus III</set>
      <tablerow>2</tablerow>
    </card>
    <card>
      <name>Enuo (3-101R)</name>
      <text>Si un personaje pasa del terreno de juego a la Break Zone, puedes retirarlo del juego en su lugar.
(1): Elige 1 carta de la Break Zone. Retírala del juego.</text>
      <prop>
        <type>Forward - V - Wizard</type>
        <manacost>5</manacost>
        <colors>Lightning</colors>
        <pt>9000</pt>
      </prop>
      <set picurl="https://fftcg.cdn.sewest.net/images/cards/full/3-101R_eg.jpg">Opus III</set>
      <tablerow>2</tablerow>
    </card>
    <card>
      <name>Odin (3-102R)</name>
      <text>Elige 1 Delantero. Si tiene 7000 o menos de poder, rómpelo. Si controlas un Delantero Oficio Clase Cero, rómpelo sin importar cuál sea su poder.</text>
      <prop>
        <type>Summon - TYPE-0</type>
        <manacost>4</manacost>
        <colors>Lightning</colors>
        <pt>0</pt>
      </prop>
      <set picurl="https://fftcg.cdn.sewest.net/images/cards/full/3-102R_eg.jpg">Opus III</set>
      <tablerow>3</tablerow>
    </card>
    <card>
      <name>Gilgamesh (3-103H)</name>
      <text>(Fire): Elige 1 Delantero. Inflígele 2000 puntos de daño. 
(Wind): Gilgamesh no puede ser objetivo de las Invocaciones este turno. 
(Earth): Gilgamesh gana +1000 de poder hasta el final del turno.
(Lightning): Gilgamesh gana Prisa hasta el final del turno.</text>
      <prop>
        <type>Forward - V - Praetorian</type>
        <manacost>4</manacost>
        <colors>Lightning</colors>
        <pt>8000</pt>
      </prop>
      <set picurl="https://fftcg.cdn.sewest.net/images/cards/full/3-103H_eg.jpg">Opus III</set>
      <tablerow>2</tablerow>
    </card>
    <card>
      <name>Queen (3-104C)</name>
      <text>Si controlas otras Oficio Clase Cero que no sean Queen, Queen gana Iniciativa.
Reprís (S): Queen gana Prisa y "Queen no puede ser bloqueada" hasta el final del turno.</text>
      <prop>
        <type>Forward - TYPE-0 - Class Zero Cadet</type>
        <manacost>3</manacost>
        <colors>Lightning</colors>
        <pt>7000</pt>
      </prop>
      <set picurl="https://fftcg.cdn.sewest.net/images/cards/full/3-104C_eg.jpg">Opus III</set>
      <tablerow>2</tablerow>
    </card>
    <card>
      <name>Black Waltz 3 (3-105C)</name>
      <text>[EX BURST] Cuando Vals Negro 3 entra al terreno de juego, elige 1 Delantero controlado por tu oponente. Hasta el final del turno, su poder se reduce en 1000 por cada carta que tienes en tu mano.</text>
      <prop>
        <type>Forward - IX - Black Mage</type>
        <manacost>4</manacost>
        <colors>Lightning</colors>
        <pt>7000</pt>
      </prop>
      <set picurl="https://fftcg.cdn.sewest.net/images/cards/full/3-105C_eg.jpg">Opus III</set>
      <tablerow>2</tablerow>
    </card>
    <card>
      <name>Black Mage (3-106C)</name>
      <text>Cuando Mago negro entra al terreno de juego, elige 1 Delantero controlado por tu oponente. Si controlas 4 o más Nombre de la carta Mago negro, su poder se reduce en 8000 hasta el final del turno.</text>
      <prop>
        <type>Backup - V - Standard Unit</type>
        <manacost>2</manacost>
        <colors>Lightning</colors>
        <pt>0</pt>
      </prop>
      <set picurl="https://fftcg.cdn.sewest.net/images/cards/full/3-106C_eg.jpg">Opus III</set>
      <tablerow>0</tablerow>
    </card>
    <card>
      <name>Black Mage (3-107C)</name>
      <text>(Lightning)(Lightning)(2)(Dull), pon Mago negro en la Break Zone: Elige 1 Delantero activo de coste 3 o menos. Rómpelo.</text>
      <prop>
        <type>Backup - V - Standard Unit</type>
        <manacost>2</manacost>
        <colors>Lightning</colors>
        <pt>0</pt>
      </prop>
      <set picurl="https://fftcg.cdn.sewest.net/images/cards/full/3-107C_eg.jpg">Opus III</set>
      <tablerow>0</tablerow>
    </card>
    <card>
      <name>Kelger (3-108H)</name>
      <text>Prisa
Cuando Kelger entra al terreno de juego, puedes jugar 1 Oficio Guerrero del alba de tu mano al terreno de juego.
Ataque lupino (S): Kelger gana +6000 de poder hasta el final del turno.</text>
      <prop>
        <type>Forward - V - Dawn Warrior</type>
        <manacost>6</manacost>
        <colors>Lightning</colors>
        <pt>8000</pt>
      </prop>
      <set picurl="https://fftcg.cdn.sewest.net/images/cards/full/3-108H_eg.jpg">Opus III</set>
      <tablerow>2</tablerow>
    </card>
    <card>
      <name>Sice (3-109C)</name>
      <text>Cuando Sice ataca, elige 1 Delantero controlado por tu oponente. Hasta el final del turno, este pierde 1000 de poder por cada personaje Oficio Clase Cero que controlas. 
Agujero negro (S)(Lightning): Elige 1 Delantero. Hasta el final del turno, este pierde 4000 de poder.</text>
      <prop>
        <type>Forward - TYPE-0 - Class Zero Cadet</type>
        <manacost>2</manacost>
        <colors>Lightning</colors>
        <pt>5000</pt>
      </prop>
      <set picurl="https://fftcg.cdn.sewest.net/images/cards/full/3-109C_eg.jpg">Opus III</set>
      <tablerow>2</tablerow>
    </card>
    <card>
      <name>Zangetsu (3-110R)</name>
      <text>(1)(Dull): Elige 1 Delantero. Inflígele 7000 puntos de daño. Solo puedes usar esta habilidad si controlas Nombre de la carta Edge.
(Lightning)(Dull): Elige 1 Delantero. Inflígele 4000 puntos de daño.</text>
      <prop>
        <type>Forward - IV - Ninja</type>
        <manacost>3</manacost>
        <colors>Lightning</colors>
        <pt>6000</pt>
      </prop>
      <set picurl="https://fftcg.cdn.sewest.net/images/cards/full/3-110R_eg.jpg">Opus III</set>
      <tablerow>2</tablerow>
    </card>
    <card>
      <name>Jack (3-111H)</name>
      <text>Jack no puede bloquear. 
Cuando Jack ataca, Jack no se activa durante tu siguiente Active Phase. 
Premonición (S)(Lightning): Activa a Jack. Jack pierde todas sus habilidades hasta el final del turno.</text>
      <prop>
        <type>Forward - TYPE-0 - Class Zero Cadet</type>
        <manacost>1</manacost>
        <colors>Lightning</colors>
        <pt>7000</pt>
      </prop>
      <set picurl="https://fftcg.cdn.sewest.net/images/cards/full/3-111H_eg.jpg">Opus III</set>
      <tablerow>2</tablerow>
    </card>
    <card>
      <name>Exodus, the Judge-Sal (3-112H)</name>
      <text>Selecciona 1 número. Luego tu oponente selecciona 1 número. Rompe todos los Delanteros de coste equivalente a cualquiera de esos números.</text>
      <prop>
        <type>Summon - XII</type>
        <manacost>4</manacost>
        <colors>Lightning</colors>
        <pt>0</pt>
      </prop>
      <set picurl="https://fftcg.cdn.sewest.net/images/cards/full/3-112H_eg.jpg">Opus III</set>
      <tablerow>3</tablerow>
    </card>
    <card>
      <name>Nine (3-113R)</name>
      <text>Cuando Nine ataca, elige 1 Delantero que controlas. Hasta el final del turno, este gana +1000 de poder por cada Delantero Oficio Clase Cero que controlas. 
Rugido (S)(Lightning)(Lightning)(Lightning)(Lightning): Los Delanteros no pueden bloquear este turno.</text>
      <prop>
        <type>Forward - TYPE-0 - Class Zero Cadet</type>
        <manacost>4</manacost>
        <colors>Lightning</colors>
        <pt>8000</pt>
      </prop>
      <set picurl="https://fftcg.cdn.sewest.net/images/cards/full/3-113R_eg.jpg">Opus III</set>
      <tablerow>2</tablerow>
    </card>
    <card>
      <name>Freya (3-114C)</name>
      <text>Prisa Iniciativa
Cerezo en flor (S)(Lightning)(Lightning): Por cadaOficio Draconarius y Nombre de la carta Caballero dragónque controlas, inflige 2000 puntos de daño a todos los Delanteros controlados por tu oponente.</text>
      <prop>
        <type>Forward - IX - Dragoon</type>
        <manacost>3</manacost>
        <colors>Lightning</colors>
        <pt>5000</pt>
      </prop>
      <set picurl="https://fftcg.cdn.sewest.net/images/cards/full/3-114C_eg.jpg">Opus III</set>
      <tablerow>2</tablerow>
    </card>
    <card>
      <name>Cannoneer (3-115C)</name>
      <text>(Lightning)(1)(Dull), pon Cañonero y 1 Apoyo que no sea Cañonero en la Break Zone: Elige 1 Delantero. Inflígele 7000 puntos de daño.</text>
      <prop>
        <type>Backup - V - Standard Unit</type>
        <manacost>2</manacost>
        <colors>Lightning</colors>
        <pt>0</pt>
      </prop>
      <set picurl="https://fftcg.cdn.sewest.net/images/cards/full/3-115C_eg.jpg">Opus III</set>
      <tablerow>0</tablerow>
    </card>
    <card>
      <name>Mystic Knight (3-116C)</name>
      <text>Cuando Señor místico pasa del terreno de juego a la Break Zone, elige 1 Delantero controlado por tu oponente. Inflígele 4000 puntos de daño.</text>
      <prop>
        <type>Forward - V - Standard Unit</type>
        <manacost>2</manacost>
        <colors>Lightning</colors>
        <pt>4000</pt>
      </prop>
      <set picurl="https://fftcg.cdn.sewest.net/images/cards/full/3-116C_eg.jpg">Opus III</set>
      <tablerow>2</tablerow>
    </card>
    <card>
      <name>Simulacrum of a Hero (3-117C)</name>
      <text>(1)(Dull): Elige 1 Delantero. Inflígele 1000 puntos de daño. 
(2)(Dull): Elige 1 Delantero. Inflígele 3000 puntos de daño.</text>
      <prop>
        <type>Forward - DFF - Manikin</type>
        <manacost>3</manacost>
        <colors>Lightning</colors>
        <pt>7000</pt>
      </prop>
      <set picurl="https://fftcg.cdn.sewest.net/images/cards/full/3-117C_eg.jpg">Opus III</set>
      <tablerow>2</tablerow>
    </card>
    <card>
      <name>Lightning (3-118H)</name>
      <text>[EX BURST] Cuando Lightning entra al terreno de juego, elige 1 Nombre de la carta Odín de tu Break Zone. Puedes ponerla en la parte superior de tu mazo.
Modo Empatía (S)(Lightning)(1)(Dull), descarta 1 Nombre de la carta Odín: Elige hasta 2 Delanteros de coste 4 o menos. Rómpelos.</text>
      <prop>
        <type>Forward - DFF · XIII - Warrior</type>
        <manacost>5</manacost>
        <colors>Lightning</colors>
        <pt>8000</pt>
      </prop>
      <set picurl="https://fftcg.cdn.sewest.net/images/cards/full/3-118H_eg.jpg">Opus III</set>
      <tablerow>2</tablerow>
    </card>
    <card>
      <name>Ramza (3-119L)</name>
      <text>Por cada Delantero Categoría FFT que controlas que no sea Ramza, Ramza gana +1000 de poder. 
(3): Elige 1 Delantero Categoría FFT que controlas. Este gana +1000 de poder, Prisa e Iniciativa hasta el final del turno.</text>
      <prop>
        <type>Forward - FFT - Knight</type>
        <manacost>3</manacost>
        <colors>Lightning</colors>
        <pt>7000</pt>
      </prop>
      <set picurl="https://fftcg.cdn.sewest.net/images/cards/full/3-119L_eg.jpg">Opus III</set>
      <tablerow>2</tablerow>
    </card>
    <card>
      <name>Dragoon (3-120C)</name>
      <text>(Lightning): Caballero dragón gana Prisa hasta el final del turno.</text>
      <prop>
        <type>Forward - V - Standard Unit</type>
        <manacost>2</manacost>
        <colors>Lightning</colors>
        <pt>5000</pt>
      </prop>
      <set picurl="https://fftcg.cdn.sewest.net/images/cards/full/3-120C_eg.jpg">Opus III</set>
      <tablerow>2</tablerow>
    </card>
    <card>
      <name>Blue Mage (3-121C)</name>
      <text>(Water)(Water)(1)(Dull), pon Mago azul en la Break Zone: Elige 1 Delantero de coste 5 o más. Devuélvelo a la mano de su propietario.</text>
      <prop>
        <type>Backup - V - Standard Unit</type>
        <manacost>2</manacost>
        <colors>Water</colors>
        <pt>0</pt>
      </prop>
      <set picurl="https://fftcg.cdn.sewest.net/images/cards/full/3-121C_eg.jpg">Opus III</set>
      <tablerow>0</tablerow>
    </card>
    <card>
      <name>Artemicion (3-122C)</name>
      <text>Cuando Artemición entra al terreno de juego, pon en la parte inferior de tu mazo tantas cartas de tu mano como quieras en cualquier orden. Después, coge el mismo número de cartas.</text>
      <prop>
        <type>Backup - IX - Moogle</type>
        <manacost>2</manacost>
        <colors>Water</colors>
        <pt>0</pt>
      </prop>
      <set picurl="https://fftcg.cdn.sewest.net/images/cards/full/3-122C_eg.jpg">Opus III</set>
      <tablerow>0</tablerow>
    </card>
    <card>
      <name>Famfrit, the Darkening Cloud (3-123R)</name>
      <text>[EX BURST] Ambos jugadores seleccionan 1 Delantero que controlan y lo ponen en la Break Zone.</text>
      <prop>
        <type>Summon - XII</type>
        <manacost>3</manacost>
        <colors>Water</colors>
        <pt>0</pt>
      </prop>
      <set picurl="https://fftcg.cdn.sewest.net/images/cards/full/3-123R_eg.jpg">Opus III</set>
      <tablerow>3</tablerow>
    </card>
    <card>
      <name>Izayoi (3-124R)</name>
      <text>Cuando Izayoi entra al terreno de juego, puedes jugar 1 Oficio Ninja o Nombre de la carta Ninja de coste 3 o menos de tu mano al terreno de juego. 
Ilusión (S)(Water)(Water): Elige hasta 2 Delanteros. Estos no pueden atacar ni bloquear este turno.</text>
      <prop>
        <type>Forward - IV - Ninja</type>
        <manacost>4</manacost>
        <colors>Water</colors>
        <pt>8000</pt>
      </prop>
      <set picurl="https://fftcg.cdn.sewest.net/images/cards/full/3-124R_eg.jpg">Opus III</set>
      <tablerow>2</tablerow>
    </card>
    <card>
      <name>Ephemeral Summoner (3-125C)</name>
      <text>Cuando Invocadora efímera entra al terreno de juego, puedes buscar 1 Invocación Agua de coste 4 o menos y ponerla en la parte superior de tu mazo.</text>
      <prop>
        <type>Forward - DFF - Manikin</type>
        <manacost>2</manacost>
        <colors>Water</colors>
        <pt>4000</pt>
      </prop>
      <set picurl="https://fftcg.cdn.sewest.net/images/cards/full/3-125C_eg.jpg">Opus III</set>
      <tablerow>2</tablerow>
    </card>
    <card>
      <name>Eiko (3-126H)</name>
      <text>(Water)(Water)(Dull), pon Eiko en la Break Zone: Elige 4 Invocaciones de tu Break Zone. Añade 1 a tu mano y retira el resto del juego.</text>
      <prop>
        <type>Backup - IX - Summoner</type>
        <manacost>2</manacost>
        <colors>Water</colors>
        <pt>0</pt>
      </prop>
      <set picurl="https://fftcg.cdn.sewest.net/images/cards/full/3-126H_eg.jpg">Opus III</set>
      <tablerow>0</tablerow>
    </card>
    <card>
      <name>Eiko (3-127R)</name>
      <text>Cuando Eiko entra al terreno de juego, puedes buscar 1 Delantero Categoría IX y añadirlo a tu mano.</text>
      <prop>
        <type>Backup - IX - Summoner</type>
        <manacost>3</manacost>
        <colors>Water</colors>
        <pt>0</pt>
      </prop>
      <set picurl="https://fftcg.cdn.sewest.net/images/cards/full/3-127R_eg.jpg">Opus III</set>
      <tablerow>0</tablerow>
    </card>
    <card>
      <name>Dancer (3-128C)</name>
      <text>(Dull): Elige 1 Delantero controlado por tu oponente. Este pierde todas sus habilidades hasta el final del turno.</text>
      <prop>
        <type>Forward - V - Standard Unit</type>
        <manacost>2</manacost>
        <colors>Water</colors>
        <pt>3000</pt>
      </prop>
      <set picurl="https://fftcg.cdn.sewest.net/images/cards/full/3-128C_eg.jpg">Opus III</set>
      <tablerow>2</tablerow>
    </card>
    <card>
      <name>Garnet (3-129L)</name>
      <text>Garnet no puede ser objetivo de las Invocaciones de tu oponente. 
Cuando lanzas una Invocación, todos los Delanteros que controlas ganan +1000 de poder hasta el final del turno. 
(Water)(Water): Lanza 1 Invocación de coste 3 o menos de tu mano sin pagar su coste.</text>
      <prop>
        <type>Forward - IX - Princess</type>
        <manacost>3</manacost>
        <colors>Water</colors>
        <pt>7000</pt>
      </prop>
      <set picurl="https://fftcg.cdn.sewest.net/images/cards/full/3-129L_eg.jpg">Opus III</set>
      <tablerow>2</tablerow>
    </card>
    <card>
      <name>Cagnazzo (3-130R)</name>
      <text>Si Cagnazzo recibe daño durante el turno de tu oponente, este se reduce en 4000 puntos en su lugar. 
Cuando Cagnazzo entra al terreno de juego, hasta el final del turno, todos los Delanteros controlados por tu oponente pierden 1000 de poder por cada 2 personajes Agua que controlas.</text>
      <prop>
        <type>Forward - LOV · IV - Archfiend</type>
        <manacost>3</manacost>
        <colors>Water</colors>
        <pt>5000</pt>
      </prop>
      <set picurl="https://fftcg.cdn.sewest.net/images/cards/full/3-130R_eg.jpg">Opus III</set>
      <tablerow>2</tablerow>
    </card>
    <card>
      <name>Ghido (3-131H)</name>
      <text>Ghido no se activa durante la Active Phase. 
(Water): Activa Ghido.
(Water)(1)(Dull): Elige 1 Delantero de coste 5 o más controlado por tu oponente. Ponlo en la parte superior del mazo de su propietario.</text>
      <prop>
        <type>Backup - V - Sage</type>
        <manacost>3</manacost>
        <colors>Water</colors>
        <pt>0</pt>
      </prop>
      <set picurl="https://fftcg.cdn.sewest.net/images/cards/full/3-131H_eg.jpg">Opus III</set>
      <tablerow>0</tablerow>
    </card>
    <card>
      <name>Quacho Queen (3-132R)</name>
      <text>(Water)(1)(Dull): Elige 1 Delantero. Hasta el final del turno, gana +1000 de poder por cada Delantero que controlas.</text>
      <prop>
        <type>Backup - WOFF - Queen</type>
        <manacost>4</manacost>
        <colors>Water</colors>
        <pt>0</pt>
      </prop>
      <set picurl="https://fftcg.cdn.sewest.net/images/cards/full/3-132R_eg.jpg">Opus III</set>
      <tablerow>0</tablerow>
    </card>
    <card>
      <name>Quina (3-133C)</name>
      <text>Quina gana +1000 de poder por cada carta que tienes en tu mano. 
Engullir (S): Elige 1 Delantero controlado por tu oponente que haya recibido daño este turno. Si ese Delantero tiene una habilidad especial o de acción, rómpelo.</text>
      <prop>
        <type>Forward - IX - Blue Mage</type>
        <manacost>4</manacost>
        <colors>Water</colors>
        <pt>5000</pt>
      </prop>
      <set picurl="https://fftcg.cdn.sewest.net/images/cards/full/3-133C_eg.jpg">Opus III</set>
      <tablerow>2</tablerow>
    </card>
    <card>
      <name>Summoner (3-134C)</name>
      <text>Cuando Invocador entra al terreno de juego, elige 1 Invocación de tu Break Zone. Añádela a tu mano.</text>
      <prop>
        <type>Backup - V - Standard Unit</type>
        <manacost>4</manacost>
        <colors>Water</colors>
        <pt>0</pt>
      </prop>
      <set picurl="https://fftcg.cdn.sewest.net/images/cards/full/3-134C_eg.jpg">Opus III</set>
      <tablerow>0</tablerow>
    </card>
    <card>
      <name>Syldra (3-135H)</name>
      <text>Elige hasta 2 Delanteros controlados por tu oponente. Devuélvelos a la mano de su propietario.</text>
      <prop>
        <type>Summon - V</type>
        <manacost>6</manacost>
        <colors>Water</colors>
        <pt>0</pt>
      </prop>
      <set picurl="https://fftcg.cdn.sewest.net/images/cards/full/3-135H_eg.jpg">Opus III</set>
      <tablerow>3</tablerow>
    </card>
    <card>
      <name>White Mage (3-136C)</name>
      <text>Si Mago blanco o un Delantero que forma equipo con Mago blanco recibe daño, este se reduce en 3000 puntos en su lugar.</text>
      <prop>
        <type>Forward - V - Standard Unit</type>
        <manacost>1</manacost>
        <colors>Water</colors>
        <pt>3000</pt>
      </prop>
      <set picurl="https://fftcg.cdn.sewest.net/images/cards/full/3-136C_eg.jpg">Opus III</set>
      <tablerow>2</tablerow>
    </card>
    <card>
      <name>Steiner (3-137R)</name>
      <text>[EX BURST] Cuando Steiner entra al terreno de juego, puedes buscar 1 personaje Categoría IXy añadirlo a tu mano. 
Si controlas algún personaje Categoría IX además de Steiner, Steiner gana +1000 de poder.</text>
      <prop>
        <type>Forward - IX - Knight</type>
        <manacost>5</manacost>
        <colors>Water</colors>
        <pt>6000</pt>
      </prop>
      <set picurl="https://fftcg.cdn.sewest.net/images/cards/full/3-137R_eg.jpg">Opus III</set>
      <tablerow>2</tablerow>
    </card>
    <card>
      <name>Ceodore (3-138H)</name>
      <text>Cuando un personaje Agua que no sea Ceodore entra al terreno de juego, elige 1 Delantero que controlas. Selecciona 1 de las siguientes opciones. "Gana +1000 de poder hasta el final del turno." "Gana Iniciativa hasta el final del turno." "Gana Bravura hasta el final del turno."</text>
      <prop>
        <type>Forward - IV - Red Wing</type>
        <manacost>4</manacost>
        <colors>Water</colors>
        <pt>8000</pt>
      </prop>
      <set picurl="https://fftcg.cdn.sewest.net/images/cards/full/3-138H_eg.jpg">Opus III</set>
      <tablerow>2</tablerow>
    </card>
    <card>
      <name>Knight (3-139C)</name>
      <text>Caballero gana +1000 de poder por cada Apoyo que controlas.</text>
      <prop>
        <type>Forward - V - Standard Unit</type>
        <manacost>2</manacost>
        <colors>Water</colors>
        <pt>3000</pt>
      </prop>
      <set picurl="https://fftcg.cdn.sewest.net/images/cards/full/3-139C_eg.jpg">Opus III</set>
      <tablerow>2</tablerow>
    </card>
    <card>
      <name>Porom (3-140R)</name>
      <text>Cuando Porom entra al terreno de juego, activa todos los Delanteros que controlas.
Cura++ (S): Elige 1 Delantero que controlas. Durante este turno, el siguiente daño que reciba se vuelve 0 en su lugar.</text>
      <prop>
        <type>Forward - IV - White Mage</type>
        <manacost>4</manacost>
        <colors>Water</colors>
        <pt>7000</pt>
      </prop>
      <set picurl="https://fftcg.cdn.sewest.net/images/cards/full/3-140R_eg.jpg">Opus III</set>
      <tablerow>2</tablerow>
    </card>
    <card>
      <name>Mog (IX) (3-141C)</name>
      <text>Cuando Mogu (IX) entra al terreno de juego, si controlas Nombre de la carta Eiko, coge 1 carta.
(Water)(Water)(1)(Dull), pon Mogu (IX) en la Break Zone: Elige 1 Delantero. Devuélvelo a la mano de su propietario.</text>
      <prop>
        <type>Backup - IX - Moogle</type>
        <manacost>3</manacost>
        <colors>Water</colors>
        <pt>0</pt>
      </prop>
      <set picurl="https://fftcg.cdn.sewest.net/images/cards/full/3-141C_eg.jpg">Opus III</set>
      <tablerow>0</tablerow>
    </card>
    <card>
      <name>Famed Mimic Gogo (3-142H)</name>
      <text>Si tu oponente no controla ningún Delantero, pon Famoso imitador Gogo en la Break Zone. 
Golpe poderoso (S): Elige 1 Delantero. Ponlo en la Break Zone. Solo puedes usar esta habilidad si Famoso imitador Gogo ha recibido daño este turno.</text>
      <prop>
        <type>Forward - V - Mime</type>
        <manacost>1</manacost>
        <colors>Water</colors>
        <pt>7000</pt>
      </prop>
      <set picurl="https://fftcg.cdn.sewest.net/images/cards/full/3-142H_eg.jpg">Opus III</set>
      <tablerow>2</tablerow>
    </card>
    <card>
      <name>Leonora (3-143C)</name>
      <text>[EX BURST] Cuando Leonora entra al terreno de juego, puedes buscar 1 Nombre de la carta Palom o Nombre de la carta Porom y añadirla a tu mano.</text>
      <prop>
        <type>Backup - IV - Epopt</type>
        <manacost>3</manacost>
        <colors>Water</colors>
        <pt>0</pt>
      </prop>
      <set picurl="https://fftcg.cdn.sewest.net/images/cards/full/3-143C_eg.jpg">Opus III</set>
      <tablerow>0</tablerow>
    </card>
    <card>
      <name>Lenna (3-144L)</name>
      <text>Cuando Lena entra al terreno de juego, elige 1 Delantero Agua de coste 2 o menos de tu Break Zone. Juégalo al terreno de juego.
Lázaro+ (S)(Water)(Water)(Water)(Water)(Dull): Elige un Delantero que no sea;Luz u Oscuridad de tu Break Zone. Juégalo al terreno de juego. Puedes usar esta habilidad solo durante tu turno.</text>
      <prop>
        <type>Forward - V - Princess</type>
        <manacost>5</manacost>
        <colors>Water</colors>
        <pt>7000</pt>
      </prop>
      <set picurl="https://fftcg.cdn.sewest.net/images/cards/full/3-144L_eg.jpg">Opus III</set>
      <tablerow>2</tablerow>
    </card>
    <card>
      <name>Ultima, the High Seraph (3-145L)</name>
      <text>Si controlas un Delantero Luz, el coste requerido para lanzar Artema, el Ángel, se reduce en 2. 
Retira del juego todos los Delanteros en el terreno de juego que no sean Luz u Oscuridad. Retira de la parte superior de tu mazo el doble de las cartas que hayas retirado del juego por el efecto anterior.</text>
      <prop>
        <type>Summon - XII</type>
        <manacost>7</manacost>
        <colors>Light</colors>
        <pt>0</pt>
      </prop>
      <set picurl="https://fftcg.cdn.sewest.net/images/cards/full/3-145L_eg.jpg">Opus III</set>
      <tablerow>3</tablerow>
    </card>
    <card>
      <name>Minerva (3-146H)</name>
      <text>Al principio de tu Main Phase 1, selecciona 1 de las siguientes opciones. "Todos los Delanteros que controlas ganan +3000 de poder hasta el final del turno." "Todos los personajes controlados por tu oponente pierden sus habilidades hasta el final del turno." "Coge 1 carta."</text>
      <prop>
        <type>Forward - VII - Goddess</type>
        <manacost>7</manacost>
        <colors>Light</colors>
        <pt>10000</pt>
      </prop>
      <set picurl="https://fftcg.cdn.sewest.net/images/cards/full/3-146H_eg.jpg">Opus III</set>
      <tablerow>2</tablerow>
    </card>
    <card>
      <name>Zodiark, Keeper of Precepts (3-147L)</name>
      <text>Si controlas un Delantero Oscuridad, el coste requerido para lanzar Zodiark, el Castigador, se reduce en 3. 
Rompe todos los Delanteros controlados por tu oponente. Recibes daño equivalente al número de Delanteros que hayas roto por ese efecto.</text>
      <prop>
        <type>Summon - XII</type>
        <manacost>7</manacost>
        <colors>Dark</colors>
        <pt>0</pt>
      </prop>
      <set picurl="https://fftcg.cdn.sewest.net/images/cards/full/3-147L_eg.jpg">Opus III</set>
      <tablerow>3</tablerow>
    </card>
    <card>
      <name>Feral Chaos (3-148H)</name>
      <text>Caos salvaje es también Nombre de la carta Caos en cualquier situación.
Prisa Iniciativa Bravura
Cuando Caos salvaje ataca o bloquea, selecciona 1 personaje que controlas. Ponlo en la Break Zone.</text>
      <prop>
        <type>Forward - DFF · I - Utter Pandemonium</type>
        <manacost>5</manacost>
        <colors>Dark</colors>
        <pt>10000</pt>
      </prop>
      <set picurl="https://fftcg.cdn.sewest.net/images/cards/full/3-148H_eg.jpg">Opus III</set>
      <tablerow>2</tablerow>
    </card>
    <card>
      <name>Vivi (3-149S)</name>
      <text>Pon Vivi en la Break Zone: Elige 1 Delantero. Inflígele 5000 puntos de daño. 
(Fire)(Fire), pon Vivi en la Break Zone: Elige 1 Delantero. Inflígele 8000 puntos de daño.</text>
      <prop>
        <type>Forward - IX - Black Mage</type>
        <manacost>2</manacost>
        <colors>Fire</colors>
        <pt>2000</pt>
      </prop>
      <set picurl="https://fftcg.cdn.sewest.net/images/cards/full/3-149S_eg.jpg">Opus III</set>
      <tablerow>2</tablerow>
    </card>
    <card>
      <name>Moogle (Class Zero Cadet) (3-150S)</name>
      <text>Los Delanteros Oficio Clase Cero que controlas ganan +1000 de poder.</text>
      <prop>
        <type>Backup - TYPE-0 - Moogle</type>
        <manacost>3</manacost>
        <colors>Wind</colors>
        <pt>0</pt>
      </prop>
      <set picurl="https://fftcg.cdn.sewest.net/images/cards/full/3-150S_eg.jpg">Opus III</set>
      <tablerow>0</tablerow>
    </card>
    <card>
      <name>Queen (3-151S)</name>
      <text>[EX BURST] Cuando Queen entra al terreno de juego, elige 1 Delantero controlado por tu oponente. Si controlas 2 o más Delanteros Oficio Clase Cero, ponlo en dull. Si controlas 5 o más Delanteros Oficio Clase Cero, rómpelo.</text>
      <prop>
        <type>Forward - TYPE-0 - Class Zero Cadet</type>
        <manacost>2</manacost>
        <colors>Lightning</colors>
        <pt>4000</pt>
      </prop>
      <set picurl="https://fftcg.cdn.sewest.net/images/cards/full/3-151S_eg.jpg">Opus III</set>
      <tablerow>2</tablerow>
    </card>
    <card>
      <name>Garnet (3-152S)</name>
      <text>Cuando Garnet entra al terreno de juego, puedes buscar 1 Invocación Agua de coste 2 o menos y usarla sin pagar el coste. Si decides no usarla, ponla en la Break Zone.</text>
      <prop>
        <type>Forward - IX - Princess</type>
        <manacost>3</manacost>
        <colors>Water</colors>
        <pt>5000</pt>
      </prop>
      <set picurl="https://fftcg.cdn.sewest.net/images/cards/full/3-152S_eg.jpg">Opus III</set>
      <tablerow>2</tablerow>
    </card>
    <card>
      <name>Ace (3-153S)</name>
      <text>Cuando Ace entra al terreno de juego, puedes jugar 1 Delantero Oficio Clase Cero de tu mano. 
Cuando Ace pasa del terreno de juego a la Break Zone, elige 1 Delantero Oficio Clase Cero que no sea Nombre de la carta Ace de tu Break Zone y añádelo a tu mano.</text>
      <prop>
        <type>Forward - TYPE-0 - Class Zero Cadet</type>
        <manacost>6</manacost>
        <colors>Light</colors>
        <pt>7000</pt>
      </prop>
      <set picurl="https://fftcg.cdn.sewest.net/images/cards/full/3-153S_eg.jpg">Opus III</set>
      <tablerow>2</tablerow>
    </card>
    <card>
      <name>Zidane (3-154S)</name>
      <text>Si controlas un Delantero Categoría IX, el coste requerido para jugar Yitán al terreno de juego se reduce en 1. 
Cuando Yitán entra al terreno de juego, selecciona 1 de las siguientes opciones. "Coge 1 carta." "Tu oponente descarta 1 carta de su mano." "Activa todos los personajes Categoría IX que controlas. "</text>
      <prop>
        <type>Forward - IX - Genome</type>
        <manacost>3</manacost>
        <colors>Light</colors>
        <pt>7000</pt>
      </prop>
      <set picurl="https://fftcg.cdn.sewest.net/images/cards/full/3-154S_eg.jpg">Opus III</set>
      <tablerow>2</tablerow>
    </card>
  </cards>
</cockatrice_carddatabase>