<?xml version="1.0" encoding="UTF-8"?>
<cockatrice_carddatabase version="4">
  <sets>
    <set>
      <name>Opus VIII</name>
      <longname>Opus VIII</longname>
      <settype>Custom</settype>
      <releasedate></releasedate>
    </set>
  </sets>
  <cards>
    <card>
      <name>Ark Angel HM (8-001R)</name>
      <text>Si Arcángel HM inflige daño a tu oponente, duplica el daño en su lugar.
Cuando Arcángel HM ataca, Arcángel HM gana +3000 de poder hasta el final del turno.</text>
      <prop>
        <type>Forward - XI - Ark Angel</type>
        <manacost>3</manacost>
        <colors>Fire</colors>
        <pt>6000</pt>
      </prop>
      <set picurl="https://fftcg.cdn.sewest.net/images/cards/full/8-001R_eg.jpg">Opus VIII</set>
      <tablerow>2</tablerow>
    </card>
    <card>
      <name>Red Mage (8-002C)</name>
      <text>Cuando Mago rojo entra al terreno de juego, elige 1 Delantero Fuego. Hasta el final del turno, este gana Prisa y Bravura.</text>
      <prop>
        <type>Backup - XIV - Standard Unit</type>
        <manacost>2</manacost>
        <colors>Fire</colors>
        <pt>0</pt>
      </prop>
      <set picurl="https://fftcg.cdn.sewest.net/images/cards/full/8-002C_eg.jpg">Opus VIII</set>
      <tablerow>0</tablerow>
    </card>
    <card>
      <name>Ifrit (8-003C)</name>
      <text>[EX BURST] Elige 1 Delantero. Inflígele 4000 puntos de daño y 1000 puntos adicionales por cada Apoyo Fuego que controlas.</text>
      <prop>
        <type>Summon - XI</type>
        <manacost>4</manacost>
        <colors>Fire</colors>
        <pt>0</pt>
      </prop>
      <set picurl="https://fftcg.cdn.sewest.net/images/cards/full/8-003C_eg.jpg">Opus VIII</set>
      <tablerow>3</tablerow>
    </card>
    <card>
      <name>Iroha (8-004R)</name>
      <text>Si un personaje Fuego que controlas inflige daño a un Delantero, el daño aumenta en 1000 en su lugar.
(Dull): Elige 1 Delantero. Inflígele 1000 puntos de daño.</text>
      <prop>
        <type>Forward - MOBIUS · XI - Samurai</type>
        <manacost>3</manacost>
        <colors>Fire</colors>
        <pt>7000</pt>
      </prop>
      <set picurl="https://fftcg.cdn.sewest.net/images/cards/full/8-004R_eg.jpg">Opus VIII</set>
      <tablerow>2</tablerow>
    </card>
    <card>
      <name>Edgar (8-005C)</name>
      <text>(Dull): Elige 1 Delantero Categoría VI que controlas. Este gana +1000 de poder hasta el final del turno.</text>
      <prop>
        <type>Backup - VI - King</type>
        <manacost>2</manacost>
        <colors>Fire</colors>
        <pt>0</pt>
      </prop>
      <set picurl="https://fftcg.cdn.sewest.net/images/cards/full/8-005C_eg.jpg">Opus VIII</set>
      <tablerow>0</tablerow>
    </card>
    <card>
      <name>Cloud (8-006L)</name>
      <text>[EX BURST] Cuando Cloud entra al terreno de juego, elige 1 Delantero controlado por tu oponente. Inflígele 3000 puntos de daño y 1000 puntos adicionales por cada punto de daño que has recibido.
Cuando Cloud pasa del terreno de juego a la Break Zone, puedes retirar del juego las 10 cartas de la parte superior de tu mazo. Si lo haces, devuelve Cloud al terreno de juego en dull.</text>
      <prop>
        <type>Forward - VII - SOLDIER</type>
        <manacost>5</manacost>
        <colors>Fire</colors>
        <pt>9000</pt>
      </prop>
      <set picurl="https://fftcg.cdn.sewest.net/images/cards/full/8-006L_eg.jpg">Opus VIII</set>
      <tablerow>2</tablerow>
    </card>
    <card>
      <name>Black Mage (8-007C)</name>
      <text>(Fire)(Fire)(Dull), pon Mago negro en la Break Zone: Elige 1 Invocación Fuego de tu Break Zone. Añádela a tu mano.</text>
      <prop>
        <type>Backup - FFTA - Standard Unit</type>
        <manacost>2</manacost>
        <colors>Fire</colors>
        <pt>0</pt>
      </prop>
      <set picurl="https://fftcg.cdn.sewest.net/images/cards/full/8-007C_eg.jpg">Opus VIII</set>
      <tablerow>0</tablerow>
    </card>
    <card>
      <name>Golem (8-008C)</name>
      <text>Cuando Gólem entra al terreno de juego, elige 1 Delantero. Este gana +2000 de poder hasta el final del turno.
Pon Gólem en la Break Zone: Elige 1 Delantero atacante. Este gana +4000 de poder hasta el final del turno.</text>
      <prop>
        <type>Monster - FFCC - Golem</type>
        <manacost>1</manacost>
        <colors>Fire</colors>
        <pt>0</pt>
      </prop>
      <set picurl="https://fftcg.cdn.sewest.net/images/cards/full/8-008C_eg.jpg">Opus VIII</set>
      <tablerow>1</tablerow>
    </card>
    <card>
      <name>Samurai (8-009C)</name>
      <text>Si has recibido 3 o más puntos de daño, Samurái gana Bravura.
Si has recibido 5 o más puntos de daño, Samurái gana +1000 de poder.</text>
      <prop>
        <type>Forward - XIV - Standard Unit</type>
        <manacost>3</manacost>
        <colors>Fire</colors>
        <pt>7000</pt>
      </prop>
      <set picurl="https://fftcg.cdn.sewest.net/images/cards/full/8-009C_eg.jpg">Opus VIII</set>
      <tablerow>2</tablerow>
    </card>
    <card>
      <name>Amarant (8-010H)</name>
      <text>[EX BURST] Cuando Amarant entra al terreno de juego, selecciona 1 de las siguientes 2 acciones.
"Elige 1 Delantero controlado por tu oponente. Inflígele 7000 puntos de daño."
"Elige 1 Monstruo de coste 3 o menos controlado por tu oponente. Rómpelo."</text>
      <prop>
        <type>Forward - IX - Fighter</type>
        <manacost>7</manacost>
        <colors>Fire</colors>
        <pt>7000</pt>
      </prop>
      <set picurl="https://fftcg.cdn.sewest.net/images/cards/full/8-010H_eg.jpg">Opus VIII</set>
      <tablerow>2</tablerow>
    </card>
    <card>
      <name>Cid (FFL) (8-011C)</name>
      <text>Cuando Cid (FFL) entra al terreno de juego, elige 1 Delantero. Inflígele 5000 puntos de daño. Si controlas 5 o más Apoyos Fuego, inflígele 8000 puntos de daño en su lugar.</text>
      <prop>
        <type>Backup - FFL - Helmsman</type>
        <manacost>3</manacost>
        <colors>Fire</colors>
        <pt>0</pt>
      </prop>
      <set picurl="https://fftcg.cdn.sewest.net/images/cards/full/8-011C_eg.jpg">Opus VIII</set>
      <tablerow>0</tablerow>
    </card>
    <card>
      <name>Zenos (8-012H)</name>
      <text>Si tu oponente controla algún Delantero Oficio Guerrero de la Luz, Zenos gana +2000 de poder, Prisa y Bravura.
Cuando Zenos inflige daño a tu oponente, elige 1 Delantero controlado por tu oponente. Inflígele 5000 puntos de daño.</text>
      <prop>
        <type>Forward - XIV - General</type>
        <manacost>4</manacost>
        <colors>Fire</colors>
        <pt>8000</pt>
      </prop>
      <set picurl="https://fftcg.cdn.sewest.net/images/cards/full/8-012H_eg.jpg">Opus VIII</set>
      <tablerow>2</tablerow>
    </card>
    <card>
      <name>Warrior (8-013C)</name>
      <text>(Fire): Si Guerrero inflige daño a un Delantero este turno, el daño aumenta en 2000 en su lugar.</text>
      <prop>
        <type>Forward - XIV - Standard Unit</type>
        <manacost>2</manacost>
        <colors>Fire</colors>
        <pt>5000</pt>
      </prop>
      <set picurl="https://fftcg.cdn.sewest.net/images/cards/full/8-013C_eg.jpg">Opus VIII</set>
      <tablerow>2</tablerow>
    </card>
    <card>
      <name>Duncan (8-014L)</name>
      <text>Puedes usar la habilidad especial de Duncan descartando una Nombre de la carta Sabin en lugar de una Nombre de la carta Duncan para pagar el coste.
Cuando Duncan entra al terreno de juego, elige 1 Delantero de coste 4 o menos controlado por tu oponente. Inflígele 4000 puntos de daño.
Estampida espectral (S)(Dull): Elige 1 Delantero. Inflígele daño equivalente al poder de Duncan.</text>
      <prop>
        <type>Forward - MOBIUS · VI - Monk</type>
        <manacost>4</manacost>
        <colors>Fire</colors>
        <pt>8000</pt>
      </prop>
      <set picurl="https://fftcg.cdn.sewest.net/images/cards/full/8-014L_eg.jpg">Opus VIII</set>
      <tablerow>2</tablerow>
    </card>
    <card>
      <name>Bahamut (8-015H)</name>
      <text>Solo puedes pagar con CP de Apoyos el coste para lanzar Bahamut.
Elige 1 Delantero. Inflígele 10000 puntos de daño. Si pasa del terreno de juego a la Break Zone este turno, retíralo del juego en su lugar.</text>
      <prop>
        <type>Summon - Special</type>
        <manacost>4</manacost>
        <colors>Fire</colors>
        <pt>0</pt>
      </prop>
      <set picurl="https://fftcg.cdn.sewest.net/images/cards/full/8-015H_eg.jpg">Opus VIII</set>
      <tablerow>3</tablerow>
    </card>
    <card>
      <name>Vivi (8-016H)</name>
      <text>Cuando Vivi entra al terreno de juego, elige 1 Delantero controlado por tu oponente. Inflígele 2000 puntos de daño. Si controlas 4 o más personajes Categoría IX, inflígele 7000 puntos de daño en su lugar. Si controlas 7 o más personajes Categoría IX, inflígele 10000 puntos de daño en su lugar.</text>
      <prop>
        <type>Forward - IX - Black Mage</type>
        <manacost>1</manacost>
        <colors>Fire</colors>
        <pt>2000</pt>
      </prop>
      <set picurl="https://fftcg.cdn.sewest.net/images/cards/full/8-016H_eg.jpg">Opus VIII</set>
      <tablerow>2</tablerow>
    </card>
    <card>
      <name>Brynhildr (8-017C)</name>
      <text>[EX BURST] Elige 1 Delantero. Inflígele 7000 puntos de daño.</text>
      <prop>
        <type>Summon - XIII</type>
        <manacost>3</manacost>
        <colors>Fire</colors>
        <pt>0</pt>
      </prop>
      <set picurl="https://fftcg.cdn.sewest.net/images/cards/full/8-017C_eg.jpg">Opus VIII</set>
      <tablerow>3</tablerow>
    </card>
    <card>
      <name>Brynhildr (1-023R)</name>
      <text>[EX BURST] Elige 1 Delantero. Inflígele 7000 puntos de daño.</text>
      <prop>
        <type>Summon - XIII</type>
        <manacost>3</manacost>
        <colors>Fire</colors>
        <pt>0</pt>
      </prop>
      <set picurl="https://fftcg.cdn.sewest.net/images/cards/full/1-023R_eg.jpg">Opus VIII</set>
      <tablerow>3</tablerow>
    </card>
    <card>
      <name>Marche (8-018R)</name>
      <text>[EX BURST] Cuando Marche entra al terreno de juego, revela las 5 cartas de la parte superior de tu mazo. Añade 1 personaje Fuego de entre ellas a tu mano y pon el resto en la parte inferior de tu mazo en el orden que quieras.</text>
      <prop>
        <type>Forward - FFTA - Clan Leader</type>
        <manacost>4</manacost>
        <colors>Fire</colors>
        <pt>5000</pt>
      </prop>
      <set picurl="https://fftcg.cdn.sewest.net/images/cards/full/8-018R_eg.jpg">Opus VIII</set>
      <tablerow>2</tablerow>
    </card>
    <card>
      <name>Sabin (8-019C)</name>
      <text>Cuando Sabin ataca, elige 1 Delantero. Inflígele 2000 puntos de daño. Si controlas Nombre de la carta Edgar, inflígele 4000 puntos de daño en su lugar.</text>
      <prop>
        <type>Forward - VI - Monk</type>
        <manacost>2</manacost>
        <colors>Fire</colors>
        <pt>5000</pt>
      </prop>
      <set picurl="https://fftcg.cdn.sewest.net/images/cards/full/8-019C_eg.jpg">Opus VIII</set>
      <tablerow>2</tablerow>
    </card>
    <card>
      <name>Yotsuyu (8-020R)</name>
      <text>(Fire)(Dull): Elige 1 Delantero de coste 5 o menos. Este no puede bloquear este turno.</text>
      <prop>
        <type>Backup - XIV - Acting Imperial Viceroy</type>
        <manacost>2</manacost>
        <colors>Fire</colors>
        <pt>0</pt>
      </prop>
      <set picurl="https://fftcg.cdn.sewest.net/images/cards/full/8-020R_eg.jpg">Opus VIII</set>
      <tablerow>0</tablerow>
    </card>
    <card>
      <name>Rain (8-021R)</name>
      <text>Cuando Rain entra al terreno de juego o ataca, elige 1 Delantero. Puedes pagar (Fire). Si lo haces, inflígele 3000 puntos de daño.</text>
      <prop>
        <type>Forward - FFBE - Knight</type>
        <manacost>3</manacost>
        <colors>Fire</colors>
        <pt>7000</pt>
      </prop>
      <set picurl="https://fftcg.cdn.sewest.net/images/cards/full/8-021R_eg.jpg">Opus VIII</set>
      <tablerow>2</tablerow>
    </card>
    <card>
      <name>Lava Spider (8-022R)</name>
      <text>Los Delanteros atacantes que controlas ganan +3000 de poder.</text>
      <prop>
        <type>Monster - FFCC - Spider</type>
        <manacost>1</manacost>
        <colors>Fire</colors>
        <pt>0</pt>
      </prop>
      <set picurl="https://fftcg.cdn.sewest.net/images/cards/full/8-022R_eg.jpg">Opus VIII</set>
      <tablerow>1</tablerow>
    </card>
    <card>
      <name>Ark Angel GK (8-023R)</name>
      <text>[EX BURST] Cuando Arcángel GK entra al terreno de juego, congela todos los Delanteros controlados por tu oponente.</text>
      <prop>
        <type>Forward - XI - Ark Angel</type>
        <manacost>6</manacost>
        <colors>Ice</colors>
        <pt>9000</pt>
      </prop>
      <set picurl="https://fftcg.cdn.sewest.net/images/cards/full/8-023R_eg.jpg">Opus VIII</set>
      <tablerow>2</tablerow>
    </card>
    <card>
      <name>Umaro (8-024C)</name>
      <text>Umaro debe atacar una vez por turno si es posible.
Cuando Umaro ataca, si no pagas (Ice), descarta 1 carta de tu mano.</text>
      <prop>
        <type>Forward - VI - Yeti</type>
        <manacost>3</manacost>
        <colors>Ice</colors>
        <pt>9000</pt>
      </prop>
      <set picurl="https://fftcg.cdn.sewest.net/images/cards/full/8-024C_eg.jpg">Opus VIII</set>
      <tablerow>2</tablerow>
    </card>
    <card>
      <name>Imperio (8-025H)</name>
      <text>Cuando Imperio entra al terreno de juego, puedes pagar (Ice). Si lo haces, busca 1 Delantero Luz y añádelo a tu mano.
Cuando Imperio pasa del terreno de juego a la Break Zone, puedes buscar 1 Delantero Oscuridad y añadirlo a tu mano.</text>
      <prop>
        <type>Forward - FFL - Divine General</type>
        <manacost>3</manacost>
        <colors>Ice</colors>
        <pt>6000</pt>
      </prop>
      <set picurl="https://fftcg.cdn.sewest.net/images/cards/full/8-025H_eg.jpg">Opus VIII</set>
      <tablerow>2</tablerow>
    </card>
    <card>
      <name>Garland (IX) (8-026L)</name>
      <text>Al principio de la Main Phase 1 de tu oponente, tu oponente selecciona 1 personaje activo que controla y lo pone en dull.
Al principio de tu Main Phase 1, elige 1 personaje. Puedes pagar (Ice). Si lo haces, congélalo.</text>
      <prop>
        <type>Forward - IX - Overseer</type>
        <manacost>3</manacost>
        <colors>Ice</colors>
        <pt>6000</pt>
      </prop>
      <set picurl="https://fftcg.cdn.sewest.net/images/cards/full/8-026L_eg.jpg">Opus VIII</set>
      <tablerow>2</tablerow>
    </card>
    <card>
      <name>Scholar (8-027C)</name>
      <text>(Dull), pon Erudito en la Break Zone: Revela la carta superior de tu mazo. Si es una carta Frío, añádela a tu mano.</text>
      <prop>
        <type>Backup - XIV - Standard Unit</type>
        <manacost>2</manacost>
        <colors>Ice</colors>
        <pt>0</pt>
      </prop>
      <set picurl="https://fftcg.cdn.sewest.net/images/cards/full/8-027C_eg.jpg">Opus VIII</set>
      <tablerow>0</tablerow>
    </card>
    <card>
      <name>The Mask (8-028R)</name>
      <text>Cuando Enmascarado entra al terreno de juego, puedes buscar 1 Delantero Categoría FFL y añadirlo a tu mano.</text>
      <prop>
        <type>Backup - FFL - ???</type>
        <manacost>3</manacost>
        <colors>Ice</colors>
        <pt>0</pt>
      </prop>
      <set picurl="https://fftcg.cdn.sewest.net/images/cards/full/8-028R_eg.jpg">Opus VIII</set>
      <tablerow>0</tablerow>
    </card>
    <card>
      <name>Bard (8-029C)</name>
      <text>(Dull), pon Bardo en la Break Zone: Elige 1 Delantero. Congélalo.</text>
      <prop>
        <type>Backup - XIV - Standard Unit</type>
        <manacost>2</manacost>
        <colors>Ice</colors>
        <pt>0</pt>
      </prop>
      <set picurl="https://fftcg.cdn.sewest.net/images/cards/full/8-029C_eg.jpg">Opus VIII</set>
      <tablerow>0</tablerow>
    </card>
    <card>
      <name>Black Mage (8-030C)</name>
      <text>(Ice)(Ice)(3)(Dull), pon Mago negro en la Break Zone: Elige 1 Delantero en dull. Inflígele 9000 puntos de daño.</text>
      <prop>
        <type>Backup - XI - Standard Unit</type>
        <manacost>2</manacost>
        <colors>Ice</colors>
        <pt>0</pt>
      </prop>
      <set picurl="https://fftcg.cdn.sewest.net/images/cards/full/8-030C_eg.jpg">Opus VIII</set>
      <tablerow>0</tablerow>
    </card>
    <card>
      <name>Cocytus (8-031R)</name>
      <text>[EX BURST] Cuando Cocytus entra al terreno de juego, elige hasta 2 Delanteros. Si controlas 4 o más personajes Frío, congélalos.
Cuando Cocytus entra al terreno de juego, elige 1 Delantero. Ponlo en dull.</text>
      <prop>
        <type>Backup - FFL - Divine General</type>
        <manacost>2</manacost>
        <colors>Ice</colors>
        <pt>0</pt>
      </prop>
      <set picurl="https://fftcg.cdn.sewest.net/images/cards/full/8-031R_eg.jpg">Opus VIII</set>
      <tablerow>0</tablerow>
    </card>
    <card>
      <name>Shiva (8-032R)</name>
      <text>Solo puedes lanzar Shiva durante tu turno.
Elige hasta 3 Delanteros o Monstruos controlados por tu oponente. Ponlos en dull y congélalos.</text>
      <prop>
        <type>Summon - MOBIUS · VII</type>
        <manacost>4</manacost>
        <colors>Ice</colors>
        <pt>0</pt>
      </prop>
      <set picurl="https://fftcg.cdn.sewest.net/images/cards/full/8-032R_eg.jpg">Opus VIII</set>
      <tablerow>3</tablerow>
    </card>
    <card>
      <name>Shiva (8-033C)</name>
      <text>[EX BURST] Elige 1 Delantero en dull. Inflígele 5000 puntos de daño y 1000 puntos adicionales por cada Apoyo Frío que controlas.</text>
      <prop>
        <type>Summon - XI</type>
        <manacost>4</manacost>
        <colors>Ice</colors>
        <pt>0</pt>
      </prop>
      <set picurl="https://fftcg.cdn.sewest.net/images/cards/full/8-033C_eg.jpg">Opus VIII</set>
      <tablerow>3</tablerow>
    </card>
    <card>
      <name>Scale Toad (8-034R)</name>
      <text>Al final del turno de tu oponente, si tu oponente tiene 2 o más cartas en su mano, tu oponente descarta 1 carta de su mano.</text>
      <prop>
        <type>Monster - FFCC - Frog</type>
        <manacost>3</manacost>
        <colors>Ice</colors>
        <pt>0</pt>
      </prop>
      <set picurl="https://fftcg.cdn.sewest.net/images/cards/full/8-034R_eg.jpg">Opus VIII</set>
      <tablerow>1</tablerow>
    </card>
    <card>
      <name>Squall (8-035H)</name>
      <text>Cuando Squall entra al terreno de juego, si tu oponente controla algún Delantero en dull, tu oponente descarta 1 carta de su mano.
(Ice)(Ice)(1): Elige 1 Delantero. Ponlo en dull. Solo puedes usar esta habilidad si no tienes ninguna carta en tu mano.</text>
      <prop>
        <type>Forward - VIII - SeeD Candidate</type>
        <manacost>4</manacost>
        <colors>Ice</colors>
        <pt>8000</pt>
      </prop>
      <set picurl="https://fftcg.cdn.sewest.net/images/cards/full/8-035H_eg.jpg">Opus VIII</set>
      <tablerow>2</tablerow>
    </card>
    <card>
      <name>Setzer (8-036C)</name>
      <text>[EX BURST] Cuando Setzer entra al terreno de juego, elige 1 Delantero Categoría VI de tu Break Zone. Añádelo a tu mano.</text>
      <prop>
        <type>Backup - VI - Gambler</type>
        <manacost>4</manacost>
        <colors>Ice</colors>
        <pt>0</pt>
      </prop>
      <set picurl="https://fftcg.cdn.sewest.net/images/cards/full/8-036C_eg.jpg">Opus VIII</set>
      <tablerow>0</tablerow>
    </card>
    <card>
      <name>Celes (8-037R)</name>
      <text>Cuando Celes ataca, elige 1 Delantero controlado por tu oponente. Si controlas 3 o más personajes Categoría VI, ponlo en dull.
Cuando Celes inflige daño a tu oponente, elige 1 Delantero controlado por tu oponente. Congélalo.</text>
      <prop>
        <type>Forward - VI - Rune Knight</type>
        <manacost>3</manacost>
        <colors>Ice</colors>
        <pt>7000</pt>
      </prop>
      <set picurl="https://fftcg.cdn.sewest.net/images/cards/full/8-037R_eg.jpg">Opus VIII</set>
      <tablerow>2</tablerow>
    </card>
    <card>
      <name>Sophia (8-038C)</name>
      <text>(Dull), pon Sophia en la Break Zone: Pon en dull todos los Delanteros con Prisa, Iniciativa o Bravura controlados por tu oponente.</text>
      <prop>
        <type>Backup - FFL - Devout</type>
        <manacost>2</manacost>
        <colors>Ice</colors>
        <pt>0</pt>
      </prop>
      <set picurl="https://fftcg.cdn.sewest.net/images/cards/full/8-038C_eg.jpg">Opus VIII</set>
      <tablerow>0</tablerow>
    </card>
    <card>
      <name>Time Mage (8-039C)</name>
      <text>Cuando Mago temporal entra al terreno de juego, puedes descartar 1 carta de tu mano. Si lo haces, pon en dull y congela todos los Delanteros controlados por tu oponente del mismo coste que la carta descartada.</text>
      <prop>
        <type>Forward - FFTA - Standard Unit</type>
        <manacost>3</manacost>
        <colors>Ice</colors>
        <pt>7000</pt>
      </prop>
      <set picurl="https://fftcg.cdn.sewest.net/images/cards/full/8-039C_eg.jpg">Opus VIII</set>
      <tablerow>2</tablerow>
    </card>
    <card>
      <name>Mateus, the Corrupt (8-040C)</name>
      <text>[EX BURST] Tu oponente pone 1 Delantero atacante que controla en la Break Zone.</text>
      <prop>
        <type>Summon - XII</type>
        <manacost>5</manacost>
        <colors>Ice</colors>
        <pt>0</pt>
      </prop>
      <set picurl="https://fftcg.cdn.sewest.net/images/cards/full/8-040C_eg.jpg">Opus VIII</set>
      <tablerow>3</tablerow>
    </card>
    <card>
      <name>Mateus, the Corrupt (2-044R)</name>
      <text>[EX BURST] Tu oponente pone 1 Delantero atacante que controla en la Break Zone.</text>
      <prop>
        <type>Summon - XII</type>
        <manacost>5</manacost>
        <colors>Ice</colors>
        <pt>0</pt>
      </prop>
      <set picurl="https://fftcg.cdn.sewest.net/images/cards/full/2-044R_eg.jpg">Opus VIII</set>
      <tablerow>3</tablerow>
    </card>
    <card>
      <name>Palom (8-041H)</name>
      <text>Cuando Palom entra al terreno de juego, selecciona 1 de las siguientes 3 acciones.
"Cada jugador descarta 1 carta de su mano."
"Elige 1 Delantero. Congélalo."
"Pon en dull todos los Apoyos controlados por tu oponente."</text>
      <prop>
        <type>Forward - DFF · IV - Black Mage</type>
        <manacost>2</manacost>
        <colors>Ice</colors>
        <pt>5000</pt>
      </prop>
      <set picurl="https://fftcg.cdn.sewest.net/images/cards/full/8-041H_eg.jpg">Opus VIII</set>
      <tablerow>2</tablerow>
    </card>
    <card>
      <name>Dark Fina (8-042L)</name>
      <text>Cuando Fina oscura entra al terreno de juego, selecciona 1 de las siguientes 2 acciones. Si has recibido 5 o más puntos de daño, selecciona hasta 2 de las siguientes 2 acciones en su lugar.
"Busca 1 Invocación y añádela a tu mano."
"Lanza 1 Invocación de coste 7 o menos de tu mano sin pagar el coste."</text>
      <prop>
        <type>Forward - FFBE - Sage of Hess</type>
        <manacost>7</manacost>
        <colors>Ice</colors>
        <pt>9000</pt>
      </prop>
      <set picurl="https://fftcg.cdn.sewest.net/images/cards/full/8-042L_eg.jpg">Opus VIII</set>
      <tablerow>2</tablerow>
    </card>
    <card>
      <name>Lasswell (8-043H)</name>
      <text>Cuando Lasswell entra al terreno de juego o ataca, elige 1 Delantero. Si este ha recibido daño este turno, ponlo en dull y congélalo.
(Fire): Elige 1 Delantero. Inflígele 1000 puntos de daño.
Cielo azur (S)(Fire)(Ice)(Dull): Elige 2 Delanteros. Inflige 8000 puntos de daño al primer Delantero y congela el segundo.</text>
      <prop>
        <type>Forward - FFBE - Knight</type>
        <manacost>4</manacost>
        <colors>Ice</colors>
        <pt>8000</pt>
      </prop>
      <set picurl="https://fftcg.cdn.sewest.net/images/cards/full/8-043H_eg.jpg">Opus VIII</set>
      <tablerow>2</tablerow>
    </card>
    <card>
      <name>Lancer Unit (8-044C)</name>
      <text>Cuando Hafsida entra al terreno de juego, elige 1 Delantero. Ponlo en dull o congélalo.
Pon Hafsida en la Break Zone: Tu oponente descarta 1 carta de su mano. Solo puedes usar esta habilidad durante tu turno.</text>
      <prop>
        <type>Monster - XIII - Militarized Unit</type>
        <manacost>2</manacost>
        <colors>Ice</colors>
        <pt>0</pt>
      </prop>
      <set picurl="https://fftcg.cdn.sewest.net/images/cards/full/8-044C_eg.jpg">Opus VIII</set>
      <tablerow>1</tablerow>
    </card>
    <card>
      <name>Ark Angel MR (8-045R)</name>
      <text>Arcángel MR no puede ser bloqueado por un Delantero de poder 7000 o más.
(Wind)(Wind): Arcángel MR no puede ser objetivo de las Invocaciones o habilidades de tu oponente este turno.</text>
      <prop>
        <type>Forward - XI - Ark Angel</type>
        <manacost>2</manacost>
        <colors>Wind</colors>
        <pt>3000</pt>
      </prop>
      <set picurl="https://fftcg.cdn.sewest.net/images/cards/full/8-045R_eg.jpg">Opus VIII</set>
      <tablerow>2</tablerow>
    </card>
    <card>
      <name>Alexander (8-046R)</name>
      <text>Elige 1 personaje de coste 4 o más. Rómpelo.</text>
      <prop>
        <type>Summon - MOBIUS · VII</type>
        <manacost>4</manacost>
        <colors>Wind</colors>
        <pt>0</pt>
      </prop>
      <set picurl="https://fftcg.cdn.sewest.net/images/cards/full/8-046R_eg.jpg">Opus VIII</set>
      <tablerow>3</tablerow>
    </card>
    <card>
      <name>Waltrill (8-047C)</name>
      <text>Cuando Waltrill entra al terreno de juego, pon hasta 2 cartas de tu mano en la parte inferior de tu mazo en el orden que quieras. Después, coge el mismo número de cartas que has devuelto a tu mazo.
(Dull), pon Waltrill en la Break Zone: Coge 1 carta, después coloca 1 carta de tu mano en la parte inferior de tu mazo. Solo puedes usar esta habilidad si controlas Nombre de la carta Norschtalen.</text>
      <prop>
        <type>Backup - FFCC - Yuke</type>
        <manacost>2</manacost>
        <colors>Wind</colors>
        <pt>0</pt>
      </prop>
      <set picurl="https://fftcg.cdn.sewest.net/images/cards/full/8-047C_eg.jpg">Opus VIII</set>
      <tablerow>0</tablerow>
    </card>
    <card>
      <name>Warrior of Light (8-048H)</name>
      <text>Cuando un Delantero Oficio Soldado entra a tu terreno de juego, elige hasta 2 Apoyos. Actívalos.
Cuando Guerrero de la Luz ataca, todos los Delanteros Oficio Soldado que controlas ganan +2000 de poder hasta el final del turno.</text>
      <prop>
        <type>Forward - DFF · I - Warrior of Light</type>
        <manacost>4</manacost>
        <colors>Wind</colors>
        <pt>8000</pt>
      </prop>
      <set picurl="https://fftcg.cdn.sewest.net/images/cards/full/8-048H_eg.jpg">Opus VIII</set>
      <tablerow>2</tablerow>
    </card>
    <card>
      <name>Aerith (8-049L)</name>
      <text>Si un Delantero que controlas recibe daño por valor inferior a su poder, el daño se vuelve 0 en su lugar.
Si Aeris recibe daño de una Invocación o habilidad, el daño se reduce en 2000 en su lugar.
Cuando Aeris pasa del terreno de juego a la Break Zone, activa todos los Apoyos que controlas.</text>
      <prop>
        <type>Forward - VII - Ancient</type>
        <manacost>3</manacost>
        <colors>Wind</colors>
        <pt>7000</pt>
      </prop>
      <set picurl="https://fftcg.cdn.sewest.net/images/cards/full/8-049L_eg.jpg">Opus VIII</set>
      <tablerow>2</tablerow>
    </card>
    <card>
      <name>Onion Knight (8-050C)</name>
      <text>[EX BURST] Cuando Caballero cebolla entra al terreno de juego, elige hasta 2 Apoyos que controlas. Si has recibido 3 o más puntos de daño, actívalos. Si has recibido 5 o más puntos de daño, activa todos los Apoyos que controlas en su lugar.</text>
      <prop>
        <type>Forward - DFF · III - Ninja</type>
        <manacost>4</manacost>
        <colors>Wind</colors>
        <pt>8000</pt>
      </prop>
      <set picurl="https://fftcg.cdn.sewest.net/images/cards/full/8-050C_eg.jpg">Opus VIII</set>
      <tablerow>2</tablerow>
    </card>
    <card>
      <name>Garuda (8-051C)</name>
      <text>[EX BURST] Elige 1 Delantero. Inflígele 2000 puntos de daño y 1000 puntos adicionales por cada personaje Aire que controlas.</text>
      <prop>
        <type>Summon - XI</type>
        <manacost>4</manacost>
        <colors>Wind</colors>
        <pt>0</pt>
      </prop>
      <set picurl="https://fftcg.cdn.sewest.net/images/cards/full/8-051C_eg.jpg">Opus VIII</set>
      <tablerow>3</tablerow>
    </card>
    <card>
      <name>Thief (8-052C)</name>
      <text>Cuando Ladrón entra al terreno de juego, nombra 1 elemento. Tu oponente revela 2 cartas al azar de su mano. Selecciona 1 carta del elemento nombrado de entre ellas. Tu oponente descarta esta carta.</text>
      <prop>
        <type>Backup - XI - Standard Unit</type>
        <manacost>4</manacost>
        <colors>Wind</colors>
        <pt>0</pt>
      </prop>
      <set picurl="https://fftcg.cdn.sewest.net/images/cards/full/8-052C_eg.jpg">Opus VIII</set>
      <tablerow>0</tablerow>
    </card>
    <card>
      <name>Sherlotta (8-053H)</name>
      <text>Si pagas un CP, puedes poner Sherlotta en la Break Zone para generar 1 CP de cualquier elemento. (Puedes poner Sherlotta en dull para pagar el CP.)</text>
      <prop>
        <type>Backup - FFCC - Mysterious Woman</type>
        <manacost>2</manacost>
        <colors>Wind</colors>
        <pt>0</pt>
      </prop>
      <set picurl="https://fftcg.cdn.sewest.net/images/cards/full/8-053H_eg.jpg">Opus VIII</set>
      <tablerow>0</tablerow>
    </card>
    <card>
      <name>Cid Highwind (8-054R)</name>
      <text>Cuando Cid Highwind entra al terreno de juego, elige 1 Apoyo de coste 3 o más controlado por tu oponente. Devuélvelo a la mano de su propietario.
Gran alboroto (S)(Dull): Elige 1 personaje controlado por tu oponente. Devuélvelo a la mano de su propietario.</text>
      <prop>
        <type>Forward - VII - Pilot</type>
        <manacost>5</manacost>
        <colors>Wind</colors>
        <pt>7000</pt>
      </prop>
      <set picurl="https://fftcg.cdn.sewest.net/images/cards/full/8-054R_eg.jpg">Opus VIII</set>
      <tablerow>2</tablerow>
    </card>
    <card>
      <name>Selkie (8-055C)</name>
      <text>Cuando Selki pasa del terreno de juego a la Break Zone, tu oponente pone las 2 cartas de la parte superior de su mazo en la Break Zone. Si ambas cartas son del mismo tipo, coge 1 carta.</text>
      <prop>
        <type>Forward - FFCC - Standard Unit</type>
        <manacost>4</manacost>
        <colors>Wind</colors>
        <pt>8000</pt>
      </prop>
      <set picurl="https://fftcg.cdn.sewest.net/images/cards/full/8-055C_eg.jpg">Opus VIII</set>
      <tablerow>2</tablerow>
    </card>
    <card>
      <name>Deathgaze (IX) (8-056R)</name>
      <text>Cuando Ojo letal (IX) entra al terreno de juego, elige 1 Delantero controlado por tu oponente. Retíralo del juego mientras Ojo letal (IX) está en el terreno de juego.</text>
      <prop>
        <type>Monster - IX - Deathgaze</type>
        <manacost>3</manacost>
        <colors>Wind</colors>
        <pt>0</pt>
      </prop>
      <set picurl="https://fftcg.cdn.sewest.net/images/cards/full/8-056R_eg.jpg">Opus VIII</set>
      <tablerow>1</tablerow>
    </card>
    <card>
      <name>Ninja (8-057C)</name>
      <text>(Wind)(Wind)(Dull), pon Ninja en la Break Zone: Elige 1 Apoyo de coste 3 o menos. Rómpelo.</text>
      <prop>
        <type>Backup - XIV - Standard Unit</type>
        <manacost>2</manacost>
        <colors>Wind</colors>
        <pt>0</pt>
      </prop>
      <set picurl="https://fftcg.cdn.sewest.net/images/cards/full/8-057C_eg.jpg">Opus VIII</set>
      <tablerow>0</tablerow>
    </card>
    <card>
      <name>Norschtalen (8-058R)</name>
      <text>Cuando Norschtalen entra al terreno de juego, puedes buscar 1 Apoyo Categoría FFCC y añadirlo a tu mano.</text>
      <prop>
        <type>Backup - FFCC - Yuke</type>
        <manacost>4</manacost>
        <colors>Wind</colors>
        <pt>0</pt>
      </prop>
      <set picurl="https://fftcg.cdn.sewest.net/images/cards/full/8-058R_eg.jpg">Opus VIII</set>
      <tablerow>0</tablerow>
    </card>
    <card>
      <name>Basilisk (8-059C)</name>
      <text>Cuando Basilisco entra al terreno de juego, elige 1 Delantero. Inflígele 4000 puntos de daño.
Pon Basilisco en la Break Zone: Elige 1 Delantero dañado. Rómpelo.</text>
      <prop>
        <type>Monster - IX - Basilisk</type>
        <manacost>5</manacost>
        <colors>Wind</colors>
        <pt>0</pt>
      </prop>
      <set picurl="https://fftcg.cdn.sewest.net/images/cards/full/8-059C_eg.jpg">Opus VIII</set>
      <tablerow>1</tablerow>
    </card>
    <card>
      <name>Fina (8-060L)</name>
      <text>Si pagas el coste para jugar Fina al terreno de juego, puedes pagar (Wind)(Wind)(Wind) adicionales.
Cuando Fina entra al terreno de juego, selecciona 1 de las siguientes 2 acciones. Si has pagado el coste adicional, selecciona 2 de las siguientes 2 acciones en su lugar.
"Inflige 5000 puntos de daño a todos los Delanteros controlados por tu oponente."
"Activa todos los personajes que controlas."</text>
      <prop>
        <type>Forward - FFBE - White Mage</type>
        <manacost>6</manacost>
        <colors>Wind</colors>
        <pt>9000</pt>
      </prop>
      <set picurl="https://fftcg.cdn.sewest.net/images/cards/full/8-060L_eg.jpg">Opus VIII</set>
      <tablerow>2</tablerow>
    </card>
    <card>
      <name>Fina (8-061C)</name>
      <text>Cuando Fina entra al terreno de juego, elige 1 personaje Aire que controlas. Actívalo.
Cuando Fina pasa del terreno de juego a la Break Zone, elige 1 personaje que controlas. Actívalo.</text>
      <prop>
        <type>Forward - FFBE - White Mage</type>
        <manacost>3</manacost>
        <colors>Wind</colors>
        <pt>7000</pt>
      </prop>
      <set picurl="https://fftcg.cdn.sewest.net/images/cards/full/8-061C_eg.jpg">Opus VIII</set>
      <tablerow>2</tablerow>
    </card>
    <card>
      <name>Veriaulde (8-062H)</name>
      <text>Cuando Veriaulde pasa del terreno de juego a la Break Zone, elige 1 Monstruo Aire de coste 4 o menos de tu Break Zone. Juégalo al terreno de juego.</text>
      <prop>
        <type>Forward - FFCC - Yuke</type>
        <manacost>4</manacost>
        <colors>Wind</colors>
        <pt>5000</pt>
      </prop>
      <set picurl="https://fftcg.cdn.sewest.net/images/cards/full/8-062H_eg.jpg">Opus VIII</set>
      <tablerow>2</tablerow>
    </card>
    <card>
      <name>Matoya (8-063R)</name>
      <text>[EX BURST] Cuando Matoya entra al terreno de juego, elige 1 Monstruo controlado por tu oponente. Rómpelo.</text>
      <prop>
        <type>Backup - FFL - Dancer</type>
        <manacost>4</manacost>
        <colors>Wind</colors>
        <pt>0</pt>
      </prop>
      <set picurl="https://fftcg.cdn.sewest.net/images/cards/full/8-063R_eg.jpg">Opus VIII</set>
      <tablerow>0</tablerow>
    </card>
    <card>
      <name>Yuffie (8-064H)</name>
      <text>Si controlas 3 o más personajes Categoría VII que no sean Yuffie, Yuffie gana +2000 de poder y Prisa.
Cuando Yuffie ataca, inflígele 1000 puntos de daño a todos los Delanteros controlados por tu oponente.</text>
      <prop>
        <type>Forward - VII - Ninja</type>
        <manacost>2</manacost>
        <colors>Wind</colors>
        <pt>5000</pt>
      </prop>
      <set picurl="https://fftcg.cdn.sewest.net/images/cards/full/8-064H_eg.jpg">Opus VIII</set>
      <tablerow>2</tablerow>
    </card>
    <card>
      <name>Archer (8-065C)</name>
      <text>(Wind)(Wind)(Dull), pon Arquero en la Break Zone: Elige 1 Delantero. Inflígele 10000 puntos de daño.</text>
      <prop>
        <type>Forward - FFTA - Standard Unit</type>
        <manacost>3</manacost>
        <colors>Wind</colors>
        <pt>7000</pt>
      </prop>
      <set picurl="https://fftcg.cdn.sewest.net/images/cards/full/8-065C_eg.jpg">Opus VIII</set>
      <tablerow>2</tablerow>
    </card>
    <card>
      <name>Chaos, Walker of the Wheel (8-066C)</name>
      <text>[EX BURST] Elige 1 Delantero controlado por tu oponente. Rómpelo. Si ese Delantero pasa a la Break Zone, tu oponente puede jugar 1 Delantero de su mano al terreno de juego.</text>
      <prop>
        <type>Summon - XII</type>
        <manacost>3</manacost>
        <colors>Wind</colors>
        <pt>0</pt>
      </prop>
      <set picurl="https://fftcg.cdn.sewest.net/images/cards/full/8-066C_eg.jpg">Opus VIII</set>
      <tablerow>3</tablerow>
    </card>
    <card>
      <name>Chaos, Walker of the Wheel (3-071H)</name>
      <text>[EX BURST] Elige 1 Delantero controlado por tu oponente. Rómpelo. Si ese Delantero pasa a la Break Zone, tu oponente puede jugar 1 Delantero de su mano al terreno de juego.</text>
      <prop>
        <type>Summon - XII</type>
        <manacost>3</manacost>
        <colors>Wind</colors>
        <pt>0</pt>
      </prop>
      <set picurl="https://fftcg.cdn.sewest.net/images/cards/full/3-071H_eg.jpg">Opus VIII</set>
      <tablerow>3</tablerow>
    </card>
    <card>
      <name>Ark Angel TT (8-067R)</name>
      <text>Cuando Arcángel TT entra al terreno de juego, elige 1 Delantero en dull controlado por tu oponente. Al final del próximo turno de tu oponente, rómpelo.</text>
      <prop>
        <type>Forward - XI - Ark Angel</type>
        <manacost>2</manacost>
        <colors>Earth</colors>
        <pt>3000</pt>
      </prop>
      <set picurl="https://fftcg.cdn.sewest.net/images/cards/full/8-067R_eg.jpg">Opus VIII</set>
      <tablerow>2</tablerow>
    </card>
    <card>
      <name>Ardyn (8-068L)</name>
      <text>Bravura
Ardyn no puede romperse.
Al principio de la Attack Phase de tu oponente, tu oponente selecciona 1 personaje que controla. Puede ponerlo en la Break Zone. Si lo hace, Ardyn no puede bloquear este turno.</text>
      <prop>
        <type>Forward - XV - Chief Minister</type>
        <manacost>7</manacost>
        <colors>Earth</colors>
        <pt>9000</pt>
      </prop>
      <set picurl="https://fftcg.cdn.sewest.net/images/cards/full/8-068L_eg.jpg">Opus VIII</set>
      <tablerow>2</tablerow>
    </card>
    <card>
      <name>Apururu (8-069R)</name>
      <text>El coste requerido para jugar Apururu al terreno de juego se reduce en 1 por cada Apoyo que controlas.
Cuando Apururu entra al terreno de juego, elige 1 personaje de tu Break Zone. Añádelo a tu mano.</text>
      <prop>
        <type>Backup - XI - Mage</type>
        <manacost>6</manacost>
        <colors>Earth</colors>
        <pt>0</pt>
      </prop>
      <set picurl="https://fftcg.cdn.sewest.net/images/cards/full/8-069R_eg.jpg">Opus VIII</set>
      <tablerow>0</tablerow>
    </card>
    <card>
      <name>Dark Knight (8-070C)</name>
      <text>(Earth)(1)(Dull), pon Caballero oscuro en la Break Zone: Elige 1 Delantero. Hasta el final del turno, este gana +1000 de poder por cada punto de daño que has recibido.</text>
      <prop>
        <type>Backup - XIV - Standard Unit</type>
        <manacost>2</manacost>
        <colors>Earth</colors>
        <pt>0</pt>
      </prop>
      <set picurl="https://fftcg.cdn.sewest.net/images/cards/full/8-070C_eg.jpg">Opus VIII</set>
      <tablerow>0</tablerow>
    </card>
    <card>
      <name>Undead Princess (8-071H)</name>
      <text>Cuando Princesa zombi entra en el terreno de juego, elige 1 Delantero. Este no puede atacar ni bloquear este turno a no ser que tu oponente pague (3).
Pon 2 Apoyos Tierra en la Break Zone: Juega Princesa zombi al terreno de juego en dull. Solo puedes usar esta habilidad si Princesa zombi está en la Break Zone.</text>
      <prop>
        <type>Forward - FFCC - Undead</type>
        <manacost>2</manacost>
        <colors>Earth</colors>
        <pt>5000</pt>
      </prop>
      <set picurl="https://fftcg.cdn.sewest.net/images/cards/full/8-071H_eg.jpg">Opus VIII</set>
      <tablerow>2</tablerow>
    </card>
    <card>
      <name>Ignis (8-072R)</name>
      <text>[EX BURST] Cuando Ignis entra al terreno de juego, puedes buscar 1 Nombre de la carta Noctis y añadirla a tu mano.
Los Delanteros Categoría XV que controlas que no sean Ignis ganan +1000 de poder y Bravura.
Hostigamiento (S)(Earth): Elige 1 Delantero. Inflígele 4000 puntos de daño por cada Delantero Categoría XV que controlas.</text>
      <prop>
        <type>Forward - XV - Retainer</type>
        <manacost>5</manacost>
        <colors>Earth</colors>
        <pt>7000</pt>
      </prop>
      <set picurl="https://fftcg.cdn.sewest.net/images/cards/full/8-072R_eg.jpg">Opus VIII</set>
      <tablerow>2</tablerow>
    </card>
    <card>
      <name>Machinist (8-073C)</name>
      <text>Cuando Ingeniero entra al terreno de juego, elige 1 Delantero en dull. Rómpelo.</text>
      <prop>
        <type>Backup - XIV - Standard Unit</type>
        <manacost>5</manacost>
        <colors>Earth</colors>
        <pt>0</pt>
      </prop>
      <set picurl="https://fftcg.cdn.sewest.net/images/cards/full/8-073C_eg.jpg">Opus VIII</set>
      <tablerow>0</tablerow>
    </card>
    <card>
      <name>Gladiolus (8-074H)</name>
      <text>Solo puedes pagar con CP Tierra el coste para jugar Gladiolus al terreno de juego.
Si controlas Nombre de la carta Noctis, el coste requerido para jugar Gladiolus al terreno de juego se reduce en 2.
Ciclón (S)(Earth)(Earth)(2)(Dull): Inflige 7000 puntos de daño a todos los Delanteros controlados por tu oponente.</text>
      <prop>
        <type>Forward - XV - Retainer</type>
        <manacost>4</manacost>
        <colors>Earth</colors>
        <pt>9000</pt>
      </prop>
      <set picurl="https://fftcg.cdn.sewest.net/images/cards/full/8-074H_eg.jpg">Opus VIII</set>
      <tablerow>2</tablerow>
    </card>
    <card>
      <name>Graham (8-075C)</name>
      <text>Cuando Graham pasa del terreno de juego a la Break Zone, elige 1 Delantero controlado por tu oponente. Si has recibido 4 o más puntos de daño, rómpelo.</text>
      <prop>
        <type>Forward - FFL - Dark Knight</type>
        <manacost>5</manacost>
        <colors>Earth</colors>
        <pt>9000</pt>
      </prop>
      <set picurl="https://fftcg.cdn.sewest.net/images/cards/full/8-075C_eg.jpg">Opus VIII</set>
      <tablerow>2</tablerow>
    </card>
    <card>
      <name>Glaive (8-076H)</name>
      <text>[EX BURST] Cuando Glaive entra al terreno de juego, puedes buscar 1 Nombre de la carta Sol o Nombre de la carta Diana y añadirla a tu mano.
Los Delanteros Categoría FFL que controlas que no sean Glaive ganan +2000 de poder.</text>
      <prop>
        <type>Forward - FFL - Warrior of Darkness</type>
        <manacost>5</manacost>
        <colors>Earth</colors>
        <pt>7000</pt>
      </prop>
      <set picurl="https://fftcg.cdn.sewest.net/images/cards/full/8-076H_eg.jpg">Opus VIII</set>
      <tablerow>2</tablerow>
    </card>
    <card>
      <name>Titan (8-077C)</name>
      <text>[EX BURST] Elige 1 Delantero. Hasta el final del turno, este gana +1000 de poder por cada Apoyo Tierra que controlas.</text>
      <prop>
        <type>Summon - XI</type>
        <manacost>1</manacost>
        <colors>Earth</colors>
        <pt>0</pt>
      </prop>
      <set picurl="https://fftcg.cdn.sewest.net/images/cards/full/8-077C_eg.jpg">Opus VIII</set>
      <tablerow>3</tablerow>
    </card>
    <card>
      <name>Nacht (8-078L)</name>
      <text>Si controlas una Oficio Guerrero de la oscuridad que no sea Nacht, Nacht gana +1000 de poder y Bravura.
(X)(X): Elige 1 Delantero o Monstruo. Si su coste es X, rómpelo. Solo puedes usar esta habilidad durante tu turno y una vez por turno.
Tajo oscuro (S)(Earth)(Earth): Elige 1 Delantero. Inflígele 8000 puntos de daño.</text>
      <prop>
        <type>Forward - FFL - Warrior of Darkness</type>
        <manacost>4</manacost>
        <colors>Earth</colors>
        <pt>8000</pt>
      </prop>
      <set picurl="https://fftcg.cdn.sewest.net/images/cards/full/8-078L_eg.jpg">Opus VIII</set>
      <tablerow>2</tablerow>
    </card>
    <card>
      <name>Noctis (8-079H)</name>
      <text>[EX BURST] Cuando Noctis entra al terreno de juego, revela las 2 cartas de la parte superior de tu mazo. Añade 1 Categoría XV de entre ellas a tu mano y pon el resto en la parte inferior de tu mazo en el orden que quieras.
Lux Impetus (S)(Earth): Elige 1 Monstruo. Rómpelo.</text>
      <prop>
        <type>Forward - XV - Prince</type>
        <manacost>2</manacost>
        <colors>Earth</colors>
        <pt>5000</pt>
      </prop>
      <set picurl="https://fftcg.cdn.sewest.net/images/cards/full/8-079H_eg.jpg">Opus VIII</set>
      <tablerow>2</tablerow>
    </card>
    <card>
      <name>Luminous Puma (8-080C)</name>
      <text>Cuando Noctipuma entra al terreno de juego, elige 1 Delantero de tu Break Zone. Añádelo a tu mano.
Pon Noctipuma en la Break Zone: Elige 1 Delantero o Apoyo de tu Break Zone. Añádelo a tu mano.</text>
      <prop>
        <type>Monster - XIII - Razorclaw</type>
        <manacost>5</manacost>
        <colors>Earth</colors>
        <pt>0</pt>
      </prop>
      <set picurl="https://fftcg.cdn.sewest.net/images/cards/full/8-080C_eg.jpg">Opus VIII</set>
      <tablerow>1</tablerow>
    </card>
    <card>
      <name>Fenrir (8-081R)</name>
      <text>Si lanzas Fenril, puedes pagar (2) adicionales.
Elige 1 Delantero Luz u Oscuridad. Rómpelo. Si has pagado el coste adicional, retíralo del juego en su lugar.</text>
      <prop>
        <type>Summon - IX</type>
        <manacost>2</manacost>
        <colors>Earth</colors>
        <pt>0</pt>
      </prop>
      <set picurl="https://fftcg.cdn.sewest.net/images/cards/full/8-081R_eg.jpg">Opus VIII</set>
      <tablerow>3</tablerow>
    </card>
    <card>
      <name>Prompto (8-082R)</name>
      <text>[EX BURST] Cuando Prompto entra al terreno de juego, elige 1 Delantero controlado por tu oponente. Si tu oponente controla 4 o más Delanteros, retíralo del juego.
Cuando Prompto entra al terreno de juego, elige 1 Delantero controlado por tu oponente. Rómpelo.</text>
      <prop>
        <type>Backup - XV - Retainer</type>
        <manacost>6</manacost>
        <colors>Earth</colors>
        <pt>0</pt>
      </prop>
      <set picurl="https://fftcg.cdn.sewest.net/images/cards/full/8-082R_eg.jpg">Opus VIII</set>
      <tablerow>0</tablerow>
    </card>
    <card>
      <name>Hecatoncheir (8-083C)</name>
      <text>Elige 1 Apoyo de coste 3 o más. Rómpelo.</text>
      <prop>
        <type>Summon - XIII</type>
        <manacost>3</manacost>
        <colors>Earth</colors>
        <pt>0</pt>
      </prop>
      <set picurl="https://fftcg.cdn.sewest.net/images/cards/full/8-083C_eg.jpg">Opus VIII</set>
      <tablerow>3</tablerow>
    </card>
    <card>
      <name>Hecatoncheir (1-117R)</name>
      <text>Elige 1 Apoyo de coste 3 o más. Rómpelo.</text>
      <prop>
        <type>Summon - XIII</type>
        <manacost>3</manacost>
        <colors>Earth</colors>
        <pt>0</pt>
      </prop>
      <set picurl="https://fftcg.cdn.sewest.net/images/cards/full/1-117R_eg.jpg">Opus VIII</set>
      <tablerow>3</tablerow>
    </card>
    <card>
      <name>Libroarian (8-084R)</name>
      <text>Cuando Libroarian entra al terreno de juego, retira del juego las 4 cartas de la parte superior de tu mazo.
Al final de tu turno, añade a tu mano 1 carta retirada a causa del efecto anterior. Después, si ya no quedan cartas retiradas a causa del efecto anterior, pon Libroarian en la Break Zone.</text>
      <prop>
        <type>Monster - FFCC - Libroarian</type>
        <manacost>5</manacost>
        <colors>Earth</colors>
        <pt>0</pt>
      </prop>
      <set picurl="https://fftcg.cdn.sewest.net/images/cards/full/8-084R_eg.jpg">Opus VIII</set>
      <tablerow>1</tablerow>
    </card>
    <card>
      <name>Marlene (8-085C)</name>
      <text>[EX BURST] Cuando Marlene entra al terreno de juego, elige 1 Nombre de la carta Aeris o Nombre de la carta Cloud o Nombre de la carta Tifa o Nombre de la carta Barret de tu Break Zone. Añádela a tu mano.</text>
      <prop>
        <type>Backup - VII - Girl</type>
        <manacost>4</manacost>
        <colors>Earth</colors>
        <pt>0</pt>
      </prop>
      <set picurl="https://fftcg.cdn.sewest.net/images/cards/full/8-085C_eg.jpg">Opus VIII</set>
      <tablerow>0</tablerow>
    </card>
    <card>
      <name>Moogle Knight (8-086C)</name>
      <text>Bravura
Si Caballero mogu recibe daño de un Delantero, el daño se reduce en 3000 en su lugar.
Si un Delantero que forma equipo con Caballero mogu recibe daño, el daño se reduce en 3000 en su lugar.</text>
      <prop>
        <type>Forward - FFTA - Standard Unit</type>
        <manacost>3</manacost>
        <colors>Earth</colors>
        <pt>5000</pt>
      </prop>
      <set picurl="https://fftcg.cdn.sewest.net/images/cards/full/8-086C_eg.jpg">Opus VIII</set>
      <tablerow>2</tablerow>
    </card>
    <card>
      <name>Monk (8-087C)</name>
      <text>(Dull), pon Monje en la Break Zone: Elige 1 Delantero. Hasta el final del turno, este gana +3000 de poder y Bravura. Solo puedes usar esta habilidad durante tu Main Phase.</text>
      <prop>
        <type>Backup - XIV - Standard Unit</type>
        <manacost>2</manacost>
        <colors>Earth</colors>
        <pt>0</pt>
      </prop>
      <set picurl="https://fftcg.cdn.sewest.net/images/cards/full/8-087C_eg.jpg">Opus VIII</set>
      <tablerow>0</tablerow>
    </card>
    <card>
      <name>Layle (8-088C)</name>
      <text>(Dull), pon Layle en la Break Zone: Elige 1 Invocación de coste 4 o menos. Cancela su efecto.</text>
      <prop>
        <type>Backup - DFF · FFCC - Crystal Bearer</type>
        <manacost>2</manacost>
        <colors>Earth</colors>
        <pt>0</pt>
      </prop>
      <set picurl="https://fftcg.cdn.sewest.net/images/cards/full/8-088C_eg.jpg">Opus VIII</set>
      <tablerow>0</tablerow>
    </card>
    <card>
      <name>Ark Angel EV (8-089R)</name>
      <text>[EX BURST] Cuando Arcángel EV entra al terreno de juego, elige 1 Delantero activo controlado por tu oponente. Ponlo en dull e inflígele 2000 puntos de daño.
(5): Durante este turno, el siguiente daño que reciba Arcángel EV de un Delantero se vuelve 0 en su lugar.</text>
      <prop>
        <type>Forward - XI - Ark Angel</type>
        <manacost>4</manacost>
        <colors>Lightning</colors>
        <pt>8000</pt>
      </prop>
      <set picurl="https://fftcg.cdn.sewest.net/images/cards/full/8-089R_eg.jpg">Opus VIII</set>
      <tablerow>2</tablerow>
    </card>
    <card>
      <name>Alisaie (8-090C)</name>
      <text>Las Nombre de la carta Alphinaud que controlas ganan +1000 de poder.
(Dull): Elige 1 Nombre de la carta Alphinaud que controlas. Esta gana Prisa hasta el final del turno.</text>
      <prop>
        <type>Backup - XIV - Scion of the Seventh Dawn</type>
        <manacost>2</manacost>
        <colors>Lightning</colors>
        <pt>0</pt>
      </prop>
      <set picurl="https://fftcg.cdn.sewest.net/images/cards/full/8-090C_eg.jpg">Opus VIII</set>
      <tablerow>0</tablerow>
    </card>
    <card>
      <name>Alba (8-091H)</name>
      <text>[EX BURST] Cuando Alba entra al terreno de juego, elige tantos Delanteros controlados por tu oponente como Oficio Guerrero de la oscuridad controlas. Ponlos en dull.
Si tu oponente controla 2 o más Delanteros en dull, Alba gana Prisa y "Alba no puede ser objetivo de las Invocaciones o habilidades de tu oponente".</text>
      <prop>
        <type>Forward - FFL - Warrior of Darkness</type>
        <manacost>3</manacost>
        <colors>Lightning</colors>
        <pt>6000</pt>
      </prop>
      <set picurl="https://fftcg.cdn.sewest.net/images/cards/full/8-091H_eg.jpg">Opus VIII</set>
      <tablerow>2</tablerow>
    </card>
    <card>
      <name>Alphinaud (8-092C)</name>
      <text>Cuando Alphinaud ataca, pon en dull todos los Delanteros controlados por tu oponente con un poder igual o inferior al de Alphinaud.</text>
      <prop>
        <type>Forward - XIV - Scion of the Seventh Dawn</type>
        <manacost>2</manacost>
        <colors>Lightning</colors>
        <pt>5000</pt>
      </prop>
      <set picurl="https://fftcg.cdn.sewest.net/images/cards/full/8-092C_eg.jpg">Opus VIII</set>
      <tablerow>2</tablerow>
    </card>
    <card>
      <name>Electric Jellyfish (8-093C)</name>
      <text>Cuando Medusa eléctrica entra al terreno de juego, elige 1 Delantero. Este gana Prisa hasta el final del turno.
Pon Medusa eléctrica en la Break Zone: Elige 1 Delantero. Ponlo en dull.</text>
      <prop>
        <type>Monster - FFCC - Electric Jellyfish</type>
        <manacost>2</manacost>
        <colors>Lightning</colors>
        <pt>0</pt>
      </prop>
      <set picurl="https://fftcg.cdn.sewest.net/images/cards/full/8-093C_eg.jpg">Opus VIII</set>
      <tablerow>1</tablerow>
    </card>
    <card>
      <name>Odin (8-094C)</name>
      <text>[EX BURST] Elige 1 Delantero. Rómpelo.</text>
      <prop>
        <type>Summon - FFT</type>
        <manacost>7</manacost>
        <colors>Lightning</colors>
        <pt>0</pt>
      </prop>
      <set picurl="https://fftcg.cdn.sewest.net/images/cards/full/8-094C_eg.jpg">Opus VIII</set>
      <tablerow>3</tablerow>
    </card>
    <card>
      <name>Odin (1-124R)</name>
      <text>[EX BURST] Elige 1 Delantero. Rómpelo.</text>
      <prop>
        <type>Summon - FFT</type>
        <manacost>7</manacost>
        <colors>Lightning</colors>
        <pt>0</pt>
      </prop>
      <set picurl="https://fftcg.cdn.sewest.net/images/cards/full/1-124R_eg.jpg">Opus VIII</set>
      <tablerow>3</tablerow>
    </card>
    <card>
      <name>Black Mage (8-095C)</name>
      <text>(Lightning)(Lightning)(Dull), pon Mago negro en la Break Zone: Elige 1 Invocación Rayo de tu Break Zone. Añádela a tu mano.</text>
      <prop>
        <type>Backup - XIV - Standard Unit</type>
        <manacost>2</manacost>
        <colors>Lightning</colors>
        <pt>0</pt>
      </prop>
      <set picurl="https://fftcg.cdn.sewest.net/images/cards/full/8-095C_eg.jpg">Opus VIII</set>
      <tablerow>0</tablerow>
    </card>
    <card>
      <name>Sakura (8-096L)</name>
      <text>Cuando Sakura entra al terreno de juego, elige 1 Delantero activo controlado por tu oponente. Inflígele 8000 puntos de daño.
Pon en dull 5 Apoyos Rayo activos: Elige 1 Delantero. Rómpelo.</text>
      <prop>
        <type>Forward - FFBE - Sage</type>
        <manacost>5</manacost>
        <colors>Lightning</colors>
        <pt>4000</pt>
      </prop>
      <set picurl="https://fftcg.cdn.sewest.net/images/cards/full/8-096L_eg.jpg">Opus VIII</set>
      <tablerow>2</tablerow>
    </card>
    <card>
      <name>Jake (8-097H)</name>
      <text>Cuando un Delantero que no sea Jake entra a tu terreno de juego, ese Delantero gana +4000 de poder hasta el final del turno.
(Dull): Elige 1 Delantero. Este gana Prisa hasta el final del turno.</text>
      <prop>
        <type>Forward - FFBE - Mercenary</type>
        <manacost>4</manacost>
        <colors>Lightning</colors>
        <pt>8000</pt>
      </prop>
      <set picurl="https://fftcg.cdn.sewest.net/images/cards/full/8-097H_eg.jpg">Opus VIII</set>
      <tablerow>2</tablerow>
    </card>
    <card>
      <name>Shango (8-098C)</name>
      <text>Shango gana +1000 de poder por cada Apoyo Rayo que controlas.</text>
      <prop>
        <type>Forward - FFL - Divine General</type>
        <manacost>3</manacost>
        <colors>Lightning</colors>
        <pt>5000</pt>
      </prop>
      <set picurl="https://fftcg.cdn.sewest.net/images/cards/full/8-098C_eg.jpg">Opus VIII</set>
      <tablerow>2</tablerow>
    </card>
    <card>
      <name>Summoner (8-099C)</name>
      <text>Cuando Invocador entra al terreno de juego, elige 1 Delantero Rayo. Hasta el final del turno, este gana Prisa e Iniciativa.</text>
      <prop>
        <type>Backup - XIV - Standard Unit</type>
        <manacost>2</manacost>
        <colors>Lightning</colors>
        <pt>0</pt>
      </prop>
      <set picurl="https://fftcg.cdn.sewest.net/images/cards/full/8-099C_eg.jpg">Opus VIII</set>
      <tablerow>0</tablerow>
    </card>
    <card>
      <name>Jinnai (8-100R)</name>
      <text>Ataque furtivo
Iniciativa
Cuando Jinnai entra al terreno de juego, elige 1 Delantero controlado por tu oponente. Inflígele 4000 puntos de daño.</text>
      <prop>
        <type>Forward - FFL - Ninja</type>
        <manacost>4</manacost>
        <colors>Lightning</colors>
        <pt>4000</pt>
      </prop>
      <set picurl="https://fftcg.cdn.sewest.net/images/cards/full/8-100R_eg.jpg">Opus VIII</set>
      <tablerow>2</tablerow>
    </card>
    <card>
      <name>Diana (8-101H)</name>
      <text>Cuando Diana entra al terreno de juego, elige 1 Delantero Categoría FFL que no sea Nombre de la carta Diana de tu Break Zone. Añádelo a tu mano.
(Dull): Elige 1 Delantero Categoría FFL que no sea Diana que controlas. Este gana +2000 de poder hasta el final del turno.</text>
      <prop>
        <type>Forward - FFL - Warrior of Darkness</type>
        <manacost>3</manacost>
        <colors>Lightning</colors>
        <pt>6000</pt>
      </prop>
      <set picurl="https://fftcg.cdn.sewest.net/images/cards/full/8-101H_eg.jpg">Opus VIII</set>
      <tablerow>2</tablerow>
    </card>
    <card>
      <name>Death Machine (8-102R)</name>
      <text>Cada turno, al principio de la Main Phase 1, si ningún jugador controla Delanteros, pon Meca letal en la Break Zone.
Al final de tu turno, elige 1 Delantero controlado por tu oponente. Rómpelo.
Al final del turno de tu oponente, selecciona 1 Delantero que controlas. Ponlo en la Break Zone.</text>
      <prop>
        <type>Monster - FFCC - War Machine</type>
        <manacost>5</manacost>
        <colors>Lightning</colors>
        <pt>0</pt>
      </prop>
      <set picurl="https://fftcg.cdn.sewest.net/images/cards/full/8-102R_eg.jpg">Opus VIII</set>
      <tablerow>1</tablerow>
    </card>
    <card>
      <name>Raiden (8-103R)</name>
      <text>Solo puedes pagar con CP de Apoyos el coste para lanzar Raiden.
Elige 1 Delantero. Rómpelo.</text>
      <prop>
        <type>Summon - MOBIUS</type>
        <manacost>4</manacost>
        <colors>Lightning</colors>
        <pt>0</pt>
      </prop>
      <set picurl="https://fftcg.cdn.sewest.net/images/cards/full/8-103R_eg.jpg">Opus VIII</set>
      <tablerow>3</tablerow>
    </card>
    <card>
      <name>Ramuh (8-104C)</name>
      <text>[EX BURST] Elige 1 Delantero activo. Inflígele 5000 puntos de daño y 1000 puntos adicionales por cada Apoyo Rayo que controlas.</text>
      <prop>
        <type>Summon - XI</type>
        <manacost>4</manacost>
        <colors>Lightning</colors>
        <pt>0</pt>
      </prop>
      <set picurl="https://fftcg.cdn.sewest.net/images/cards/full/8-104C_eg.jpg">Opus VIII</set>
      <tablerow>3</tablerow>
    </card>
    <card>
      <name>Lid (8-105H)</name>
      <text>Cuando Lid entra al terreno de juego, elige 1 personaje Rayo de tu Break Zone. Añádelo a tu mano.
(Dull), descarta 3 cartas: Elige 1 Delantero activo. Inflígele 8000 puntos de daño.</text>
      <prop>
        <type>Backup - FFBE - Engineer</type>
        <manacost>4</manacost>
        <colors>Lightning</colors>
        <pt>0</pt>
      </prop>
      <set picurl="https://fftcg.cdn.sewest.net/images/cards/full/8-105H_eg.jpg">Opus VIII</set>
      <tablerow>0</tablerow>
    </card>
    <card>
      <name>Dragoon (8-106C)</name>
      <text>Si controlas 3 o más Oficio Draconarius o Nombre de la carta Caballero dragón, Caballero dragón gana Prisa e Iniciativa.</text>
      <prop>
        <type>Forward - XIV - Standard Unit</type>
        <manacost>4</manacost>
        <colors>Lightning</colors>
        <pt>8000</pt>
      </prop>
      <set picurl="https://fftcg.cdn.sewest.net/images/cards/full/8-106C_eg.jpg">Opus VIII</set>
      <tablerow>2</tablerow>
    </card>
    <card>
      <name>Dragoon (8-107C)</name>
      <text>El coste requerido para jugar Caballero dragón al terreno de juego se reduce en 1 por cada Oficio Draconarius o Nombre de la carta Caballero dragón que controlas (no puede ser 0).</text>
      <prop>
        <type>Forward - FFTA - Standard Unit</type>
        <manacost>3</manacost>
        <colors>Lightning</colors>
        <pt>7000</pt>
      </prop>
      <set picurl="https://fftcg.cdn.sewest.net/images/cards/full/8-107C_eg.jpg">Opus VIII</set>
      <tablerow>2</tablerow>
    </card>
    <card>
      <name>Rude (8-108R)</name>
      <text>(Dull): Elige 1 Nombre de la carta Rufus u Oficio Miembro de los Turcos que controlas. Esta gana +1000 de poder hasta el final del turno.
Gran centella (S)(Lightning)(Lightning)(Lightning)(4)(Dull): Inflige 8000 puntos de daño a todos los Delanteros activos. Solo puedes usar esta habilidad si controlas Nombre de la carta Reno.</text>
      <prop>
        <type>Backup - VII - Member of the Turks</type>
        <manacost>2</manacost>
        <colors>Lightning</colors>
        <pt>0</pt>
      </prop>
      <set picurl="https://fftcg.cdn.sewest.net/images/cards/full/8-108R_eg.jpg">Opus VIII</set>
      <tablerow>0</tablerow>
    </card>
    <card>
      <name>Rufus (8-109L)</name>
      <text>[EX BURST] Cuando Rufus entra al terreno de juego, puedes buscar 1 Oficio Miembro de los Turcos y añadirla a tu mano.
  Cuando Rufus o una Oficio Miembro de los Turcos que controlas pasa del terreno de juego a la Break Zone, elige 1 Delantero activo controlado por tu oponente. Inflígele 5000 puntos de daño.</text>
      <prop>
        <type>Forward - VII - President of Shinra</type>
        <manacost>4</manacost>
        <colors>Lightning</colors>
        <pt>5000</pt>
      </prop>
      <set picurl="https://fftcg.cdn.sewest.net/images/cards/full/8-109L_eg.jpg">Opus VIII</set>
      <tablerow>2</tablerow>
    </card>
    <card>
      <name>Reno (8-110R)</name>
      <text>(Dull), pon Reno en la Break Zone: Elige 1 Delantero activo. Inflígele 3000 puntos de daño.
Luz de Turco (S)(Dull): Elige 1 Delantero. Ponlo en dull.</text>
      <prop>
        <type>Backup - VII - Member of the Turks</type>
        <manacost>2</manacost>
        <colors>Lightning</colors>
        <pt>0</pt>
      </prop>
      <set picurl="https://fftcg.cdn.sewest.net/images/cards/full/8-110R_eg.jpg">Opus VIII</set>
      <tablerow>0</tablerow>
    </card>
    <card>
      <name>Alexander (8-111R)</name>
      <text>Selecciona 1 de las siguientes 2 acciones.
"Elige 1 Delantero de coste 3 o menos controlado por tu oponente. Devuélvelo a la mano de su propietario."
"Elige 1 Monstruo de coste 3 o menos controlado por tu oponente. Devuélvelo a la mano de su propietario."</text>
      <prop>
        <type>Summon - IX</type>
        <manacost>1</manacost>
        <colors>Water</colors>
        <pt>0</pt>
      </prop>
      <set picurl="https://fftcg.cdn.sewest.net/images/cards/full/8-111R_eg.jpg">Opus VIII</set>
      <tablerow>3</tablerow>
    </card>
    <card>
      <name>Eiko (8-112R)</name>
      <text>Cuando Eiko entra al terreno de juego, puedes buscar 1 Invocación y añadirla a tu mano.
Cuando Eiko pasa del terreno de juego a la Break Zone, coge 1 carta.</text>
      <prop>
        <type>Forward - IX - Summoner</type>
        <manacost>5</manacost>
        <colors>Water</colors>
        <pt>4000</pt>
      </prop>
      <set picurl="https://fftcg.cdn.sewest.net/images/cards/full/8-112R_eg.jpg">Opus VIII</set>
      <tablerow>2</tablerow>
    </card>
    <card>
      <name>Garnet (8-113C)</name>
      <text>[EX BURST] Cuando Garnet entra al terreno de juego, elige 1 Delantero. Actívalo.
Si un Delantero que controlas recibe daño de una Invocación, el daño se reduce en 5000 en su lugar.</text>
      <prop>
        <type>Forward - IX - Summoner</type>
        <manacost>2</manacost>
        <colors>Water</colors>
        <pt>5000</pt>
      </prop>
      <set picurl="https://fftcg.cdn.sewest.net/images/cards/full/8-113C_eg.jpg">Opus VIII</set>
      <tablerow>2</tablerow>
    </card>
    <card>
      <name>Quina (8-114H)</name>
      <text>Retira del juego las 5 cartas de la parte superior de tu mazo: Hasta el final del turno, Quina gana +2000 de poder y Quina no puede ser objetivo de las habilidades de tu oponente. Solo puedes usar esta habilidad una vez por turno.</text>
      <prop>
        <type>Forward - IX - Blue Mage</type>
        <manacost>4</manacost>
        <colors>Water</colors>
        <pt>8000</pt>
      </prop>
      <set picurl="https://fftcg.cdn.sewest.net/images/cards/full/8-114H_eg.jpg">Opus VIII</set>
      <tablerow>2</tablerow>
    </card>
    <card>
      <name>Zidane (8-115L)</name>
      <text>Si tienes 6 o más cartas en tu mano, Yitán no puede ser bloqueado.
Cuando Yitán inflige daño a tu oponente, coge 2 cartas.
Solución 9 (S)(Water)(Water): Elige 1 Delantero. Hasta el final del turno, este pierde 2000 de poder por cada carta que tienes en tu mano.</text>
      <prop>
        <type>Forward - DFF · IX - Genome</type>
        <manacost>2</manacost>
        <colors>Water</colors>
        <pt>3000</pt>
      </prop>
      <set picurl="https://fftcg.cdn.sewest.net/images/cards/full/8-115L_eg.jpg">Opus VIII</set>
      <tablerow>2</tablerow>
    </card>
    <card>
      <name>Shamonde P Grauche (8-116R)</name>
      <text>Si un Delantero que controlas recibe 1000 puntos de daño, el daño se vuelve 0 en su lugar.</text>
      <prop>
        <type>Backup - XI - Archbishop</type>
        <manacost>2</manacost>
        <colors>Water</colors>
        <pt>0</pt>
      </prop>
      <set picurl="https://fftcg.cdn.sewest.net/images/cards/full/8-116R_eg.jpg">Opus VIII</set>
      <tablerow>0</tablerow>
    </card>
    <card>
      <name>White Mage (8-117C)</name>
      <text>(Water)(Dull), pon Mago blanco en la Break Zone: Activa todos los Delanteros que controlas.</text>
      <prop>
        <type>Backup - XIV - Standard Unit</type>
        <manacost>2</manacost>
        <colors>Water</colors>
        <pt>0</pt>
      </prop>
      <set picurl="https://fftcg.cdn.sewest.net/images/cards/full/8-117C_eg.jpg">Opus VIII</set>
      <tablerow>0</tablerow>
    </card>
    <card>
      <name>Steiner (8-118H)</name>
      <text>Cuando Steiner o un personaje Categoría IX entra a tu terreno de juego, activa Steiner.
(Dull): Elige 1 Delantero. Este gana +1000 de poder hasta el final del turno. Durante este turno, el siguiente daño que reciba se reduce en 1000 en su lugar.</text>
      <prop>
        <type>Forward - IX - Knight</type>
        <manacost>3</manacost>
        <colors>Water</colors>
        <pt>7000</pt>
      </prop>
      <set picurl="https://fftcg.cdn.sewest.net/images/cards/full/8-118H_eg.jpg">Opus VIII</set>
      <tablerow>2</tablerow>
    </card>
    <card>
      <name>Strago (8-119C)</name>
      <text>(Water)(Dull), pon Strago en la Break Zone: Elige 1 Nombre de la carta Relm de coste 2 o menos de tu Break Zone. Juégala al terreno de juego. Solo puedes usar esta habilidad durante tu turno.</text>
      <prop>
        <type>Backup - VI - Blue Mage</type>
        <manacost>2</manacost>
        <colors>Water</colors>
        <pt>0</pt>
      </prop>
      <set picurl="https://fftcg.cdn.sewest.net/images/cards/full/8-119C_eg.jpg">Opus VIII</set>
      <tablerow>0</tablerow>
    </card>
    <card>
      <name>Astrologian (8-120C)</name>
      <text>(Water): Revela la carta superior de tu mazo. Si es una carta Agua, Astrólogo gana +3000 de poder hasta el final del turno. Solo puedes usar esta habilidad una vez por turno.</text>
      <prop>
        <type>Forward - XIV - Standard Unit</type>
        <manacost>3</manacost>
        <colors>Water</colors>
        <pt>6000</pt>
      </prop>
      <set picurl="https://fftcg.cdn.sewest.net/images/cards/full/8-120C_eg.jpg">Opus VIII</set>
      <tablerow>2</tablerow>
    </card>
    <card>
      <name>Paladin (8-121C)</name>
      <text>(Water)(Dull), pon Caballero en la Break Zone: Elige 1 Delantero que controlas y 1 Delantero más que controlas. Durante este turno, el siguiente daño que infligido al primero será recibido por el segundo en su lugar.</text>
      <prop>
        <type>Backup - XIV - Standard Unit</type>
        <manacost>2</manacost>
        <colors>Water</colors>
        <pt>0</pt>
      </prop>
      <set picurl="https://fftcg.cdn.sewest.net/images/cards/full/8-121C_eg.jpg">Opus VIII</set>
      <tablerow>0</tablerow>
    </card>
    <card>
      <name>Gramps (8-122R)</name>
      <text>[EX BURST] Cuando Abuelo entra al terreno de juego, coge 1 carta.</text>
      <prop>
        <type>Backup - FFL - Elderly Man</type>
        <manacost>4</manacost>
        <colors>Water</colors>
        <pt>0</pt>
      </prop>
      <set picurl="https://fftcg.cdn.sewest.net/images/cards/full/8-122R_eg.jpg">Opus VIII</set>
      <tablerow>0</tablerow>
    </card>
    <card>
      <name>Nichol (8-123H)</name>
      <text>Cuando Nichol entra al terreno de juego, elige hasta 2 Delanteros controlados por tu oponente. Estos pierden 1000 de poder por cada Apoyo Agua que controlas hasta el final del turno.
(Water)(Dull): Todos los Delanteros Agua que controlas ganan +1000 de poder hasta el final del turno.</text>
      <prop>
        <type>Forward - FFBE - Tactician</type>
        <manacost>4</manacost>
        <colors>Water</colors>
        <pt>7000</pt>
      </prop>
      <set picurl="https://fftcg.cdn.sewest.net/images/cards/full/8-123H_eg.jpg">Opus VIII</set>
      <tablerow>2</tablerow>
    </card>
    <card>
      <name>Ninja (8-124C)</name>
      <text>(Water)(Dull), pon Ninja en la Break Zone: Elige 1 Delantero controlado por tu oponente. Actívalo y pasa a controlarlo hasta el final del turno.</text>
      <prop>
        <type>Forward - FFTA - Standard Unit</type>
        <manacost>3</manacost>
        <colors>Water</colors>
        <pt>5000</pt>
      </prop>
      <set picurl="https://fftcg.cdn.sewest.net/images/cards/full/8-124C_eg.jpg">Opus VIII</set>
      <tablerow>2</tablerow>
    </card>
    <card>
      <name>Fairy (8-125C)</name>
      <text>[EX BURST] Elige 1 Delantero. Actívalo. Coge 1 carta.</text>
      <prop>
        <type>Summon - FFT</type>
        <manacost>2</manacost>
        <colors>Water</colors>
        <pt>0</pt>
      </prop>
      <set picurl="https://fftcg.cdn.sewest.net/images/cards/full/8-125C_eg.jpg">Opus VIII</set>
      <tablerow>3</tablerow>
    </card>
    <card>
      <name>Fairy (1-170C)</name>
      <text>[EX BURST] Elige 1 Delantero. Actívalo. Coge 1 carta.</text>
      <prop>
        <type>Summon - FFT</type>
        <manacost>2</manacost>
        <colors>Water</colors>
        <pt>0</pt>
      </prop>
      <set picurl="https://fftcg.cdn.sewest.net/images/cards/full/1-170C_eg.jpg">Opus VIII</set>
      <tablerow>3</tablerow>
    </card>
    <card>
      <name>Freya (8-126H)</name>
      <text>Si controlas una Oficio Draconarius o una Nombre de la carta Caballero dragón que no sea Freya, Freya gana Prisa.
Cuando Freya entra al terreno de juego o ataca, elige 1 Delantero controlado por tu oponente. Este pierde 2000 de poder hasta el final del turno.</text>
      <prop>
        <type>Forward - IX - Dragoon</type>
        <manacost>3</manacost>
        <colors>Water</colors>
        <pt>7000</pt>
      </prop>
      <set picurl="https://fftcg.cdn.sewest.net/images/cards/full/8-126H_eg.jpg">Opus VIII</set>
      <tablerow>2</tablerow>
    </card>
    <card>
      <name>Whale Zombie (8-127C)</name>
      <text>Cuando Ballena zombi entra al terreno de juego, coge 1 carta.
Pon Ballena zombi en la Break Zone: Mira las 2 cartas de la parte superior de tu mazo. Colócalas en la parte superior y/o inferior de tu mazo en el orden que quieras.</text>
      <prop>
        <type>Monster - IX - Undead</type>
        <manacost>2</manacost>
        <colors>Water</colors>
        <pt>0</pt>
      </prop>
      <set picurl="https://fftcg.cdn.sewest.net/images/cards/full/8-127C_eg.jpg">Opus VIII</set>
      <tablerow>1</tablerow>
    </card>
    <card>
      <name>Meltigemini (8-128R)</name>
      <text>Las Invocaciones o habilidades no pueden aumentar el poder de los Delanteros.</text>
      <prop>
        <type>Monster - IX - Demon</type>
        <manacost>2</manacost>
        <colors>Water</colors>
        <pt>0</pt>
      </prop>
      <set picurl="https://fftcg.cdn.sewest.net/images/cards/full/8-128R_eg.jpg">Opus VIII</set>
      <tablerow>1</tablerow>
    </card>
    <card>
      <name>Lion (8-129R)</name>
      <text>Si no controlas ningún Delantero, el coste requerido para jugar Lion al terreno de juego se reduce en 1.
Cuando Lion ataca, coge 1 carta y después descarta 1 carta de tu mano.</text>
      <prop>
        <type>Forward - MOBIUS · XI - Girl</type>
        <manacost>4</manacost>
        <colors>Water</colors>
        <pt>8000</pt>
      </prop>
      <set picurl="https://fftcg.cdn.sewest.net/images/cards/full/8-129R_eg.jpg">Opus VIII</set>
      <tablerow>2</tablerow>
    </card>
    <card>
      <name>Leviathan (8-130C)</name>
      <text>[EX BURST] Elige 1 Delantero. Hasta el final del turno, este pierde 1000 de poder por cada personaje Agua que controlas.</text>
      <prop>
        <type>Summon - XI</type>
        <manacost>3</manacost>
        <colors>Water</colors>
        <pt>0</pt>
      </prop>
      <set picurl="https://fftcg.cdn.sewest.net/images/cards/full/8-130C_eg.jpg">Opus VIII</set>
      <tablerow>3</tablerow>
    </card>
    <card>
      <name>Relm (8-131C)</name>
      <text>[EX BURST] Cuando Relm entra al terreno de juego, elige 1 Monstruo. Devuélvelo a la mano de su propietario.</text>
      <prop>
        <type>Forward - VI - Pictomancer</type>
        <manacost>2</manacost>
        <colors>Water</colors>
        <pt>5000</pt>
      </prop>
      <set picurl="https://fftcg.cdn.sewest.net/images/cards/full/8-131C_eg.jpg">Opus VIII</set>
      <tablerow>2</tablerow>
    </card>
    <card>
      <name>Lunafreya (8-132L)</name>
      <text>Si controlas un Delantero Categoría XV, el coste requerido para jugar Lunafreya al terreno de juego se reduce en 1.
Durante el turno de tu oponente, cuando un Delantero que no sea Luz u Oscuridad que controlas pasa del terreno de juego a la Break Zone, puedes poner Lunafreya en la Break Zone. Si lo haces, juega el Delantero colocado en la Break Zone al terreno de juego en dull.</text>
      <prop>
        <type>Backup - XV - Oracle</type>
        <manacost>4</manacost>
        <colors>Water</colors>
        <pt>0</pt>
      </prop>
      <set picurl="https://fftcg.cdn.sewest.net/images/cards/full/8-132L_eg.jpg">Opus VIII</set>
      <tablerow>0</tablerow>
    </card>
    <card>
      <name>Madeen (8-133H)</name>
      <text>Solo puedes lanzar Madine durante tu turno.
Si has recibido 5 o más puntos de daño, el coste requerido para lanzar Madine se reduce en 2.
Inflige 9000 puntos de daño a todos los Delanteros.</text>
      <prop>
        <type>Summon - IX</type>
        <manacost>8</manacost>
        <colors>Light</colors>
        <pt>0</pt>
      </prop>
      <set picurl="https://fftcg.cdn.sewest.net/images/cards/full/8-133H_eg.jpg">Opus VIII</set>
      <tablerow>3</tablerow>
    </card>
    <card>
      <name>Rain (8-134L)</name>
      <text>Cuando Rain ataca, hasta el final del turno, todos los Delanteros que controlas ganan +2000 de poder y todos los Delanteros controlados por tu oponente pierden 2000 de poder.
Liderazgo (S): Todos los Delanteros que controlas ganan Prisa hasta el final del turno.
Socavar (S)(2): Todos los Delanteros controlados por tu oponente pierden 4000 de poder hasta el final del turno.</text>
      <prop>
        <type>Forward - FFBE - Knight</type>
        <manacost>3</manacost>
        <colors>Light</colors>
        <pt>7000</pt>
      </prop>
      <set picurl="https://fftcg.cdn.sewest.net/images/cards/full/8-134L_eg.jpg">Opus VIII</set>
      <tablerow>2</tablerow>
    </card>
    <card>
      <name>Ark (8-135H)</name>
      <text>Solo puedes lanzar Ark durante tu turno.
Todos los Delanteros pierden 8000 de poder hasta el final del turno. Coge 1 carta por cada Delantero cuyo poder se ha vuelto 0 o menos a causa del efecto anterior.</text>
      <prop>
        <type>Summon - IX</type>
        <manacost>10</manacost>
        <colors>Dark</colors>
        <pt>0</pt>
      </prop>
      <set picurl="https://fftcg.cdn.sewest.net/images/cards/full/8-135H_eg.jpg">Opus VIII</set>
      <tablerow>3</tablerow>
    </card>
    <card>
      <name>Veritas of the Dark (8-136L)</name>
      <text>Cuando Veritas el tenebroso entra al terreno de juego, tu oponente selecciona 1 Delantero que controla. Ponlo en la Break Zone. 
  Cuando Veritas el tenebroso pasa del terreno de juego a la Break Zone, tu oponente selecciona 1 personaje que controla. Ponlo en la Break Zone.</text>
      <prop>
        <type>Forward - FFBE - Veritas</type>
        <manacost>6</manacost>
        <colors>Dark</colors>
        <pt>8000</pt>
      </prop>
      <set picurl="https://fftcg.cdn.sewest.net/images/cards/full/8-136L_eg.jpg">Opus VIII</set>
      <tablerow>2</tablerow>
    </card>
    <card>
      <name>Gosetsu (8-137S)</name>
      <text>[EX BURST] Cuando Gosetsu entra al terreno de juego, puedes buscar 1 Nombre de la carta Hien o Nombre de la carta Yugiri y añadirla a tu mano.</text>
      <prop>
        <type>Backup - XIV - Samurai</type>
        <manacost>3</manacost>
        <colors>Fire</colors>
        <pt>0</pt>
      </prop>
      <set picurl="https://fftcg.cdn.sewest.net/images/cards/full/8-137S_eg.jpg">Opus VIII</set>
      <tablerow>0</tablerow>
    </card>
    <card>
      <name>Hien (8-138S)</name>
      <text>Si controlas una Oficio Samurái que no sea Hien, Hien gana +1000 de poder y Bravura.
Cuando un Delantero Oficio Samurái que controlas ataca, todos los Delanteros que controlas ganan +1000 de poder hasta el final del turno.</text>
      <prop>
        <type>Forward - XIV - Samurai</type>
        <manacost>4</manacost>
        <colors>Fire</colors>
        <pt>8000</pt>
      </prop>
      <set picurl="https://fftcg.cdn.sewest.net/images/cards/full/8-138S_eg.jpg">Opus VIII</set>
      <tablerow>2</tablerow>
    </card>
    <card>
      <name>Lyse (8-139S)</name>
      <text>No puedes jugar Lyse o Nombre de la carta Yda si ya controlas al otro personaje.
Los Delanteros que controlas que no sean Lyse ganan +1000 de poder. Si has recibido 5 o más puntos de daño, los Delanteros que controlas ganan +2000 de poder en su lugar.
Patada de dragón (S)(Dull): Elige 1 Delantero. Inflígele 8000 puntos de daño.</text>
      <prop>
        <type>Forward - XIV - Scion of the Seventh Dawn</type>
        <manacost>3</manacost>
        <colors>Fire</colors>
        <pt>7000</pt>
      </prop>
      <set picurl="https://fftcg.cdn.sewest.net/images/cards/full/8-139S_eg.jpg">Opus VIII</set>
      <tablerow>2</tablerow>
    </card>
    <card>
      <name>Godo (8-140S)</name>
      <text>Las Nombre de la carta Yuffie que controlas ganan +1000 de poder.
(Dull): Elige 1 Nombre de la carta Yuffie atacante que controlas. Esta gana Iniciativa hasta el final del turno.</text>
      <prop>
        <type>Backup - VII - Mighty God</type>
        <manacost>2</manacost>
        <colors>Wind</colors>
        <pt>0</pt>
      </prop>
      <set picurl="https://fftcg.cdn.sewest.net/images/cards/full/8-140S_eg.jpg">Opus VIII</set>
      <tablerow>0</tablerow>
    </card>
    <card>
      <name>Yuffie (8-141S)</name>
      <text>Cuando Yuffie entra al terreno de juego, puedes pagar (X). Si lo haces, busca 1 Nombre de la carta Red XIII de coste X o menos y juégala al terreno de juego.</text>
      <prop>
        <type>Forward - VII - Ninja</type>
        <manacost>4</manacost>
        <colors>Wind</colors>
        <pt>8000</pt>
      </prop>
      <set picurl="https://fftcg.cdn.sewest.net/images/cards/full/8-141S_eg.jpg">Opus VIII</set>
      <tablerow>2</tablerow>
    </card>
    <card>
      <name>Red XIII (8-142S)</name>
      <text>Si controlas Nombre de la carta Yuffie, Red XIII gana Prisa e Iniciativa.</text>
      <prop>
        <type>Forward - VII - Warrior</type>
        <manacost>3</manacost>
        <colors>Wind</colors>
        <pt>7000</pt>
      </prop>
      <set picurl="https://fftcg.cdn.sewest.net/images/cards/full/8-142S_eg.jpg">Opus VIII</set>
      <tablerow>2</tablerow>
    </card>
    <card>
      <name>Cloud (8-143S)</name>
      <text>Cuando Cloud entra al terreno de juego, elige 1 Delantero. Si controlas 4 o más Delanteros Categoría VII, rómpelo.
Cuando un Delantero Categoría VII que controlas bloquea, este gana +1000 de poder hasta el final del turno.</text>
      <prop>
        <type>Forward - VII - SOLDIER</type>
        <manacost>3</manacost>
        <colors>Earth</colors>
        <pt>7000</pt>
      </prop>
      <set picurl="https://fftcg.cdn.sewest.net/images/cards/full/8-143S_eg.jpg">Opus VIII</set>
      <tablerow>2</tablerow>
    </card>
    <card>
      <name>Tifa (8-144S)</name>
      <text>Si controlas un Delantero Nombre de la carta Cloud, el coste requerido para jugar Tifa al terreno de juego se reduce en 2.
Bravura
Cielo final (S)(Earth)(Dull): Elige 1 Delantero en dull. Inflígele 10000 puntos de daño.</text>
      <prop>
        <type>Forward - VII - Martial Artist</type>
        <manacost>4</manacost>
        <colors>Earth</colors>
        <pt>8000</pt>
      </prop>
      <set picurl="https://fftcg.cdn.sewest.net/images/cards/full/8-144S_eg.jpg">Opus VIII</set>
      <tablerow>2</tablerow>
    </card>
    <card>
      <name>Barret (8-145S)</name>
      <text>[EX BURST] Cuando Barret ataca, revela las 4 cartas de la parte superior de tu mazo. Añade 1 personaje Categoría VII de entre ellas a tu mano y pon el resto en la parte inferior de tu mazo en el orden que quieras.</text>
      <prop>
        <type>Forward - VII - AVALANCHE Operative</type>
        <manacost>5</manacost>
        <colors>Earth</colors>
        <pt>9000</pt>
      </prop>
      <set picurl="https://fftcg.cdn.sewest.net/images/cards/full/8-145S_eg.jpg">Opus VIII</set>
      <tablerow>2</tablerow>
    </card>
    <card>
      <name>Thancred (8-146S)</name>
      <text>(Dull): Elige 1 Delantero Categoría XIV atacante que controlas. Este gana Iniciativa hasta el final del turno.</text>
      <prop>
        <type>Backup - XIV - Scion of the Seventh Dawn</type>
        <manacost>2</manacost>
        <colors>Lightning</colors>
        <pt>0</pt>
      </prop>
      <set picurl="https://fftcg.cdn.sewest.net/images/cards/full/8-146S_eg.jpg">Opus VIII</set>
      <tablerow>0</tablerow>
    </card>
    <card>
      <name>Fordola (8-147S)</name>
      <text>Cuando Fordola entra al terreno de juego, elige 1 Apoyo que controlas. Puedes retirarlo del juego. Si lo haces, Fordola gana +1000 de poder, Prisa, Iniciativa y Bravura. (Este efecto no termina al final del turno.)</text>
      <prop>
        <type>Forward - XIV - Commander</type>
        <manacost>4</manacost>
        <colors>Lightning</colors>
        <pt>8000</pt>
      </prop>
      <set picurl="https://fftcg.cdn.sewest.net/images/cards/full/8-147S_eg.jpg">Opus VIII</set>
      <tablerow>2</tablerow>
    </card>
    <card>
      <name>Yugiri (8-148S)</name>
      <text>Si tu oponente no controla Delanteros, Yugiri gana Prisa.
(Lightning)(Lightning)(2): Rompe el Delantero que bloquea a Yugiri.</text>
      <prop>
        <type>Forward - XIV - Ninja</type>
        <manacost>2</manacost>
        <colors>Lightning</colors>
        <pt>4000</pt>
      </prop>
      <set picurl="https://fftcg.cdn.sewest.net/images/cards/full/8-148S_eg.jpg">Opus VIII</set>
      <tablerow>2</tablerow>
    </card>
  </cards>
</cockatrice_carddatabase>