<?xml version="1.0" encoding="UTF-8"?>
<cockatrice_carddatabase version="4">
  <sets>
    <set>
      <name>Opus IV</name>
      <longname>Opus IV</longname>
      <settype>Custom</settype>
      <releasedate></releasedate>
    </set>
  </sets>
  <cards>
    <card>
      <name>Hauyn (4-001H)</name>
      <text>Si controlas 3 o más personajes Categoría WOFF que no sean Hauyn, Hauyn gana +4000 de poder.
Si controlas 5 o más personajes Categoría WOFF que no sean Hauyn, Hauyn gana +1000 de poder y Bravura.</text>
      <prop>
        <type>Forward - WOFF - Mysterious Woman</type>
        <manacost>2</manacost>
        <colors>Fire</colors>
        <pt>5000</pt>
      </prop>
      <set picurl="https://fftcg.cdn.sewest.net/images/cards/full/4-001H_eg.jpg">Opus IV</set>
      <tablerow>2</tablerow>
    </card>
    <card>
      <name>Red Mage (4-002C)</name>
      <text>(Fire)(Dull): Elige 1 Delantero. Durante este turno, el daño que recibe aumenta en 1000 en su lugar.</text>
      <prop>
        <type>Backup - III - Standard Unit</type>
        <manacost>2</manacost>
        <colors>Fire</colors>
        <pt>0</pt>
      </prop>
      <set picurl="https://fftcg.cdn.sewest.net/images/cards/full/4-002C_eg.jpg">Opus IV</set>
      <tablerow>0</tablerow>
    </card>
    <card>
      <name>Ifrit (4-003C)</name>
      <text>[EX BURST] Elige 1 Delantero. Inflígele 4000 puntos de daño. Si controlas 5 o más personajes Fuego, inflígele 7000 puntos de daño en su lugar.</text>
      <prop>
        <type>Summon - DFF</type>
        <manacost>2</manacost>
        <colors>Fire</colors>
        <pt>0</pt>
      </prop>
      <set picurl="https://fftcg.cdn.sewest.net/images/cards/full/4-003C_eg.jpg">Opus IV</set>
      <tablerow>3</tablerow>
    </card>
    <card>
      <name>Edgar (4-004H)</name>
      <text>[EX BURST]Cuando Edgar entra al terreno de juego, puedes buscar 1 Nombre de la carta Sabin y añadirla a tu mano.
(Dull): Elige 1 Delantero. Inflígele 2000 puntos de daño. 
Taladro (S)(Fire)(Fire)(1)(Dull): Elige 1 Delantero. Rómpelo.</text>
      <prop>
        <type>Forward - VI - King</type>
        <manacost>5</manacost>
        <colors>Fire</colors>
        <pt>7000</pt>
      </prop>
      <set picurl="https://fftcg.cdn.sewest.net/images/cards/full/4-004H_eg.jpg">Opus IV</set>
      <tablerow>2</tablerow>
    </card>
    <card>
      <name>Garland (4-005R)</name>
      <text>Cuando Garland entra al terreno de juego, puedes jugar 1 Apoyo Fuego de coste 3 o menos de tu mano al terreno de juego en dull.</text>
      <prop>
        <type>Forward - DFF · I - Knight</type>
        <manacost>6</manacost>
        <colors>Fire</colors>
        <pt>9000</pt>
      </prop>
      <set picurl="https://fftcg.cdn.sewest.net/images/cards/full/4-005R_eg.jpg">Opus IV</set>
      <tablerow>2</tablerow>
    </card>
    <card>
      <name>Caius (4-006L)</name>
      <text>Cuando Caius entra al terreno de juego, puedes buscar 1 Nombre de la carta Bahamut y añadirla a tu mano.
Cuando Caius ataca, elige 1 Delantero. Puedes descartar 1 Nombre de la carta Bahamut de tu mano. Si lo haces, inflígele 7000 puntos de daño.</text>
      <prop>
        <type>Forward - XIII - Guardian of the Seeress</type>
        <manacost>6</manacost>
        <colors>Fire</colors>
        <pt>9000</pt>
      </prop>
      <set picurl="https://fftcg.cdn.sewest.net/images/cards/full/4-006L_eg.jpg">Opus IV</set>
      <tablerow>2</tablerow>
    </card>
    <card>
      <name>Cyan (4-007H)</name>
      <text>Bravura
Los Delanteros Categoría VI que controlas que no sean Cyan ganan Bravura.
Bushido: Colmillo (S)(Dull): Elige 1 Delantero. Al principio de tu próxima Main Phase 1, si Cyan está en tu terreno de juego, rómpelo.</text>
      <prop>
        <type>Forward - VI - Samurai</type>
        <manacost>3</manacost>
        <colors>Fire</colors>
        <pt>7000</pt>
      </prop>
      <set picurl="https://fftcg.cdn.sewest.net/images/cards/full/4-007H_eg.jpg">Opus IV</set>
      <tablerow>2</tablerow>
    </card>
    <card>
      <name>Scholar (4-008C)</name>
      <text>(Fire)(Dull), pon Erudito en la Break Zone: Elige hasta 2 Delanteros controlados por tu oponente. Inflígeles 3000 puntos de daño.</text>
      <prop>
        <type>Backup - III - Standard Unit</type>
        <manacost>2</manacost>
        <colors>Fire</colors>
        <pt>0</pt>
      </prop>
      <set picurl="https://fftcg.cdn.sewest.net/images/cards/full/4-008C_eg.jpg">Opus IV</set>
      <tablerow>0</tablerow>
    </card>
    <card>
      <name>Ranger (4-009C)</name>
      <text>Prisa
Cuando Ranger ataca, inflige 2000 puntos de daño a todos los Delanteros controlados por tu oponente.</text>
      <prop>
        <type>Forward - III - Standard Unit</type>
        <manacost>3</manacost>
        <colors>Fire</colors>
        <pt>4000</pt>
      </prop>
      <set picurl="https://fftcg.cdn.sewest.net/images/cards/full/4-009C_eg.jpg">Opus IV</set>
      <tablerow>2</tablerow>
    </card>
    <card>
      <name>Black Mage (4-010C)</name>
      <text>Cuando Mago negro entra al terreno de juego, elige hasta 2 Delanteros. Inflígeles 5000 puntos de daño.</text>
      <prop>
        <type>Backup - FFT - Standard Unit</type>
        <manacost>4</manacost>
        <colors>Fire</colors>
        <pt>0</pt>
      </prop>
      <set picurl="https://fftcg.cdn.sewest.net/images/cards/full/4-010C_eg.jpg">Opus IV</set>
      <tablerow>0</tablerow>
    </card>
    <card>
      <name>Sage (4-011C)</name>
      <text>(Dull), pon Sabio en la Break Zone: Elige 1 Delantero que controlas. Si inflige daño a un Delantero este turno, el daño aumenta en 2000 en su lugar.</text>
      <prop>
        <type>Backup - III - Standard Unit</type>
        <manacost>2</manacost>
        <colors>Fire</colors>
        <pt>0</pt>
      </prop>
      <set picurl="https://fftcg.cdn.sewest.net/images/cards/full/4-011C_eg.jpg">Opus IV</set>
      <tablerow>0</tablerow>
    </card>
    <card>
      <name>Goblin (4-012C)</name>
      <text>Pon Duende en la Break Zone: Elige 1 Delantero que controlas. Este gana Prisa hasta el final del turno. Coge 1 carta.</text>
      <prop>
        <type>Monster - THEATRHYTHM - Goblin</type>
        <manacost>1</manacost>
        <colors>Fire</colors>
        <pt>0</pt>
      </prop>
      <set picurl="https://fftcg.cdn.sewest.net/images/cards/full/4-012C_eg.jpg">Opus IV</set>
      <tablerow>1</tablerow>
    </card>
    <card>
      <name>Zack (4-013C)</name>
      <text>[EX BURST]Cuando Zack entra al terreno de juego, elige 1 Nombre de la carta Cloud u Oficio SOLDADO de tu Break Zone. Añádela a tu mano.</text>
      <prop>
        <type>Backup - THEATRHYTHM · VII - SOLDIER</type>
        <manacost>3</manacost>
        <colors>Fire</colors>
        <pt>0</pt>
      </prop>
      <set picurl="https://fftcg.cdn.sewest.net/images/cards/full/4-013C_eg.jpg">Opus IV</set>
      <tablerow>0</tablerow>
    </card>
    <card>
      <name>Samurai (4-014C)</name>
      <text>Si has recibido 5 o más puntos de daño, Samurái gana +1000 de poder y Bravura.</text>
      <prop>
        <type>Forward - FFT - Standard Unit</type>
        <manacost>4</manacost>
        <colors>Fire</colors>
        <pt>8000</pt>
      </prop>
      <set picurl="https://fftcg.cdn.sewest.net/images/cards/full/4-014C_eg.jpg">Opus IV</set>
      <tablerow>2</tablerow>
    </card>
    <card>
      <name>Shadow (4-015H)</name>
      <text>Iniciativa
(Fire)(Fire), retira del juego 1 carta de tu mano: Elige 1 Delantero. Inflígele 1000 puntos de daño por cada CP del coste requerido para jugar la carta retirada.</text>
      <prop>
        <type>Forward - VI - Assassin</type>
        <manacost>4</manacost>
        <colors>Fire</colors>
        <pt>7000</pt>
      </prop>
      <set picurl="https://fftcg.cdn.sewest.net/images/cards/full/4-015H_eg.jpg">Opus IV</set>
      <tablerow>2</tablerow>
    </card>
    <card>
      <name>Bahamut (4-016R)</name>
      <text>Elige 1 Delantero. Inflígele 8000 puntos de daño. Si pasa del terreno de juego a la Break Zone este turno, retíralo del juego en su lugar.</text>
      <prop>
        <type>Summon - THEATRHYTHM</type>
        <manacost>4</manacost>
        <colors>Fire</colors>
        <pt>0</pt>
      </prop>
      <set picurl="https://fftcg.cdn.sewest.net/images/cards/full/4-016R_eg.jpg">Opus IV</set>
      <tablerow>3</tablerow>
    </card>
    <card>
      <name>Marauder (4-017R)</name>
      <text>Cuando Merodeador ataca, Merodeador gana +8000 de poder hasta el final del turno.</text>
      <prop>
        <type>Forward - XIV - Standard Unit</type>
        <manacost>2</manacost>
        <colors>Fire</colors>
        <pt>1000</pt>
      </prop>
      <set picurl="https://fftcg.cdn.sewest.net/images/cards/full/4-017R_eg.jpg">Opus IV</set>
      <tablerow>2</tablerow>
    </card>
    <card>
      <name>Bomb (4-018R)</name>
      <text>(Fire): Hasta el final del turno, Bom también pasa a ser un Delantero con 5000 de poder y "Pon Bom en la Break Zone: Inflige 4000 puntos de daño a todos los Delanteros". Solo puedes usar esta habilidad una vez por turno.</text>
      <prop>
        <type>Monster - FFT - Bomb</type>
        <manacost>2</manacost>
        <colors>Fire</colors>
        <pt>0</pt>
      </prop>
      <set picurl="https://fftcg.cdn.sewest.net/images/cards/full/4-018R_eg.jpg">Opus IV</set>
      <tablerow>1</tablerow>
    </card>
    <card>
      <name>Bomb (4-019C)</name>
      <text>Pon Bom en la Break Zone: Elige 1 Delantero. Inflígele 5000 puntos de daño.</text>
      <prop>
        <type>Monster - THEATRHYTHM - Bomb</type>
        <manacost>1</manacost>
        <colors>Fire</colors>
        <pt>0</pt>
      </prop>
      <set picurl="https://fftcg.cdn.sewest.net/images/cards/full/4-019C_eg.jpg">Opus IV</set>
      <tablerow>1</tablerow>
    </card>
    <card>
      <name>Marche (4-020R)</name>
      <text>Pon en dull 1 Delantero activo: Elige 1 Delantero que esté bloqueando a Marche. Inflígele daño equivalente al poder del Delantero en dull.</text>
      <prop>
        <type>Forward - FFTA - Clan Leader</type>
        <manacost>3</manacost>
        <colors>Fire</colors>
        <pt>7000</pt>
      </prop>
      <set picurl="https://fftcg.cdn.sewest.net/images/cards/full/4-020R_eg.jpg">Opus IV</set>
      <tablerow>2</tablerow>
    </card>
    <card>
      <name>Sabin (4-021L)</name>
      <text>Cuando Sabin entra al terreno de juego o ataca, elige 1 Delantero que controlas. No puede romperse este turno.
(Fire)(1): Sabin gana +2000 de poder hasta el final del turno. Solo puedes usar esta habilidad mientras Sabin está atacando.
Vuelo del Fénix (S)(Fire)(Fire)(2): Inflige 8000 puntos de daño a todos los Delanteros. Solo puedes usar esta habilidad mientras Sabin está atacando.</text>
      <prop>
        <type>Forward - VI - Monk</type>
        <manacost>4</manacost>
        <colors>Fire</colors>
        <pt>8000</pt>
      </prop>
      <set picurl="https://fftcg.cdn.sewest.net/images/cards/full/4-021L_eg.jpg">Opus IV</set>
      <tablerow>2</tablerow>
    </card>
    <card>
      <name>Montblanc (4-022R)</name>
      <text>[EX BURST] Cuando Montblanc entra al terreno de juego, puedes buscar 1 Nombre de la carta Marche y añadirla a tu mano.
(Fire)(Dull): Elige 1 Delantero. Inflígele 2000 puntos de daño. Solo puedes usar esta habilidad si controlas Nombre de la carta Marche.</text>
      <prop>
        <type>Backup - FFTA - Moogle</type>
        <manacost>4</manacost>
        <colors>Fire</colors>
        <pt>0</pt>
      </prop>
      <set picurl="https://fftcg.cdn.sewest.net/images/cards/full/4-022R_eg.jpg">Opus IV</set>
      <tablerow>0</tablerow>
    </card>
    <card>
      <name>General Leo (4-023H)</name>
      <text>Cuando General Leo ataca, elige 1 Delantero controlado por tu oponente. Inflígele 2000 puntos de daño.
Impacto (S)(3): Inflige 5000 puntos de daño a todos los Delanteros controlados por tu oponente.</text>
      <prop>
        <type>Forward - VI - Captain</type>
        <manacost>3</manacost>
        <colors>Fire</colors>
        <pt>7000</pt>
      </prop>
      <set picurl="https://fftcg.cdn.sewest.net/images/cards/full/4-023H_eg.jpg">Opus IV</set>
      <tablerow>2</tablerow>
    </card>
    <card>
      <name>Llednar (4-024R)</name>
      <text>Cuando Llednar bloquea o es bloqueado, si tu oponente no paga (2), Llednar no puede romperse este turno. 
Cuando Llednar es objetivo de una Invocación o habilidad de tu oponente, si tu oponente no paga (2), Llednar no puede romperse este turno.</text>
      <prop>
        <type>Forward - FFTA - Biskmatar</type>
        <manacost>2</manacost>
        <colors>Fire</colors>
        <pt>5000</pt>
      </prop>
      <set picurl="https://fftcg.cdn.sewest.net/images/cards/full/4-024R_eg.jpg">Opus IV</set>
      <tablerow>2</tablerow>
    </card>
    <card>
      <name>Umaro (4-025H)</name>
      <text>[EX BURST]Cuando Umaro entra al terreno de juego, puedes buscar 1 Monstruo y añadirlo a tu mano.
Umaro debe atacar una vez por turno si es posible.
Golpetazo (S)(Dull): Elige 1 Delantero. Inflígele 7000 puntos de daño.</text>
      <prop>
        <type>Forward - VI - Yeti</type>
        <manacost>6</manacost>
        <colors>Ice</colors>
        <pt>9000</pt>
      </prop>
      <set picurl="https://fftcg.cdn.sewest.net/images/cards/full/4-025H_eg.jpg">Opus IV</set>
      <tablerow>2</tablerow>
    </card>
    <card>
      <name>Gestahlian Empire Cid (4-026H)</name>
      <text>Cuando Cid del Imperio Gestahl entra al terreno de juego, puedes buscar 1 Delantero Categoría VI y añadirlo a tu mano.</text>
      <prop>
        <type>Backup - VI - Engineer</type>
        <manacost>3</manacost>
        <colors>Ice</colors>
        <pt>0</pt>
      </prop>
      <set picurl="https://fftcg.cdn.sewest.net/images/cards/full/4-026H_eg.jpg">Opus IV</set>
      <tablerow>0</tablerow>
    </card>
    <card>
      <name>Bard (4-027C)</name>
      <text>(Ice)(Dull), pon Bardo en la Break Zone: Elige 1 Delantero. Ponlo en dull.</text>
      <prop>
        <type>Backup - III - Standard Unit</type>
        <manacost>2</manacost>
        <colors>Ice</colors>
        <pt>0</pt>
      </prop>
      <set picurl="https://fftcg.cdn.sewest.net/images/cards/full/4-027C_eg.jpg">Opus IV</set>
      <tablerow>0</tablerow>
    </card>
    <card>
      <name>Bard (4-028C)</name>
      <text>(Ice)(Ice)(2)(Dull), pon Bardo en la Break Zone: Tu oponente descarta 2 cartas de su mano. Solo puedes usar esta habilidad durante tu turno.</text>
      <prop>
        <type>Backup - FFT - Standard Unit</type>
        <manacost>2</manacost>
        <colors>Ice</colors>
        <pt>0</pt>
      </prop>
      <set picurl="https://fftcg.cdn.sewest.net/images/cards/full/4-028C_eg.jpg">Opus IV</set>
      <tablerow>0</tablerow>
    </card>
    <card>
      <name>Ghoul (4-029C)</name>
      <text>(Ice)(1)(Dull): Elige 1 Delantero. Ponlo en dull.</text>
      <prop>
        <type>Monster - FFT - Ghoul</type>
        <manacost>2</manacost>
        <colors>Ice</colors>
        <pt>0</pt>
      </prop>
      <set picurl="https://fftcg.cdn.sewest.net/images/cards/full/4-029C_eg.jpg">Opus IV</set>
      <tablerow>1</tablerow>
    </card>
    <card>
      <name>Black Mage (4-030C)</name>
      <text>(Dull), pon Mago negro en la Break Zone: Elige 1 Delantero en dull. Inflígele 4000 puntos de daño.</text>
      <prop>
        <type>Backup - III - Standard Unit</type>
        <manacost>2</manacost>
        <colors>Ice</colors>
        <pt>0</pt>
      </prop>
      <set picurl="https://fftcg.cdn.sewest.net/images/cards/full/4-030C_eg.jpg">Opus IV</set>
      <tablerow>0</tablerow>
    </card>
    <card>
      <name>Sage (4-031C)</name>
      <text>(Ice)(Ice)(Dull), pon Sabio en la Break Zone: Elige hasta 2 Delanteros controlados por tu oponente. Congélalos.</text>
      <prop>
        <type>Backup - III - Standard Unit</type>
        <manacost>2</manacost>
        <colors>Ice</colors>
        <pt>0</pt>
      </prop>
      <set picurl="https://fftcg.cdn.sewest.net/images/cards/full/4-031C_eg.jpg">Opus IV</set>
      <tablerow>0</tablerow>
    </card>
    <card>
      <name>Arithmetician (4-032C)</name>
      <text>Cuando Aritmético entra al terreno de juego, selecciona 1 número. Pon en dull y congela todos los Delanteros con ese coste.</text>
      <prop>
        <type>Backup - FFT - Standard Unit</type>
        <manacost>4</manacost>
        <colors>Ice</colors>
        <pt>0</pt>
      </prop>
      <set picurl="https://fftcg.cdn.sewest.net/images/cards/full/4-032C_eg.jpg">Opus IV</set>
      <tablerow>0</tablerow>
    </card>
    <card>
      <name>Shiva (4-033C)</name>
      <text>[EX BURST]Elige 1 Delantero en dull. Inflígele 6000 puntos de daño y 1000 puntos adicionales por cada Nombre de la carta Shiva de tu Break Zone.</text>
      <prop>
        <type>Summon - XIII</type>
        <manacost>2</manacost>
        <colors>Ice</colors>
        <pt>0</pt>
      </prop>
      <set picurl="https://fftcg.cdn.sewest.net/images/cards/full/4-033C_eg.jpg">Opus IV</set>
      <tablerow>3</tablerow>
    </card>
    <card>
      <name>Cid (WOFF) (4-034R)</name>
      <text>Cid (WOFF) no puede romperse.
(Dull), pon Cid (WOFF) en la Break Zone: Elige 1 Monstruo de coste 2 o menos de tu Break Zone. Juégalo al terreno de juego. Solo puedes usar esta habilidad durante tu turno.</text>
      <prop>
        <type>Backup - WOFF - Mech</type>
        <manacost>2</manacost>
        <colors>Ice</colors>
        <pt>0</pt>
      </prop>
      <set picurl="https://fftcg.cdn.sewest.net/images/cards/full/4-034R_eg.jpg">Opus IV</set>
      <tablerow>0</tablerow>
    </card>
    <card>
      <name>Cid Randell (4-035R)</name>
      <text>Si controlas Nombre de la carta Remedí, Cid Randell gana +1000 de poder. 
Cuando el Delantero de tu oponente entra al terreno de juego, pon ese Delantero en dull a no ser que tu oponente pague (1).</text>
      <prop>
        <type>Forward - FFTA - Judgemaster</type>
        <manacost>4</manacost>
        <colors>Ice</colors>
        <pt>8000</pt>
      </prop>
      <set picurl="https://fftcg.cdn.sewest.net/images/cards/full/4-035R_eg.jpg">Opus IV</set>
      <tablerow>2</tablerow>
    </card>
    <card>
      <name>Setzer (4-036H)</name>
      <text>Cuando Setzer entra al terreno de juego, puedes buscar 1 personaje Categoría VI y añadirlo a tu mano.
Cuando Setzer pasa del terreno de juego a la Break Zone, elige 1 Delantero controlado por tu oponente. Ponlo en dull y congélalo.</text>
      <prop>
        <type>Forward - VI - Gambler</type>
        <manacost>5</manacost>
        <colors>Ice</colors>
        <pt>7000</pt>
      </prop>
      <set picurl="https://fftcg.cdn.sewest.net/images/cards/full/4-036H_eg.jpg">Opus IV</set>
      <tablerow>2</tablerow>
    </card>
    <card>
      <name>Serah (4-037H)</name>
      <text>Cuando Serah entra al terreno de juego, elige 1 Delantero controlado por tu oponente. Si controlas un Delantero Categoría XIII que no sea Serah, ponlo en dull y congélalo. 
Cuando Serah ataca, puedes pagar (Ice)(Ice). Si lo haces, tu oponente descarta 1 carta de su mano.</text>
      <prop>
        <type>Forward - XIII - Commando</type>
        <manacost>2</manacost>
        <colors>Ice</colors>
        <pt>5000</pt>
      </prop>
      <set picurl="https://fftcg.cdn.sewest.net/images/cards/full/4-037H_eg.jpg">Opus IV</set>
      <tablerow>2</tablerow>
    </card>
    <card>
      <name>Celes (4-038L)</name>
      <text>Cuando Celes entra al terreno de juego, elige 1 personaje. Congélalo.
Cuando Celes inflige daño a tu oponente, elige 1 Delantero en dull controlado por tu oponente. Inflígele 4000 puntos de daño.
Síntesis (S)(Ice): Elige 1 Invocación. Cancela su efecto. Activa Celes.</text>
      <prop>
        <type>Forward - VI - Rune Knight</type>
        <manacost>4</manacost>
        <colors>Ice</colors>
        <pt>8000</pt>
      </prop>
      <set picurl="https://fftcg.cdn.sewest.net/images/cards/full/4-038L_eg.jpg">Opus IV</set>
      <tablerow>2</tablerow>
    </card>
    <card>
      <name>Rogue (4-039R)</name>
      <text>Cuando Bandido inflige daño a un Delantero, ponlo en dull y congélalo.</text>
      <prop>
        <type>Forward - XIV - Standard Unit</type>
        <manacost>2</manacost>
        <colors>Ice</colors>
        <pt>5000</pt>
      </prop>
      <set picurl="https://fftcg.cdn.sewest.net/images/cards/full/4-039R_eg.jpg">Opus IV</set>
      <tablerow>2</tablerow>
    </card>
    <card>
      <name>Knight (4-040C)</name>
      <text></text>
      <prop>
        <type>Forward - FFT - Standard Unit</type>
        <manacost>4</manacost>
        <colors>Ice</colors>
        <pt>8000</pt>
      </prop>
      <set picurl="https://fftcg.cdn.sewest.net/images/cards/full/4-040C_eg.jpg">Opus IV</set>
      <tablerow>2</tablerow>
    </card>
    <card>
      <name>Swampmonk (4-041R)</name>
      <text>(Ice): Hasta el final del turno, Nommo también pasa a ser un Delantero con 5000 de poder y "Cuando Nommo ataca, elige 1 Delantero o Monstruo. Ponlo en dull". Solo puedes usar esta habilidad una vez por turno.</text>
      <prop>
        <type>Monster - XIII - Sahagin</type>
        <manacost>2</manacost>
        <colors>Ice</colors>
        <pt>0</pt>
      </prop>
      <set picurl="https://fftcg.cdn.sewest.net/images/cards/full/4-041R_eg.jpg">Opus IV</set>
      <tablerow>1</tablerow>
    </card>
    <card>
      <name>Babus (4-042C)</name>
      <text>Cuando un Delantero controlado por tu oponente ataca, elige 1 Delantero controlado por tu oponente. Congélalo a no ser que tu oponente pague (1).</text>
      <prop>
        <type>Forward - FFTA - Runeseeker</type>
        <manacost>2</manacost>
        <colors>Ice</colors>
        <pt>5000</pt>
      </prop>
      <set picurl="https://fftcg.cdn.sewest.net/images/cards/full/4-042C_eg.jpg">Opus IV</set>
      <tablerow>2</tablerow>
    </card>
    <card>
      <name>Flan (4-043C)</name>
      <text>(Ice)(Dull): Busca 1 Nombre de la carta Flan y añádela a tu mano.
(Dull), pon Flan en la Break Zone: Tu oponente descarta 1 carta de su mano. Solo puedes usar esta habilidad durante tu turno.</text>
      <prop>
        <type>Monster - THEATRHYTHM - Flan</type>
        <manacost>1</manacost>
        <colors>Ice</colors>
        <pt>0</pt>
      </prop>
      <set picurl="https://fftcg.cdn.sewest.net/images/cards/full/4-043C_eg.jpg">Opus IV</set>
      <tablerow>1</tablerow>
    </card>
    <card>
      <name>Mewt (4-044R)</name>
      <text>[EX BURST]Cuando Mewt entra al terreno de juego, puedes buscar 1 Nombre de la carta Cid Randell o Nombre de la carta Remedí y añadirla a tu mano.</text>
      <prop>
        <type>Backup - FFTA - Prince</type>
        <manacost>3</manacost>
        <colors>Ice</colors>
        <pt>0</pt>
      </prop>
      <set picurl="https://fftcg.cdn.sewest.net/images/cards/full/4-044R_eg.jpg">Opus IV</set>
      <tablerow>0</tablerow>
    </card>
    <card>
      <name>Mecha Chocobo (4-045H)</name>
      <text>Robochocobo no puede ser objetivo de Invocaciones.
Cuando Robochocobo ataca, elige 1 Delantero en dull de coste 4 o menos controlado por tu oponente. Rómpelo.
Cuando Robochocobo es bloqueado, rompe Robochocobo.</text>
      <prop>
        <type>Forward - WOFF - Mech</type>
        <manacost>4</manacost>
        <colors>Ice</colors>
        <pt>7000</pt>
      </prop>
      <set picurl="https://fftcg.cdn.sewest.net/images/cards/full/4-045H_eg.jpg">Opus IV</set>
      <tablerow>2</tablerow>
    </card>
    <card>
      <name>Lich (4-046R)</name>
      <text>Inflige daño a todos los Delanteros controlados por tu oponente por valor de la mitad de su poder (redondeando al alza en múltiplos de 1000).</text>
      <prop>
        <type>Summon - FFT</type>
        <manacost>4</manacost>
        <colors>Ice</colors>
        <pt>0</pt>
      </prop>
      <set picurl="https://fftcg.cdn.sewest.net/images/cards/full/4-046R_eg.jpg">Opus IV</set>
      <tablerow>3</tablerow>
    </card>
    <card>
      <name>Remedi (4-047R)</name>
      <text>Si controlas Nombre de la carta Cid Randell, Remedí gana +1000 de poder.
Cuando tu oponente juega un personaje al terreno de juego y no es desde su mano, rómpelo a no ser que tu oponente pague (2).</text>
      <prop>
        <type>Forward - FFTA - Queen</type>
        <manacost>3</manacost>
        <colors>Ice</colors>
        <pt>7000</pt>
      </prop>
      <set picurl="https://fftcg.cdn.sewest.net/images/cards/full/4-047R_eg.jpg">Opus IV</set>
      <tablerow>2</tablerow>
    </card>
    <card>
      <name>Locke (4-048L)</name>
      <text>Cuando Locke entra al terreno de juego, si controlas 2 o más personajes Categoría VI que no sean Locke, tu oponente descarta 1 carta de su mano. 
Cuando Locke inflige daño a tu oponente, tu oponente descarta 1 carta de su mano.
Acometida fulmínea (S): Locke no puede ser bloqueado este turno.</text>
      <prop>
        <type>Forward - VI - Treasure Hunter</type>
        <manacost>3</manacost>
        <colors>Ice</colors>
        <pt>7000</pt>
      </prop>
      <set picurl="https://fftcg.cdn.sewest.net/images/cards/full/4-048L_eg.jpg">Opus IV</set>
      <tablerow>2</tablerow>
    </card>
    <card>
      <name>Ahriman (4-049C)</name>
      <text>(Wind), pon Arimán en la Break Zone: Elige 1 Monstruo de coste 5 o más. Rómpelo.
(Wind), pon Arimán en la Break Zone: Elige 1 Delantero de coste 5 o más. Rómpelo.</text>
      <prop>
        <type>Monster - THEATRHYTHM - Ahriman</type>
        <manacost>2</manacost>
        <colors>Wind</colors>
        <pt>0</pt>
      </prop>
      <set picurl="https://fftcg.cdn.sewest.net/images/cards/full/4-049C_eg.jpg">Opus IV</set>
      <tablerow>1</tablerow>
    </card>
    <card>
      <name>A-Ruhn-Senna (4-050R)</name>
      <text>Cuando A-Ruhn-Senna entra al terreno de juego, puedes buscar 1Nombre de la carta Kan-E-Sennao Nombre de la carta Raya-O-Senna y añadirla a tu mano.</text>
      <prop>
        <type>Backup - XIV - Seedseer</type>
        <manacost>4</manacost>
        <colors>Wind</colors>
        <pt>0</pt>
      </prop>
      <set picurl="https://fftcg.cdn.sewest.net/images/cards/full/4-050R_eg.jpg">Opus IV</set>
      <tablerow>0</tablerow>
    </card>
    <card>
      <name>Alexander (4-051H)</name>
      <text>[EX BURST]Elige 1 Delantero de poder 9000 o más. Rómpelo.</text>
      <prop>
        <type>Summon - DFF</type>
        <manacost>5</manacost>
        <colors>Wind</colors>
        <pt>0</pt>
      </prop>
      <set picurl="https://fftcg.cdn.sewest.net/images/cards/full/4-051H_eg.jpg">Opus IV</set>
      <tablerow>3</tablerow>
    </card>
    <card>
      <name>Alexander (4-052C)</name>
      <text>[EX BURST]Selecciona 1 de las siguientes acciones.
"Elige 1 Monstruo. Rómpelo."
"Elige 1 Apoyo que controlas. Actívalo. Coge 1 carta."</text>
      <prop>
        <type>Summon - DFF</type>
        <manacost>2</manacost>
        <colors>Wind</colors>
        <pt>0</pt>
      </prop>
      <set picurl="https://fftcg.cdn.sewest.net/images/cards/full/4-052C_eg.jpg">Opus IV</set>
      <tablerow>3</tablerow>
    </card>
    <card>
      <name>Ezel (4-053R)</name>
      <text>Cuando tu oponente lanza una Invocación, activa todos los Delanteros que controlas.</text>
      <prop>
        <type>Forward - FFTA - Hermetic</type>
        <manacost>2</manacost>
        <colors>Wind</colors>
        <pt>5000</pt>
      </prop>
      <set picurl="https://fftcg.cdn.sewest.net/images/cards/full/4-053R_eg.jpg">Opus IV</set>
      <tablerow>2</tablerow>
    </card>
    <card>
      <name>Onion Knight (4-054L)</name>
      <text>Cuando Caballero cebolla entra al terreno de juego o ataca, elige 1 Delantero. Inflígele 3000 puntos de daño.
Cuando Caballero cebolla entra al terreno de juego, elige 1 Nombre de la carta Caballero cebolla que no sea Aire de tu Break Zone. Añádela a tu mano.
Proteo: Ninja (S): Pon Caballero cebolla en la parte inferior de tu mazo. Si lo haces, busca 1 Nombre de la carta Caballero cebollacon Oficio Sabio y juégala al terreno de juego.</text>
      <prop>
        <type>Forward - DFF · III - Ninja</type>
        <manacost>4</manacost>
        <colors>Wind</colors>
        <pt>7000</pt>
      </prop>
      <set picurl="https://fftcg.cdn.sewest.net/images/cards/full/4-054L_eg.jpg">Opus IV</set>
      <tablerow>2</tablerow>
    </card>
    <card>
      <name>Kan-E-Senna (4-055H)</name>
      <text>Si controlas Nombre de la carta Raya-O-Senna, Kan-E-Senna gana +2000 de poder.
Cuando Kan-E-Senna entra al terreno de juego, si controlas Nombre de la carta A-Ruhn-Senna, activa todos los Apoyos que controlas.</text>
      <prop>
        <type>Forward - XIV - Seedseer</type>
        <manacost>5</manacost>
        <colors>Wind</colors>
        <pt>7000</pt>
      </prop>
      <set picurl="https://fftcg.cdn.sewest.net/images/cards/full/4-055H_eg.jpg">Opus IV</set>
      <tablerow>2</tablerow>
    </card>
    <card>
      <name>Archer (4-056R)</name>
      <text>Cuando Arquero entra al terreno de juego, inflige 1000 puntos de daño a todos los Delanteros controlados por tu oponente. 
(Wind)(Dull), pon Arquero en la Break Zone: Inflige 2000 puntos de daño a todos los Delanteros controlados por tu oponente.</text>
      <prop>
        <type>Backup - XIV - Standard Unit</type>
        <manacost>2</manacost>
        <colors>Wind</colors>
        <pt>0</pt>
      </prop>
      <set picurl="https://fftcg.cdn.sewest.net/images/cards/full/4-056R_eg.jpg">Opus IV</set>
      <tablerow>0</tablerow>
    </card>
    <card>
      <name>Koboldroid Yin (4-057R)</name>
      <text>(Wind): Hasta el final del turno, Kobold del Este también pasa a ser un Delantero con 3000 de poder y "Kobold del Este no puede ser bloqueado por Delanteros de coste 3 o más". Solo puedes usar esta habilidad una vez por turno.</text>
      <prop>
        <type>Monster - XIII - Zwerg Droid</type>
        <manacost>1</manacost>
        <colors>Wind</colors>
        <pt>0</pt>
      </prop>
      <set picurl="https://fftcg.cdn.sewest.net/images/cards/full/4-057R_eg.jpg">Opus IV</set>
      <tablerow>1</tablerow>
    </card>
    <card>
      <name>Cactuar (4-058C)</name>
      <text>(Dull): Elige 1 Delantero. Inflígele 1000 puntos de daño.
(Wind)(2)(Dull), pon Cactilio en la Break Zone: Elige 1 Delantero. Inflígele 10000 puntos de daño. Cactilio te inflige 1 punto de daño. No se pueden usar los EX Burst de las cartas puestas en la Damage Zone a causa a esta habilidad.</text>
      <prop>
        <type>Monster - THEATRHYTHM - Cactuar</type>
        <manacost>1</manacost>
        <colors>Wind</colors>
        <pt>0</pt>
      </prop>
      <set picurl="https://fftcg.cdn.sewest.net/images/cards/full/4-058C_eg.jpg">Opus IV</set>
      <tablerow>1</tablerow>
    </card>
    <card>
      <name>Thief (4-059C)</name>
      <text>Cuando Ladrón sale del terreno de juego, tu oponente pone la carta superior de su mazo en la Break Zone.</text>
      <prop>
        <type>Forward - FFT - Standard Unit</type>
        <manacost>1</manacost>
        <colors>Wind</colors>
        <pt>3000</pt>
      </prop>
      <set picurl="https://fftcg.cdn.sewest.net/images/cards/full/4-059C_eg.jpg">Opus IV</set>
      <tablerow>2</tablerow>
    </card>
    <card>
      <name>Shara (4-060R)</name>
      <text>[EX BURST] Cuando Shara entra al terreno de juego, elige 1 Delantero controlado por tu oponente. Inflígele 3000 puntos de daño. Si controlas Nombre de la carta Ritz, inflígele 6000 puntos de daño en su lugar.</text>
      <prop>
        <type>Forward - FFTA - Archer</type>
        <manacost>1</manacost>
        <colors>Wind</colors>
        <pt>3000</pt>
      </prop>
      <set picurl="https://fftcg.cdn.sewest.net/images/cards/full/4-060R_eg.jpg">Opus IV</set>
      <tablerow>2</tablerow>
    </card>
    <card>
      <name>White Mage (4-061C)</name>
      <text>(1)(Dull), pon Mago blanco en la Break Zone: Elige 1 Delantero. Actívalo. Este gana +1000 de poder hasta el final del turno.</text>
      <prop>
        <type>Backup - FFT - Standard Unit</type>
        <manacost>2</manacost>
        <colors>Wind</colors>
        <pt>0</pt>
      </prop>
      <set picurl="https://fftcg.cdn.sewest.net/images/cards/full/4-061C_eg.jpg">Opus IV</set>
      <tablerow>0</tablerow>
    </card>
    <card>
      <name>Chocobo (4-062C)</name>
      <text>Cuando Chocobo forma un equipo y ataca, Chocobo y el resto de los Delanteros que forman el equipo ganan +3000 de poder hasta el final del turno.</text>
      <prop>
        <type>Forward - XIII - Standard Unit</type>
        <manacost>3</manacost>
        <colors>Wind</colors>
        <pt>6000</pt>
      </prop>
      <set picurl="https://fftcg.cdn.sewest.net/images/cards/full/4-062C_eg.jpg">Opus IV</set>
      <tablerow>2</tablerow>
    </card>
    <card>
      <name>Chocobo (4-063C)</name>
      <text>Cuando Chocobo entra al terreno de juego, elige 1 Delantero que no sea Chocobo. Este gana Prisa hasta el final del turno.</text>
      <prop>
        <type>Forward - Special - Standard Unit</type>
        <manacost>3</manacost>
        <colors>Wind</colors>
        <pt>6000</pt>
      </prop>
      <set picurl="https://fftcg.cdn.sewest.net/images/cards/full/4-063C_eg.jpg">Opus IV</set>
      <tablerow>2</tablerow>
    </card>
    <card>
      <name>Fat Chocobo (4-064L)</name>
      <text>Cuando Chocobo gordo entra al terreno de juego, puedes buscar 1 Oficio Chocobo o Nombre de la carta Chocobo de coste 3 o menos y jugarla al terreno de juego.
(Dull): Elige 1 Oficio Chocobo o Nombre de la carta Chocobo. Esta gana +2000 de poder hasta el final del turno.</text>
      <prop>
        <type>Backup - Special - Chocobo</type>
        <manacost>5</manacost>
        <colors>Wind</colors>
        <pt>0</pt>
      </prop>
      <set picurl="https://fftcg.cdn.sewest.net/images/cards/full/4-064L_eg.jpg">Opus IV</set>
      <tablerow>0</tablerow>
    </card>
    <card>
      <name>Doned (4-065C)</name>
      <text>(Dull): Elige 1 Monstruo. Ponlo en dull o actívalo.</text>
      <prop>
        <type>Forward - FFTA - Clan Leader</type>
        <manacost>2</manacost>
        <colors>Wind</colors>
        <pt>5000</pt>
      </prop>
      <set picurl="https://fftcg.cdn.sewest.net/images/cards/full/4-065C_eg.jpg">Opus IV</set>
      <tablerow>2</tablerow>
    </card>
    <card>
      <name>Nono (4-066R)</name>
      <text>Cuando un Delantero que controlas ataca, elige 1 Apoyo que controlas. Actívalo.</text>
      <prop>
        <type>Backup - FFTA - Moogle</type>
        <manacost>3</manacost>
        <colors>Wind</colors>
        <pt>0</pt>
      </prop>
      <set picurl="https://fftcg.cdn.sewest.net/images/cards/full/4-066R_eg.jpg">Opus IV</set>
      <tablerow>0</tablerow>
    </card>
    <card>
      <name>Geomancer (4-067C)</name>
      <text>Cuando Geomante entra al terreno de juego, elige 1 personaje Aire que controlas que no sea Geomante. Actívalo.</text>
      <prop>
        <type>Backup - III - Standard Unit</type>
        <manacost>2</manacost>
        <colors>Wind</colors>
        <pt>0</pt>
      </prop>
      <set picurl="https://fftcg.cdn.sewest.net/images/cards/full/4-067C_eg.jpg">Opus IV</set>
      <tablerow>0</tablerow>
    </card>
    <card>
      <name>Hope (4-068H)</name>
      <text>[EX BURST]Cuando Hope entra al terreno de juego, puedes buscar 1 Nombre de la carta Alejandro y añadirla a tu mano.
(Dull): Elige 1 Delantero. Actívalo.</text>
      <prop>
        <type>Forward - XIII - Supreme Advisor</type>
        <manacost>4</manacost>
        <colors>Wind</colors>
        <pt>5000</pt>
      </prop>
      <set picurl="https://fftcg.cdn.sewest.net/images/cards/full/4-068H_eg.jpg">Opus IV</set>
      <tablerow>2</tablerow>
    </card>
    <card>
      <name>Moogle (4-069H)</name>
      <text>Cuando Moguri entra al terreno de juego, coge 1 carta.
Cuando Moguri pasa del terreno de juego a la Break Zone, coge 1 carta.</text>
      <prop>
        <type>Forward - Special - Moogle</type>
        <manacost>4</manacost>
        <colors>Wind</colors>
        <pt>6000</pt>
      </prop>
      <set picurl="https://fftcg.cdn.sewest.net/images/cards/full/4-069H_eg.jpg">Opus IV</set>
      <tablerow>2</tablerow>
    </card>
    <card>
      <name>Archer (4-070C)</name>
      <text>(Wind)(Dull), pon Arquero en la Break Zone: Elige 1 Delantero controlado por tu oponente. Durante este turno, el siguiente daño que inflige a un Delantero se vuelve 0 en su lugar.</text>
      <prop>
        <type>Backup - FFTA - Standard Unit</type>
        <manacost>2</manacost>
        <colors>Wind</colors>
        <pt>0</pt>
      </prop>
      <set picurl="https://fftcg.cdn.sewest.net/images/cards/full/4-070C_eg.jpg">Opus IV</set>
      <tablerow>0</tablerow>
    </card>
    <card>
      <name>Raya-O-Senna (4-071R)</name>
      <text>Las Nombre de la carta A-Ruhn-Senna y Nombre de la carta Kan-E-Senna que controlas no pueden ser objetivo de las habilidades de tu oponente.</text>
      <prop>
        <type>Backup - XIV - Seedseer</type>
        <manacost>2</manacost>
        <colors>Wind</colors>
        <pt>0</pt>
      </prop>
      <set picurl="https://fftcg.cdn.sewest.net/images/cards/full/4-071R_eg.jpg">Opus IV</set>
      <tablerow>0</tablerow>
    </card>
    <card>
      <name>Ritz (4-072H)</name>
      <text>Los personajes que controlas no pueden regresar a la mano de su propietario debido a las Invocaciones o habilidades de tu oponente. 
Si controlas Nombre de la carta Shara, Ritz gana +2000 de poder.</text>
      <prop>
        <type>Forward - FFTA - Fencer</type>
        <manacost>3</manacost>
        <colors>Wind</colors>
        <pt>7000</pt>
      </prop>
      <set picurl="https://fftcg.cdn.sewest.net/images/cards/full/4-072H_eg.jpg">Opus IV</set>
      <tablerow>2</tablerow>
    </card>
    <card>
      <name>Atomos (4-073C)</name>
      <text>[EX BURST]Selecciona 1 de las siguientes acciones.
"Elige 1 Delantero en dull. Rómpelo."
"Elige 1 Delantero. Inflígele 8000 puntos de daño."</text>
      <prop>
        <type>Summon - IX</type>
        <manacost>6</manacost>
        <colors>Earth</colors>
        <pt>0</pt>
      </prop>
      <set picurl="https://fftcg.cdn.sewest.net/images/cards/full/4-073C_eg.jpg">Opus IV</set>
      <tablerow>3</tablerow>
    </card>
    <card>
      <name>Dark Knight (4-074C)</name>
      <text>Cuando Caballero oscuro entra al terreno de juego, elige 1 Delantero que controlas. Hasta el final del turno, gana +1000 de poder por cada punto de daño que has recibido.</text>
      <prop>
        <type>Forward - FFT - Standard Unit</type>
        <manacost>3</manacost>
        <colors>Earth</colors>
        <pt>7000</pt>
      </prop>
      <set picurl="https://fftcg.cdn.sewest.net/images/cards/full/4-074C_eg.jpg">Opus IV</set>
      <tablerow>2</tablerow>
    </card>
    <card>
      <name>Vincent (4-075H)</name>
      <text>[EX BURST]Cuando Vincent entra al terreno de juego, puedes buscar 1 Nombre de la carta Vincent y añadirla a tu mano.
Bestia galiana (S)(Earth): Vincent gana +4000 de poder hasta el final del turno.</text>
      <prop>
        <type>Forward - VII - Gunslinger</type>
        <manacost>5</manacost>
        <colors>Earth</colors>
        <pt>7000</pt>
      </prop>
      <set picurl="https://fftcg.cdn.sewest.net/images/cards/full/4-075H_eg.jpg">Opus IV</set>
      <tablerow>2</tablerow>
    </card>
    <card>
      <name>Wedge (4-076R)</name>
      <text>Cuando Wedge entra al terreno de juego, puedes buscar 1 Delantero Oficio AVALANCHA y añadirlo a tu mano.</text>
      <prop>
        <type>Backup - VII - AVALANCHE Operative</type>
        <manacost>3</manacost>
        <colors>Earth</colors>
        <pt>0</pt>
      </prop>
      <set picurl="https://fftcg.cdn.sewest.net/images/cards/full/4-076R_eg.jpg">Opus IV</set>
      <tablerow>0</tablerow>
    </card>
    <card>
      <name>Pugilist (4-077R)</name>
      <text>Por cada Delantero Oficio Soldado que controlas que no sea Pugilista, Pugilista gana +2000 de poder.</text>
      <prop>
        <type>Forward - XIV - Standard Unit</type>
        <manacost>2</manacost>
        <colors>Earth</colors>
        <pt>5000</pt>
      </prop>
      <set picurl="https://fftcg.cdn.sewest.net/images/cards/full/4-077R_eg.jpg">Opus IV</set>
      <tablerow>2</tablerow>
    </card>
    <card>
      <name>Black Belt (4-078C)</name>
      <text>Cuando Karateka entra al terreno de juego, elige 1 Delantero que controlas. Este gana +5000 de poder hasta el final del turno.</text>
      <prop>
        <type>Backup - III - Standard Unit</type>
        <manacost>2</manacost>
        <colors>Earth</colors>
        <pt>0</pt>
      </prop>
      <set picurl="https://fftcg.cdn.sewest.net/images/cards/full/4-078C_eg.jpg">Opus IV</set>
      <tablerow>0</tablerow>
    </card>
    <card>
      <name>Black Mage (4-079C)</name>
      <text>(Earth)(Dull): Elige 1 Delantero. Las Invocaciones o habilidades de tu oponente no pueden ponerlo en dull este turno.</text>
      <prop>
        <type>Backup - III - Standard Unit</type>
        <manacost>2</manacost>
        <colors>Earth</colors>
        <pt>0</pt>
      </prop>
      <set picurl="https://fftcg.cdn.sewest.net/images/cards/full/4-079C_eg.jpg">Opus IV</set>
      <tablerow>0</tablerow>
    </card>
    <card>
      <name>Kefka (4-080L)</name>
      <text>Puedes poner un total de 3 Delanteros o Monstruos que controlas en la Break Zone para jugar Kefka de tu mano al terreno de juego. 
Cuando Kefka entra al terreno de juego, elige 1 Delantero o Monstruo controlado por tu oponente. Rómpelo.</text>
      <prop>
        <type>Forward - DFF · VI - Mage</type>
        <manacost>8</manacost>
        <colors>Earth</colors>
        <pt>8000</pt>
      </prop>
      <set picurl="https://fftcg.cdn.sewest.net/images/cards/full/4-080L_eg.jpg">Opus IV</set>
      <tablerow>2</tablerow>
    </card>
    <card>
      <name>Goblin (4-081C)</name>
      <text>Pon Duende en la Break Zone: Elige 1 Delantero. Este gana +2000 de poder hasta el final del turno.</text>
      <prop>
        <type>Monster - FFT - Goblin</type>
        <manacost>1</manacost>
        <colors>Earth</colors>
        <pt>0</pt>
      </prop>
      <set picurl="https://fftcg.cdn.sewest.net/images/cards/full/4-081C_eg.jpg">Opus IV</set>
      <tablerow>1</tablerow>
    </card>
    <card>
      <name>Jessie (4-082C)</name>
      <text>El coste requerido para jugar tus Nombre de la carta Cloud o Nombre de la carta Barret al terreno de juego se reduce en 1.</text>
      <prop>
        <type>Backup - VII - AVALANCHE Operative</type>
        <manacost>2</manacost>
        <colors>Earth</colors>
        <pt>0</pt>
      </prop>
      <set picurl="https://fftcg.cdn.sewest.net/images/cards/full/4-082C_eg.jpg">Opus IV</set>
      <tablerow>0</tablerow>
    </card>
    <card>
      <name>Shantotto (4-083L)</name>
      <text>Cuando Shantotto recibe daño, inflige la misma cantidad de daño a todos los Delanteros que no sean Shantotto. Si un Delantero dañado por esta habilidad pasa a la Break Zone este turno, retíralo del juego en su lugar. 
Shantotto colosal (S)(Earth)(Earth)(Earth)(Dull): Inflige 5000 puntos de daño a todos los Delanteros.</text>
      <prop>
        <type>Forward - DFF · XI - Mage</type>
        <manacost>6</manacost>
        <colors>Earth</colors>
        <pt>9000</pt>
      </prop>
      <set picurl="https://fftcg.cdn.sewest.net/images/cards/full/4-083L_eg.jpg">Opus IV</set>
      <tablerow>2</tablerow>
    </card>
    <card>
      <name>Warrior (4-084C)</name>
      <text></text>
      <prop>
        <type>Forward - III - Standard Unit</type>
        <manacost>1</manacost>
        <colors>Earth</colors>
        <pt>4000</pt>
      </prop>
      <set picurl="https://fftcg.cdn.sewest.net/images/cards/full/4-084C_eg.jpg">Opus IV</set>
      <tablerow>2</tablerow>
    </card>
    <card>
      <name>Dadaluma (4-085H)</name>
      <text>Cuando Dadaluma es objetivo de las Invocaciones o habilidades de tu oponente, elige hasta 1 Delantero controlado por tu oponente. Inflígele 4000 puntos de daño. 
Cuando Dadaluma recibe daño, elige hasta 1 Delantero controlado por tu oponente. Inflígele 4000 puntos de daño.</text>
      <prop>
        <type>Forward - VI - Martial Artist</type>
        <manacost>4</manacost>
        <colors>Earth</colors>
        <pt>8000</pt>
      </prop>
      <set picurl="https://fftcg.cdn.sewest.net/images/cards/full/4-085H_eg.jpg">Opus IV</set>
      <tablerow>2</tablerow>
    </card>
    <card>
      <name>Tama (4-086H)</name>
      <text>Cuando Tama entra al terreno de juego, elige 1 Delantero Tierra de coste 5 o menos de tu Break Zone. Juégalo al terreno de juego.
(6)(Dull), pon Tama en la Break Zone: elige 1 Delantero Tierra de coste 5 o menos de tu Break Zone. Juégalo al terreno de juego en dull. Solo puedes usar esta habilidad durante tu turno.</text>
      <prop>
        <type>Backup - WOFF - Companion</type>
        <manacost>7</manacost>
        <colors>Earth</colors>
        <pt>0</pt>
      </prop>
      <set picurl="https://fftcg.cdn.sewest.net/images/cards/full/4-086H_eg.jpg">Opus IV</set>
      <tablerow>0</tablerow>
    </card>
    <card>
      <name>Delita (4-087R)</name>
      <text>Cuando Delita entra al terreno de juego, elige 1 Delantero controlado por tu oponente. Puedes poner en la Break Zone 1 de tus Delanteros del mismo coste que no sean Delita. Si lo haces, rompe el Delantero elegido.
Cuando Delita es objetivo de Invocaciones o habilidades, Delita gana +1000 de poder hasta el final del turno.</text>
      <prop>
        <type>Forward - FFT - Knight</type>
        <manacost>3</manacost>
        <colors>Earth</colors>
        <pt>7000</pt>
      </prop>
      <set picurl="https://fftcg.cdn.sewest.net/images/cards/full/4-087R_eg.jpg">Opus IV</set>
      <tablerow>2</tablerow>
    </card>
    <card>
      <name>Bangaa Thief (4-088C)</name>
      <text>(Earth): Hasta el final del turno, Ladrón bangaa también pasa a ser un Delantero con 7000 de poder y Bravura. Solo puedes usar esta habilidad una vez por turno.</text>
      <prop>
        <type>Monster - THEATRHYTHM · XII - Bangaa</type>
        <manacost>2</manacost>
        <colors>Earth</colors>
        <pt>0</pt>
      </prop>
      <set picurl="https://fftcg.cdn.sewest.net/images/cards/full/4-088C_eg.jpg">Opus IV</set>
      <tablerow>1</tablerow>
    </card>
    <card>
      <name>Barret (4-089R)</name>
      <text>Bravura
Cuando una Oficio AVALANCHA que controlas que no sea Barret pasa del terreno de juego a la Break Zone, inflige 2000 puntos de daño a todos los Delanteros controlados por tu oponente.
Haz del satélite (S)(Earth)(Earth)(Dull): Inflige 5000 puntos de daño a todos los Delanteros controlados por tu oponente.</text>
      <prop>
        <type>Forward - VII - AVALANCHE Operative</type>
        <manacost>4</manacost>
        <colors>Earth</colors>
        <pt>8000</pt>
      </prop>
      <set picurl="https://fftcg.cdn.sewest.net/images/cards/full/4-089R_eg.jpg">Opus IV</set>
      <tablerow>2</tablerow>
    </card>
    <card>
      <name>Biggs (4-090R)</name>
      <text>(Dull): Elige 1 Oficio AVALANCHA. Esta gana +1000 de poder hasta el final del turno. Si controlas Nombre de la carta Wedge, gana +2000 de poder en su lugar hasta el final del turno.</text>
      <prop>
        <type>Backup - VII - AVALANCHE Operative</type>
        <manacost>2</manacost>
        <colors>Earth</colors>
        <pt>0</pt>
      </prop>
      <set picurl="https://fftcg.cdn.sewest.net/images/cards/full/4-090R_eg.jpg">Opus IV</set>
      <tablerow>0</tablerow>
    </card>
    <card>
      <name>Geomancer (4-091C)</name>
      <text>(Earth)(1)(Dull): Elige 1 Delantero. Este gana Bravura hasta el final del turno.</text>
      <prop>
        <type>Backup - III - Standard Unit</type>
        <manacost>2</manacost>
        <colors>Earth</colors>
        <pt>0</pt>
      </prop>
      <set picurl="https://fftcg.cdn.sewest.net/images/cards/full/4-091C_eg.jpg">Opus IV</set>
      <tablerow>0</tablerow>
    </card>
    <card>
      <name>Prishe (4-092H)</name>
      <text>Si controlas 4 o más Apoyos Tierra, Prishe gana +2000 de poder y Bravura.
Cuando Prishe pasa del terreno de juego a la Break Zone, puedes pagar (Earth). Si lo haces, juega 1 Nombre de la carta Prishe de tu mano al terreno de juego en dull.</text>
      <prop>
        <type>Forward - DFF · XI - Abhorrent One</type>
        <manacost>2</manacost>
        <colors>Earth</colors>
        <pt>5000</pt>
      </prop>
      <set picurl="https://fftcg.cdn.sewest.net/images/cards/full/4-092H_eg.jpg">Opus IV</set>
      <tablerow>2</tablerow>
    </card>
    <card>
      <name>Hecatoncheir (4-093R)</name>
      <text>Elige 1 Delantero que controlas y 1 Delantero controlado por tu oponente. Cada Delantero inflige al otro un daño igual a su poder.</text>
      <prop>
        <type>Summon - XIII</type>
        <manacost>2</manacost>
        <colors>Earth</colors>
        <pt>0</pt>
      </prop>
      <set picurl="https://fftcg.cdn.sewest.net/images/cards/full/4-093R_eg.jpg">Opus IV</set>
      <tablerow>3</tablerow>
    </card>
    <card>
      <name>Magic Pot (4-094R)</name>
      <text>Tinaja mágica entra al terreno de juego en dull.
(Earth)(Dull), pon Tinaja mágica y 1 Delantero sin (Generic) en la Break Zone: Busca 1 Delantero con el mismo nombre que el Delantero que has puesto en la Break Zone y juégalo al terreno de juego. Solo puedes usar esta habilidad durante tu turno.</text>
      <prop>
        <type>Monster - THEATRHYTHM - Magic Pot</type>
        <manacost>1</manacost>
        <colors>Earth</colors>
        <pt>0</pt>
      </prop>
      <set picurl="https://fftcg.cdn.sewest.net/images/cards/full/4-094R_eg.jpg">Opus IV</set>
      <tablerow>1</tablerow>
    </card>
    <card>
      <name>Monk (4-095C)</name>
      <text>(Earth)(Earth)(Dull), pon Monje en la Break Zone: Elige 1 Delantero en dull que controlas. No puede romperse este turno.</text>
      <prop>
        <type>Backup - III - Standard Unit</type>
        <manacost>2</manacost>
        <colors>Earth</colors>
        <pt>0</pt>
      </prop>
      <set picurl="https://fftcg.cdn.sewest.net/images/cards/full/4-095C_eg.jpg">Opus IV</set>
      <tablerow>0</tablerow>
    </card>
    <card>
      <name>Raubahn (4-096H)</name>
      <text>Cuando Raubahn entra al terreno de juego, elige 1 Delantero controlado por tu oponente. Inflígele a él y a Raubahn 9000 puntos de daño.</text>
      <prop>
        <type>Forward - XIV - Flame General</type>
        <manacost>4</manacost>
        <colors>Earth</colors>
        <pt>8000</pt>
      </prop>
      <set picurl="https://fftcg.cdn.sewest.net/images/cards/full/4-096H_eg.jpg">Opus IV</set>
      <tablerow>2</tablerow>
    </card>
    <card>
      <name>Ark Angel EV (4-097H)</name>
      <text>Si Arcángel EV inflige daño a un Delantero, el daño aumenta en 2000 puntos en su lugar.
Si Arcángel EV recibe daño de un personaje, el daño se reduce en 2000 puntos en su lugar.</text>
      <prop>
        <type>Forward - LOV · XI - Ark Angel</type>
        <manacost>3</manacost>
        <colors>Lightning</colors>
        <pt>6000</pt>
      </prop>
      <set picurl="https://fftcg.cdn.sewest.net/images/cards/full/4-097H_eg.jpg">Opus IV</set>
      <tablerow>2</tablerow>
    </card>
    <card>
      <name>Azul (4-098H)</name>
      <text>Cuando Azul pasa del terreno de juego a la Break Zone, elige 1 Monstruo Rayo de coste 3 o menos de tu Break Zone. Puedes jugarlo al terreno de juego.</text>
      <prop>
        <type>Forward - VII - Tsviets</type>
        <manacost>5</manacost>
        <colors>Lightning</colors>
        <pt>8000</pt>
      </prop>
      <set picurl="https://fftcg.cdn.sewest.net/images/cards/full/4-098H_eg.jpg">Opus IV</set>
      <tablerow>2</tablerow>
    </card>
    <card>
      <name>Usher (4-099C)</name>
      <text>[EX BURST] Cuando Usher entra al terreno de juego, puedes buscar 1 Nombre de la carta Soldado Deepground 1.ª o Nombre de la carta Soldado Deepground y añadirla a tu mano.</text>
      <prop>
        <type>Backup - VII - Deepground Soldier</type>
        <manacost>3</manacost>
        <colors>Lightning</colors>
        <pt>0</pt>
      </prop>
      <set picurl="https://fftcg.cdn.sewest.net/images/cards/full/4-099C_eg.jpg">Opus IV</set>
      <tablerow>0</tablerow>
    </card>
    <card>
      <name>Esthar Soldier (4-100C)</name>
      <text>Cuando Soldado Esthar entra al terreno de juego, elige 1 Delantero de coste 4 o menos controlado por tu oponente. Ponlo en dull.</text>
      <prop>
        <type>Backup - THEATRHYTHM · VIII - Standard Unit</type>
        <manacost>2</manacost>
        <colors>Lightning</colors>
        <pt>0</pt>
      </prop>
      <set picurl="https://fftcg.cdn.sewest.net/images/cards/full/4-100C_eg.jpg">Opus IV</set>
      <tablerow>0</tablerow>
    </card>
    <card>
      <name>Orlandeau (4-101H)</name>
      <text>Cuando Orlandeau entra al terreno de juego, elige 1 Delantero dañado. Rómpelo.
Hoja sombría (S)(Lightning)(Lightning): Elige 1 Delantero. Este pierde 7000 de poder hasta el final del turno. Activa Orlandeau.</text>
      <prop>
        <type>Forward - THEATRHYTHM · FFT - Sword Saint</type>
        <manacost>5</manacost>
        <colors>Lightning</colors>
        <pt>9000</pt>
      </prop>
      <set picurl="https://fftcg.cdn.sewest.net/images/cards/full/4-101H_eg.jpg">Opus IV</set>
      <tablerow>2</tablerow>
    </card>
    <card>
      <name>Black Waltz 3 (4-102R)</name>
      <text>Cuando Vals Negro 3 entra al terreno de juego, elige 1 Delantero. Hasta el final del turno, este pierde 2000 de poder. 
Cuando Vals Negro 3 pasa del terreno de juego a la Break Zone, elige 1 Delantero. Este pierde 2000 de poder hasta el final del turno.</text>
      <prop>
        <type>Forward - IX - Black Mage</type>
        <manacost>3</manacost>
        <colors>Lightning</colors>
        <pt>6000</pt>
      </prop>
      <set picurl="https://fftcg.cdn.sewest.net/images/cards/full/4-102R_eg.jpg">Opus IV</set>
      <tablerow>2</tablerow>
    </card>
    <card>
      <name>Warrior (4-103C)</name>
      <text>Si Guerrero recibe daño, duplica el daño en su lugar.</text>
      <prop>
        <type>Forward - III - Standard Unit</type>
        <manacost>2</manacost>
        <colors>Lightning</colors>
        <pt>8000</pt>
      </prop>
      <set picurl="https://fftcg.cdn.sewest.net/images/cards/full/4-103C_eg.jpg">Opus IV</set>
      <tablerow>2</tablerow>
    </card>
    <card>
      <name>Lancer (4-104R)</name>
      <text>(Dull), pon Lancero en la Break Zone: Elige 1 Delantero. Este gana Iniciativa hasta el final del turno.</text>
      <prop>
        <type>Backup - XIV - Standard Unit</type>
        <manacost>2</manacost>
        <colors>Lightning</colors>
        <pt>0</pt>
      </prop>
      <set picurl="https://fftcg.cdn.sewest.net/images/cards/full/4-104R_eg.jpg">Opus IV</set>
      <tablerow>0</tablerow>
    </card>
    <card>
      <name>Dycedarg (4-105R)</name>
      <text>Cuando Dycedarg pasa del terreno de juego a la Break Zone, elige 1 Delantero activo controlado por tu oponente. Inflígele 7000 puntos de daño.</text>
      <prop>
        <type>Forward - FFT - Knight</type>
        <manacost>3</manacost>
        <colors>Lightning</colors>
        <pt>6000</pt>
      </prop>
      <set picurl="https://fftcg.cdn.sewest.net/images/cards/full/4-105R_eg.jpg">Opus IV</set>
      <tablerow>2</tablerow>
    </card>
    <card>
      <name>Dragon (4-106C)</name>
      <text>(Lightning), pon Dragón en la Break Zone: Elige 1 Monstruo de coste 4 o menos. Rómpelo.
(Lightning)(1), pon Dragón en la Break Zone: Elige 1 Delantero de coste 4 o menos. Rómpelo.</text>
      <prop>
        <type>Monster - FFT - Dragon</type>
        <manacost>2</manacost>
        <colors>Lightning</colors>
        <pt>0</pt>
      </prop>
      <set picurl="https://fftcg.cdn.sewest.net/images/cards/full/4-106C_eg.jpg">Opus IV</set>
      <tablerow>1</tablerow>
    </card>
    <card>
      <name>Nashu (4-107R)</name>
      <text>Las Nombre de la carta Hildibrand que controlas ganan Prisa.
(Dull): Elige 1 Nombre de la carta Hildibrand. Esta gana +2000 de poder hasta el final del turno.</text>
      <prop>
        <type>Backup - XIV - Inspector</type>
        <manacost>2</manacost>
        <colors>Lightning</colors>
        <pt>0</pt>
      </prop>
      <set picurl="https://fftcg.cdn.sewest.net/images/cards/full/4-107R_eg.jpg">Opus IV</set>
      <tablerow>0</tablerow>
    </card>
    <card>
      <name>Ninja (4-108C)</name>
      <text>Prisa (Este personaje puede atacar o usar habilidades que contengan (Dull) en el coste del turno que entra al terreno de juego.)
</text>
      <prop>
        <type>Forward - III - Standard Unit</type>
        <manacost>2</manacost>
        <colors>Lightning</colors>
        <pt>3000</pt>
      </prop>
      <set picurl="https://fftcg.cdn.sewest.net/images/cards/full/4-108C_eg.jpg">Opus IV</set>
      <tablerow>2</tablerow>
    </card>
    <card>
      <name>Hildibrand (4-109H)</name>
      <text>Si Hildibrand deja el terreno de juego a causa de las Invocaciones o habilidades de tu oponente, devuélvelo a tu mano en su lugar (Hildibrand no regresa a tu mano si recibe daño igual o superior a su poder o si su poder se reduce a 0).
Baile caballeroso (S)(Lightning): Revela la carta superior de tu mazo. Si es un Delantero, juégalo al terreno de juego en dull. Si no, ponlo en la Break Zone.</text>
      <prop>
        <type>Forward - XIV - Inspector</type>
        <manacost>3</manacost>
        <colors>Lightning</colors>
        <pt>7000</pt>
      </prop>
      <set picurl="https://fftcg.cdn.sewest.net/images/cards/full/4-109H_eg.jpg">Opus IV</set>
      <tablerow>2</tablerow>
    </card>
    <card>
      <name>King of Burmecia (4-110R)</name>
      <text>[EX BURST]Cuando Rey de Burmecia entra al terreno de juego, puedes buscar 1 Delantero Oficio Draconarius o Nombre de la carta Caballero dragóny añadirla a tu mano.</text>
      <prop>
        <type>Backup - IX - King</type>
        <manacost>3</manacost>
        <colors>Lightning</colors>
        <pt>0</pt>
      </prop>
      <set picurl="https://fftcg.cdn.sewest.net/images/cards/full/4-110R_eg.jpg">Opus IV</set>
      <tablerow>0</tablerow>
    </card>
    <card>
      <name>Behemoth (4-111H)</name>
      <text>(Lightning): Hasta el final del turno, Bégimo también pasa a ser un Delantero con 8000 de poder y "Cuando Bégimo recibe daño de un Delantero, inflige a ese Delantero daño equivalente a la mitad del daño recibido (redondeando al alza en múltiplos de 1000)". Solo puedes usar esta habilidad una vez por turno.</text>
      <prop>
        <type>Monster - THEATRHYTHM - Behemoth</type>
        <manacost>3</manacost>
        <colors>Lightning</colors>
        <pt>0</pt>
      </prop>
      <set picurl="https://fftcg.cdn.sewest.net/images/cards/full/4-111H_eg.jpg">Opus IV</set>
      <tablerow>1</tablerow>
    </card>
    <card>
      <name>Magus (4-112C)</name>
      <text>Cuando Archimago entra al terreno de juego, elige 1 Delantero. Inflígele 7000 puntos de daño. Si controlas 5 o más Oficio Soldado, inflígele 9000 puntos de daño en su lugar.</text>
      <prop>
        <type>Backup - III - Standard Unit</type>
        <manacost>5</manacost>
        <colors>Lightning</colors>
        <pt>0</pt>
      </prop>
      <set picurl="https://fftcg.cdn.sewest.net/images/cards/full/4-112C_eg.jpg">Opus IV</set>
      <tablerow>0</tablerow>
    </card>
    <card>
      <name>Magus (4-113C)</name>
      <text>(Dull), pon Archimago en la Break Zone: Elige 1 Delantero activo. Inflígele 4000 puntos de daño.</text>
      <prop>
        <type>Backup - III - Standard Unit</type>
        <manacost>2</manacost>
        <colors>Lightning</colors>
        <pt>0</pt>
      </prop>
      <set picurl="https://fftcg.cdn.sewest.net/images/cards/full/4-113C_eg.jpg">Opus IV</set>
      <tablerow>0</tablerow>
    </card>
    <card>
      <name>Raiden (4-114L)</name>
      <text>Elige hasta 2 Delanteros controlados por tu oponente. Retira el primer Delantero del juego y rompe el otro.</text>
      <prop>
        <type>Summon - VI</type>
        <manacost>9</manacost>
        <colors>Lightning</colors>
        <pt>0</pt>
      </prop>
      <set picurl="https://fftcg.cdn.sewest.net/images/cards/full/4-114L_eg.jpg">Opus IV</set>
      <tablerow>3</tablerow>
    </card>
    <card>
      <name>Lightning (4-115L)</name>
      <text>Prisa
Cuando Lightning entra al terreno de juego o ataca, elige 1 Delantero controlado por tu oponente. Si controlas un personaje Categoría XIII que no sea Lightning, ponlo en dull.
Descarta 1 Nombre de la carta Lightning: Retira Lightning del juego. Después juega Lightning al terreno de juego en dull.</text>
      <prop>
        <type>Forward - XIII - Knight of Etro</type>
        <manacost>5</manacost>
        <colors>Lightning</colors>
        <pt>7000</pt>
      </prop>
      <set picurl="https://fftcg.cdn.sewest.net/images/cards/full/4-115L_eg.jpg">Opus IV</set>
      <tablerow>2</tablerow>
    </card>
    <card>
      <name>Ramuh (4-116C)</name>
      <text>[EX BURST] Selecciona 1 de las siguientes acciones.
"Elige 1 Delantero de coste 2 o menos. Rómpelo."
"Elige 1 Monstruo de coste 2 o menos. Rómpelo."</text>
      <prop>
        <type>Summon - DFF</type>
        <manacost>1</manacost>
        <colors>Lightning</colors>
        <pt>0</pt>
      </prop>
      <set picurl="https://fftcg.cdn.sewest.net/images/cards/full/4-116C_eg.jpg">Opus IV</set>
      <tablerow>3</tablerow>
    </card>
    <card>
      <name>Ramza (4-117R)</name>
      <text>Cuando un Delantero que controlas pasa del terreno de juego a la Break Zone, activa Ramza.
(Dull): Elige 1 Delantero. Este gana Prisa hasta el final del turno.
(Dull): Elige 1 Delantero. Este gana +1000 de poder hasta el final del turno.</text>
      <prop>
        <type>Forward - FFT - Knight</type>
        <manacost>2</manacost>
        <colors>Lightning</colors>
        <pt>5000</pt>
      </prop>
      <set picurl="https://fftcg.cdn.sewest.net/images/cards/full/4-117R_eg.jpg">Opus IV</set>
      <tablerow>2</tablerow>
    </card>
    <card>
      <name>Yeoman (4-118C)</name>
      <text>Pon Lansquenete en la Break Zone: Elige 1 Delantero. Este gana Iniciativa hasta el final del turno. Coge 1 carta.</text>
      <prop>
        <type>Monster - XIII - Tilter</type>
        <manacost>1</manacost>
        <colors>Lightning</colors>
        <pt>0</pt>
      </prop>
      <set picurl="https://fftcg.cdn.sewest.net/images/cards/full/4-118C_eg.jpg">Opus IV</set>
      <tablerow>1</tablerow>
    </card>
    <card>
      <name>Dragoon (4-119C)</name>
      <text>(Lightning): Caballero dragón gana +2000 de poder hasta el final del turno. Solo puedes usar esta habilidad una vez por turno.</text>
      <prop>
        <type>Forward - III - Standard Unit</type>
        <manacost>3</manacost>
        <colors>Lightning</colors>
        <pt>6000</pt>
      </prop>
      <set picurl="https://fftcg.cdn.sewest.net/images/cards/full/4-119C_eg.jpg">Opus IV</set>
      <tablerow>2</tablerow>
    </card>
    <card>
      <name>Restrictor (4-120R)</name>
      <text>[EX BURST] Cuando Restrictor entra al terreno de juego, puedes buscar 1 Oficio Tsviet y añadirla a tu mano.</text>
      <prop>
        <type>Backup - VII - SOLDIER</type>
        <manacost>3</manacost>
        <colors>Lightning</colors>
        <pt>0</pt>
      </prop>
      <set picurl="https://fftcg.cdn.sewest.net/images/cards/full/4-120R_eg.jpg">Opus IV</set>
      <tablerow>0</tablerow>
    </card>
    <card>
      <name>Adamantoise (4-121C)</name>
      <text>Pon Adamantaimai en la Break Zone: Elige 1 Delantero. Durante este turno, el siguiente daño que reciba se reduce en 3000 en su lugar. Coge 1 carta.</text>
      <prop>
        <type>Monster - THEATRHYTHM - Turtle</type>
        <manacost>1</manacost>
        <colors>Water</colors>
        <pt>0</pt>
      </prop>
      <set picurl="https://fftcg.cdn.sewest.net/images/cards/full/4-121C_eg.jpg">Opus IV</set>
      <tablerow>1</tablerow>
    </card>
    <card>
      <name>Mystic (4-122C)</name>
      <text>(Dull), pon Místico en la Break Zone: Elige 1 Delantero. Hasta el final del turno, su poder se reduce en 1000.</text>
      <prop>
        <type>Backup - FFT - Standard Unit</type>
        <manacost>2</manacost>
        <colors>Water</colors>
        <pt>0</pt>
      </prop>
      <set picurl="https://fftcg.cdn.sewest.net/images/cards/full/4-122C_eg.jpg">Opus IV</set>
      <tablerow>0</tablerow>
    </card>
    <card>
      <name>Gau (4-123H)</name>
      <text>Por cada Monstruo que controlas, Gau gana +1000 de poder.
Cuando Gau entra al terreno de juego, elige 1 Monstruo de coste 2 o menos de tu Break Zone. Juégalo al terreno de juego.
Cólera (S)(Water)(Dull): Elige 1 Delantero. Rómpelo. Solo puedes usar esta habilidad si controlas 3 o más Monstruos.</text>
      <prop>
        <type>Forward - VI - Wild Child</type>
        <manacost>5</manacost>
        <colors>Water</colors>
        <pt>6000</pt>
      </prop>
      <set picurl="https://fftcg.cdn.sewest.net/images/cards/full/4-123H_eg.jpg">Opus IV</set>
      <tablerow>2</tablerow>
    </card>
    <card>
      <name>Green Dragon (4-124C)</name>
      <text>(1): Hasta el final del turno, Dragón verde también pasa a ser un Delantero con 7000 de poder. Solo puedes usar esta habilidad una vez por turno.</text>
      <prop>
        <type>Monster - THEATRHYTHM - Dragon</type>
        <manacost>2</manacost>
        <colors>Water</colors>
        <pt>0</pt>
      </prop>
      <set picurl="https://fftcg.cdn.sewest.net/images/cards/full/4-124C_eg.jpg">Opus IV</set>
      <tablerow>1</tablerow>
    </card>
    <card>
      <name>Clione (4-125C)</name>
      <text>Cuando cualquier jugador lanza una Invocación, pon Cliónido en la Break Zone. Si lo haces, cancela el efecto de la Invocación.
Cuando Cliónido pasa del terreno de juego a la Break Zone, coge 1 carta.</text>
      <prop>
        <type>Monster - XIII - Vermin</type>
        <manacost>2</manacost>
        <colors>Water</colors>
        <pt>0</pt>
      </prop>
      <set picurl="https://fftcg.cdn.sewest.net/images/cards/full/4-125C_eg.jpg">Opus IV</set>
      <tablerow>1</tablerow>
    </card>
    <card>
      <name>Gladiator (4-126R)</name>
      <text>(Water)(Dull), pon Gladiador en la Break Zone: Elige 1 Delantero Oficio Soldado de coste 3 o menos de tu Break Zone. Juégalo al terreno de juego. Solo puedes usar esta habilidad durante tu turno.</text>
      <prop>
        <type>Backup - XIV - Standard Unit</type>
        <manacost>2</manacost>
        <colors>Water</colors>
        <pt>0</pt>
      </prop>
      <set picurl="https://fftcg.cdn.sewest.net/images/cards/full/4-126R_eg.jpg">Opus IV</set>
      <tablerow>0</tablerow>
    </card>
    <card>
      <name>Gogo (4-127H)</name>
      <text>Si un Delantero de tu Break Zone tiene Prisa, Iniciativa o Bravura, Gogo gana esas habilidades.

</text>
      <prop>
        <type>Forward - VI - Mime</type>
        <manacost>3</manacost>
        <colors>Water</colors>
        <pt>7000</pt>
      </prop>
      <set picurl="https://fftcg.cdn.sewest.net/images/cards/full/4-127H_eg.jpg">Opus IV</set>
      <tablerow>2</tablerow>
    </card>
    <card>
      <name>PuPu (4-128C)</name>
      <text>[EX BURST]Descarta 1 carta. Luego coge 2 cartas.
</text>
      <prop>
        <type>Summon - DFF</type>
        <manacost>1</manacost>
        <colors>Water</colors>
        <pt>0</pt>
      </prop>
      <set picurl="https://fftcg.cdn.sewest.net/images/cards/full/4-128C_eg.jpg">Opus IV</set>
      <tablerow>3</tablerow>
    </card>
    <card>
      <name>Steiner (4-129L)</name>
      <text>Cuando Steiner entra al terreno de juego, si has recibido 3 o más puntos de daño, coge 1 carta. 
Pon en dull 1 Delantero Agua activo que no sea Steiner: Steiner gana +1000 de poder hasta el final del turno.</text>
      <prop>
        <type>Forward - IX - Knight</type>
        <manacost>4</manacost>
        <colors>Water</colors>
        <pt>8000</pt>
      </prop>
      <set picurl="https://fftcg.cdn.sewest.net/images/cards/full/4-129L_eg.jpg">Opus IV</set>
      <tablerow>2</tablerow>
    </card>
    <card>
      <name>Strago (4-130H)</name>
      <text>[EX BURST]Cuando Strago entra al terreno de juego, elige 1 Delantero o Monstruo controlado por tu oponente. Si controlas un Delantero Categoría VI que no sea Strago, devuélvelo a la mano de su propietario.
Gran delta (S)(Water)(Water)(Dull): Divide 12000 puntos de daño a partes iguales entre todos los Delanteros controlados por tu oponente (redondeando al alza en múltiplos de 1000).</text>
      <prop>
        <type>Forward - VI - Blue Mage</type>
        <manacost>3</manacost>
        <colors>Water</colors>
        <pt>6000</pt>
      </prop>
      <set picurl="https://fftcg.cdn.sewest.net/images/cards/full/4-130H_eg.jpg">Opus IV</set>
      <tablerow>2</tablerow>
    </card>
    <card>
      <name>Tonbetty (4-131R)</name>
      <text>[EX BURST]Cuando Tongarry entra al terreno de juego, puedes buscar 1 Nombre de la carta Mira o Nombre de la carta Tomberis y añadirla a tu mano.</text>
      <prop>
        <type>Backup - FFCC - Advisor</type>
        <manacost>3</manacost>
        <colors>Water</colors>
        <pt>0</pt>
      </prop>
      <set picurl="https://fftcg.cdn.sewest.net/images/cards/full/4-131R_eg.jpg">Opus IV</set>
      <tablerow>0</tablerow>
    </card>
    <card>
      <name>Tonberries (4-132R)</name>
      <text>Cuando Tomberis entra al terreno de juego, elige 1 Delantero. Este pierde 2000 de poder hasta el final del turno.
Pon Tomberis en la Break Zone: Elige 1 Delantero. Este pierde 2000 de poder hasta el final del turno.
(Water), pon Tomberis en la Break Zone: Elige 1 Delantero. Este pierde 4000 de poder hasta el final del turno.</text>
      <prop>
        <type>Monster - FFCC - Tonberry</type>
        <manacost>2</manacost>
        <colors>Water</colors>
        <pt>0</pt>
      </prop>
      <set picurl="https://fftcg.cdn.sewest.net/images/cards/full/4-132R_eg.jpg">Opus IV</set>
      <tablerow>1</tablerow>
    </card>
    <card>
      <name>Viking (4-133C)</name>
      <text>Cuando Vikingo entra al terreno de juego, coge 1 carta.
Cuando Vikingo deja el terreno de juego, coge 1 carta.</text>
      <prop>
        <type>Forward - III - Standard Unit</type>
        <manacost>3</manacost>
        <colors>Water</colors>
        <pt>2000</pt>
      </prop>
      <set picurl="https://fftcg.cdn.sewest.net/images/cards/full/4-133C_eg.jpg">Opus IV</set>
      <tablerow>2</tablerow>
    </card>
    <card>
      <name>Brahne (4-134C)</name>
      <text>[EX BURST]Cuando Brahne entra al terreno de juego, puedes buscar 1 Delantero Oficio Soldado y añadirlo a tu mano.</text>
      <prop>
        <type>Backup - IX - Queen</type>
        <manacost>3</manacost>
        <colors>Water</colors>
        <pt>0</pt>
      </prop>
      <set picurl="https://fftcg.cdn.sewest.net/images/cards/full/4-134C_eg.jpg">Opus IV</set>
      <tablerow>0</tablerow>
    </card>
    <card>
      <name>Beatrix (4-135R)</name>
      <text>Si controlas Nombre de la carta Steiner, Beatrix gana +1000 de poder y "Si Beatrix recibe daño de las habilidades de tu oponente, el daño se vuelve 0 en su lugar".
Cuando Beatrix ataca, todos los Delanteros controlados por tu oponente pierden 1000 de poder hasta el final del turno.</text>
      <prop>
        <type>Forward - IX - Knight</type>
        <manacost>3</manacost>
        <colors>Water</colors>
        <pt>7000</pt>
      </prop>
      <set picurl="https://fftcg.cdn.sewest.net/images/cards/full/4-135R_eg.jpg">Opus IV</set>
      <tablerow>2</tablerow>
    </card>
    <card>
      <name>Summoner (4-136C)</name>
      <text>(Dull), pon Invocador en la Break Zone: Elige 1 Invocación de coste 3 o menos. Cancela su efecto.</text>
      <prop>
        <type>Backup - III - Standard Unit</type>
        <manacost>2</manacost>
        <colors>Water</colors>
        <pt>0</pt>
      </prop>
      <set picurl="https://fftcg.cdn.sewest.net/images/cards/full/4-136C_eg.jpg">Opus IV</set>
      <tablerow>0</tablerow>
    </card>
    <card>
      <name>Mira (4-137L)</name>
      <text>El coste requerido para jugar tus Monstruos al terreno de juego se reduce en 1 (no puede ser 0).
Cuando un Monstruo que controlas pasa del terreno de juego a la Break Zone, puedes poner Mira en dull si está activo. Si lo haces, busca un Monstruo con el mismo nombre y añádelo a tu mano.</text>
      <prop>
        <type>Forward - FFCC - Dark Lord</type>
        <manacost>2</manacost>
        <colors>Water</colors>
        <pt>5000</pt>
      </prop>
      <set picurl="https://fftcg.cdn.sewest.net/images/cards/full/4-137L_eg.jpg">Opus IV</set>
      <tablerow>2</tablerow>
    </card>
    <card>
      <name>Merlwyb (4-138R)</name>
      <text>Cuando Merlwyb entra al terreno de juego, puedes buscar 1 Delantero Agua y añadirlo a tu mano.</text>
      <prop>
        <type>Backup - XIV - Admiral</type>
        <manacost>4</manacost>
        <colors>Water</colors>
        <pt>0</pt>
      </prop>
      <set picurl="https://fftcg.cdn.sewest.net/images/cards/full/4-138R_eg.jpg">Opus IV</set>
      <tablerow>0</tablerow>
    </card>
    <card>
      <name>Moogle (THEATRHYTHM) (4-139C)</name>
      <text>(Water)(Dull), pon Moguri (THEATRHYTHM) en la Break Zone: Coge 1 carta.</text>
      <prop>
        <type>Backup - THEATRHYTHM - Moogle</type>
        <manacost>2</manacost>
        <colors>Water</colors>
        <pt>0</pt>
      </prop>
      <set picurl="https://fftcg.cdn.sewest.net/images/cards/full/4-139C_eg.jpg">Opus IV</set>
      <tablerow>0</tablerow>
    </card>
    <card>
      <name>Mog (VI) (4-140H)</name>
      <text>Si controlas 2 o más Delanteros Categoría VI que no sean Mog (VI), Mog (VI) no puede ser objetivo de las Invocaciones o habilidades de tu oponente.
(Dull): Coge 1 carta.</text>
      <prop>
        <type>Forward - VI - Moogle</type>
        <manacost>3</manacost>
        <colors>Water</colors>
        <pt>4000</pt>
      </prop>
      <set picurl="https://fftcg.cdn.sewest.net/images/cards/full/4-140H_eg.jpg">Opus IV</set>
      <tablerow>2</tablerow>
    </card>
    <card>
      <name>Mime (4-141C)</name>
      <text>(1): El poder de Mimo pasa a ser el mismo que el del Delantero más débil de tu oponente hasta el final del turno.</text>
      <prop>
        <type>Forward - FFT - Standard Unit</type>
        <manacost>2</manacost>
        <colors>Water</colors>
        <pt>4000</pt>
      </prop>
      <set picurl="https://fftcg.cdn.sewest.net/images/cards/full/4-141C_eg.jpg">Opus IV</set>
      <tablerow>2</tablerow>
    </card>
    <card>
      <name>Malboro (4-142R)</name>
      <text>(Water): Hasta el final del turno, Molbol también pasa a ser un Delantero con 6000 de poder y "Cuando Molbol bloquea o es bloqueado, todos los Delanteros controlados por tu oponente pierden 2000 de poder hasta el final del turno". Solo puedes usar esta habilidad una vez por turno.</text>
      <prop>
        <type>Monster - THEATRHYTHM - Malboro</type>
        <manacost>3</manacost>
        <colors>Water</colors>
        <pt>0</pt>
      </prop>
      <set picurl="https://fftcg.cdn.sewest.net/images/cards/full/4-142R_eg.jpg">Opus IV</set>
      <tablerow>1</tablerow>
    </card>
    <card>
      <name>Leviathan (4-143R)</name>
      <text>[EX BURST]Elige 1 Delantero que controlas y 1 Delantero controlado por tu oponente. Devuélvelos a la mano de su propietario.</text>
      <prop>
        <type>Summon - DFF</type>
        <manacost>3</manacost>
        <colors>Water</colors>
        <pt>0</pt>
      </prop>
      <set picurl="https://fftcg.cdn.sewest.net/images/cards/full/4-143R_eg.jpg">Opus IV</set>
      <tablerow>3</tablerow>
    </card>
    <card>
      <name>Relm (4-144H)</name>
      <text>[EX BURST]Cuando Relm entra al terreno de juego, revela las 5 cartas de la parte superior de tu mazo. Añade 1 Monstruo de entre ellas a tu mano y pon el resto en la parte inferior de tu mazo en el orden que quieras.
(Dull): Elige 1 Monstruo. Hasta el final del turno, este también pasa a ser un Delantero con 7000 de poder.</text>
      <prop>
        <type>Forward - VI - Pictomancer</type>
        <manacost>2</manacost>
        <colors>Water</colors>
        <pt>5000</pt>
      </prop>
      <set picurl="https://fftcg.cdn.sewest.net/images/cards/full/4-144H_eg.jpg">Opus IV</set>
      <tablerow>2</tablerow>
    </card>
    <card>
      <name>Cloud (4-145H)</name>
      <text>[EX BURST]Cuando Cloud entra al terreno de juego, elige 1 Delantero controlado por tu oponente. Si controlas un Delantero Categoría VII que no sea Cloud, inflígele 7000 puntos de daño.
Rayo espada (S)(Fire)(1)(Dull): Elige 1 Delantero controlado por tu oponente. Inflígele 8000 puntos de daño, y 4000 puntos de daño a todos los demás Delanteros controlados por tu oponente.</text>
      <prop>
        <type>Forward - DFF · VII - SOLDIER</type>
        <manacost>3</manacost>
        <colors>Light</colors>
        <pt>7000</pt>
      </prop>
      <set picurl="https://fftcg.cdn.sewest.net/images/cards/full/4-145H_eg.jpg">Opus IV</set>
      <tablerow>2</tablerow>
    </card>
    <card>
      <name>Terra (4-146L)</name>
      <text>Cuando Terra entra al terreno de juego, puedes buscar 1 Invocación de coste 5 o menos y añadirla a tu mano.
Hoja letal (S)(2)(Dull): Elige 1 Delantero. Inflígele 6000 puntos de daño. Busca 1 Invocación y añádela a tu mano.</text>
      <prop>
        <type>Forward - VI - Magitek Knight</type>
        <manacost>4</manacost>
        <colors>Light</colors>
        <pt>7000</pt>
      </prop>
      <set picurl="https://fftcg.cdn.sewest.net/images/cards/full/4-146L_eg.jpg">Opus IV</set>
      <tablerow>2</tablerow>
    </card>
    <card>
      <name>Kefka (4-147H)</name>
      <text>[EX BURST] Cuando Kefka entra al terreno de juego, busca 1 Monstruo y añádelo a tu mano. 
(Dull): Hasta el final del turno, todos los Monstruos que controlas también pasan a ser Delanteros con 7000 de poder.</text>
      <prop>
        <type>Forward - VI - Mage</type>
        <manacost>5</manacost>
        <colors>Dark</colors>
        <pt>8000</pt>
      </prop>
      <set picurl="https://fftcg.cdn.sewest.net/images/cards/full/4-147H_eg.jpg">Opus IV</set>
      <tablerow>2</tablerow>
    </card>
    <card>
      <name>Shadow Lord (4-148L)</name>
      <text>Bravura
Cuando Rey de la oscuridad entra al terreno de juego, rompe todos los Delanteros de coste 2 o menos.
Cuando un Delantero controlado por tu oponente pasa del terreno de juego a la Break Zone, elige 1 Delantero controlado por tu oponente. Inflígele 2000 puntos de daño.</text>
      <prop>
        <type>Forward - LOV · XI - Kindred</type>
        <manacost>4</manacost>
        <colors>Dark</colors>
        <pt>8000</pt>
      </prop>
      <set picurl="https://fftcg.cdn.sewest.net/images/cards/full/4-148L_eg.jpg">Opus IV</set>
      <tablerow>2</tablerow>
    </card>
  </cards>
</cockatrice_carddatabase>