<?xml version="1.0" encoding="UTF-8"?>
<cockatrice_carddatabase version="4">
  <sets>
    <set>
      <name>Opus V</name>
      <longname>Opus V</longname>
      <settype>Custom</settype>
      <releasedate></releasedate>
    </set>
  </sets>
  <cards>
    <card>
      <name>Red Mage (5-001C)</name>
      <text>(1)(Dull), descarta 1 Nombre de la carta Mago rojo: Elige 1 Delantero. Inflígele 5000 puntos de daño.</text>
      <prop>
        <type>Backup - FFTA2 - Standard Unit</type>
        <manacost>2</manacost>
        <colors>Fire</colors>
        <pt>0</pt>
      </prop>
      <set picurl="https://fftcg.cdn.sewest.net/images/cards/full/5-001C_eg.jpg">Opus V</set>
      <tablerow>0</tablerow>
    </card>
    <card>
      <name>Ayame (5-002R)</name>
      <text>Bravura
Si has recibido 5 o más puntos de daño, Ayame gana +3000 de poder.</text>
      <prop>
        <type>Forward - XI - Samurai</type>
        <manacost>3</manacost>
        <colors>Fire</colors>
        <pt>7000</pt>
      </prop>
      <set picurl="https://fftcg.cdn.sewest.net/images/cards/full/5-002R_eg.jpg">Opus V</set>
      <tablerow>2</tablerow>
    </card>
    <card>
      <name>Ifrit (5-003C)</name>
      <text>[EX BURST]Elige 1 Delantero. Puedes descartar 1 Nombre de la carta Ifrit de tu mano. Si lo haces, inflígele 10000 puntos de daño. Si no, inflígele 5000 puntos de daño.</text>
      <prop>
        <type>Summon - THEATRHYTHM</type>
        <manacost>2</manacost>
        <colors>Fire</colors>
        <pt>0</pt>
      </prop>
      <set picurl="https://fftcg.cdn.sewest.net/images/cards/full/5-003C_eg.jpg">Opus V</set>
      <tablerow>3</tablerow>
    </card>
    <card>
      <name>Caius (5-004R)</name>
      <text>Bravura
Cuando Caius pasa del terreno de juego a la Break Zone, descarta 1 carta de tu mano.</text>
      <prop>
        <type>Forward - XIII - Guardian of the Seeress</type>
        <manacost>4</manacost>
        <colors>Fire</colors>
        <pt>9000</pt>
      </prop>
      <set picurl="https://fftcg.cdn.sewest.net/images/cards/full/5-004R_eg.jpg">Opus V</set>
      <tablerow>2</tablerow>
    </card>
    <card>
      <name>Gadot (5-005R)</name>
      <text>Los Delanteros de coste 2 que controlas ganan +2000 de poder.
Cuando Gadot ataca, elige 1 Delantero. Este gana Prisa hasta el final del turno.</text>
      <prop>
        <type>Forward - XIII - NORA</type>
        <manacost>4</manacost>
        <colors>Fire</colors>
        <pt>8000</pt>
      </prop>
      <set picurl="https://fftcg.cdn.sewest.net/images/cards/full/5-005R_eg.jpg">Opus V</set>
      <tablerow>2</tablerow>
    </card>
    <card>
      <name>Carla (5-006R)</name>
      <text>(Dull), pon en dull 1 Delantero activo: Elige 1 Delantero atacante. Este gana +1000 de poder hasta el final del turno.</text>
      <prop>
        <type>Backup - TYPE-0 - Agito Cadet</type>
        <manacost>2</manacost>
        <colors>Fire</colors>
        <pt>0</pt>
      </prop>
      <set picurl="https://fftcg.cdn.sewest.net/images/cards/full/5-006R_eg.jpg">Opus V</set>
      <tablerow>0</tablerow>
    </card>
    <card>
      <name>Royal Ripeness (5-007H)</name>
      <text>Rey flan no puede ser objetivo de Invocaciones Fuego o habilidades Fuego.
(Fire): Hasta el final del turno, Rey flan también pasa a ser un Delantero con 9000 de poder y "Cuando Rey flan ataca, inflige 3000 puntos de daño a todos los Delanteros controlados por tu oponente". Solo puedes usar esta habilidad una vez por turno.</text>
      <prop>
        <type>Monster - XIII - Flan</type>
        <manacost>5</manacost>
        <colors>Fire</colors>
        <pt>0</pt>
      </prop>
      <set picurl="https://fftcg.cdn.sewest.net/images/cards/full/5-007H_eg.jpg">Opus V</set>
      <tablerow>1</tablerow>
    </card>
    <card>
      <name>Grenade (5-008R)</name>
      <text>Cuando un Delantero de tu oponente con 8000 o menos de poder entra al terreno de juego, pon Granada en la Break Zone. Si lo haces, inflígele 8000 puntos de daño.</text>
      <prop>
        <type>Monster - XIII - Bomb</type>
        <manacost>2</manacost>
        <colors>Fire</colors>
        <pt>0</pt>
      </prop>
      <set picurl="https://fftcg.cdn.sewest.net/images/cards/full/5-008R_eg.jpg">Opus V</set>
      <tablerow>1</tablerow>
    </card>
    <card>
      <name>Black Mage (5-009C)</name>
      <text>(Fire)(Dull), pon Mago negro en la Break Zone: Los Delanteros controlados por tu oponente no pueden bloquear a Delanteros con un poder inferior al suyo este turno.</text>
      <prop>
        <type>Forward - FFTA2 - Standard Unit</type>
        <manacost>3</manacost>
        <colors>Fire</colors>
        <pt>7000</pt>
      </prop>
      <set picurl="https://fftcg.cdn.sewest.net/images/cards/full/5-009C_eg.jpg">Opus V</set>
      <tablerow>2</tablerow>
    </card>
    <card>
      <name>Manasvin Warmech (5-010C)</name>
      <text>(Fire)(Dull): Elige 1 personaje. Si inflige daño a un Delantero este turno, el daño aumenta en 2000 en su lugar.</text>
      <prop>
        <type>Monster - THEATRHYTHM · XIII - Annihilator</type>
        <manacost>2</manacost>
        <colors>Fire</colors>
        <pt>0</pt>
      </prop>
      <set picurl="https://fftcg.cdn.sewest.net/images/cards/full/5-010C_eg.jpg">Opus V</set>
      <tablerow>1</tablerow>
    </card>
    <card>
      <name>Vermilion Bird l'Cie Zhuyu (5-011H)</name>
      <text>Cuando Zhuyu, lu'Cie del Fénix de Gules, ataca, Zhuyu, lu'Cie del Fénix de Gules, gana Iniciativa hasta el final del turno.
Cuando el Delantero que ha recibido daño de Zhuyu, lu'Cie del Fénix de Gules, pasa del terreno de juego a la Break Zone en el mismo turno, activa Zhuyu, lu'Cie del Fénix de Gules. Zhuyu, lu'Cie del Fénix de Gules, puede atacar una vez más este turno.
(Fire): Zhuyu, lu'Cie del Fénix de Gules, gana Prisa hasta el final del turno.</text>
      <prop>
        <type>Forward - TYPE-0 - L'Cie</type>
        <manacost>5</manacost>
        <colors>Fire</colors>
        <pt>9000</pt>
      </prop>
      <set picurl="https://fftcg.cdn.sewest.net/images/cards/full/5-011H_eg.jpg">Opus V</set>
      <tablerow>2</tablerow>
    </card>
    <card>
      <name>Vermilion Bird l'Cie Caetuna (5-012H)</name>
      <text>[EX BURST]Cuando Sétsuna, lu'Cie del Fénix de Gules, entra al terreno de juego, puedes buscar 1 Invocación Categoría TYPE-0 y añadirla a tu mano.
Musterión (S)(Fire)(Fire)(Dull), pon 5 Apoyos en la Break Zone: Rompe todos los Delanteros controlados por tu oponente.</text>
      <prop>
        <type>Backup - TYPE-0 - L'Cie</type>
        <manacost>4</manacost>
        <colors>Fire</colors>
        <pt>0</pt>
      </prop>
      <set picurl="https://fftcg.cdn.sewest.net/images/cards/full/5-012H_eg.jpg">Opus V</set>
      <tablerow>0</tablerow>
    </card>
    <card>
      <name>Warrior (5-013C)</name>
      <text></text>
      <prop>
        <type>Forward - III - Standard Unit</type>
        <manacost>4</manacost>
        <colors>Fire</colors>
        <pt>8000</pt>
      </prop>
      <set picurl="https://fftcg.cdn.sewest.net/images/cards/full/5-013C_eg.jpg">Opus V</set>
      <tablerow>2</tablerow>
    </card>
    <card>
      <name>Warrior (5-014C)</name>
      <text>Cuando Guerrero ataca, todos los Delanteros Fuego que controlas ganan +2000 de poder hasta el final del turno.</text>
      <prop>
        <type>Forward - III - Standard Unit</type>
        <manacost>2</manacost>
        <colors>Fire</colors>
        <pt>5000</pt>
      </prop>
      <set picurl="https://fftcg.cdn.sewest.net/images/cards/full/5-014C_eg.jpg">Opus V</set>
      <tablerow>2</tablerow>
    </card>
    <card>
      <name>Tellah (5-015H)</name>
      <text>(Dull), pon Tellah en la Break Zone: Elige 1 Delantero. Inflígele 7000 puntos de daño.
Recordar (S)(1)(Dull): Elige 1 Delantero. Retira del juego la carta superior de tu mazo. Inflígele 4000 puntos de daño por cada CP del coste requerido para jugar la carta retirada.</text>
      <prop>
        <type>Backup - IV - Sage</type>
        <manacost>3</manacost>
        <colors>Fire</colors>
        <pt>0</pt>
      </prop>
      <set picurl="https://fftcg.cdn.sewest.net/images/cards/full/5-015H_eg.jpg">Opus V</set>
      <tablerow>0</tablerow>
    </card>
    <card>
      <name>Fighter (5-016C)</name>
      <text>(Fire): Elige 1 Delantero. Inflígele a él y a Luchador 1000 puntos de daño.</text>
      <prop>
        <type>Forward - FFTA2 - Standard Unit</type>
        <manacost>2</manacost>
        <colors>Fire</colors>
        <pt>4000</pt>
      </prop>
      <set picurl="https://fftcg.cdn.sewest.net/images/cards/full/5-016C_eg.jpg">Opus V</set>
      <tablerow>2</tablerow>
    </card>
    <card>
      <name>Ninja (5-017C)</name>
      <text>(Dull), pon Ninja en la Break Zone: Elige 1 Delantero. No puede bloquear este turno.</text>
      <prop>
        <type>Backup - FFTA2 - Standard Unit</type>
        <manacost>2</manacost>
        <colors>Fire</colors>
        <pt>0</pt>
      </prop>
      <set picurl="https://fftcg.cdn.sewest.net/images/cards/full/5-017C_eg.jpg">Opus V</set>
      <tablerow>0</tablerow>
    </card>
    <card>
      <name>Palom (5-018L)</name>
      <text>Cuando Palom entra al terreno de juego, si controlas Nombre de la carta Porom, coge 1 carta.
Cuando Palom entra al terreno de juego, elige 1 Delantero. Inflígele 7000 puntos de daño.
(2), pon en dull 1 Delantero activo: Elige 1 Delantero. Inflígele 1000 puntos de daño.</text>
      <prop>
        <type>Forward - IV - Black Mage</type>
        <manacost>5</manacost>
        <colors>Fire</colors>
        <pt>4000</pt>
      </prop>
      <set picurl="https://fftcg.cdn.sewest.net/images/cards/full/5-018L_eg.jpg">Opus V</set>
      <tablerow>2</tablerow>
    </card>
    <card>
      <name>Phoenix (5-019L)</name>
      <text>Elige 1 Delantero de coste 3 o menos de tu Break Zone y hasta 1 Delantero controlado por tu oponente. Juega el primero al terreno de juego en dull e inflígele al segundo 8000 puntos de daño.</text>
      <prop>
        <type>Summon - MOBIUS</type>
        <manacost>7</manacost>
        <colors>Fire</colors>
        <pt>0</pt>
      </prop>
      <set picurl="https://fftcg.cdn.sewest.net/images/cards/full/5-019L_eg.jpg">Opus V</set>
      <tablerow>3</tablerow>
    </card>
    <card>
      <name>Volker (5-020R)</name>
      <text>Cuando Volker o un Delantero Categoría XI entra a tu terreno de juego, elige 1 Delantero. No puede bloquear este turno.
Espada vorpal (S): Elige 1 Delantero bloqueante. Rómpelo.</text>
      <prop>
        <type>Forward - XI - Warrior</type>
        <manacost>4</manacost>
        <colors>Fire</colors>
        <pt>8000</pt>
      </prop>
      <set picurl="https://fftcg.cdn.sewest.net/images/cards/full/5-020R_eg.jpg">Opus V</set>
      <tablerow>2</tablerow>
    </card>
    <card>
      <name>Mutsuki (5-021R)</name>
      <text>(1)(Dull): Elige 1 Delantero. Inflígele 1000 puntos de daño.</text>
      <prop>
        <type>Backup - TYPE-0 - Agito Cadet</type>
        <manacost>2</manacost>
        <colors>Fire</colors>
        <pt>0</pt>
      </prop>
      <set picurl="https://fftcg.cdn.sewest.net/images/cards/full/5-021R_eg.jpg">Opus V</set>
      <tablerow>0</tablerow>
    </card>
    <card>
      <name>Parivir (5-022C)</name>
      <text>Cuando Yojimbo entra al terreno de juego, los Delanteros que controlas no pueden romperse este turno.</text>
      <prop>
        <type>Backup - FFTA2 - Standard Unit</type>
        <manacost>3</manacost>
        <colors>Fire</colors>
        <pt>0</pt>
      </prop>
      <set picurl="https://fftcg.cdn.sewest.net/images/cards/full/5-022C_eg.jpg">Opus V</set>
      <tablerow>0</tablerow>
    </card>
    <card>
      <name>Ryid (5-023C)</name>
      <text>Ryid no se activa durante tu Active Phase.
Cuando un Delantero que controlas pasa del terreno de juego a la Break Zone, activa Ryid.</text>
      <prop>
        <type>Forward - TYPE-0 - Agito Cadet</type>
        <manacost>3</manacost>
        <colors>Fire</colors>
        <pt>9000</pt>
      </prop>
      <set picurl="https://fftcg.cdn.sewest.net/images/cards/full/5-023C_eg.jpg">Opus V</set>
      <tablerow>2</tablerow>
    </card>
    <card>
      <name>Luneth (5-024H)</name>
      <text>Los Delanteros Oficio Guerrero de la Luz y Delanteros Fuego que controlas que no sean Luneth ganan +1000 de poder.
Pon en dull un total de 3 Delanteros Fuego o Apoyos Fuego activos: Elige 1 Delantero. Inflígele 2000 puntos de daño.</text>
      <prop>
        <type>Forward - III - Warrior of Light</type>
        <manacost>3</manacost>
        <colors>Fire</colors>
        <pt>7000</pt>
      </prop>
      <set picurl="https://fftcg.cdn.sewest.net/images/cards/full/5-024H_eg.jpg">Opus V</set>
      <tablerow>2</tablerow>
    </card>
    <card>
      <name>Aloeidai (5-025H)</name>
      <text>(Ice): Hasta el final del turno, Alóada también pasa a ser un Delantero con 8000 de poder y "Cuando Alóada inflige daño a tu oponente, tu oponente descarta 1 carta de su mano". Solo puedes usar esta habilidad una vez por turno.</text>
      <prop>
        <type>Monster - XIII - Voidborn</type>
        <manacost>4</manacost>
        <colors>Ice</colors>
        <pt>0</pt>
      </prop>
      <set picurl="https://fftcg.cdn.sewest.net/images/cards/full/5-025H_eg.jpg">Opus V</set>
      <tablerow>1</tablerow>
    </card>
    <card>
      <name>Vayne (5-026C)</name>
      <text>[EX BURST]Cuando Vayne entra al terreno de juego, puedes buscar 1 Nombre de la carta Larsa y añadirla a tu mano.</text>
      <prop>
        <type>Forward - PICTLOGICA · XII - Consul</type>
        <manacost>3</manacost>
        <colors>Ice</colors>
        <pt>6000</pt>
      </prop>
      <set picurl="https://fftcg.cdn.sewest.net/images/cards/full/5-026C_eg.jpg">Opus V</set>
      <tablerow>2</tablerow>
    </card>
    <card>
      <name>Unei (5-027R)</name>
      <text><p>Une entra al terreno de juego en dull.
Une no se activa durante tu Active Phase.
Cuando Une entra al terreno de juego, elige 1 Delantero controlado por tu oponente. Ponlo en dull. Mientras Une está en el terreno de juego, no se activa durante la Active Phase de quien lo controla.</p>
</text>
      <prop>
        <type>Forward - PICTLOGICA · III - Magus</type>
        <manacost>4</manacost>
        <colors>Ice</colors>
        <pt>7000</pt>
      </prop>
      <set picurl="https://fftcg.cdn.sewest.net/images/cards/full/5-027R_eg.jpg">Opus V</set>
      <tablerow>2</tablerow>
    </card>
    <card>
      <name>Arcanist (5-028C)</name>
      <text>(Ice)(1)(Dull): Selecciona 1 número. Los Delanteros con ese coste no pueden atacar este turno.</text>
      <prop>
        <type>Backup - FFTA2 - Standard Unit</type>
        <manacost>2</manacost>
        <colors>Ice</colors>
        <pt>0</pt>
      </prop>
      <set picurl="https://fftcg.cdn.sewest.net/images/cards/full/5-028C_eg.jpg">Opus V</set>
      <tablerow>0</tablerow>
    </card>
    <card>
      <name>Orphan (5-029L)</name>
      <text>Cuando El Huérfano entra al terreno de juego, elige hasta 2 Delanteros controlados por tu oponente. Ponlos en dull. Si controlas 5 o más personajes Frío, congélalos también.
Cuando El Huérfano ataca, elige 1 Delantero controlado por tu oponente. Congélalo.</text>
      <prop>
        <type>Forward - XIII - Fal'Cie</type>
        <manacost>6</manacost>
        <colors>Ice</colors>
        <pt>9000</pt>
      </prop>
      <set picurl="https://fftcg.cdn.sewest.net/images/cards/full/5-029L_eg.jpg">Opus V</set>
      <tablerow>2</tablerow>
    </card>
    <card>
      <name>Scholar (5-030C)</name>
      <text>(Ice)(Dull), pon Erudito en la Break Zone: Elige 1 Delantero Frío de coste 3 o menos de tu Break Zone. Añádelo a tu mano.</text>
      <prop>
        <type>Backup - III - Standard Unit</type>
        <manacost>2</manacost>
        <colors>Ice</colors>
        <pt>0</pt>
      </prop>
      <set picurl="https://fftcg.cdn.sewest.net/images/cards/full/5-030C_eg.jpg">Opus V</set>
      <tablerow>0</tablerow>
    </card>
    <card>
      <name>Edward (5-031H)</name>
      <text>Cuando Edward entra al terreno de juego, tu oponente descarta 1 carta de su mano.
Aria muda (S)(Dull): Elige 1 Invocación. Cancela su efecto.</text>
      <prop>
        <type>Backup - IV - Bard</type>
        <manacost>3</manacost>
        <colors>Ice</colors>
        <pt>0</pt>
      </prop>
      <set picurl="https://fftcg.cdn.sewest.net/images/cards/full/5-031H_eg.jpg">Opus V</set>
      <tablerow>0</tablerow>
    </card>
    <card>
      <name>Glasya Labolas (5-032H)</name>
      <text>Selecciona hasta 2 de las siguientes 4 acciones.
"Tu oponente descarta 1 carta de su mano."
"Elige 1 Delantero. Ponlo en dull."
"Elige 1 Delantero. Congélalo."
"Elige 1 Delantero en dull. Inflígele 7000 puntos de daño."</text>
      <prop>
        <type>Summon - MOBIUS</type>
        <manacost>3</manacost>
        <colors>Ice</colors>
        <pt>0</pt>
      </prop>
      <set picurl="https://fftcg.cdn.sewest.net/images/cards/full/5-032H_eg.jpg">Opus V</set>
      <tablerow>3</tablerow>
    </card>
    <card>
      <name>Gumbah (5-033R)</name>
      <text>Cuando Gumbah pasa del terreno de juego a la Break Zone, puedes buscar 1 Nombre de la carta Gumbah y jugarla al terreno de juego en dull.</text>
      <prop>
        <type>Backup - XI - Mysterious Youth</type>
        <manacost>2</manacost>
        <colors>Ice</colors>
        <pt>0</pt>
      </prop>
      <set picurl="https://fftcg.cdn.sewest.net/images/cards/full/5-033R_eg.jpg">Opus V</set>
      <tablerow>0</tablerow>
    </card>
    <card>
      <name>Gesper (5-034C)</name>
      <text>(Dull): Cada jugador descarta 1 carta de su mano. Solo puedes usar esta habilidad durante tu turno.</text>
      <prop>
        <type>Monster - THEATRHYTHM · VIII - War Machine</type>
        <manacost>2</manacost>
        <colors>Ice</colors>
        <pt>0</pt>
      </prop>
      <set picurl="https://fftcg.cdn.sewest.net/images/cards/full/5-034C_eg.jpg">Opus V</set>
      <tablerow>1</tablerow>
    </card>
    <card>
      <name>Conjurer (5-035C)</name>
      <text>Cuando Conjurador entra al terreno de juego, elige 1 Oficio Soldado de tu Break Zone. Añádela a tu mano.</text>
      <prop>
        <type>Backup - XIV - Standard Unit</type>
        <manacost>3</manacost>
        <colors>Ice</colors>
        <pt>0</pt>
      </prop>
      <set picurl="https://fftcg.cdn.sewest.net/images/cards/full/5-035C_eg.jpg">Opus V</set>
      <tablerow>0</tablerow>
    </card>
    <card>
      <name>The Emperor (5-036L)</name>
      <text>Cuando El Emperador entra al terreno de juego, puedes pagar (1). Si lo haces, tu oponente descarta 1 carta de su mano.
Cuando tu oponente coge una carta fuera de su Draw Phase, elige 1 Delantero controlado por tu oponente. Ponlo en dull y congélalo.</text>
      <prop>
        <type>Forward - MOBIUS · II - Emperor</type>
        <manacost>3</manacost>
        <colors>Ice</colors>
        <pt>7000</pt>
      </prop>
      <set picurl="https://fftcg.cdn.sewest.net/images/cards/full/5-036L_eg.jpg">Opus V</set>
      <tablerow>2</tablerow>
    </card>
    <card>
      <name>Zeid (5-037R)</name>
      <text><p>Cuando Zeid recibe daño de un personaje, quien controla este personaje descarta 1 carta de su mano.
(Ice): Zeid gana +1000 de poder hasta el final del turno.</p>
</text>
      <prop>
        <type>Forward - XI - Dark Knight</type>
        <manacost>5</manacost>
        <colors>Ice</colors>
        <pt>9000</pt>
      </prop>
      <set picurl="https://fftcg.cdn.sewest.net/images/cards/full/5-037R_eg.jpg">Opus V</set>
      <tablerow>2</tablerow>
    </card>
    <card>
      <name>Arithmetician (5-038C)</name>
      <text>(Dull): Selecciona 1 número. Pon en dull todos los Delanteros con ese coste. Solo puedes usar esta habilidad durante tu turno.</text>
      <prop>
        <type>Forward - FFT - Standard Unit</type>
        <manacost>3</manacost>
        <colors>Ice</colors>
        <pt>7000</pt>
      </prop>
      <set picurl="https://fftcg.cdn.sewest.net/images/cards/full/5-038C_eg.jpg">Opus V</set>
      <tablerow>2</tablerow>
    </card>
    <card>
      <name>Cid Raines (5-039R)</name>
      <text>[EX BURST]Cuando Cid Raines entra al terreno de juego, elige 1 Delantero en dull controlado por tu oponente. Inflígele 7000 puntos de daño.</text>
      <prop>
        <type>Backup - PICTLOGICA · XIII - The Cavalry</type>
        <manacost>4</manacost>
        <colors>Ice</colors>
        <pt>0</pt>
      </prop>
      <set picurl="https://fftcg.cdn.sewest.net/images/cards/full/5-039R_eg.jpg">Opus V</set>
      <tablerow>0</tablerow>
    </card>
    <card>
      <name>Thaumaturge (5-040C)</name>
      <text>Cuando Taumaturgo entra al terreno de juego, tu oponente descarta 1 carta de su mano.
Si tu oponente tiene 2 cartas o menos en su mano, Taumaturgo gana +4000 de poder.</text>
      <prop>
        <type>Forward - XIV - Standard Unit</type>
        <manacost>2</manacost>
        <colors>Ice</colors>
        <pt>1000</pt>
      </prop>
      <set picurl="https://fftcg.cdn.sewest.net/images/cards/full/5-040C_eg.jpg">Opus V</set>
      <tablerow>2</tablerow>
    </card>
    <card>
      <name>Snow (5-041R)</name>
      <text>Cuando Snow entra al terreno de juego, puedes pagar (X). Si lo haces, busca 1 Nombre de la carta Lightning de coste X o menos y juégala al terreno de juego.</text>
      <prop>
        <type>Forward - XIII - Sentinel</type>
        <manacost>4</manacost>
        <colors>Ice</colors>
        <pt>7000</pt>
      </prop>
      <set picurl="https://fftcg.cdn.sewest.net/images/cards/full/5-041R_eg.jpg">Opus V</set>
      <tablerow>2</tablerow>
    </card>
    <card>
      <name>Trickster (5-042C)</name>
      <text>Si Trilero recibe daño de un Delantero con Prisa o Iniciativa, el daño se vuelve 0 en su lugar.</text>
      <prop>
        <type>Forward - FFTA2 - Standard Unit</type>
        <manacost>3</manacost>
        <colors>Ice</colors>
        <pt>7000</pt>
      </prop>
      <set picurl="https://fftcg.cdn.sewest.net/images/cards/full/5-042C_eg.jpg">Opus V</set>
      <tablerow>2</tablerow>
    </card>
    <card>
      <name>Hurdy (5-043R)</name>
      <text>Cuando Zan entra al terreno de juego, puedes buscar 1 Nombre de la carta Montblanc y añadirla a tu mano.</text>
      <prop>
        <type>Backup - FFTA2 - Moogle</type>
        <manacost>4</manacost>
        <colors>Ice</colors>
        <pt>0</pt>
      </prop>
      <set picurl="https://fftcg.cdn.sewest.net/images/cards/full/5-043R_eg.jpg">Opus V</set>
      <tablerow>0</tablerow>
    </card>
    <card>
      <name>Mateus, the Corrupt (5-044C)</name>
      <text>Elige 1 Delantero bloqueante. Rómpelo.</text>
      <prop>
        <type>Summon - FFTA2</type>
        <manacost>1</manacost>
        <colors>Ice</colors>
        <pt>0</pt>
      </prop>
      <set picurl="https://fftcg.cdn.sewest.net/images/cards/full/5-044C_eg.jpg">Opus V</set>
      <tablerow>3</tablerow>
    </card>
    <card>
      <name>Barnabas (5-045H)</name>
      <text>Al principio de tu Main Phase 1, si no controlas Nombre de la carta Lugae, pon Barnabás en dull.
Cuando Nombre de la carta Lugae entra a tu terreno de juego, activa Barnabás.</text>
      <prop>
        <type>Forward - IV - Mech</type>
        <manacost>1</manacost>
        <colors>Ice</colors>
        <pt>9000</pt>
      </prop>
      <set picurl="https://fftcg.cdn.sewest.net/images/cards/full/5-045H_eg.jpg">Opus V</set>
      <tablerow>2</tablerow>
    </card>
    <card>
      <name>Buccaboo (5-046R)</name>
      <text>Cuando un personaje de tu oponente entra al terreno de juego, pon Púca en la Break Zone. Si lo haces, tu oponente descarta 2 cartas de su mano.</text>
      <prop>
        <type>Monster - XIII - Goblin</type>
        <manacost>2</manacost>
        <colors>Ice</colors>
        <pt>0</pt>
      </prop>
      <set picurl="https://fftcg.cdn.sewest.net/images/cards/full/5-046R_eg.jpg">Opus V</set>
      <tablerow>1</tablerow>
    </card>
    <card>
      <name>Mystic Knight (5-047C)</name>
      <text>Cuando Señor místico ataca, puedes lanzar 1 Invocación de tu mano. El coste requerido para lanzarla se reduce en 1 (no puede ser 0).</text>
      <prop>
        <type>Forward - FFTA2 - Standard Unit</type>
        <manacost>3</manacost>
        <colors>Ice</colors>
        <pt>7000</pt>
      </prop>
      <set picurl="https://fftcg.cdn.sewest.net/images/cards/full/5-047C_eg.jpg">Opus V</set>
      <tablerow>2</tablerow>
    </card>
    <card>
      <name>Lugae (5-048H)</name>
      <text>[EX BURST]Cuando Lugae entra al terreno de juego, puedes buscar 1 Nombre de la carta Barnabás y añadirla a tu mano.
(Ice)(Dull): Elige 1 Delantero. Ponlo en dull o congélalo.</text>
      <prop>
        <type>Forward - IV - Doctor</type>
        <manacost>4</manacost>
        <colors>Ice</colors>
        <pt>5000</pt>
      </prop>
      <set picurl="https://fftcg.cdn.sewest.net/images/cards/full/5-048H_eg.jpg">Opus V</set>
      <tablerow>2</tablerow>
    </card>
    <card>
      <name>Asura (5-049C)</name>
      <text>[EX BURST]Elige 1 Delantero que controlas. Actívalo y anula todo el daño que ha recibido. Coge 1 carta.</text>
      <prop>
        <type>Summon - IV</type>
        <manacost>2</manacost>
        <colors>Wind</colors>
        <pt>0</pt>
      </prop>
      <set picurl="https://fftcg.cdn.sewest.net/images/cards/full/5-049C_eg.jpg">Opus V</set>
      <tablerow>3</tablerow>
    </card>
    <card>
      <name>Adelle (5-050H)</name>
      <text>Prisa
(Wind): Adel no puede ser bloqueada este turno.</text>
      <prop>
        <type>Forward - FFTA2 - Heritor</type>
        <manacost>3</manacost>
        <colors>Wind</colors>
        <pt>5000</pt>
      </prop>
      <set picurl="https://fftcg.cdn.sewest.net/images/cards/full/5-050H_eg.jpg">Opus V</set>
      <tablerow>2</tablerow>
    </card>
    <card>
      <name>Aria (TYPE-0) (5-051R)</name>
      <text>Cuando Aria (TYPE-0) entra al terreno de juego, coge 1 carta.
(Dull): Elige 1 Delantero. Durante este turno el siguiente daño que reciba se reduce en 1000 en su lugar.</text>
      <prop>
        <type>Backup - TYPE-0 - Orderly</type>
        <manacost>4</manacost>
        <colors>Wind</colors>
        <pt>0</pt>
      </prop>
      <set picurl="https://fftcg.cdn.sewest.net/images/cards/full/5-051R_eg.jpg">Opus V</set>
      <tablerow>0</tablerow>
    </card>
    <card>
      <name>Arc (5-052H)</name>
      <text>Los Delanteros Oficio Guerrero de la Luz y Delanteros Aire que controlas que no sean Arc ganan +1000 de poder.
Pon en dull un total de 3 Delanteros Aire o Apoyos Aire activos: Elige 1 Delantero. No puede ser bloqueado por un Delantero de coste 3 o más este turno.</text>
      <prop>
        <type>Forward - III - Warrior of Light</type>
        <manacost>3</manacost>
        <colors>Wind</colors>
        <pt>7000</pt>
      </prop>
      <set picurl="https://fftcg.cdn.sewest.net/images/cards/full/5-052H_eg.jpg">Opus V</set>
      <tablerow>2</tablerow>
    </card>
    <card>
      <name>Echo (5-053R)</name>
      <text>[EX BURST]Cuando Echo entra al terreno de juego, selecciona hasta 2 de las siguientes 4 acciones.
"Elige 1 Delantero. Actívalo."
"Elige 1 Apoyo que no sea Echo. Actívalo."
"Mira la carta superior de tu mazo. Puedes poner esa carta en la parte inferior de tu mazo."
"Coge 1 carta."</text>
      <prop>
        <type>Backup - MOBIUS - Fairy</type>
        <manacost>4</manacost>
        <colors>Wind</colors>
        <pt>0</pt>
      </prop>
      <set picurl="https://fftcg.cdn.sewest.net/images/cards/full/5-053R_eg.jpg">Opus V</set>
      <tablerow>0</tablerow>
    </card>
    <card>
      <name>Ranger (5-054C)</name>
      <text>(Dull), pon Guardabosques en la Break Zone: Elige 1 Monstruo de coste 2 o menos. Rómpelo.</text>
      <prop>
        <type>Backup - FFTA2 - Standard Unit</type>
        <manacost>2</manacost>
        <colors>Wind</colors>
        <pt>0</pt>
      </prop>
      <set picurl="https://fftcg.cdn.sewest.net/images/cards/full/5-054C_eg.jpg">Opus V</set>
      <tablerow>0</tablerow>
    </card>
    <card>
      <name>Thief (5-055C)</name>
      <text>(Wind)(Dull), pon Ladrón en la Break Zone: Tu oponente revela su mano. Selecciona 1 carta de personaje de su mano. Tu oponente descarta esa carta. Solo puedes usar esta habilidad durante tu turno.</text>
      <prop>
        <type>Backup - FFTA2 - Standard Unit</type>
        <manacost>2</manacost>
        <colors>Wind</colors>
        <pt>0</pt>
      </prop>
      <set picurl="https://fftcg.cdn.sewest.net/images/cards/full/5-055C_eg.jpg">Opus V</set>
      <tablerow>0</tablerow>
    </card>
    <card>
      <name>Cid Pollendina (5-056H)</name>
      <text>Cuando Cid Pollendina entra al terreno de juego, tu oponente revela su mano.
Si Cid Pollendina inflige daño a un Delantero de coste 5 o más, el daño aumenta en 4000 en su lugar.
Si Cid Pollendina recibe daño de un Delantero de coste 5 o más, el daño se reduce en 4000 en su lugar.</text>
      <prop>
        <type>Forward - IV - Engineer</type>
        <manacost>4</manacost>
        <colors>Wind</colors>
        <pt>8000</pt>
      </prop>
      <set picurl="https://fftcg.cdn.sewest.net/images/cards/full/5-056H_eg.jpg">Opus V</set>
      <tablerow>2</tablerow>
    </card>
    <card>
      <name>White Mage (5-057C)</name>
      <text>Pon Mago blanco en la Break Zone: Durante este turno, si un Delantero que controlas recibe daño de Invocaciones o habilidades, el daño se vuelve 0 en su lugar.</text>
      <prop>
        <type>Forward - III - Standard Unit</type>
        <manacost>1</manacost>
        <colors>Wind</colors>
        <pt>3000</pt>
      </prop>
      <set picurl="https://fftcg.cdn.sewest.net/images/cards/full/5-057C_eg.jpg">Opus V</set>
      <tablerow>2</tablerow>
    </card>
    <card>
      <name>Elementalist (5-058C)</name>
      <text>(Wind)(Dull): Elige 1 Delantero que controlas. No puede ser objetivo de las Invocaciones o habilidades de tu oponente este turno.</text>
      <prop>
        <type>Forward - FFTA2 - Standard Unit</type>
        <manacost>2</manacost>
        <colors>Wind</colors>
        <pt>5000</pt>
      </prop>
      <set picurl="https://fftcg.cdn.sewest.net/images/cards/full/5-058C_eg.jpg">Opus V</set>
      <tablerow>2</tablerow>
    </card>
    <card>
      <name>Semih Lafihna (5-059R)</name>
      <text>El coste requerido para jugar Nombre de la carta Sibila de las estrellas al terreno de juego se reduce en 2.
(Wind)(Wind)(1): Elige 1 Delantero. Inflígele 1000 puntos de daño.</text>
      <prop>
        <type>Backup - XI - Warrior</type>
        <manacost>2</manacost>
        <colors>Wind</colors>
        <pt>0</pt>
      </prop>
      <set picurl="https://fftcg.cdn.sewest.net/images/cards/full/5-059R_eg.jpg">Opus V</set>
      <tablerow>0</tablerow>
    </card>
    <card>
      <name>Chocobo (5-060C)</name>
      <text>Si Chocobo forma un equipo, el daño recibido por Chocobo se vuelve 0 en su lugar.</text>
      <prop>
        <type>Forward - FFT - Standard Unit</type>
        <manacost>3</manacost>
        <colors>Wind</colors>
        <pt>7000</pt>
      </prop>
      <set picurl="https://fftcg.cdn.sewest.net/images/cards/full/5-060C_eg.jpg">Opus V</set>
      <tablerow>2</tablerow>
    </card>
    <card>
      <name>Chocobo Knight (5-061C)</name>
      <text>Cuando Chocodomador entra al terreno de juego, puedes buscar 1Oficio Chocobo o Nombre de la carta Chocobo y añadirla a tu mano.
(Dull): Juega 1 Oficio Chocobo o Nombre de la carta Chocobo de coste 4 o menos de tu mano al terreno de juego.</text>
      <prop>
        <type>Forward - FFTA2 - Standard Unit</type>
        <manacost>3</manacost>
        <colors>Wind</colors>
        <pt>3000</pt>
      </prop>
      <set picurl="https://fftcg.cdn.sewest.net/images/cards/full/5-061C_eg.jpg">Opus V</set>
      <tablerow>2</tablerow>
    </card>
    <card>
      <name>Diabolos (5-062L)</name>
      <text>Selecciona hasta 2 de las siguientes 4 acciones.
"Elige 1 Delantero de coste 5 o más. Rómpelo."
"Elige 1 Delantero de coste 4 o menos. Su poder pasa a ser 1000 hasta el final del turno."
"Activa todos los Delanteros que controlas."
"Activa todos los Apoyos que controlas."</text>
      <prop>
        <type>Summon - MOBIUS</type>
        <manacost>5</manacost>
        <colors>Wind</colors>
        <pt>0</pt>
      </prop>
      <set picurl="https://fftcg.cdn.sewest.net/images/cards/full/5-062L_eg.jpg">Opus V</set>
      <tablerow>3</tablerow>
    </card>
    <card>
      <name>Deathgaze (5-063H)</name>
      <text>(Wind): Hasta el final del turno, Ojo letal también pasa a ser un Delantero con 7000 de poder y "Ojo letal no puede ser bloqueado por un Delantero con un poder más alto que el de Ojo letal". Solo puedes usar esta habilidad una vez por turno.
Muerte nivel 5 (S)(Wind)(Wind): Rompe todos los personajes de coste 5 y 10 controlados por tu oponente.</text>
      <prop>
        <type>Monster - THEATRHYTHM · VI - Deathgaze</type>
        <manacost>3</manacost>
        <colors>Wind</colors>
        <pt>0</pt>
      </prop>
      <set picurl="https://fftcg.cdn.sewest.net/images/cards/full/5-063H_eg.jpg">Opus V</set>
      <tablerow>1</tablerow>
    </card>
    <card>
      <name>Nanaa Mihgo (5-064R)</name>
      <text>Nanaa Mihgo no puede ser bloqueada por un Delantero de coste 4 o más.
Cuando Nanaa Mihgo inflige daño al oponente, tu oponente pone las 2 cartas de la parte superior de su mazo en la Break Zone. Si ambas cartas son del mismo elemento, coge 1 carta.</text>
      <prop>
        <type>Forward - XI - Robber</type>
        <manacost>3</manacost>
        <colors>Wind</colors>
        <pt>6000</pt>
      </prop>
      <set picurl="https://fftcg.cdn.sewest.net/images/cards/full/5-064R_eg.jpg">Opus V</set>
      <tablerow>2</tablerow>
    </card>
    <card>
      <name>Ninja (5-065C)</name>
      <text>Ninja no puede ser bloqueado por un Delantero de coste 4 o más.</text>
      <prop>
        <type>Forward - III - Standard Unit</type>
        <manacost>2</manacost>
        <colors>Wind</colors>
        <pt>4000</pt>
      </prop>
      <set picurl="https://fftcg.cdn.sewest.net/images/cards/full/5-065C_eg.jpg">Opus V</set>
      <tablerow>2</tablerow>
    </card>
    <card>
      <name>Penelo (5-066R)</name>
      <text>[EX BURST]Cuando Penelo entra al terreno de juego, puedes buscar 1 Delantero Nombre de la carta Vaan y añadirlo a tu mano.</text>
      <prop>
        <type>Backup - XII - Dancer</type>
        <manacost>3</manacost>
        <colors>Wind</colors>
        <pt>0</pt>
      </prop>
      <set picurl="https://fftcg.cdn.sewest.net/images/cards/full/5-066R_eg.jpg">Opus V</set>
      <tablerow>0</tablerow>
    </card>
    <card>
      <name>Miounne (5-067R)</name>
      <text>Cuando Miounne entra al terreno de juego, elige 1 personaje que controlas que no sea Miounne. Puedes devolverlo a la mano de su propietario. Si lo haces, coge 1 carta.</text>
      <prop>
        <type>Backup - XIV - Proprietress</type>
        <manacost>2</manacost>
        <colors>Wind</colors>
        <pt>0</pt>
      </prop>
      <set picurl="https://fftcg.cdn.sewest.net/images/cards/full/5-067R_eg.jpg">Opus V</set>
      <tablerow>0</tablerow>
    </card>
    <card>
      <name>Y'shtola (5-068L)</name>
      <text>Si Y'shtola recibe daño de Invocaciones o habilidades, el daño se vuelve 0 en su lugar.
Pon Y'shtola en la Break Zone: Elige 1 Invocación o habilidad de apoyo. Cancela su efecto.</text>
      <prop>
        <type>Forward - XIV - Scion of the Seventh Dawn</type>
        <manacost>3</manacost>
        <colors>Wind</colors>
        <pt>7000</pt>
      </prop>
      <set picurl="https://fftcg.cdn.sewest.net/images/cards/full/5-068L_eg.jpg">Opus V</set>
      <tablerow>2</tablerow>
    </card>
    <card>
      <name>Luso (5-069H)</name>
      <text>Cuando Luso entra al terreno de juego, revela las 5 cartas de la parte superior de tu mazo. Añade 1 carta Categoría FFTA2 de entre ellas a tu mano y pon el resto en la parte inferior de tu mazo en el orden que quieras.
(Wind): Luso gana Iniciativa hasta el final del turno.</text>
      <prop>
        <type>Forward - FFTA2 - Youth</type>
        <manacost>4</manacost>
        <colors>Wind</colors>
        <pt>7000</pt>
      </prop>
      <set picurl="https://fftcg.cdn.sewest.net/images/cards/full/5-069H_eg.jpg">Opus V</set>
      <tablerow>2</tablerow>
    </card>
    <card>
      <name>Reks (5-070C)</name>
      <text>Cuando Reks pasa del terreno de juego a la Break Zone, puedes jugar 1 Nombre de la carta Vaan de tu mano al terreno de juego.</text>
      <prop>
        <type>Forward - XII - Dalmascan Soldier</type>
        <manacost>4</manacost>
        <colors>Wind</colors>
        <pt>8000</pt>
      </prop>
      <set picurl="https://fftcg.cdn.sewest.net/images/cards/full/5-070C_eg.jpg">Opus V</set>
      <tablerow>2</tablerow>
    </card>
    <card>
      <name>Leyak (5-071R)</name>
      <text>Cuando un Delantero controlado por tu oponente ataca, pon Leyak en la Break Zone. Si lo haces, activa todos los personajes que controlas. Coge 1 carta.</text>
      <prop>
        <type>Monster - XIII - Spook</type>
        <manacost>1</manacost>
        <colors>Wind</colors>
        <pt>0</pt>
      </prop>
      <set picurl="https://fftcg.cdn.sewest.net/images/cards/full/5-071R_eg.jpg">Opus V</set>
      <tablerow>1</tablerow>
    </card>
    <card>
      <name>Spiceacilian (5-072C)</name>
      <text>(Dull): Elige 1 Delantero. Solo puede ser bloqueado por un Delantero de coste igual o inferior al suyo este turno.</text>
      <prop>
        <type>Monster - XIII - Terraquatic</type>
        <manacost>1</manacost>
        <colors>Wind</colors>
        <pt>0</pt>
      </prop>
      <set picurl="https://fftcg.cdn.sewest.net/images/cards/full/5-072C_eg.jpg">Opus V</set>
      <tablerow>1</tablerow>
    </card>
    <card>
      <name>Heretical Knight Garland (5-073R)</name>
      <text>Bravura
Cuando Caballero herético Garland entra al terreno de juego, elige 1 Apoyo de coste 4 o más controlado por tu oponente. Rómpelo.</text>
      <prop>
        <type>Forward - MOBIUS - Knight</type>
        <manacost>7</manacost>
        <colors>Earth</colors>
        <pt>8000</pt>
      </prop>
      <set picurl="https://fftcg.cdn.sewest.net/images/cards/full/5-073R_eg.jpg">Opus V</set>
      <tablerow>2</tablerow>
    </card>
    <card>
      <name>Ingus (5-074H)</name>
      <text>Los Delanteros Oficio Guerrero de la Luz y Delanteros Tierra que controlas que no sean Ingus ganan +1000 de poder.
Pon en dull un total de 3 Delanteros Tierra o Apoyos Tierra activos: Elige 1 Delantero. Este gana +2000 de poder hasta el final del turno.</text>
      <prop>
        <type>Forward - III - Warrior of Light</type>
        <manacost>3</manacost>
        <colors>Earth</colors>
        <pt>7000</pt>
      </prop>
      <set picurl="https://fftcg.cdn.sewest.net/images/cards/full/5-074H_eg.jpg">Opus V</set>
      <tablerow>2</tablerow>
    </card>
    <card>
      <name>Wol (5-075L)</name>
      <text>Al principio de tu Attack Phase durante cada uno de tus turnos, selecciona hasta 2 de las siguientes 4 acciones.
  "Elige 1 Delantero. Este gana Bravura hasta el final del turno."
  "Elige 1 Delantero. Este gana +2000 de poder hasta el final del turno."
  "Elige 1 Delantero en dull. Inflígele 3000 puntos de daño."
  "Los Delanteros no pueden ser objetivo de los EX Burst de las Invocaciones o de los personajes este turno."</text>
      <prop>
        <type>Forward - MOBIUS - Warrior of Light</type>
        <manacost>4</manacost>
        <colors>Earth</colors>
        <pt>8000</pt>
      </prop>
      <set picurl="https://fftcg.cdn.sewest.net/images/cards/full/5-075L_eg.jpg">Opus V</set>
      <tablerow>2</tablerow>
    </card>
    <card>
      <name>Botanist (5-076C)</name>
      <text>Cuando Botánico entra al terreno de juego, elige 1 personaje sin (Generic) que controlas. Selecciona 1 personaje con el mismo nombre de tu Break Zone y añádelo a tu mano.</text>
      <prop>
        <type>Backup - XIV - Standard Unit</type>
        <manacost>3</manacost>
        <colors>Earth</colors>
        <pt>0</pt>
      </prop>
      <set picurl="https://fftcg.cdn.sewest.net/images/cards/full/5-076C_eg.jpg">Opus V</set>
      <tablerow>0</tablerow>
    </card>
    <card>
      <name>Carbuncle (5-077H)</name>
      <text>Elige 1 Delantero. Este gana +2000 de poder hasta el final del turno. Si su poder pasa a ser 9000 o menos, devuelve Rubí a tu mano.</text>
      <prop>
        <type>Summon - MOBIUS</type>
        <manacost>2</manacost>
        <colors>Earth</colors>
        <pt>0</pt>
      </prop>
      <set picurl="https://fftcg.cdn.sewest.net/images/cards/full/5-077H_eg.jpg">Opus V</set>
      <tablerow>3</tablerow>
    </card>
    <card>
      <name>Gabranth (5-078R)</name>
      <text>Si has recibido 5 o más puntos de daño, el coste requerido para jugar Gabranth al terreno de juego se reduce en 3 (no puede ser 0).
Pon Gabranth en la Break Zone: Durante este turno el siguiente daño que recibas se vuelve 0 en su lugar.</text>
      <prop>
        <type>Forward - DFF · XII - Judge</type>
        <manacost>4</manacost>
        <colors>Earth</colors>
        <pt>8000</pt>
      </prop>
      <set picurl="https://fftcg.cdn.sewest.net/images/cards/full/5-078R_eg.jpg">Opus V</set>
      <tablerow>2</tablerow>
    </card>
    <card>
      <name>Calbrena (5-079H)</name>
      <text>(Earth)(1): Hasta el final del turno, Calcobrena también pasa a ser un Delantero con 7000 de poder y "Cuando Calcobrena pasa del terreno de juego a la Break Zone, devuelve Calcobrena al terreno de juego en dull". Solo puedes usar esta habilidad una vez por turno.</text>
      <prop>
        <type>Monster - IV - Doll</type>
        <manacost>4</manacost>
        <colors>Earth</colors>
        <pt>0</pt>
      </prop>
      <set picurl="https://fftcg.cdn.sewest.net/images/cards/full/5-079H_eg.jpg">Opus V</set>
      <tablerow>1</tablerow>
    </card>
    <card>
      <name>Grav'iton (5-080R)</name>
      <text>Cuando lanzas una Invocación Tierra, elige 1 Delantero que controlas. Este gana +2000 de poder hasta el final del turno.</text>
      <prop>
        <type>Backup - XI - Scholar</type>
        <manacost>3</manacost>
        <colors>Earth</colors>
        <pt>0</pt>
      </prop>
      <set picurl="https://fftcg.cdn.sewest.net/images/cards/full/5-080R_eg.jpg">Opus V</set>
      <tablerow>0</tablerow>
    </card>
    <card>
      <name>Cockatrice (5-081C)</name>
      <text>[EX BURST] Elige 1 Delantero. Durante este turno, no puede atacar ni bloquear, y si recibe daño, el daño se vuelve 0 en su lugar.</text>
      <prop>
        <type>Summon - IV</type>
        <manacost>1</manacost>
        <colors>Earth</colors>
        <pt>0</pt>
      </prop>
      <set picurl="https://fftcg.cdn.sewest.net/images/cards/full/5-081C_eg.jpg">Opus V</set>
      <tablerow>3</tablerow>
    </card>
    <card>
      <name>Miner (5-082C)</name>
      <text>Cuando Minero entra al terreno de juego, elige 1 Apoyo de tu Break Zone. Añádelo a tu mano.
(Earth)(1)(Dull), pon Minero en la Break Zone: Elige 1 Delantero de tu Break Zone. Añádelo a tu mano.</text>
      <prop>
        <type>Backup - XIV - Standard Unit</type>
        <manacost>4</manacost>
        <colors>Earth</colors>
        <pt>0</pt>
      </prop>
      <set picurl="https://fftcg.cdn.sewest.net/images/cards/full/5-082C_eg.jpg">Opus V</set>
      <tablerow>0</tablerow>
    </card>
    <card>
      <name>PSICOM Enforcer (5-083C)</name>
      <text>Cuando Combatiente PSICOM entra al terreno de juego, elige 1 Monstruo de coste 2 o menos controlado por tu oponente. Rómpelo.</text>
      <prop>
        <type>Forward - THEATRHYTHM · XIII - Standard Unit</type>
        <manacost>3</manacost>
        <colors>Earth</colors>
        <pt>7000</pt>
      </prop>
      <set picurl="https://fftcg.cdn.sewest.net/images/cards/full/5-083C_eg.jpg">Opus V</set>
      <tablerow>2</tablerow>
    </card>
    <card>
      <name>PSICOM Warden (5-084C)</name>
      <text>Cuando Rastreador PSICOM entra al terreno de juego, puedes buscar 1 Nombre de la carta Rastreador PSICOM y añadirla a tu mano.
Rastreador PSICOM gana +2000 de poder por cada Nombre de la carta Rastreador PSICOMque controlas.</text>
      <prop>
        <type>Forward - XIII - Standard Unit</type>
        <manacost>3</manacost>
        <colors>Earth</colors>
        <pt>3000</pt>
      </prop>
      <set picurl="https://fftcg.cdn.sewest.net/images/cards/full/5-084C_eg.jpg">Opus V</set>
      <tablerow>2</tablerow>
    </card>
    <card>
      <name>Sarah (MOBIUS) (5-085R)</name>
      <text>[EX BURST]Cuando Sarah (MOBIUS) entra al terreno de juego, elige 1 Oficio Guerrero de la Luz de tu Break Zone. Añádela a tu mano.</text>
      <prop>
        <type>Backup - MOBIUS - Princess</type>
        <manacost>4</manacost>
        <colors>Earth</colors>
        <pt>0</pt>
      </prop>
      <set picurl="https://fftcg.cdn.sewest.net/images/cards/full/5-085R_eg.jpg">Opus V</set>
      <tablerow>0</tablerow>
    </card>
    <card>
      <name>Cecil (5-086L)</name>
      <text>[EX BURST]Cuando Cecil entra al terreno de juego, elige 1 Delantero en dull controlado por tu oponente. Si su coste es igual o menor que el daño que has recibido, rómpelo.
Oscuridad (S): Elige 1 Delantero. Cecil te inflige 1 punto de daño. Si el coste del Delantero es igual o menor que el daño que has recibido, rómpelo.</text>
      <prop>
        <type>Forward - IV - Dark Knight</type>
        <manacost>5</manacost>
        <colors>Earth</colors>
        <pt>9000</pt>
      </prop>
      <set picurl="https://fftcg.cdn.sewest.net/images/cards/full/5-086L_eg.jpg">Opus V</set>
      <tablerow>2</tablerow>
    </card>
    <card>
      <name>Doga (5-087R)</name>
      <text>(Earth)(Dull), pon Doga en la Break Zone: Elige 1 personaje que controlas. Durante este turno las habilidades que no infligen daño o Invocaciones del oponente no pueden romperlo.</text>
      <prop>
        <type>Backup - PICTLOGICA · III - Magus</type>
        <manacost>2</manacost>
        <colors>Earth</colors>
        <pt>0</pt>
      </prop>
      <set picurl="https://fftcg.cdn.sewest.net/images/cards/full/5-087R_eg.jpg">Opus V</set>
      <tablerow>0</tablerow>
    </card>
    <card>
      <name>Flandit (5-088C)</name>
      <text>(Dull): Elige 1 Delantero controlado por tu oponente. No puede atacar ni bloquear este turno a no ser que tu oponente pague (1).</text>
      <prop>
        <type>Monster - XIII - Flan</type>
        <manacost>1</manacost>
        <colors>Earth</colors>
        <pt>0</pt>
      </prop>
      <set picurl="https://fftcg.cdn.sewest.net/images/cards/full/5-088C_eg.jpg">Opus V</set>
      <tablerow>1</tablerow>
    </card>
    <card>
      <name>Berserker (5-089C)</name>
      <text>Bárbaro no puede bloquear.</text>
      <prop>
        <type>Forward - FFTA2 - Standard Unit</type>
        <manacost>4</manacost>
        <colors>Earth</colors>
        <pt>9000</pt>
      </prop>
      <set picurl="https://fftcg.cdn.sewest.net/images/cards/full/5-089C_eg.jpg">Opus V</set>
      <tablerow>2</tablerow>
    </card>
    <card>
      <name>Hill Gigas (5-090R)</name>
      <text>Cuando un personaje controlado por tu oponente usa una habilidad de acción, pon Gigas en la Break Zone. Si lo haces, cancela su efecto y rompe ese personaje.</text>
      <prop>
        <type>Monster - THEATRHYTHM - Giant</type>
        <manacost>1</manacost>
        <colors>Earth</colors>
        <pt>0</pt>
      </prop>
      <set picurl="https://fftcg.cdn.sewest.net/images/cards/full/5-090R_eg.jpg">Opus V</set>
      <tablerow>1</tablerow>
    </card>
    <card>
      <name>Star Sibyl (5-091H)</name>
      <text>[EX BURST]Cuando Sibila de las estrellas entra al terreno de juego, puedes buscar 1 personaje Categoría XIque no sea Nombre de la carta Sibila de las estrellas y añadirlo a tu mano.
(Dull), pon Sibila de las estrellas en la Break Zone: Juega 1 Delantero de coste 6 o menos de tu mano al terreno de juego. Solo puedes usar esta habilidad durante tu turno.</text>
      <prop>
        <type>Backup - XI - Star Sibyl</type>
        <manacost>5</manacost>
        <colors>Earth</colors>
        <pt>0</pt>
      </prop>
      <set picurl="https://fftcg.cdn.sewest.net/images/cards/full/5-091H_eg.jpg">Opus V</set>
      <tablerow>0</tablerow>
    </card>
    <card>
      <name>Master Monk (5-092C)</name>
      <text>(Earth)(1)(Dull): Elige hasta 2 Delanteros. Inflígeles a ellos y a Alto monje 4000 puntos de daño.</text>
      <prop>
        <type>Forward - FFTA2 - Standard Unit</type>
        <manacost>4</manacost>
        <colors>Earth</colors>
        <pt>8000</pt>
      </prop>
      <set picurl="https://fftcg.cdn.sewest.net/images/cards/full/5-092C_eg.jpg">Opus V</set>
      <tablerow>2</tablerow>
    </card>
    <card>
      <name>Mog (MOBIUS) (5-093C)</name>
      <text>(Earth)(Earth)(Dull), pon Mogu (MOBIUS) en la Break Zone: Busca 1 Delantero y añádelo a tu mano.</text>
      <prop>
        <type>Backup - MOBIUS - Moogle</type>
        <manacost>2</manacost>
        <colors>Earth</colors>
        <pt>0</pt>
      </prop>
      <set picurl="https://fftcg.cdn.sewest.net/images/cards/full/5-093C_eg.jpg">Opus V</set>
      <tablerow>0</tablerow>
    </card>
    <card>
      <name>Momodi (5-094R)</name>
      <text>(0): Elige 1 Delantero que controlas. Este gana Bravura hasta el final del turno. Solo puedes usar esta habilidad durante tu Main Phase y una vez por turno.</text>
      <prop>
        <type>Backup - XIV - Proprietress</type>
        <manacost>3</manacost>
        <colors>Earth</colors>
        <pt>0</pt>
      </prop>
      <set picurl="https://fftcg.cdn.sewest.net/images/cards/full/5-094R_eg.jpg">Opus V</set>
      <tablerow>0</tablerow>
    </card>
    <card>
      <name>Yang (5-095H)</name>
      <text>Las Invocaciones o habilidades de tu oponente no pueden poner en dull a Yang.
Si controlas 5 o más personajes Tierra, Yang gana +1000 de poder y Bravura.</text>
      <prop>
        <type>Forward - IV - Monk</type>
        <manacost>5</manacost>
        <colors>Earth</colors>
        <pt>9000</pt>
      </prop>
      <set picurl="https://fftcg.cdn.sewest.net/images/cards/full/5-095H_eg.jpg">Opus V</set>
      <tablerow>2</tablerow>
    </card>
    <card>
      <name>Lanista (5-096C)</name>
      <text>Por cada punto de daño que has recibido, Lanista gana +1000 de poder.</text>
      <prop>
        <type>Forward - FFTA2 - Standard Unit</type>
        <manacost>5</manacost>
        <colors>Earth</colors>
        <pt>7000</pt>
      </prop>
      <set picurl="https://fftcg.cdn.sewest.net/images/cards/full/5-096C_eg.jpg">Opus V</set>
      <tablerow>2</tablerow>
    </card>
    <card>
      <name>Red Mage (5-097C)</name>
      <text>(2)(Dull): Elige 1 Delantero. Inflígele 1000 puntos de daño. Si está activo, inflígele 2000 puntos de daño en su lugar.</text>
      <prop>
        <type>Backup - III - Standard Unit</type>
        <manacost>2</manacost>
        <colors>Lightning</colors>
        <pt>0</pt>
      </prop>
      <set picurl="https://fftcg.cdn.sewest.net/images/cards/full/5-097C_eg.jpg">Opus V</set>
      <tablerow>0</tablerow>
    </card>
    <card>
      <name>Assassin (5-098C)</name>
      <text>Prisa
Cuando Asesino ataca, elige 1 Delantero de coste 2 o menos. Ponlo en dull.</text>
      <prop>
        <type>Forward - FFTA2 - Standard Unit</type>
        <manacost>2</manacost>
        <colors>Lightning</colors>
        <pt>2000</pt>
      </prop>
      <set picurl="https://fftcg.cdn.sewest.net/images/cards/full/5-098C_eg.jpg">Opus V</set>
      <tablerow>2</tablerow>
    </card>
    <card>
      <name>Illua (5-099H)</name>
      <text>Prisa
Durante cada turno, cuando Bleu es objetivo de una Invocación o habilidad de tu oponente por primera vez en ese turno, cancela su efecto.
Sheol (S): Activa todos los Delanteros que controlas. Estos ganan Prisa hasta el final del turno. Todos los Delanteros controlados por tu oponente pierden 2000 de poder hasta el final del turno.</text>
      <prop>
        <type>Forward - FFTA2 - Nightshade</type>
        <manacost>3</manacost>
        <colors>Lightning</colors>
        <pt>6000</pt>
      </prop>
      <set picurl="https://fftcg.cdn.sewest.net/images/cards/full/5-099H_eg.jpg">Opus V</set>
      <tablerow>2</tablerow>
    </card>
    <card>
      <name>Odin (5-100H)</name>
      <text>Selecciona 1 de las siguientes 2 acciones.
"Elige 1 Delantero de coste 3 o menos. Rómpelo.
"Elige 1 Monstruo de coste 3 o menos. Rómpelo."</text>
      <prop>
        <type>Summon - MOBIUS</type>
        <manacost>3</manacost>
        <colors>Lightning</colors>
        <pt>0</pt>
      </prop>
      <set picurl="https://fftcg.cdn.sewest.net/images/cards/full/5-100H_eg.jpg">Opus V</set>
      <tablerow>3</tablerow>
    </card>
    <card>
      <name>Twilight Odin (5-101H)</name>
      <text>(Lightning): Hasta el final del turno, Odín del ocaso también pasa a ser un Delantero con 7000 de poder y "Cuando Odín del ocaso inflige daño a tu oponente, elige 1 Delantero controlado por tu oponente. Rómpelo". Solo puedes usar esta habilidad una vez por turno.</text>
      <prop>
        <type>Monster - XIII - Odin</type>
        <manacost>4</manacost>
        <colors>Lightning</colors>
        <pt>0</pt>
      </prop>
      <set picurl="https://fftcg.cdn.sewest.net/images/cards/full/5-101H_eg.jpg">Opus V</set>
      <tablerow>1</tablerow>
    </card>
    <card>
      <name>Scholar (5-102C)</name>
      <text>(Dull), pon Erudito en la Break Zone: Elige hasta 2 Delanteros activos controlados por tu oponente. Inflígeles 3000 puntos de daño.</text>
      <prop>
        <type>Backup - III - Standard Unit</type>
        <manacost>2</manacost>
        <colors>Lightning</colors>
        <pt>0</pt>
      </prop>
      <set picurl="https://fftcg.cdn.sewest.net/images/cards/full/5-102C_eg.jpg">Opus V</set>
      <tablerow>0</tablerow>
    </card>
    <card>
      <name>Cid of Clan Gully (5-103R)</name>
      <text>Cuando Cid del clan Galima entra al terreno de juego, puedes buscar 1 Delantero Categoría FFTA2 y añadirlo a tu mano.</text>
      <prop>
        <type>Backup - FFTA2 - Clan Leader</type>
        <manacost>3</manacost>
        <colors>Lightning</colors>
        <pt>0</pt>
      </prop>
      <set picurl="https://fftcg.cdn.sewest.net/images/cards/full/5-103R_eg.jpg">Opus V</set>
      <tablerow>0</tablerow>
    </card>
    <card>
      <name>Khalia Chival (5-104R)</name>
      <text>Cuando Khalia Chival entra al terreno de juego, puedes buscar 1 Oficio Aspirante y añadirla a tu mano.</text>
      <prop>
        <type>Backup - TYPE-0 - Chancellor</type>
        <manacost>4</manacost>
        <colors>Lightning</colors>
        <pt>0</pt>
      </prop>
      <set picurl="https://fftcg.cdn.sewest.net/images/cards/full/5-104R_eg.jpg">Opus V</set>
      <tablerow>0</tablerow>
    </card>
    <card>
      <name>Quon (5-105R)</name>
      <text>Cuando Quon entra al terreno de juego, puedes lanzar 1 Invocación de coste 2 o menos de tu mano sin pagar su coste.</text>
      <prop>
        <type>Backup - TYPE-0 - Agito Cadet</type>
        <manacost>2</manacost>
        <colors>Lightning</colors>
        <pt>0</pt>
      </prop>
      <set picurl="https://fftcg.cdn.sewest.net/images/cards/full/5-105R_eg.jpg">Opus V</set>
      <tablerow>0</tablerow>
    </card>
    <card>
      <name>Black Knight (5-106R)</name>
      <text>Cuando un Delantero de tu oponente de coste 4 o menos entra al terreno de juego, pon Caballero negro en la Break Zone. Si lo haces, rómpelo.</text>
      <prop>
        <type>Monster - THEATRHYTHM · II - Black Knight</type>
        <manacost>2</manacost>
        <colors>Lightning</colors>
        <pt>0</pt>
      </prop>
      <set picurl="https://fftcg.cdn.sewest.net/images/cards/full/5-106R_eg.jpg">Opus V</set>
      <tablerow>1</tablerow>
    </card>
    <card>
      <name>Thancred (5-107H)</name>
      <text>Si controlas una Oficio Totema del Séptimo Amanecer que no sea Thancred, Thancred gana +1000 de poder.
Si Thancred recibe daño estando en dull, el daño se reduce en 2000 en su lugar.</text>
      <prop>
        <type>Forward - XIV - Scion of the Seventh Dawn</type>
        <manacost>4</manacost>
        <colors>Lightning</colors>
        <pt>8000</pt>
      </prop>
      <set picurl="https://fftcg.cdn.sewest.net/images/cards/full/5-107H_eg.jpg">Opus V</set>
      <tablerow>2</tablerow>
    </card>
    <card>
      <name>Zemus (5-108L)</name>
      <text>(X)(Dull): Elige 1 Delantero Rayo de tu Break Zone. Si su coste es X, juégalo al terreno de juego. Solo puedes usar esta habilidad durante tu Main Phase.</text>
      <prop>
        <type>Forward - IV - Lunarian</type>
        <manacost>4</manacost>
        <colors>Lightning</colors>
        <pt>8000</pt>
      </prop>
      <set picurl="https://fftcg.cdn.sewest.net/images/cards/full/5-108L_eg.jpg">Opus V</set>
      <tablerow>2</tablerow>
    </card>
    <card>
      <name>Destin (5-109R)</name>
      <text>El coste requerido para jugar Nombre de la carta Claidie o Nombre de la carta Trion o Nombre de la carta Pieuje al terreno de juego se reduce en 1 (no puede ser 0).</text>
      <prop>
        <type>Backup - XI - King</type>
        <manacost>2</manacost>
        <colors>Lightning</colors>
        <pt>0</pt>
      </prop>
      <set picurl="https://fftcg.cdn.sewest.net/images/cards/full/5-109R_eg.jpg">Opus V</set>
      <tablerow>0</tablerow>
    </card>
    <card>
      <name>Bunkerbeast (5-110C)</name>
      <text>(Dull): Elige 1 Delantero bloqueante. Este pierde 2000 de poder hasta el final del turno.</text>
      <prop>
        <type>Monster - XIII - Armadillon</type>
        <manacost>2</manacost>
        <colors>Lightning</colors>
        <pt>0</pt>
      </prop>
      <set picurl="https://fftcg.cdn.sewest.net/images/cards/full/5-110C_eg.jpg">Opus V</set>
      <tablerow>1</tablerow>
    </card>
    <card>
      <name>Trion (5-111R)</name>
      <text>Las Oficio Caballero que controlas que no sean Trion ganan +1000 de poder.</text>
      <prop>
        <type>Forward - XI - Knight</type>
        <manacost>4</manacost>
        <colors>Lightning</colors>
        <pt>8000</pt>
      </prop>
      <set picurl="https://fftcg.cdn.sewest.net/images/cards/full/5-111R_eg.jpg">Opus V</set>
      <tablerow>2</tablerow>
    </card>
    <card>
      <name>Naghi (5-112R)</name>
      <text>(Dull): Elige 1 Delantero que está bloqueando a una Oficio Clase Cero. Este pierde 1000 de poder hasta el final del turno.</text>
      <prop>
        <type>Backup - TYPE-0 - Agito Cadet</type>
        <manacost>2</manacost>
        <colors>Lightning</colors>
        <pt>0</pt>
      </prop>
      <set picurl="https://fftcg.cdn.sewest.net/images/cards/full/5-112R_eg.jpg">Opus V</set>
      <tablerow>0</tablerow>
    </card>
    <card>
      <name>Ravager (5-113C)</name>
      <text>(Lightning)(Dull): Elige 1 Delantero activo. Inflígele 4000 puntos de daño.</text>
      <prop>
        <type>Forward - FFTA2 - Standard Unit</type>
        <manacost>2</manacost>
        <colors>Lightning</colors>
        <pt>5000</pt>
      </prop>
      <set picurl="https://fftcg.cdn.sewest.net/images/cards/full/5-113C_eg.jpg">Opus V</set>
      <tablerow>2</tablerow>
    </card>
    <card>
      <name>Cannoneer (5-114C)</name>
      <text>(Lightning)(Dull), pon Cañonero en la Break Zone: Elige 1 Delantero bloqueante. Este pierde 3000 de poder hasta el final del turno.</text>
      <prop>
        <type>Backup - FFTA2 - Standard Unit</type>
        <manacost>2</manacost>
        <colors>Lightning</colors>
        <pt>0</pt>
      </prop>
      <set picurl="https://fftcg.cdn.sewest.net/images/cards/full/5-114C_eg.jpg">Opus V</set>
      <tablerow>0</tablerow>
    </card>
    <card>
      <name>Dark Knight (5-115C)</name>
      <text>(Lightning): Inflige 1000 puntos de daño a todos los Delanteros controlados por tu oponente y 2000 puntos de daño a Caballero oscuro.</text>
      <prop>
        <type>Forward - III - Standard Unit</type>
        <manacost>2</manacost>
        <colors>Lightning</colors>
        <pt>4000</pt>
      </prop>
      <set picurl="https://fftcg.cdn.sewest.net/images/cards/full/5-115C_eg.jpg">Opus V</set>
      <tablerow>2</tablerow>
    </card>
    <card>
      <name>Lightning (5-116H)</name>
      <text>Prisa
Al final del turno, devuelve Lightning a la mano de su propietario.</text>
      <prop>
        <type>Forward - DFF · XIII - Commando</type>
        <manacost>2</manacost>
        <colors>Lightning</colors>
        <pt>5000</pt>
      </prop>
      <set picurl="https://fftcg.cdn.sewest.net/images/cards/full/5-116H_eg.jpg">Opus V</set>
      <tablerow>2</tablerow>
    </card>
    <card>
      <name>Ramuh (5-117C)</name>
      <text>[EX BURST]Elige 1 Delantero dañado. Inflígele 7000 puntos de daño.</text>
      <prop>
        <type>Summon - THEATRHYTHM</type>
        <manacost>1</manacost>
        <colors>Lightning</colors>
        <pt>0</pt>
      </prop>
      <set picurl="https://fftcg.cdn.sewest.net/images/cards/full/5-117C_eg.jpg">Opus V</set>
      <tablerow>3</tablerow>
    </card>
    <card>
      <name>Ramza (5-118L)</name>
      <text>El coste requerido para jugar Ramza al terreno de juego se reduce en 1 por cada Delantero que controlas (no puede ser 0).
Por cada Delantero que controlas que no sea Ramza, Ramza gana +1000 de poder.
Si Ramza tiene 10000 o más de poder, Ramza gana Prisa y "Cuando Ramza ataca, elige 1 Delantero de coste 3 o menos controlado por tu oponente. Rómpelo".</text>
      <prop>
        <type>Forward - DFF · FFT - Knight</type>
        <manacost>6</manacost>
        <colors>Lightning</colors>
        <pt>6000</pt>
      </prop>
      <set picurl="https://fftcg.cdn.sewest.net/images/cards/full/5-118L_eg.jpg">Opus V</set>
      <tablerow>2</tablerow>
    </card>
    <card>
      <name>Dragoon (5-119C)</name>
      <text>(Lightning): Caballero dragón gana Iniciativa hasta el final del turno.</text>
      <prop>
        <type>Forward - III - Standard Unit</type>
        <manacost>3</manacost>
        <colors>Lightning</colors>
        <pt>7000</pt>
      </prop>
      <set picurl="https://fftcg.cdn.sewest.net/images/cards/full/5-119C_eg.jpg">Opus V</set>
      <tablerow>2</tablerow>
    </card>
    <card>
      <name>Louisoix (5-120C)</name>
      <text>Cuando Louisoix entra al terreno de juego, puedes buscar 1 Nombre de la carta Alisaie o Nombre de la carta Alphinaud y añadirla a tu mano.</text>
      <prop>
        <type>Backup - XIV - Sage</type>
        <manacost>3</manacost>
        <colors>Lightning</colors>
        <pt>0</pt>
      </prop>
      <set picurl="https://fftcg.cdn.sewest.net/images/cards/full/5-120C_eg.jpg">Opus V</set>
      <tablerow>0</tablerow>
    </card>
    <card>
      <name>Andoria (5-121R)</name>
      <text>Cuando un equipo que controlas inflige daño a tu oponente, coge 1 carta.</text>
      <prop>
        <type>Backup - TYPE-0 - Queen</type>
        <manacost>2</manacost>
        <colors>Water</colors>
        <pt>0</pt>
      </prop>
      <set picurl="https://fftcg.cdn.sewest.net/images/cards/full/5-121R_eg.jpg">Opus V</set>
      <tablerow>0</tablerow>
    </card>
    <card>
      <name>Vossler (5-122R)</name>
      <text>Si controlas Nombre de la carta Ashe, el coste requerido para jugar Vossler al terreno de juego se reduce en 2.
Si Vossler recibe daño, el daño se reduce en 1000 en su lugar.
Si la Nombre de la carta Ashe que controlas recibe daño, el daño se reduce en 2000 en su lugar.</text>
      <prop>
        <type>Forward - XII - Captain</type>
        <manacost>5</manacost>
        <colors>Water</colors>
        <pt>8000</pt>
      </prop>
      <set picurl="https://fftcg.cdn.sewest.net/images/cards/full/5-122R_eg.jpg">Opus V</set>
      <tablerow>2</tablerow>
    </card>
    <card>
      <name>Aria (III) (5-123H)</name>
      <text>[EX BURST]Cuando Elia (III) entra al terreno de juego, puedes buscar 1 Delantero Oficio Guerrero de la Luz y añadirlo a tu mano.</text>
      <prop>
        <type>Backup - III - Seeress</type>
        <manacost>4</manacost>
        <colors>Water</colors>
        <pt>0</pt>
      </prop>
      <set picurl="https://fftcg.cdn.sewest.net/images/cards/full/5-123H_eg.jpg">Opus V</set>
      <tablerow>0</tablerow>
    </card>
    <card>
      <name>Ozma (5-124H)</name>
      <text>(0): Hasta el final del turno, Ozma también pasa a ser un Delantero con 8000 de poder y "Si Ozma recibe daño de cartas Oscuridad, el daño se vuelve 0 en su lugar". Solo puedes usar esta habilidad una vez por turno.
Estrella fulgurante(S)(Water)(Water)(2)(Dull): Todos los Delanteros controlados por tu oponente pierden 2000 de poder por cada CP requerido para jugarlos hasta el final del turno. Solo puedes usar esta habilidad si Ozma es un Delantero.</text>
      <prop>
        <type>Monster - THEATRHYTHM · IX - Ozma</type>
        <manacost>5</manacost>
        <colors>Water</colors>
        <pt>0</pt>
      </prop>
      <set picurl="https://fftcg.cdn.sewest.net/images/cards/full/5-124H_eg.jpg">Opus V</set>
      <tablerow>1</tablerow>
    </card>
    <card>
      <name>Ondore (5-125C)</name>
      <text>(Dull): Elige 1 Delantero Categoría XII que controlas. Este gana +1000 de poder hasta el final del turno.</text>
      <prop>
        <type>Backup - XII - Marquis</type>
        <manacost>2</manacost>
        <colors>Water</colors>
        <pt>0</pt>
      </prop>
      <set picurl="https://fftcg.cdn.sewest.net/images/cards/full/5-125C_eg.jpg">Opus V</set>
      <tablerow>0</tablerow>
    </card>
    <card>
      <name>Cloud of Darkness (5-126L)</name>
      <text>Cuando Nube de Oscuridad entra al terreno de juego, elige 1 Delantero controlado por tu oponente. Este pierde 2000 de poder por cada Delantero que controlas hasta el final del turno.
Cuando Nube de Oscuridad ataca, elige 1 Delantero controlado por tu oponente. Este pierde 1000 de poder por cada Delantero que controlas hasta el final del turno.</text>
      <prop>
        <type>Forward - MOBIUS · III - Wraith</type>
        <manacost>5</manacost>
        <colors>Water</colors>
        <pt>8000</pt>
      </prop>
      <set picurl="https://fftcg.cdn.sewest.net/images/cards/full/5-126L_eg.jpg">Opus V</set>
      <tablerow>2</tablerow>
    </card>
    <card>
      <name>Curilla (5-127R)</name>
      <text>Cuando Curilla entra al terreno de juego o ataca, elige 1 Delantero Agua que controlas. Este gana +2000 de poder hasta el final del turno.
Espada salvaje(S)(Water)(Dull): Elige 1 Delantero. Inflígele 7000 puntos de daño. Si controlas Nombre de la carta Trion, inflígele 9000 puntos de daño en su lugar.</text>
      <prop>
        <type>Forward - XI - Knight</type>
        <manacost>4</manacost>
        <colors>Water</colors>
        <pt>7000</pt>
      </prop>
      <set picurl="https://fftcg.cdn.sewest.net/images/cards/full/5-127R_eg.jpg">Opus V</set>
      <tablerow>2</tablerow>
    </card>
    <card>
      <name>Claidie (5-128R)</name>
      <text>(Dull): Elige 1 Delantero Oficio Príncipe o 1 Delantero Oficio Caballero. Actívalo.</text>
      <prop>
        <type>Backup - XI - Princess</type>
        <manacost>2</manacost>
        <colors>Water</colors>
        <pt>0</pt>
      </prop>
      <set picurl="https://fftcg.cdn.sewest.net/images/cards/full/5-128R_eg.jpg">Opus V</set>
      <tablerow>0</tablerow>
    </card>
    <card>
      <name>Schrodinger (5-129C)</name>
      <text>Cuando Schroedinger entra al terreno de juego, revela la carta superior de tu mazo. Si es un Delantero, coge 1 carta. Si es un Apoyo, selecciona 1 personaje de tu Break Zone y añádelo a tu mano. Si es un Monstruo, tu oponente selecciona 1 Delantero que controla y lo devuelve a la mano de su propietario. Si es una Invocación, coge 2 cartas.</text>
      <prop>
        <type>Monster - XIII - Potcat</type>
        <manacost>2</manacost>
        <colors>Water</colors>
        <pt>0</pt>
      </prop>
      <set picurl="https://fftcg.cdn.sewest.net/images/cards/full/5-129C_eg.jpg">Opus V</set>
      <tablerow>1</tablerow>
    </card>
    <card>
      <name>Tonberry (5-130R)</name>
      <text>Cuando un personaje controlado por tu oponente busca 1 o más cartas, pon Tomberi en la Break Zone. Si lo haces, rompe ese personaje.</text>
      <prop>
        <type>Monster - THEATRHYTHM - Tonberry</type>
        <manacost>1</manacost>
        <colors>Water</colors>
        <pt>0</pt>
      </prop>
      <set picurl="https://fftcg.cdn.sewest.net/images/cards/full/5-130R_eg.jpg">Opus V</set>
      <tablerow>1</tablerow>
    </card>
    <card>
      <name>Arcanist (5-131C)</name>
      <text>(Dull): Elige 1 Delantero Agua. Este gana +1000 de poder hasta el final del turno.
(Water)(Water)(1)(Dull): Elige 1 Delantero. Este pierde 3000 de poder hasta el final del turno.</text>
      <prop>
        <type>Forward - XIV - Standard Unit</type>
        <manacost>2</manacost>
        <colors>Water</colors>
        <pt>4000</pt>
      </prop>
      <set picurl="https://fftcg.cdn.sewest.net/images/cards/full/5-131C_eg.jpg">Opus V</set>
      <tablerow>2</tablerow>
    </card>
    <card>
      <name>Baderon (5-132R)</name>
      <text>Cuando Baderon entra al terreno de juego, mira las 4 cartas de la parte superior de tu mazo. Añade 1 carta de entre ellas a tu mano y pon el resto en la parte inferior de tu mazo en el orden que quieras.</text>
      <prop>
        <type>Backup - XIV - Proprietor</type>
        <manacost>4</manacost>
        <colors>Water</colors>
        <pt>0</pt>
      </prop>
      <set picurl="https://fftcg.cdn.sewest.net/images/cards/full/5-132R_eg.jpg">Opus V</set>
      <tablerow>0</tablerow>
    </card>
    <card>
      <name>Bismarck (5-133H)</name>
      <text>Selecciona 1 de las siguientes 3 acciones.
"Elige 1 Monstruo. Devuélvelo a la mano de su propietario."
"Elige 1 personaje que controlas. Devuélvelo a la mano de su propietario."
"Elige 1 Delantero. Reduce su poder a la mitad hasta el final del turno (redondeando a la baja en múltiplos de 1000)."</text>
      <prop>
        <type>Summon - MOBIUS</type>
        <manacost>2</manacost>
        <colors>Water</colors>
        <pt>0</pt>
      </prop>
      <set picurl="https://fftcg.cdn.sewest.net/images/cards/full/5-133H_eg.jpg">Opus V</set>
      <tablerow>3</tablerow>
    </card>
    <card>
      <name>Celestia (5-134R)</name>
      <text>Cuando un equipo que controlas ataca, todos los Delanteros que forman el equipo ganan +1000 de poder hasta el final del turno.</text>
      <prop>
        <type>Backup - TYPE-0 - Warrior</type>
        <manacost>2</manacost>
        <colors>Water</colors>
        <pt>0</pt>
      </prop>
      <set picurl="https://fftcg.cdn.sewest.net/images/cards/full/5-134R_eg.jpg">Opus V</set>
      <tablerow>0</tablerow>
    </card>
    <card>
      <name>Porom (5-135L)</name>
      <text>[EX BURST]Cuando Porom entra al terreno de juego, mira las 3 cartas de la parte superior de tu mazo. Añade 1 carta de entre ellas a tu mano y pon el resto en la parte inferior de tu mazo en el orden que quieras.
(1)(Dull): Elige 1 habilidad de acción. Cancela su efecto.</text>
      <prop>
        <type>Forward - IV - White Mage</type>
        <manacost>4</manacost>
        <colors>Water</colors>
        <pt>5000</pt>
      </prop>
      <set picurl="https://fftcg.cdn.sewest.net/images/cards/full/5-135L_eg.jpg">Opus V</set>
      <tablerow>2</tablerow>
    </card>
    <card>
      <name>Flintlock (5-136C)</name>
      <text>(Dull): Elige 1 Delantero. Durante este turno, si recibe daño por valor inferior a su poder, el daño se vuelve 0 en su lugar.</text>
      <prop>
        <type>Backup - FFTA2 - Standard Unit</type>
        <manacost>2</manacost>
        <colors>Water</colors>
        <pt>0</pt>
      </prop>
      <set picurl="https://fftcg.cdn.sewest.net/images/cards/full/5-136C_eg.jpg">Opus V</set>
      <tablerow>0</tablerow>
    </card>
    <card>
      <name>Green Mage (5-137C)</name>
      <text>(Dull), pon Mago verde en la Break Zone: Elige 1 habilidad de acción. Cancela su efecto.</text>
      <prop>
        <type>Backup - FFTA2 - Standard Unit</type>
        <manacost>2</manacost>
        <colors>Water</colors>
        <pt>0</pt>
      </prop>
      <set picurl="https://fftcg.cdn.sewest.net/images/cards/full/5-137C_eg.jpg">Opus V</set>
      <tablerow>0</tablerow>
    </card>
    <card>
      <name>Moogle Knight (5-138C)</name>
      <text>(Water): Durante este turno, si Caballero mogu recibe daño de las Invocaciones o habilidades de tu oponente, el daño se vuelve 0 en su lugar.</text>
      <prop>
        <type>Forward - FFTA2 - Standard Unit</type>
        <manacost>3</manacost>
        <colors>Water</colors>
        <pt>7000</pt>
      </prop>
      <set picurl="https://fftcg.cdn.sewest.net/images/cards/full/5-138C_eg.jpg">Opus V</set>
      <tablerow>2</tablerow>
    </card>
    <card>
      <name>Leviathan (5-139C)</name>
      <text>[EX BURST]Elige 1 Delantero. Si su coste es igual o menor que el número de cartas en tu mano, devuélvelo a la mano de su propietario.</text>
      <prop>
        <type>Summon - IV</type>
        <manacost>1</manacost>
        <colors>Water</colors>
        <pt>0</pt>
      </prop>
      <set picurl="https://fftcg.cdn.sewest.net/images/cards/full/5-139C_eg.jpg">Opus V</set>
      <tablerow>3</tablerow>
    </card>
    <card>
      <name>Fisher (5-140C)</name>
      <text>(Water)(Water)(1)(Dull), pon Pescador en la Break Zone: Elige 1 Monstruo de coste 3 o menos de tu Break Zone. Juégalo al terreno de juego. Solo puedes usar esta habilidad durante tu turno.</text>
      <prop>
        <type>Backup - XIV - Standard Unit</type>
        <manacost>2</manacost>
        <colors>Water</colors>
        <pt>0</pt>
      </prop>
      <set picurl="https://fftcg.cdn.sewest.net/images/cards/full/5-140C_eg.jpg">Opus V</set>
      <tablerow>0</tablerow>
    </card>
    <card>
      <name>Refia (5-141H)</name>
      <text>Los Delanteros Oficio Guerrero de la Luz y Delanteros Agua que controlas que no sean Refia ganan +1000 de poder.
Pon en dull un total de 5 Delanteros Agua o Apoyos Agua activos: Elige 1 Delantero controlado por tu oponente. Devuélvelo a la mano de su propietario.</text>
      <prop>
        <type>Forward - III - Warrior of Light</type>
        <manacost>3</manacost>
        <colors>Water</colors>
        <pt>7000</pt>
      </prop>
      <set picurl="https://fftcg.cdn.sewest.net/images/cards/full/5-141H_eg.jpg">Opus V</set>
      <tablerow>2</tablerow>
    </card>
    <card>
      <name>Rosa (5-142H)</name>
      <text>[EX BURST]Cuando Rosa entra al terreno de juego, puedes buscar 1 Nombre de la carta Cecil y añadirla a tu mano.
(Dull): Elige 1 Delantero. Durante este turno el siguiente daño que reciba se reduce en 1000 en su lugar. Si el Delantero es Nombre de la carta Cecil, durante este turno el siguiente daño que reciba se reduce en 3000 en su lugar.</text>
      <prop>
        <type>Forward - IV - White Mage</type>
        <manacost>4</manacost>
        <colors>Water</colors>
        <pt>5000</pt>
      </prop>
      <set picurl="https://fftcg.cdn.sewest.net/images/cards/full/5-142H_eg.jpg">Opus V</set>
      <tablerow>2</tablerow>
    </card>
    <card>
      <name>Orator (5-143C)</name>
      <text>(Dull): Elige 1 Delantero. Selecciona un Oficio. Este gana el Oficio seleccionado hasta el final del turno.</text>
      <prop>
        <type>Forward - FFT - Standard Unit</type>
        <manacost>2</manacost>
        <colors>Water</colors>
        <pt>5000</pt>
      </prop>
      <set picurl="https://fftcg.cdn.sewest.net/images/cards/full/5-143C_eg.jpg">Opus V</set>
      <tablerow>2</tablerow>
    </card>
    <card>
      <name>Orator (5-144C)</name>
      <text>(Dull), pon Orador en la Break Zone: Elige 1 Monstruo que controlas. Devuélvelo a la mano de su propietario.</text>
      <prop>
        <type>Backup - FFT - Standard Unit</type>
        <manacost>2</manacost>
        <colors>Water</colors>
        <pt>0</pt>
      </prop>
      <set picurl="https://fftcg.cdn.sewest.net/images/cards/full/5-144C_eg.jpg">Opus V</set>
      <tablerow>0</tablerow>
    </card>
    <card>
      <name>Vaan (5-145L)</name>
      <text>Cuando Vaan ataca, selecciona hasta 2 de las siguientes 5 acciones.
"Coge 1 carta."
"Elige 1 Apoyo. Actívalo."
"Elige 1 Delantero. Ponlo en dull."
"Elige 1 Delantero. Este gana +2000 de poder hasta el final del turno."
"Elige 1 Delantero. No puede bloquear este turno."</text>
      <prop>
        <type>Forward - DFF · XII - Sky Pirate</type>
        <manacost>5</manacost>
        <colors>Light</colors>
        <pt>8000</pt>
      </prop>
      <set picurl="https://fftcg.cdn.sewest.net/images/cards/full/5-145L_eg.jpg">Opus V</set>
      <tablerow>2</tablerow>
    </card>
    <card>
      <name>Wol (5-146H)</name>
      <text>Cuando Wol entra al terreno de juego, revela las 5 cartas de la parte superior de tu mazo. Añade 1 Oficio Guerrero de la Luz de entre ellas a tu mano y pon el resto en la parte inferior de tu mazo en el orden que quieras.
Cuando Wol pasa del terreno de juego a la Break Zone, elige 1 Oficio Guerrero de la Luz de coste 3 o menos de tu Break Zone. Juégala al terreno de juego.</text>
      <prop>
        <type>Forward - MOBIUS - Warrior of Light</type>
        <manacost>4</manacost>
        <colors>Light</colors>
        <pt>7000</pt>
      </prop>
      <set picurl="https://fftcg.cdn.sewest.net/images/cards/full/5-146H_eg.jpg">Opus V</set>
      <tablerow>2</tablerow>
    </card>
    <card>
      <name>Eald'narche (5-147L)</name>
      <text>Si Eald'narche deja el terreno de juego, devuelve Eald'narche a tu mano en su lugar.
Paraíso (S): Juega 1 turno adicional después de este. Al final de ese turno, pierdes la partida.</text>
      <prop>
        <type>Forward - LOV · XI - Descendant of the Zilart</type>
        <manacost>6</manacost>
        <colors>Dark</colors>
        <pt>10000</pt>
      </prop>
      <set picurl="https://fftcg.cdn.sewest.net/images/cards/full/5-147L_eg.jpg">Opus V</set>
      <tablerow>2</tablerow>
    </card>
    <card>
      <name>Kam'lanaut (5-148H)</name>
      <text>Cuando Kam'lanaut entra al terreno de juego, puedes buscar 1 carta Oscuridad y añadirla a tu mano.
Kam'lanaut no puede ser objetivo de las Invocaciones o habilidades del mismo elemento que el suyo.
Al principio de tu Main Phase 1, selecciona 1 elemento. Kam'lanaut pasa a ser de ese elemento (este efecto no termina al final del turno).</text>
      <prop>
        <type>Forward - LOV · XI - Archduke</type>
        <manacost>5</manacost>
        <colors>Dark</colors>
        <pt>9000</pt>
      </prop>
      <set picurl="https://fftcg.cdn.sewest.net/images/cards/full/5-148H_eg.jpg">Opus V</set>
      <tablerow>2</tablerow>
    </card>
    <card>
      <name>Amodar (5-149S)</name>
      <text>Si tu oponente controla algún Monstruo, Amodar gana +2000 de poder, Iniciativa y Bravura.
Cuando un Delantero que controlas pasa del terreno de juego a la Break Zone, duplica el poder de Amodar hasta el final del turno.</text>
      <prop>
        <type>Forward - XIII - Commando</type>
        <manacost>4</manacost>
        <colors>Fire</colors>
        <pt>8000</pt>
      </prop>
      <set picurl="https://fftcg.cdn.sewest.net/images/cards/full/5-149S_eg.jpg">Opus V</set>
      <tablerow>2</tablerow>
    </card>
    <card>
      <name>Noel (5-150S)</name>
      <text>Si controlas Nombre de la carta Serah, Noel gana +2000 de poder.
(Fire)(Fire)(4): Juega Noel al terreno de juego. Solo puedes usar esta habilidad durante tu Main Phase y si Noel está en la Break Zone.</text>
      <prop>
        <type>Forward - XIII - Commando</type>
        <manacost>4</manacost>
        <colors>Fire</colors>
        <pt>7000</pt>
      </prop>
      <set picurl="https://fftcg.cdn.sewest.net/images/cards/full/5-150S_eg.jpg">Opus V</set>
      <tablerow>2</tablerow>
    </card>
    <card>
      <name>Lebreau (5-151S)</name>
      <text>(Dull): Elige 1 Delantero Categoría XIII que controlas. Este gana +1000 de poder hasta el final del turno.</text>
      <prop>
        <type>Backup - XIII - NORA</type>
        <manacost>2</manacost>
        <colors>Fire</colors>
        <pt>0</pt>
      </prop>
      <set picurl="https://fftcg.cdn.sewest.net/images/cards/full/5-151S_eg.jpg">Opus V</set>
      <tablerow>0</tablerow>
    </card>
    <card>
      <name>Serah (5-152S)</name>
      <text>[EX BURST]Cuando Serah entra al terreno de juego, puedes buscar 1 Oficio Moguri y añadirla a tu mano.
Cuando Serah ataca, activa todas las Oficio Moguri que controlas.
Descarta 1 Oficio Moguri: Elige 1 Delantero. Ponlo en dull.</text>
      <prop>
        <type>Forward - XIII - Commando</type>
        <manacost>5</manacost>
        <colors>Ice</colors>
        <pt>7000</pt>
      </prop>
      <set picurl="https://fftcg.cdn.sewest.net/images/cards/full/5-152S_eg.jpg">Opus V</set>
      <tablerow>2</tablerow>
    </card>
    <card>
      <name>Mog (XIII-2) (5-153S)</name>
      <text>(Dull): Elige 1 Nombre de la carta Serah o Nombre de la carta Noel. Esta gana Iniciativa o Bravura hasta el final del turno.</text>
      <prop>
        <type>Backup - XIII - Moogle</type>
        <manacost>2</manacost>
        <colors>Ice</colors>
        <pt>0</pt>
      </prop>
      <set picurl="https://fftcg.cdn.sewest.net/images/cards/full/5-153S_eg.jpg">Opus V</set>
      <tablerow>0</tablerow>
    </card>
    <card>
      <name>Yeul (5-154S)</name>
      <text>(0): Mira la carta superior de tu mazo. Solo puedes usar esta habilidad una vez por turno.
Cuando Yuul pasa del terreno de juego a la Break Zone, pon las 10 cartas de la parte superior de tu mazo en la Break Zone.</text>
      <prop>
        <type>Backup - XIII - Seeress</type>
        <manacost>2</manacost>
        <colors>Ice</colors>
        <pt>0</pt>
      </prop>
      <set picurl="https://fftcg.cdn.sewest.net/images/cards/full/5-154S_eg.jpg">Opus V</set>
      <tablerow>0</tablerow>
    </card>
    <card>
      <name>Vaan (5-155S)</name>
      <text>Cuando Vaan entra al terreno de juego, activa todas las Oficio Pirata del aire que controlas.
Masa crítica (S)(Wind)(Dull): Elige 1 Delantero. Inflígele 2000 puntos de daño por cada Apoyo que controlas.</text>
      <prop>
        <type>Forward - XII - Sky Pirate</type>
        <manacost>4</manacost>
        <colors>Wind</colors>
        <pt>8000</pt>
      </prop>
      <set picurl="https://fftcg.cdn.sewest.net/images/cards/full/5-155S_eg.jpg">Opus V</set>
      <tablerow>2</tablerow>
    </card>
    <card>
      <name>Balthier (5-156S)</name>
      <text>Cuando Balthier entra al terreno de juego, revela las 5 cartas de la parte superior de tu mazo. Añade 1 Oficio Pirata del aire de entre ellas a tu mano y pon el resto en la parte inferior de tu mazo en el orden que quieras.</text>
      <prop>
        <type>Forward - XII - Sky Pirate</type>
        <manacost>3</manacost>
        <colors>Wind</colors>
        <pt>7000</pt>
      </prop>
      <set picurl="https://fftcg.cdn.sewest.net/images/cards/full/5-156S_eg.jpg">Opus V</set>
      <tablerow>2</tablerow>
    </card>
    <card>
      <name>Fran (5-157S)</name>
      <text>Por cada Oficio Pirata del aire que controlas que no sea Fran, Fran gana +1000 de poder.
Las Nombre de la carta Balthier que controlas no pueden ser objetivo de las habilidades de tu oponente.</text>
      <prop>
        <type>Forward - XII - Sky Pirate</type>
        <manacost>2</manacost>
        <colors>Wind</colors>
        <pt>5000</pt>
      </prop>
      <set picurl="https://fftcg.cdn.sewest.net/images/cards/full/5-157S_eg.jpg">Opus V</set>
      <tablerow>2</tablerow>
    </card>
    <card>
      <name>Yda (5-158S)</name>
      <text>Por cada Oficio Totema del Séptimo Amanecer que controlas que no sea Yda, Yda gana +2000 de poder.
Cuando Yda ataca, elige 1 Delantero en dull controlado por tu oponente. Inflígele daño por valor de la mitad del poder de Yda (redondeando a la baja en múltiplos de 1000).</text>
      <prop>
        <type>Forward - XIV - Scion of the Seventh Dawn</type>
        <manacost>2</manacost>
        <colors>Earth</colors>
        <pt>2000</pt>
      </prop>
      <set picurl="https://fftcg.cdn.sewest.net/images/cards/full/5-158S_eg.jpg">Opus V</set>
      <tablerow>2</tablerow>
    </card>
    <card>
      <name>Papalymo (5-159S)</name>
      <text>[EX BURST]Cuando Papalymo entra al terreno de juego, puedes buscar 1 Nombre de la carta Yda y añadirla a tu mano.
Si la Nombre de la carta Yda que controlas inflige daño a un Delantero, el daño aumenta en 2000 en su lugar.</text>
      <prop>
        <type>Forward - XIV - Scion of the Seventh Dawn</type>
        <manacost>3</manacost>
        <colors>Earth</colors>
        <pt>5000</pt>
      </prop>
      <set picurl="https://fftcg.cdn.sewest.net/images/cards/full/5-159S_eg.jpg">Opus V</set>
      <tablerow>2</tablerow>
    </card>
    <card>
      <name>Minfilia (5-160S)</name>
      <text>[EX BURST]Cuando Minfilia entra al terreno de juego, puedes buscar 1 Delantero Oficio Totema del Séptimo Amanecery añadirlo a tu mano.
(Earth)(Dull), pon Minfilia en la Break Zone: Elige 1 Delantero controlado por tu oponente. Rómpelo. Solo puedes usar esta habilidad si controlas 5 o más Oficio Totema del Séptimo Amanecer.</text>
      <prop>
        <type>Backup - XIV - Scion of the Seventh Dawn</type>
        <manacost>4</manacost>
        <colors>Earth</colors>
        <pt>0</pt>
      </prop>
      <set picurl="https://fftcg.cdn.sewest.net/images/cards/full/5-160S_eg.jpg">Opus V</set>
      <tablerow>0</tablerow>
    </card>
    <card>
      <name>Alisaie (5-161S)</name>
      <text>Si controlas Nombre de la carta Alphinaud, el coste requerido para jugar Alisaie al terreno de juego se reduce en 1.
Los Delanteros Oficio Totema del Séptimo Amanecer que controlas ganan Prisa.</text>
      <prop>
        <type>Backup - XIV - Scion of the Seventh Dawn</type>
        <manacost>4</manacost>
        <colors>Lightning</colors>
        <pt>0</pt>
      </prop>
      <set picurl="https://fftcg.cdn.sewest.net/images/cards/full/5-161S_eg.jpg">Opus V</set>
      <tablerow>0</tablerow>
    </card>
    <card>
      <name>Alphinaud (5-162S)</name>
      <text>(Lightning)(Dull): Elige 1 Delantero activo. Inflígele 1000 puntos de daño. Si controlas un Delantero Oficio Totema del Séptimo Amanecer, inflígele 2000 puntos de daño en su lugar.</text>
      <prop>
        <type>Backup - XIV - Scion of the Seventh Dawn</type>
        <manacost>2</manacost>
        <colors>Lightning</colors>
        <pt>0</pt>
      </prop>
      <set picurl="https://fftcg.cdn.sewest.net/images/cards/full/5-162S_eg.jpg">Opus V</set>
      <tablerow>0</tablerow>
    </card>
    <card>
      <name>Urianger (5-163S)</name>
      <text>Cuando Urianger entra al terreno de juego, elige 1 Monstruo de tu Break Zone. Si su coste es igual o inferior al número de Delanteros Oficio Totema del Séptimo Amanecerque controlas, juégalo al terreno de juego.</text>
      <prop>
        <type>Forward - XIV - Scion of the Seventh Dawn</type>
        <manacost>2</manacost>
        <colors>Lightning</colors>
        <pt>2000</pt>
      </prop>
      <set picurl="https://fftcg.cdn.sewest.net/images/cards/full/5-163S_eg.jpg">Opus V</set>
      <tablerow>2</tablerow>
    </card>
    <card>
      <name>Ashe (5-164S)</name>
      <text>Cuando Ashe entra al terreno de juego, si controlas una Oficio Pirata del aire, coge 1 carta.
(Dull): Elige 1 Oficio Pirata del aire. Actívala.</text>
      <prop>
        <type>Forward - XII - Princess</type>
        <manacost>3</manacost>
        <colors>Water</colors>
        <pt>7000</pt>
      </prop>
      <set picurl="https://fftcg.cdn.sewest.net/images/cards/full/5-164S_eg.jpg">Opus V</set>
      <tablerow>2</tablerow>
    </card>
    <card>
      <name>Larsa (5-165S)</name>
      <text>Cuando Larsa entra al terreno de juego, coge 2 cartas.
Cuando Larsa pasa del terreno de juego a la Break Zone, coge 1 carta.</text>
      <prop>
        <type>Backup - XII - Fourthborn Son of the Emperor</type>
        <manacost>6</manacost>
        <colors>Water</colors>
        <pt>0</pt>
      </prop>
      <set picurl="https://fftcg.cdn.sewest.net/images/cards/full/5-165S_eg.jpg">Opus V</set>
      <tablerow>0</tablerow>
    </card>
    <card>
      <name>Rasler (5-166S)</name>
      <text>Las habilidades que no infligen daño o Invocaciones del oponente no pueden romper las Nombre de la carta Ashe que controlas.</text>
      <prop>
        <type>Backup - XII - Prince</type>
        <manacost>2</manacost>
        <colors>Water</colors>
        <pt>0</pt>
      </prop>
      <set picurl="https://fftcg.cdn.sewest.net/images/cards/full/5-166S_eg.jpg">Opus V</set>
      <tablerow>0</tablerow>
    </card>
  </cards>
</cockatrice_carddatabase>