<?xml version="1.0" encoding="UTF-8"?>
<cockatrice_carddatabase version="4">
  <sets>
    <set>
      <name>Opus X</name>
      <longname>Opus X</longname>
      <settype>Custom</settype>
      <releasedate></releasedate>
    </set>
  </sets>
  <cards>
    <card>
      <name>Ignacio (10-001H)</name>
      <text>Cuando Ignacio inflige daño a tu oponente o a un Delantero, coge 1 carta.
  Descarta 1 carta Fuego: Ignacio gana +2000 de poder hasta el final del turno.</text>
      <prop>
        <type>Forward - FFBE - Sworn Six of Paladia</type>
        <manacost>5</manacost>
        <colors>Fire</colors>
        <pt>9000</pt>
      </prop>
      <set picurl="https://fftcg.cdn.sewest.net/images/cards/full/10-001H_eg.jpg">Opus X</set>
      <tablerow>2</tablerow>
    </card>
    <card>
      <name>Ifrit (10-002H)</name>
      <text>Elige 1 Delantero. Inflígele 8000 puntos de daño. Todos los Delanteros Fuego que controlas ganan +2000 de poder hasta el final del turno.</text>
      <prop>
        <type>Summon - III</type>
        <manacost>3</manacost>
        <colors>Fire</colors>
        <pt>0</pt>
      </prop>
      <set picurl="https://fftcg.cdn.sewest.net/images/cards/full/10-002H_eg.jpg">Opus X</set>
      <tablerow>3</tablerow>
    </card>
    <card>
      <name>Balasa (10-003C)</name>
      <text>[EX BURST] Elige 1 Delantero. Inflígele 2000 puntos de daño por cada Apoyo que controlas.</text>
      <prop>
        <type>Summon - XII</type>
        <manacost>4</manacost>
        <colors>Fire</colors>
        <pt>0</pt>
      </prop>
      <set picurl="https://fftcg.cdn.sewest.net/images/cards/full/10-003C_eg.jpg">Opus X</set>
      <tablerow>3</tablerow>
    </card>
    <card>
      <name>Caius (10-004H)</name>
      <text>Cuando Caius entra al terreno de juego, puedes jugar 1 personaje de coste 3 o menos de tu mano al terreno de juego.
  Cuando Caius pasa del terreno de juego a la Break Zone, selecciona 1 personaje que controlas. Ponlo en la Break Zone.</text>
      <prop>
        <type>Forward - XIII - Guardian of the Seeress</type>
        <manacost>4</manacost>
        <colors>Fire</colors>
        <pt>9000</pt>
      </prop>
      <set picurl="https://fftcg.cdn.sewest.net/images/cards/full/10-004H_eg.jpg">Opus X</set>
      <tablerow>2</tablerow>
    </card>
    <card>
      <name>Gancanagh (10-005C)</name>
      <text>Pon Gancanagh en la Break Zone: Elige 1 Delantero. Inflígele 8000 puntos de daño.
  Daños 5 -- Pon Gancanagh en la Break Zone: Elige 1 Delantero. Inflígele 10000 puntos de daño. (Si has recibido 5 o más puntos de daño, este personaje tiene esta habilidad.)</text>
      <prop>
        <type>Monster - XIII - Goblin</type>
        <manacost>4</manacost>
        <colors>Fire</colors>
        <pt>0</pt>
      </prop>
      <set picurl="https://fftcg.cdn.sewest.net/images/cards/full/10-005C_eg.jpg">Opus X</set>
      <tablerow>1</tablerow>
    </card>
    <card>
      <name>Cloud (10-006R)</name>
      <text>Cuando Cloud entra al terreno de juego, puedes pagar (Fire)(Fire). Cuando lo haces, elige 1 Delantero Oscuridad. Rómpelo.
  Corte cruzado (S)(Fire)(Fire)(1)(Dull): Elige hasta 2 Delanteros. Divide 10000 puntos de daño a partes iguales entre ellos.</text>
      <prop>
        <type>Backup - THEATRHYTHM · VII - SOLDIER</type>
        <manacost>2</manacost>
        <colors>Fire</colors>
        <pt>0</pt>
      </prop>
      <set picurl="https://fftcg.cdn.sewest.net/images/cards/full/10-006R_eg.jpg">Opus X</set>
      <tablerow>0</tablerow>
    </card>
    <card>
      <name>Zack (10-007H)</name>
      <text>Cuando Zack o un Delantero Fuego entra a tu terreno de juego, elige 1 Delantero controlado por tu oponente. Inflígele 2000 puntos de daño.
  Cuando Zack o un Delantero Categoría VII entra a tu terreno de juego, elige 1 Delantero controlado por tu oponente. Inflígele 2000 puntos de daño.</text>
      <prop>
        <type>Forward - VII - SOLDIER</type>
        <manacost>4</manacost>
        <colors>Fire</colors>
        <pt>8000</pt>
      </prop>
      <set picurl="https://fftcg.cdn.sewest.net/images/cards/full/10-007H_eg.jpg">Opus X</set>
      <tablerow>2</tablerow>
    </card>
    <card>
      <name>Xande (10-008L)</name>
      <text>Cuando Zande entra al terreno de juego, elige hasta 1 Delantero Fuego de coste 1 y hasta 1 Delantero Fuego de coste 3 de tu Break Zone. Juégalos al terreno de juego.
  Daños 5 -- Cuando Zande entra al terreno de juego, elige 1 Delantero Fuego de coste 2 de tu Break Zone. Juégalo al terreno de juego.</text>
      <prop>
        <type>Forward - III - Dark Lord</type>
        <manacost>8</manacost>
        <colors>Fire</colors>
        <pt>9000</pt>
      </prop>
      <set picurl="https://fftcg.cdn.sewest.net/images/cards/full/10-008L_eg.jpg">Opus X</set>
      <tablerow>2</tablerow>
    </card>
    <card>
      <name>SOLDIER: 3rd Class (10-009C)</name>
      <text>Iniciativa
  Cuando SOLDADO de 3.ª clase entra al terreno de juego, puedes buscar 1 Nombre de la carta SOLDADO de 3.ª clase y añadirla a tu mano.</text>
      <prop>
        <type>Forward - VII - Standard Unit</type>
        <manacost>3</manacost>
        <colors>Fire</colors>
        <pt>5000</pt>
      </prop>
      <set picurl="https://fftcg.cdn.sewest.net/images/cards/full/10-009C_eg.jpg">Opus X</set>
      <tablerow>2</tablerow>
    </card>
    <card>
      <name>Onion Knight (III) (10-010C)</name>
      <text>Si controlas 4 o más Apoyos y si los Apoyos que controlas son todos de elementos distintos, Caballero cebolla (III) gana +6000 de poder.</text>
      <prop>
        <type>Forward - III - Standard Unit</type>
        <manacost>1</manacost>
        <colors>Fire</colors>
        <pt>2000</pt>
      </prop>
      <set picurl="https://fftcg.cdn.sewest.net/images/cards/full/10-010C_eg.jpg">Opus X</set>
      <tablerow>2</tablerow>
    </card>
    <card>
      <name>Naji (10-011R)</name>
      <text>Naji no puede atacar.
  Las Invocaciones o habilidades de tu oponente no pueden poner en dull a Naji.</text>
      <prop>
        <type>Forward - XI - Warrior</type>
        <manacost>1</manacost>
        <colors>Fire</colors>
        <pt>7000</pt>
      </prop>
      <set picurl="https://fftcg.cdn.sewest.net/images/cards/full/10-011R_eg.jpg">Opus X</set>
      <tablerow>2</tablerow>
    </card>
    <card>
      <name>Geomancer (10-012C)</name>
      <text>Cuando Geomante entra al terreno de juego, revela la carta superior de tu mazo. Si es una carta Fuego, añádela a tu mano.
  (Dull), pon Geomante en la Break Zone: Elige 1 Delantero. Inflígele 2000 puntos de daño.</text>
      <prop>
        <type>Backup - III - Standard Unit</type>
        <manacost>3</manacost>
        <colors>Fire</colors>
        <pt>0</pt>
      </prop>
      <set picurl="https://fftcg.cdn.sewest.net/images/cards/full/10-012C_eg.jpg">Opus X</set>
      <tablerow>0</tablerow>
    </card>
    <card>
      <name>Firion (10-013R)</name>
      <text>Si controlas 3 o más Apoyos Fuego, Firion gana Prisa.
  Si controlas 5 o más Apoyos Fuego, Firion gana +2000 de poder e Iniciativa.</text>
      <prop>
        <type>Forward - DFF · II - Warrior</type>
        <manacost>3</manacost>
        <colors>Fire</colors>
        <pt>7000</pt>
      </prop>
      <set picurl="https://fftcg.cdn.sewest.net/images/cards/full/10-013R_eg.jpg">Opus X</set>
      <tablerow>2</tablerow>
    </card>
    <card>
      <name>Mutsuki (10-014R)</name>
      <text>Cuando un Delantero controlado por tu oponente pasa del terreno de juego a la Break Zone, activa Mutsuki.
  (Dull): Elige 1 Delantero controlado por tu oponente. Inflígele 1000 puntos de daño.</text>
      <prop>
        <type>Backup - TYPE-0 - Agito Cadet</type>
        <manacost>4</manacost>
        <colors>Fire</colors>
        <pt>0</pt>
      </prop>
      <set picurl="https://fftcg.cdn.sewest.net/images/cards/full/10-014R_eg.jpg">Opus X</set>
      <tablerow>0</tablerow>
    </card>
    <card>
      <name>Class First Moogle (10-015R)</name>
      <text>(1)(Dull): Elige 1 Delantero Fuego que controlas. Este gana +1000 de poder hasta el final del turno.</text>
      <prop>
        <type>Backup - TYPE-0 - Moogle</type>
        <manacost>2</manacost>
        <colors>Fire</colors>
        <pt>0</pt>
      </prop>
      <set picurl="https://fftcg.cdn.sewest.net/images/cards/full/10-015R_eg.jpg">Opus X</set>
      <tablerow>0</tablerow>
    </card>
    <card>
      <name>Class Second Moogle (10-016C)</name>
      <text>Si Moguri de la clase Dos está en el terreno de juego, Moguri de la clase Dos puede generar CP Frío.</text>
      <prop>
        <type>Backup - TYPE-0 - Moogle</type>
        <manacost>2</manacost>
        <colors>Fire</colors>
        <pt>0</pt>
      </prop>
      <set picurl="https://fftcg.cdn.sewest.net/images/cards/full/10-016C_eg.jpg">Opus X</set>
      <tablerow>0</tablerow>
    </card>
    <card>
      <name>Lann (10-017R)</name>
      <text>Si controlas Nombre de la carta Reynn, Lann gana +2000 de poder e Iniciativa. 
  Cuando Lann entra al terreno de juego, elige 1 Monstruo que sea también Delantero. Hasta el final del turno, este gana +5000 de poder y Bravura.</text>
      <prop>
        <type>Forward - WOFF - Mirage Keeper</type>
        <manacost>2</manacost>
        <colors>Fire</colors>
        <pt>5000</pt>
      </prop>
      <set picurl="https://fftcg.cdn.sewest.net/images/cards/full/10-017R_eg.jpg">Opus X</set>
      <tablerow>2</tablerow>
    </card>
    <card>
      <name>Ryid (10-018C)</name>
      <text>Daños 3 -- Ryid gana Bravura.
  Daños 5 -- Ryid gana +2000 de poder.</text>
      <prop>
        <type>Forward - TYPE-0 - Agito Cadet</type>
        <manacost>5</manacost>
        <colors>Fire</colors>
        <pt>9000</pt>
      </prop>
      <set picurl="https://fftcg.cdn.sewest.net/images/cards/full/10-018C_eg.jpg">Opus X</set>
      <tablerow>2</tablerow>
    </card>
    <card>
      <name>Lusse (10-019C)</name>
      <text>El coste requerido para jugar Lusse al terreno de juego se reduce en 1 por cada Nombre de la carta Lann o Nombre de la carta Reynn que controlas.
  (Dull): Elige 1 Nombre de la carta Lann o Nombre de la carta Reynn que controlas. Esta gana Bravura hasta el final del turno.</text>
      <prop>
        <type>Backup - WOFF - Mother</type>
        <manacost>2</manacost>
        <colors>Fire</colors>
        <pt>0</pt>
      </prop>
      <set picurl="https://fftcg.cdn.sewest.net/images/cards/full/10-019C_eg.jpg">Opus X</set>
      <tablerow>0</tablerow>
    </card>
    <card>
      <name>Reynn (10-020L)</name>
      <text>El coste requerido para jugar Reynn al terreno de juego se reduce en 1 por cada personaje Categoría WOFF que controlas.
  Los Delanteros Categoría WOFF que controlas que no sean Reynn ganan Prisa.
  Cuando un Delantero Categoría WOFF que controlas ataca, elige 1 Delantero controlado por tu oponente. Inflígele 4000 puntos de daño.</text>
      <prop>
        <type>Forward - WOFF - Mirage Keeper</type>
        <manacost>5</manacost>
        <colors>Fire</colors>
        <pt>8000</pt>
      </prop>
      <set picurl="https://fftcg.cdn.sewest.net/images/cards/full/10-020L_eg.jpg">Opus X</set>
      <tablerow>2</tablerow>
    </card>
    <card>
      <name>Rorrik (10-021C)</name>
      <text>[EX BURST] Cuando Rorrik entra al terreno de juego, elige 1 Nombre de la carta Lann o Nombre de la carta Reynn de tu Break Zone. Añádela a tu mano.</text>
      <prop>
        <type>Backup - WOFF - Father</type>
        <manacost>3</manacost>
        <colors>Fire</colors>
        <pt>0</pt>
      </prop>
      <set picurl="https://fftcg.cdn.sewest.net/images/cards/full/10-021C_eg.jpg">Opus X</set>
      <tablerow>0</tablerow>
    </card>
    <card>
      <name>Yve'noile (10-022R)</name>
      <text>[EX BURST] Cuando Yve'noile entra al terreno de juego, puedes buscar 1 Nombre de la carta Eald'narche o Nombre de la carta Kam'lanaut y añadirla a tu mano.</text>
      <prop>
        <type>Backup - XI - Descendant of the Zilart</type>
        <manacost>3</manacost>
        <colors>Ice</colors>
        <pt>0</pt>
      </prop>
      <set picurl="https://fftcg.cdn.sewest.net/images/cards/full/10-022R_eg.jpg">Opus X</set>
      <tablerow>0</tablerow>
    </card>
    <card>
      <name>Unei (10-023H)</name>
      <text>Cuando lanzas una Invocación, elige 1 Delantero que controlas. Retíralo del juego. Después, juégalo al terreno de juego en dull. Este efecto solo se desencadena durante tu turno y una vez por turno.</text>
      <prop>
        <type>Backup - III - Magus</type>
        <manacost>6</manacost>
        <colors>Ice</colors>
        <pt>0</pt>
      </prop>
      <set picurl="https://fftcg.cdn.sewest.net/images/cards/full/10-023H_eg.jpg">Opus X</set>
      <tablerow>0</tablerow>
    </card>
    <card>
      <name>Eald'narche (10-024R)</name>
      <text>Si controlas Nombre de la carta Kam'lanaut, el coste requerido para jugar Eald'narche al terreno de juego se reduce en 2.
  Cuando Eald'narche entra al terreno de juego, elige 1 personaje controlado por tu oponente. Ponlo en dull.
  Daños 5 -- Cuando Eald'narche entra al terreno de juego, elige hasta 3 personajes controlados por tu oponente. Ponlos en dull.</text>
      <prop>
        <type>Forward - XI - Descendant of the Zilart</type>
        <manacost>5</manacost>
        <colors>Ice</colors>
        <pt>9000</pt>
      </prop>
      <set picurl="https://fftcg.cdn.sewest.net/images/cards/full/10-024R_eg.jpg">Opus X</set>
      <tablerow>2</tablerow>
    </card>
    <card>
      <name>Kam'lanaut (10-025R)</name>
      <text>Si controlas Nombre de la carta Eald'narche, el coste requerido para jugar Kam'lanaut al terreno de juego se reduce en 2.
  Cuando Kam'lanaut entra al terreno de juego, si tu oponente controla 4 o más personajes en dull, tu oponente descarta 1 carta de su mano.</text>
      <prop>
        <type>Forward - XI - Descendant of the Zilart</type>
        <manacost>4</manacost>
        <colors>Ice</colors>
        <pt>8000</pt>
      </prop>
      <set picurl="https://fftcg.cdn.sewest.net/images/cards/full/10-025R_eg.jpg">Opus X</set>
      <tablerow>2</tablerow>
    </card>
    <card>
      <name>Bard (10-026C)</name>
      <text>Cuando Bardo entra al terreno de juego, si tu oponente no tiene cartas en su mano, coge 1 carta.</text>
      <prop>
        <type>Backup - III - Standard Unit</type>
        <manacost>2</manacost>
        <colors>Ice</colors>
        <pt>0</pt>
      </prop>
      <set picurl="https://fftcg.cdn.sewest.net/images/cards/full/10-026C_eg.jpg">Opus X</set>
      <tablerow>0</tablerow>
    </card>
    <card>
      <name>Kurasame (10-027C)</name>
      <text>Si controlas un personaje Categoría TYPE-0, el coste requerido para jugar Kurasame al terreno de juego se reduce en 1.</text>
      <prop>
        <type>Forward - THEATRHYTHM · TYPE-0 - Instructor</type>
        <manacost>4</manacost>
        <colors>Ice</colors>
        <pt>8000</pt>
      </prop>
      <set picurl="https://fftcg.cdn.sewest.net/images/cards/full/10-027C_eg.jpg">Opus X</set>
      <tablerow>2</tablerow>
    </card>
    <card>
      <name>Cloud of Darkness (10-028L)</name>
      <text>Cuando Nube de Oscuridad entra al terreno de juego, puedes poner 1 personaje que controlas en la Break Zone. Cuando lo haces, tu oponente selecciona 1 Delantero en dull que controla. Ponlo en la Break Zone.
  Cuando Nube de Oscuridad ataca, cada jugador selecciona hasta 2 personajes activos que controla (selecciona cuantos sea posible). Ponlos en dull y congélalos.</text>
      <prop>
        <type>Forward - III - Wraith</type>
        <manacost>4</manacost>
        <colors>Ice</colors>
        <pt>8000</pt>
      </prop>
      <set picurl="https://fftcg.cdn.sewest.net/images/cards/full/10-028L_eg.jpg">Opus X</set>
      <tablerow>2</tablerow>
    </card>
    <card>
      <name>Black Mage (10-029C)</name>
      <text>(Ice)(Ice)(Dull), pon Mago negro en la Break Zone: Elige 1 Invocación Frío de tu Break Zone. Añádela a tu mano.</text>
      <prop>
        <type>Backup - Special - Standard Unit</type>
        <manacost>2</manacost>
        <colors>Ice</colors>
        <pt>0</pt>
      </prop>
      <set picurl="https://fftcg.cdn.sewest.net/images/cards/full/10-029C_eg.jpg">Opus X</set>
      <tablerow>0</tablerow>
    </card>
    <card>
      <name>Shiva (10-030H)</name>
      <text>Elige 1 Delantero activo y 1 Delantero en dull. Pon el primero en dull e inflígele al segundo 9000 puntos de daño. Si has lanzado una Nombre de la carta Shiva que no sea Shiva este turno, también congela todos los Delanteros controlados por tu oponente.</text>
      <prop>
        <type>Summon - III</type>
        <manacost>4</manacost>
        <colors>Ice</colors>
        <pt>0</pt>
      </prop>
      <set picurl="https://fftcg.cdn.sewest.net/images/cards/full/10-030H_eg.jpg">Opus X</set>
      <tablerow>3</tablerow>
    </card>
    <card>
      <name>Jenova SYNTHESIS (10-031C)</name>
      <text>Cuando Jénova･SÍNTESIS ataca, cada jugador descarta 1 carta de su mano.</text>
      <prop>
        <type>Forward - THEATRHYTHM · VII - Jenova</type>
        <manacost>5</manacost>
        <colors>Ice</colors>
        <pt>9000</pt>
      </prop>
      <set picurl="https://fftcg.cdn.sewest.net/images/cards/full/10-031C_eg.jpg">Opus X</set>
      <tablerow>2</tablerow>
    </card>
    <card>
      <name>Scylla (10-032H)</name>
      <text>Cuando Escila entra al terreno de juego, elige 1 Delantero en dull controlado por tu oponente. Rómpelo. Tu oponente descarta 1 carta de su mano.</text>
      <prop>
        <type>Forward - III - Scylla</type>
        <manacost>7</manacost>
        <colors>Ice</colors>
        <pt>7000</pt>
      </prop>
      <set picurl="https://fftcg.cdn.sewest.net/images/cards/full/10-032H_eg.jpg">Opus X</set>
      <tablerow>2</tablerow>
    </card>
    <card>
      <name>Squall (10-033L)</name>
      <text>Cuando Squall entra al terreno de juego, elige 1 personaje. Si tu oponente tiene 2 cartas o menos en su mano, ponlo en dull.
  Daños 2 -- Cuando Squall entra al terreno de juego, elige 1 personaje. Ponlo en dull y congélalo.
  Daños 5 -- Cuando Squall entra al terreno de juego, elige 1 Delantero. Si está en dull, inflígele 8000 puntos de daño.</text>
      <prop>
        <type>Forward - DFF · VIII - SeeD Candidate</type>
        <manacost>3</manacost>
        <colors>Ice</colors>
        <pt>7000</pt>
      </prop>
      <set picurl="https://fftcg.cdn.sewest.net/images/cards/full/10-033L_eg.jpg">Opus X</set>
      <tablerow>2</tablerow>
    </card>
    <card>
      <name>Sephiroth (10-034H)</name>
      <text>Ataque furtivo
  Cuando Sefirot entra al terreno de juego, elige 1 Delantero. Ponlo en dull.
  Daños 5 -- Sefirot gana +2000 de poder.
  Tajo súbito (S): Hasta el final del turno, Sefirot gana +1000 de poder e Iniciativa.</text>
      <prop>
        <type>Forward - VII - War Hero</type>
        <manacost>3</manacost>
        <colors>Ice</colors>
        <pt>6000</pt>
      </prop>
      <set picurl="https://fftcg.cdn.sewest.net/images/cards/full/10-034H_eg.jpg">Opus X</set>
      <tablerow>2</tablerow>
    </card>
    <card>
      <name>Serah (10-035R)</name>
      <text>(Dull), pon 1 Nombre de la carta Mogu (XIII-2) en la Break Zone: Elige hasta 2 Delanteros. Ponlos en dull.
  (Ice)(Dull): Elige 1 Nombre de la carta Mogu (XIII-2) de tu Break Zone. Juégala al terreno de juego.</text>
      <prop>
        <type>Forward - XIII - Commando</type>
        <manacost>3</manacost>
        <colors>Ice</colors>
        <pt>7000</pt>
      </prop>
      <set picurl="https://fftcg.cdn.sewest.net/images/cards/full/10-035R_eg.jpg">Opus X</set>
      <tablerow>2</tablerow>
    </card>
    <card>
      <name>Terra (10-036R)</name>
      <text>[EX BURST] Cuando Terra entra al terreno de juego, puedes buscar 1 Invocación Frío y añadirla a tu mano.
  (Ice)(Dull), pon Terra en la Break Zone: Lanza 1 Invocación de coste 4 o menos de tu mano sin pagar su coste.</text>
      <prop>
        <type>Backup - DFF · VI - Magitek Knight</type>
        <manacost>4</manacost>
        <colors>Ice</colors>
        <pt>0</pt>
      </prop>
      <set picurl="https://fftcg.cdn.sewest.net/images/cards/full/10-036R_eg.jpg">Opus X</set>
      <tablerow>0</tablerow>
    </card>
    <card>
      <name>Dendrobium (10-037C)</name>
      <text>Pon Dendrobium en la Break Zone: Elige 1 Delantero. Congélalo. Coge 1 carta.
  Daños 5 -- Pon Dendrobium en la Break Zone: Elige hasta 3 Delanteros. Congélalos. Coge 1 carta. (Si has recibido 5 o más puntos de daño, este personaje tiene esta habilidad.)</text>
      <prop>
        <type>Monster - XIII - Stalker</type>
        <manacost>2</manacost>
        <colors>Ice</colors>
        <pt>0</pt>
      </prop>
      <set picurl="https://fftcg.cdn.sewest.net/images/cards/full/10-037C_eg.jpg">Opus X</set>
      <tablerow>1</tablerow>
    </card>
    <card>
      <name>Knight (10-038C)</name>
      <text>Cuando Caballero o un personaje entra a tu terreno de juego, Caballero gana +2000 de poder hasta el final del turno.</text>
      <prop>
        <type>Forward - III - Standard Unit</type>
        <manacost>2</manacost>
        <colors>Ice</colors>
        <pt>5000</pt>
      </prop>
      <set picurl="https://fftcg.cdn.sewest.net/images/cards/full/10-038C_eg.jpg">Opus X</set>
      <tablerow>2</tablerow>
    </card>
    <card>
      <name>Nag'molada (10-039C)</name>
      <text>Cuando Nag'molada entra al terreno de juego, puedes buscar 1 Monstruo y añadirlo a tu mano.</text>
      <prop>
        <type>Backup - XI - Member of the Armathrwn Society</type>
        <manacost>3</manacost>
        <colors>Ice</colors>
        <pt>0</pt>
      </prop>
      <set picurl="https://fftcg.cdn.sewest.net/images/cards/full/10-039C_eg.jpg">Opus X</set>
      <tablerow>0</tablerow>
    </card>
    <card>
      <name>White Tiger l'Cie Qun'mi (10-040R)</name>
      <text>Si controlas un personaje Categoría TYPE-0 que no sea Qun'mi, lu'cie del Tigre de Argén, Qun'mi, lu'cie del Tigre de Argén, gana +2000 de poder.
  Pon Qun'mi, lu'cie del Tigre de Argén, en la Break Zone: Elige 1 Invocación. Si tu oponente no paga (3), cancela su efecto.</text>
      <prop>
        <type>Forward - TYPE-0 - L'Cie</type>
        <manacost>2</manacost>
        <colors>Ice</colors>
        <pt>5000</pt>
      </prop>
      <set picurl="https://fftcg.cdn.sewest.net/images/cards/full/10-040R_eg.jpg">Opus X</set>
      <tablerow>2</tablerow>
    </card>
    <card>
      <name>Shivan (10-041C)</name>
      <text>[EX BURST] Elige 1 Delantero en dull. Inflígele 4000 puntos de daño. Coge 1 carta.</text>
      <prop>
        <type>Summon - XII</type>
        <manacost>1</manacost>
        <colors>Ice</colors>
        <pt>0</pt>
      </prop>
      <set picurl="https://fftcg.cdn.sewest.net/images/cards/full/10-041C_eg.jpg">Opus X</set>
      <tablerow>3</tablerow>
    </card>
    <card>
      <name>Mog (XIII-2) (10-042C)</name>
      <text>Las Nombre de la carta Serah que controlas ganan +1000 de poder.
  Cuando Mogu (XIII-2) pasa del terreno de juego a la Break Zone, elige 1 Delantero. Congélalo.</text>
      <prop>
        <type>Backup - XIII - Moogle</type>
        <manacost>2</manacost>
        <colors>Ice</colors>
        <pt>0</pt>
      </prop>
      <set picurl="https://fftcg.cdn.sewest.net/images/cards/full/10-042C_eg.jpg">Opus X</set>
      <tablerow>0</tablerow>
    </card>
    <card>
      <name>Arc (10-043H)</name>
      <text>[EX BURST] Cuando Arc entra al terreno de juego, elige hasta 3 Oficio Soldado u Oficio Guerrero de la Luz. Actívalos.
  Daños 3 -- Cuando Arc entra al terreno de juego, elige 1 Oficio Soldado u Oficio Guerrero de la Luz de coste 3 o menos de tu Break Zone. Juégalo al terreno de juego.</text>
      <prop>
        <type>Forward - III - Warrior of Light</type>
        <manacost>5</manacost>
        <colors>Wind</colors>
        <pt>8000</pt>
      </prop>
      <set picurl="https://fftcg.cdn.sewest.net/images/cards/full/10-043H_eg.jpg">Opus X</set>
      <tablerow>2</tablerow>
    </card>
    <card>
      <name>Vaan (10-044H)</name>
      <text>Por cada personaje activo que controlas que no sea Vaan, Vaan gana +1000 de poder.</text>
      <prop>
        <type>Forward - DFF · XII - Sky Pirate</type>
        <manacost>2</manacost>
        <colors>Wind</colors>
        <pt>4000</pt>
      </prop>
      <set picurl="https://fftcg.cdn.sewest.net/images/cards/full/10-044H_eg.jpg">Opus X</set>
      <tablerow>2</tablerow>
    </card>
    <card>
      <name>Unsaganashi (10-045C)</name>
      <text>Pon Unsahganasi en la Break Zone: Elige 1 Delantero que controlas. No puede ser objetivo de las Invocaciones o habilidades de tu oponente este turno.
  Daños 5 -- Pon Unsahganasi en la Break Zone: Activa todos los Delanteros que controlas. No pueden ser objetivo de las Invocaciones o habilidades de tu oponente este turno.</text>
      <prop>
        <type>Monster - XIII - Spook</type>
        <manacost>2</manacost>
        <colors>Wind</colors>
        <pt>0</pt>
      </prop>
      <set picurl="https://fftcg.cdn.sewest.net/images/cards/full/10-045C_eg.jpg">Opus X</set>
      <tablerow>1</tablerow>
    </card>
    <card>
      <name>Aerith (10-046H)</name>
      <text>(Dull): Elige hasta 3 personajes Categoría VII que no sean Aeris. Actívalos.
  (Wind)(Dull): Elige 1 Delantero que controlas. No puede ser objetivo de las Invocaciones o habilidades de tu oponente este turno.
  (Wind)(Wind): Elige 1 Delantero. Durante este turno, el siguiente daño que reciba se reduce en 2000 en su lugar.</text>
      <prop>
        <type>Forward - VII - Ancient</type>
        <manacost>4</manacost>
        <colors>Wind</colors>
        <pt>7000</pt>
      </prop>
      <set picurl="https://fftcg.cdn.sewest.net/images/cards/full/10-046H_eg.jpg">Opus X</set>
      <tablerow>2</tablerow>
    </card>
    <card>
      <name>Echo (10-047R)</name>
      <text>Cuando Echo entra al terreno de juego, puedes buscar 1 Delantero Categoría MOBIUS y añadirlo a tu mano.</text>
      <prop>
        <type>Backup - MOBIUS - Fairy</type>
        <manacost>3</manacost>
        <colors>Wind</colors>
        <pt>0</pt>
      </prop>
      <set picurl="https://fftcg.cdn.sewest.net/images/cards/full/10-047R_eg.jpg">Opus X</set>
      <tablerow>0</tablerow>
    </card>
    <card>
      <name>Kytes (10-048R)</name>
      <text>Cuando una Nombre de la carta Vaan entra a tu terreno de juego, puedes pagar (Wind)(Wind). Cuando lo haces, juega Kytes al terreno de juego. Este efecto solo se desencadena si Kytes está en la Break Zone.
  Pon Kytes en la Break Zone: Elige 1 Oficio Pirata del aire. Este gana +3000 de poder hasta el final del turno.</text>
      <prop>
        <type>Forward - XII - Sky Pirate</type>
        <manacost>1</manacost>
        <colors>Wind</colors>
        <pt>3000</pt>
      </prop>
      <set picurl="https://fftcg.cdn.sewest.net/images/cards/full/10-048R_eg.jpg">Opus X</set>
      <tablerow>2</tablerow>
    </card>
    <card>
      <name>Ranger (10-049C)</name>
      <text>(Dull), pon Ranger en la Break Zone: Elige 1 Apoyo de coste 3 o más. Rómpelo.</text>
      <prop>
        <type>Backup - XI - Standard Unit</type>
        <manacost>4</manacost>
        <colors>Wind</colors>
        <pt>0</pt>
      </prop>
      <set picurl="https://fftcg.cdn.sewest.net/images/cards/full/10-049C_eg.jpg">Opus X</set>
      <tablerow>0</tablerow>
    </card>
    <card>
      <name>Thief (10-050C)</name>
      <text>Cuando una carta pasa del mazo del oponente a la Break Zone, Ladrón gana +2000 de poder hasta el final del turno.
  Cuando Ladrón ataca, tu oponente pone la carta superior de su mazo en la Break Zone.</text>
      <prop>
        <type>Forward - III - Standard Unit</type>
        <manacost>4</manacost>
        <colors>Wind</colors>
        <pt>7000</pt>
      </prop>
      <set picurl="https://fftcg.cdn.sewest.net/images/cards/full/10-050C_eg.jpg">Opus X</set>
      <tablerow>2</tablerow>
    </card>
    <card>
      <name>Zidane (10-051C)</name>
      <text>Si Yitán recibe daño de una Invocación o habilidad, el daño se vuelve 0 en su lugar.
Yitán no puede ser bloqueado por un Delantero de coste 4 o más.</text>
      <prop>
        <type>Forward - THEATRHYTHM · IX - Genome</type>
        <manacost>3</manacost>
        <colors>Wind</colors>
        <pt>5000</pt>
      </prop>
      <set picurl="https://fftcg.cdn.sewest.net/images/cards/full/10-051C_eg.jpg">Opus X</set>
      <tablerow>2</tablerow>
    </card>
    <card>
      <name>Cid (FFBE) (10-052L)</name>
      <text><p>Cuando un Delantero de tu oponente entra al terreno de juego, inflígele 2000 puntos de daño. Si el Delantero entró al juego sin pagar su coste de CP, inflígele 9000 puntos de daño en su lugar.
Rompespaldas 0 (S)(Wind)(Wind)(Wind)(Dull): Elige 1 Delantero. Inflígele 10000 puntos de daño y 1 punto de daño a quien lo controla.</p>
</text>
      <prop>
        <type>Forward - FFBE - Sworn Six of Paladia</type>
        <manacost>3</manacost>
        <colors>Wind</colors>
        <pt>7000</pt>
      </prop>
      <set picurl="https://fftcg.cdn.sewest.net/images/cards/full/10-052L_eg.jpg">Opus X</set>
      <tablerow>2</tablerow>
    </card>
    <card>
      <name>Sylph (10-053C)</name>
      <text>[EX BURST] Elige 1 Delantero. Inflígele 3000 puntos de daño. Coge 1 carta.</text>
      <prop>
        <type>Summon - XII</type>
        <manacost>2</manacost>
        <colors>Wind</colors>
        <pt>0</pt>
      </prop>
      <set picurl="https://fftcg.cdn.sewest.net/images/cards/full/10-053C_eg.jpg">Opus X</set>
      <tablerow>3</tablerow>
    </card>
    <card>
      <name>Onion Knight (III) (10-054C)</name>
      <text>Si controlas 4 o más Apoyos y si los Apoyos que controlas son todos de elementos distintos, Caballero cebolla (III) gana +6000 de poder.</text>
      <prop>
        <type>Forward - III - Standard Unit</type>
        <manacost>1</manacost>
        <colors>Wind</colors>
        <pt>2000</pt>
      </prop>
      <set picurl="https://fftcg.cdn.sewest.net/images/cards/full/10-054C_eg.jpg">Opus X</set>
      <tablerow>2</tablerow>
    </card>
    <card>
      <name>Chocobo (10-055H)</name>
      <text>Elige 1 Delantero que controlas. Devuélvelo a la mano de su propietario. Coge 1 carta.</text>
      <prop>
        <type>Summon - III</type>
        <manacost>2</manacost>
        <colors>Wind</colors>
        <pt>0</pt>
      </prop>
      <set picurl="https://fftcg.cdn.sewest.net/images/cards/full/10-055H_eg.jpg">Opus X</set>
      <tablerow>3</tablerow>
    </card>
    <card>
      <name>Nono (10-056R)</name>
      <text>Cuando un Delantero Categoría XII entra a tu terreno de juego, elige 1 Apoyo que controlas. Actívalo.</text>
      <prop>
        <type>Backup - XII - Moogle</type>
        <manacost>3</manacost>
        <colors>Wind</colors>
        <pt>0</pt>
      </prop>
      <set picurl="https://fftcg.cdn.sewest.net/images/cards/full/10-056R_eg.jpg">Opus X</set>
      <tablerow>0</tablerow>
    </card>
    <card>
      <name>Bartz (10-057C)</name>
      <text>[EX BURST] Cuando Bartz entra al terreno de juego, activa todos los personajes que controlas.</text>
      <prop>
        <type>Backup - THEATRHYTHM · V - Wanderer</type>
        <manacost>4</manacost>
        <colors>Wind</colors>
        <pt>0</pt>
      </prop>
      <set picurl="https://fftcg.cdn.sewest.net/images/cards/full/10-057C_eg.jpg">Opus X</set>
      <tablerow>0</tablerow>
    </card>
    <card>
      <name>Penelo (10-058R)</name>
      <text>Daños 3 -- (Dull): Inflige 1000 puntos de daño a todos los Delanteros controlados por tu oponente. (Si has recibido 3 o más puntos de daño, este personaje tiene esta habilidad.)</text>
      <prop>
        <type>Backup - XII - Dancer</type>
        <manacost>2</manacost>
        <colors>Wind</colors>
        <pt>0</pt>
      </prop>
      <set picurl="https://fftcg.cdn.sewest.net/images/cards/full/10-058R_eg.jpg">Opus X</set>
      <tablerow>0</tablerow>
    </card>
    <card>
      <name>Filo (10-059R)</name>
      <text>Si controlas un Delantero Oficio Pirata del aire que no sea Phila, Phila gana +1000 de poder y Prisa.</text>
      <prop>
        <type>Forward - XII - Sky Pirate</type>
        <manacost>2</manacost>
        <colors>Wind</colors>
        <pt>5000</pt>
      </prop>
      <set picurl="https://fftcg.cdn.sewest.net/images/cards/full/10-059R_eg.jpg">Opus X</set>
      <tablerow>2</tablerow>
    </card>
    <card>
      <name>Fran (10-060L)</name>
      <text>Si controlas un Delantero Nombre de la carta Balthier, Fran no puede ser objetivo de las Invocaciones o habilidades de tu oponente.
  Por cada Oficio Pirata del aire que controlas que no sea Fran, Fran gana +1000 de poder.
  Cuando Fran ataca, elige 1 Delantero controlado por tu oponente. Inflígele 1000 puntos de daño por cada Oficio Pirata del aire que controlas que no sea Fran.
</text>
      <prop>
        <type>Forward - XII - Sky Pirate</type>
        <manacost>2</manacost>
        <colors>Wind</colors>
        <pt>5000</pt>
      </prop>
      <set picurl="https://fftcg.cdn.sewest.net/images/cards/full/10-060L_eg.jpg">Opus X</set>
      <tablerow>2</tablerow>
    </card>
    <card>
      <name>Class Eighth Moogle (10-061C)</name>
      <text>Si Moguri de la clase Ocho está en el terreno de juego, Moguri de la clase Ocho puede generar CP Tierra.</text>
      <prop>
        <type>Backup - TYPE-0 - Moogle</type>
        <manacost>2</manacost>
        <colors>Wind</colors>
        <pt>0</pt>
      </prop>
      <set picurl="https://fftcg.cdn.sewest.net/images/cards/full/10-061C_eg.jpg">Opus X</set>
      <tablerow>0</tablerow>
    </card>
    <card>
      <name>Class Twelfth Moogle (10-062R)</name>
      <text>(1)(Dull): Elige 1 Delantero Aire que controlas. Este gana +1000 de poder hasta el final del turno.</text>
      <prop>
        <type>Backup - TYPE-0 - Moogle</type>
        <manacost>2</manacost>
        <colors>Wind</colors>
        <pt>0</pt>
      </prop>
      <set picurl="https://fftcg.cdn.sewest.net/images/cards/full/10-062R_eg.jpg">Opus X</set>
      <tablerow>0</tablerow>
    </card>
    <card>
      <name>Y'shtola (10-063C)</name>
      <text>Pon Y'shtola en la Break Zone: Elige 1 Invocación o habilidad que ha elegido a un Apoyo que controlas. Cancela su efecto. Coge 1 carta.</text>
      <prop>
        <type>Backup - THEATRHYTHM · XIV - Scion of the Seventh Dawn</type>
        <manacost>2</manacost>
        <colors>Wind</colors>
        <pt>0</pt>
      </prop>
      <set picurl="https://fftcg.cdn.sewest.net/images/cards/full/10-063C_eg.jpg">Opus X</set>
      <tablerow>0</tablerow>
    </card>
    <card>
      <name>Atlas (10-064R)</name>
      <text>Daños 2 -- Atlas gana +1000 de poder.
  Daños 5 -- Atlas gana +2000 de poder.</text>
      <prop>
        <type>Forward - XIII - Colossus</type>
        <manacost>3</manacost>
        <colors>Earth</colors>
        <pt>7000</pt>
      </prop>
      <set picurl="https://fftcg.cdn.sewest.net/images/cards/full/10-064R_eg.jpg">Opus X</set>
      <tablerow>2</tablerow>
    </card>
    <card>
      <name>Warrior of Light (10-065L)</name>
      <text>Cuando Guerrero de la Luz entra al terreno de juego, revela las 5 cartas de la parte superior de tu mazo. Juega al terreno de juego tantos Delanteros Oficio Soldado como quieras hasta sumar un coste total de 5 o menos y coloca el resto de cartas en la parte inferior de tu mazo en el orden que quieras.
  Daños 5 -- Los Delanteros Oficio Soldado que controlas ganan +5000 de poder.</text>
      <prop>
        <type>Forward - DFF · I - Warrior of Light</type>
        <manacost>7</manacost>
        <colors>Earth</colors>
        <pt>7000</pt>
      </prop>
      <set picurl="https://fftcg.cdn.sewest.net/images/cards/full/10-065L_eg.jpg">Opus X</set>
      <tablerow>2</tablerow>
    </card>
    <card>
      <name>Garganzola (10-066C)</name>
      <text>Pon Garganzola en la Break Zone: Elige 1 Delantero. Este gana +2000 de poder hasta el final del turno.
  Daños 5 -- Pon Garganzola en la Break Zone: Elige 1 Delantero. Este gana +5000 de poder hasta el final del turno. (Si has recibido 5 o más puntos de daño, este personaje tiene esta habilidad.)</text>
      <prop>
        <type>Monster - XIII - Flan</type>
        <manacost>1</manacost>
        <colors>Earth</colors>
        <pt>0</pt>
      </prop>
      <set picurl="https://fftcg.cdn.sewest.net/images/cards/full/10-066C_eg.jpg">Opus X</set>
      <tablerow>1</tablerow>
    </card>
    <card>
      <name>Enkidu Uruk (10-067R)</name>
      <text>El coste requerido para jugar Nombre de la carta Gilgamesh, lu'Cie de la Tortuga de Sable, al terreno de juego se reduce en 3.
  Pon Enkidu Uruk en la Break Zone: Elige 1 Delantero Tierra que controlas. Ponlo en dull. No puede romperse este turno.</text>
      <prop>
        <type>Forward - TYPE-0 - Royal Advisor</type>
        <manacost>3</manacost>
        <colors>Earth</colors>
        <pt>7000</pt>
      </prop>
      <set picurl="https://fftcg.cdn.sewest.net/images/cards/full/10-067R_eg.jpg">Opus X</set>
      <tablerow>2</tablerow>
    </card>
    <card>
      <name>Cu Sith (10-068C)</name>
      <text>[EX BURST] Elige 1 Delantero o Apoyo de tu Break Zone. Añádelo a tu mano.</text>
      <prop>
        <type>Summon - XII</type>
        <manacost>2</manacost>
        <colors>Earth</colors>
        <pt>0</pt>
      </prop>
      <set picurl="https://fftcg.cdn.sewest.net/images/cards/full/10-068C_eg.jpg">Opus X</set>
      <tablerow>3</tablerow>
    </card>
    <card>
      <name>Black Tortoise l'Cie Gilgamesh (10-069R)</name>
      <text>Bravura
  Las Invocaciones o habilidades de tu oponente no pueden poner en dull, devolver a la mano de su propietario ni poner en la Break Zone a Gilgamesh, lu'Cie de la Tortuga de Sable. (Si Gilgamesh, lu'Cie de la Tortuga de Sable, se rompe, ponlo en la Break Zone.)</text>
      <prop>
        <type>Forward - TYPE-0 - L'Cie</type>
        <manacost>6</manacost>
        <colors>Earth</colors>
        <pt>9000</pt>
      </prop>
      <set picurl="https://fftcg.cdn.sewest.net/images/cards/full/10-069R_eg.jpg">Opus X</set>
      <tablerow>2</tablerow>
    </card>
    <card>
      <name>Sieghard (10-070H)</name>
      <text>Si Sieghard recibe daño, este se reduce en 2000 en su lugar.
  Si un Delantero Tierra que controlas que no sea Sieghard recibe daño, este se reduce en 1000 en su lugar.</text>
      <prop>
        <type>Forward - FFBE - Sworn Six of Paladia</type>
        <manacost>4</manacost>
        <colors>Earth</colors>
        <pt>8000</pt>
      </prop>
      <set picurl="https://fftcg.cdn.sewest.net/images/cards/full/10-070H_eg.jpg">Opus X</set>
      <tablerow>2</tablerow>
    </card>
    <card>
      <name>Cid (MOBIUS) (10-071R)</name>
      <text>[EX BURST] Cuando Cid (MOBIUS) entra al terreno de juego, elige 1 Delantero controlado por tu oponente. Inflígele 4000 puntos de daño por cada Delantero que controlas.</text>
      <prop>
        <type>Backup - MOBIUS - Veteran</type>
        <manacost>4</manacost>
        <colors>Earth</colors>
        <pt>0</pt>
      </prop>
      <set picurl="https://fftcg.cdn.sewest.net/images/cards/full/10-071R_eg.jpg">Opus X</set>
      <tablerow>0</tablerow>
    </card>
    <card>
      <name>Shantotto (10-072L)</name>
      <text>Cuando Shantotto entra al terreno de juego, revela la carta superior de tu mazo. Cuando el coste de la carta revelada es 2 o menos, elige 1 Invocación de tu Break Zone. Añádela a tu mano. Cuando el coste de la carta revelada es 4 o 5, elige 1 personaje de tu Break Zone. Añádelo a tu mano. Cuando el coste de la carta revelada es 6 o más, elige 1 Delantero controlado por tu oponente. Rómpelo.</text>
      <prop>
        <type>Forward - XI - Mage</type>
        <manacost>3</manacost>
        <colors>Earth</colors>
        <pt>7000</pt>
      </prop>
      <set picurl="https://fftcg.cdn.sewest.net/images/cards/full/10-072L_eg.jpg">Opus X</set>
      <tablerow>2</tablerow>
    </card>
    <card>
      <name>Joker (10-073C)</name>
      <text>(Earth)(Dull): Elige 1 Delantero con Bravura. Durante este turno, el siguiente daño que reciba se reduce en 2000 en su lugar.</text>
      <prop>
        <type>Backup - XI - Cardian</type>
        <manacost>2</manacost>
        <colors>Earth</colors>
        <pt>0</pt>
      </prop>
      <set picurl="https://fftcg.cdn.sewest.net/images/cards/full/10-073C_eg.jpg">Opus X</set>
      <tablerow>0</tablerow>
    </card>
    <card>
      <name>Suzuhisa (10-074C)</name>
      <text>Cuando se desencadena la habilidad de apoyo de tu oponente, pon Suzuhisa en la Break Zone. Cuando lo haces, coge 2 cartas. Estos efectos solo se pueden desencadenar una vez por turno.</text>
      <prop>
        <type>Forward - TYPE-0 - Leader of the Dominion Legions</type>
        <manacost>1</manacost>
        <colors>Earth</colors>
        <pt>1000</pt>
      </prop>
      <set picurl="https://fftcg.cdn.sewest.net/images/cards/full/10-074C_eg.jpg">Opus X</set>
      <tablerow>2</tablerow>
    </card>
    <card>
      <name>Warrior (10-075C)</name>
      <text>Cuando Guerrero entra al terreno de juego, selecciona 1 de las siguientes 2 acciones.
  "Elige 1 Delantero. Hasta el final del turno, este gana Bravura y +1000 de poder por cada punto de daño que has recibido."
  "Elige 1 Delantero. Inflígele 1000 puntos de daño por cada punto de daño que has recibido."</text>
      <prop>
        <type>Forward - Special - Standard Unit</type>
        <manacost>4</manacost>
        <colors>Earth</colors>
        <pt>8000</pt>
      </prop>
      <set picurl="https://fftcg.cdn.sewest.net/images/cards/full/10-075C_eg.jpg">Opus X</set>
      <tablerow>2</tablerow>
    </card>
    <card>
      <name>Titan (10-076H)</name>
      <text>Selecciona hasta 2 de las siguientes 4 acciones.
  "Elige 1 Delantero que controlas. Este gana +1000 de poder hasta el final del turno."
  "Todos los Delanteros que controlas ganan Bravura hasta el final del turno."
  "Todos los Delanteros que controlas ganan ‘Las Invocaciones o habilidades de tu oponente no pueden poner a este Delantero en dull’ hasta el final del turno."
  "Coge 1 carta."</text>
      <prop>
        <type>Summon - III</type>
        <manacost>1</manacost>
        <colors>Earth</colors>
        <pt>0</pt>
      </prop>
      <set picurl="https://fftcg.cdn.sewest.net/images/cards/full/10-076H_eg.jpg">Opus X</set>
      <tablerow>3</tablerow>
    </card>
    <card>
      <name>Onion Knight (III) (10-077C)</name>
      <text>Si controlas 4 o más Apoyos y si los Apoyos que controlas son todos de elementos distintos, Caballero cebolla (III) gana +6000 de poder.</text>
      <prop>
        <type>Forward - III - Standard Unit</type>
        <manacost>1</manacost>
        <colors>Earth</colors>
        <pt>2000</pt>
      </prop>
      <set picurl="https://fftcg.cdn.sewest.net/images/cards/full/10-077C_eg.jpg">Opus X</set>
      <tablerow>2</tablerow>
    </card>
    <card>
      <name>Doga (10-078H)</name>
      <text>Cuando lanzas una Invocación de coste 4 o más, elige 1 Apoyo de coste 3 o más controlado por tu oponente. Rómpelo. Este efecto solo se puede desencadenar una vez por turno.</text>
      <prop>
        <type>Backup - III - Magus</type>
        <manacost>5</manacost>
        <colors>Earth</colors>
        <pt>0</pt>
      </prop>
      <set picurl="https://fftcg.cdn.sewest.net/images/cards/full/10-078H_eg.jpg">Opus X</set>
      <tablerow>0</tablerow>
    </card>
    <card>
      <name>Noctis (10-079C)</name>
      <text>Cuando Noctis entra al terreno de juego, elige 1 Delantero. Este gana +2000 de poder hasta el final del turno.
  Cuando Noctis entra al terreno de juego, hasta el final del turno, todos los Delanteros Categoría XV que controlas ganan +2000 de poder y Bravura.</text>
      <prop>
        <type>Backup - THEATRHYTHM · XV - Prince</type>
        <manacost>2</manacost>
        <colors>Earth</colors>
        <pt>0</pt>
      </prop>
      <set picurl="https://fftcg.cdn.sewest.net/images/cards/full/10-079C_eg.jpg">Opus X</set>
      <tablerow>0</tablerow>
    </card>
    <card>
      <name>Basch (10-080H)</name>
      <text>Al principio de tu Attack Phase durante cada uno de tus turnos, si tienes 2 o más cartas en tu mano, Basch gana Bravura hasta el final del turno. Si tienes 4 o más cartas en tu mano, Basch también gana +2000 de poder hasta el final del turno.
  Cuando Basch ataca, elige 1 Delantero controlado por tu oponente. Si tienes 7 o más cartas en tu mano, inflígele daño equivalente al poder de Basch.</text>
      <prop>
        <type>Forward - XII - Captain</type>
        <manacost>4</manacost>
        <colors>Earth</colors>
        <pt>8000</pt>
      </prop>
      <set picurl="https://fftcg.cdn.sewest.net/images/cards/full/10-080H_eg.jpg">Opus X</set>
      <tablerow>2</tablerow>
    </card>
    <card>
      <name>Prishe (10-081R)</name>
      <text>Si controlas un Delantero de poder 9000 o más que no sea Prishe, Prishe gana +3000 de poder.
  Cuando Prishe entra al terreno de juego, cada jugador puede buscar 1 Delantero de poder 9000 o más y añadirlo a su mano.
  Puños de Asura (S)(Earth)(Earth)(Earth)(Dull): Elige 1 Delantero. Inflígele 9000 puntos de daño. Activa Prishe.</text>
      <prop>
        <type>Forward - XI - Abhorrent One</type>
        <manacost>2</manacost>
        <colors>Earth</colors>
        <pt>5000</pt>
      </prop>
      <set picurl="https://fftcg.cdn.sewest.net/images/cards/full/10-081R_eg.jpg">Opus X</set>
      <tablerow>2</tablerow>
    </card>
    <card>
      <name>Miotsk (10-082C)</name>
      <text>(Earth)(Dull), pon Miotsk en la Break Zone: Elige 1 Delantero. Este gana +2000 de poder hasta el final del turno.
  (Earth)(Dull), pon Miotsk en la Break Zone: Elige 1 Delantero Categoría TYPE-0. Este gana +4000 de poder hasta el final del turno.</text>
      <prop>
        <type>Backup - TYPE-0 - Cadetmaster</type>
        <manacost>2</manacost>
        <colors>Earth</colors>
        <pt>0</pt>
      </prop>
      <set picurl="https://fftcg.cdn.sewest.net/images/cards/full/10-082C_eg.jpg">Opus X</set>
      <tablerow>0</tablerow>
    </card>
    <card>
      <name>Mog (MOBIUS) (10-083R)</name>
      <text>(Dull): Elige 1 Delantero Categoría MOBIUS que controlas. Este gana +1000 de poder hasta el final del turno.</text>
      <prop>
        <type>Backup - MOBIUS - Moogle</type>
        <manacost>2</manacost>
        <colors>Earth</colors>
        <pt>0</pt>
      </prop>
      <set picurl="https://fftcg.cdn.sewest.net/images/cards/full/10-083R_eg.jpg">Opus X</set>
      <tablerow>0</tablerow>
    </card>
    <card>
      <name>Monk (10-084C)</name>
      <text>Pon en dull 1 Nombre de la carta Monje activa: Monje gana +1000 de poder hasta el final del turno.</text>
      <prop>
        <type>Forward - XI - Standard Unit</type>
        <manacost>3</manacost>
        <colors>Earth</colors>
        <pt>7000</pt>
      </prop>
      <set picurl="https://fftcg.cdn.sewest.net/images/cards/full/10-084C_eg.jpg">Opus X</set>
      <tablerow>2</tablerow>
    </card>
    <card>
      <name>Alus (10-085H)</name>
      <text>Cuando Alus entra al terreno de juego o al principio de tu Main Phase 1 durante cada uno de tus turnos, revela la carta superior de tu mazo. Si es una Oficio Draconarius o Nombre de la carta Caballero dragón, añádela a tu mano. Si no es una Oficio Draconarius o Nombre de la carta Caballero dragón, ponla en la Break Zone.
  (Dull), pon Alus en la Break Zone: Elige 1 Delantero. Ponlo en dull.</text>
      <prop>
        <type>Backup - III - Prince</type>
        <manacost>5</manacost>
        <colors>Lightning</colors>
        <pt>0</pt>
      </prop>
      <set picurl="https://fftcg.cdn.sewest.net/images/cards/full/10-085H_eg.jpg">Opus X</set>
      <tablerow>0</tablerow>
    </card>
    <card>
      <name>Aldo (10-086C)</name>
      <text>Cuando Aldo entra al terreno de juego, puedes buscar 1 Delantero Rayo y añadirlo a tu mano.</text>
      <prop>
        <type>Backup - XI - Leader of the Tenshodo</type>
        <manacost>4</manacost>
        <colors>Lightning</colors>
        <pt>0</pt>
      </prop>
      <set picurl="https://fftcg.cdn.sewest.net/images/cards/full/10-086C_eg.jpg">Opus X</set>
      <tablerow>0</tablerow>
    </card>
    <card>
      <name>Willis (10-087R)</name>
      <text>Si controlas Nombre de la carta Juez Alado, Willis gana +3000 de poder, "Willis debe atacar una vez por turno siempre que sea posible." y "Cuando Willis pasa del terreno de juego a la Break Zone, elige 1 Delantero de coste 4 o menos controlado por tu oponente. Rómpelo."</text>
      <prop>
        <type>Forward - XII - Warrior</type>
        <manacost>2</manacost>
        <colors>Lightning</colors>
        <pt>5000</pt>
      </prop>
      <set picurl="https://fftcg.cdn.sewest.net/images/cards/full/10-087R_eg.jpg">Opus X</set>
      <tablerow>2</tablerow>
    </card>
    <card>
      <name>Garland (10-088H)</name>
      <text>Iniciativa
  Cuando Garland entra al terreno de juego, selecciona 1 personaje de coste 3 o menos que controlas que no sea Garland. Ponlo en la Break Zone.</text>
      <prop>
        <type>Forward - DFF · I - Knight</type>
        <manacost>3</manacost>
        <colors>Lightning</colors>
        <pt>9000</pt>
      </prop>
      <set picurl="https://fftcg.cdn.sewest.net/images/cards/full/10-088H_eg.jpg">Opus X</set>
      <tablerow>2</tablerow>
    </card>
    <card>
      <name>Khalia Chival (10-089C)</name>
      <text>(Lightning)(Dull), pon Khalia Chival en la Break Zone: Elige 1 carta Categoría TYPE-0 de tu Break Zone. Añádela a tu mano.</text>
      <prop>
        <type>Backup - TYPE-0 - Chancellor</type>
        <manacost>2</manacost>
        <colors>Lightning</colors>
        <pt>0</pt>
      </prop>
      <set picurl="https://fftcg.cdn.sewest.net/images/cards/full/10-089C_eg.jpg">Opus X</set>
      <tablerow>0</tablerow>
    </card>
    <card>
      <name>Kanna Kamuy (10-090C)</name>
      <text>Pon Kanna Kamuy en la Break Zone: Elige 1 Delantero. Este pierde 7000 de poder hasta el final del turno.
  Daños 5 -- Pon Kanna Kamuy en la Break Zone: Elige 1 Delantero. Este pierde 9000 de poder hasta el final del turno.</text>
      <prop>
        <type>Monster - XIII - Wyvern</type>
        <manacost>3</manacost>
        <colors>Lightning</colors>
        <pt>0</pt>
      </prop>
      <set picurl="https://fftcg.cdn.sewest.net/images/cards/full/10-090C_eg.jpg">Opus X</set>
      <tablerow>1</tablerow>
    </card>
    <card>
      <name>Zaidou (10-091C)</name>
      <text>(Dull), pon Zaidou en la Break Zone: Elige 1 Delantero. Este gana Iniciativa hasta el final del turno.
  (Dull), pon Zaidou en la Break Zone: Elige 1 Delantero Categoría TYPE-0. Hasta el final del turno, este gana Prisa e Iniciativa.</text>
      <prop>
        <type>Backup - TYPE-0 - Provost</type>
        <manacost>2</manacost>
        <colors>Lightning</colors>
        <pt>0</pt>
      </prop>
      <set picurl="https://fftcg.cdn.sewest.net/images/cards/full/10-091C_eg.jpg">Opus X</set>
      <tablerow>0</tablerow>
    </card>
    <card>
      <name>Sakura (10-092C)</name>
      <text>Cuando Sakura entra al terreno de juego, si tu oponente controla un Delantero dañado, coge 2 cartas.</text>
      <prop>
        <type>Forward - FFBE - Sage</type>
        <manacost>2</manacost>
        <colors>Lightning</colors>
        <pt>5000</pt>
      </prop>
      <set picurl="https://fftcg.cdn.sewest.net/images/cards/full/10-092C_eg.jpg">Opus X</set>
      <tablerow>2</tablerow>
    </card>
    <card>
      <name>Shinra Soldier (10-093C)</name>
      <text>Por cada Oficio Soldado de Shinra o Nombre de la carta Soldado de Shinra en tu Break Zone, Soldado de Shinra gana +1000 de poder.</text>
      <prop>
        <type>Forward - VII - Standard Unit</type>
        <manacost>3</manacost>
        <colors>Lightning</colors>
        <pt>7000</pt>
      </prop>
      <set picurl="https://fftcg.cdn.sewest.net/images/cards/full/10-093C_eg.jpg">Opus X</set>
      <tablerow>2</tablerow>
    </card>
    <card>
      <name>Judge of Wings (10-094R)</name>
      <text>El coste requerido para jugar Juez Alado al terreno de juego se reduce en 1 por cada 2 Invocaciones Rayo en tu Break Zone (no puede ser 0).
  Cuando Juez Alado entra al terreno de juego, selecciona 1 de las siguientes 2 acciones.
  "Elige hasta 2 Delanteros. Ponlos en dull."
  "Juez Alado gana Prisa hasta el final del turno."</text>
      <prop>
        <type>Forward - XII - Judge of Wings</type>
        <manacost>6</manacost>
        <colors>Lightning</colors>
        <pt>9000</pt>
      </prop>
      <set picurl="https://fftcg.cdn.sewest.net/images/cards/full/10-094R_eg.jpg">Opus X</set>
      <tablerow>2</tablerow>
    </card>
    <card>
      <name>Desch (10-095H)</name>
      <text>Daños 1 -- Desch gana Iniciativa.
  Daños 3 -- Cuando Desch ataca, inflige 2000 puntos de daño a todos los Delanteros controlados por tu oponente.
  Daños 5 -- Pon Desch en la Break Zone: Elige 1 Delantero. Rómpelo.</text>
      <prop>
        <type>Forward - III - Mysterious Man</type>
        <manacost>3</manacost>
        <colors>Lightning</colors>
        <pt>7000</pt>
      </prop>
      <set picurl="https://fftcg.cdn.sewest.net/images/cards/full/10-095H_eg.jpg">Opus X</set>
      <tablerow>2</tablerow>
    </card>
    <card>
      <name>Knight (10-096C)</name>
      <text>Cuando un Delantero que controlas que no sea Caballero pasa del terreno de juego a la Break Zone, Caballero gana +2000 de poder hasta el final del turno.</text>
      <prop>
        <type>Forward - III - Standard Unit</type>
        <manacost>4</manacost>
        <colors>Lightning</colors>
        <pt>8000</pt>
      </prop>
      <set picurl="https://fftcg.cdn.sewest.net/images/cards/full/10-096C_eg.jpg">Opus X</set>
      <tablerow>2</tablerow>
    </card>
    <card>
      <name>Noel (10-097R)</name>
      <text>Las Nombre de la carta Serah que controlas no pueden ser objetivo de las Invocaciones o habilidades de tu oponente.
  Cuando Noel ataca, activa Noel. Noel puede atacar una vez más este turno. Este efecto solo se puede desencadenar una vez por turno.</text>
      <prop>
        <type>Forward - XIII - Commando</type>
        <manacost>4</manacost>
        <colors>Lightning</colors>
        <pt>8000</pt>
      </prop>
      <set picurl="https://fftcg.cdn.sewest.net/images/cards/full/10-097R_eg.jpg">Opus X</set>
      <tablerow>2</tablerow>
    </card>
    <card>
      <name>Feolthanos (10-098L)</name>
      <text>Las Invocaciones o habilidades de tu oponente elegirán como objetivo a Forthanos siempre que sea posible.
  Cuando Forthanos sea objetivo de una Invocación de coste 5 o menos de tu oponente o una habilidad de personaje de coste 5 o menos de tu oponente, cancela su efecto.</text>
      <prop>
        <type>Forward - XII - Aegyl</type>
        <manacost>7</manacost>
        <colors>Lightning</colors>
        <pt>9000</pt>
      </prop>
      <set picurl="https://fftcg.cdn.sewest.net/images/cards/full/10-098L_eg.jpg">Opus X</set>
      <tablerow>2</tablerow>
    </card>
    <card>
      <name>Dark Knight (10-099C)</name>
      <text>Cuando Caballero oscuro entra al terreno de juego, elige 1 Delantero dañado. Inflígele 8000 puntos de daño.</text>
      <prop>
        <type>Backup - III - Standard Unit</type>
        <manacost>3</manacost>
        <colors>Lightning</colors>
        <pt>0</pt>
      </prop>
      <set picurl="https://fftcg.cdn.sewest.net/images/cards/full/10-099C_eg.jpg">Opus X</set>
      <tablerow>0</tablerow>
    </card>
    <card>
      <name>Raiden (REVENANT WINGS) (10-100C)</name>
      <text>[EX BURST] Inflige 2000 puntos de daño a todos los Delanteros activos controlados por tu oponente. Coge 1 carta.</text>
      <prop>
        <type>Summon - XII</type>
        <manacost>1</manacost>
        <colors>Lightning</colors>
        <pt>0</pt>
      </prop>
      <set picurl="https://fftcg.cdn.sewest.net/images/cards/full/10-100C_eg.jpg">Opus X</set>
      <tablerow>3</tablerow>
    </card>
    <card>
      <name>Lightning (10-101L)</name>
      <text>Cuando Lightning entra al terreno de juego, puedes buscar hasta 2 Nombre de la carta Odín y añadirlas a tu mano.
  (Lightning)(Dull), retira del juego 2 Nombre de la carta Odín de la Break Zone: Elige 1 Delantero. Rómpelo.</text>
      <prop>
        <type>Forward - XIII - Knight of Etro</type>
        <manacost>6</manacost>
        <colors>Lightning</colors>
        <pt>8000</pt>
      </prop>
      <set picurl="https://fftcg.cdn.sewest.net/images/cards/full/10-101L_eg.jpg">Opus X</set>
      <tablerow>2</tablerow>
    </card>
    <card>
      <name>Ramuh (10-102H)</name>
      <text>[EX BURST] Elige 1 Delantero que haya entrado al terreno de juego este turno. Inflígele 8000 puntos de daño.</text>
      <prop>
        <type>Summon - III</type>
        <manacost>2</manacost>
        <colors>Lightning</colors>
        <pt>0</pt>
      </prop>
      <set picurl="https://fftcg.cdn.sewest.net/images/cards/full/10-102H_eg.jpg">Opus X</set>
      <tablerow>3</tablerow>
    </card>
    <card>
      <name>Ramza (10-103R)</name>
      <text>[EX BURST] Cuando Ramza entra al terreno de juego, elige 1 personaje Categoría FFT que no sea Nombre de la carta Ramza de tu Break Zone. Añádelo a tu mano.
Daños 5 -- Cuando Ramza entra al terreno de juego, puedes jugar 1 personaje Categoría FFT de tu mano al terreno de juego.
Chirijiraden (S)(Lightning)(Lightning)(Lightning)(Dull): Inflige 7000 puntos de daño a todos los Delanteros controlados por tu oponente.</text>
      <prop>
        <type>Forward - DFF · FFT - Knight</type>
        <manacost>5</manacost>
        <colors>Lightning</colors>
        <pt>7000</pt>
      </prop>
      <set picurl="https://fftcg.cdn.sewest.net/images/cards/full/10-103R_eg.jpg">Opus X</set>
      <tablerow>2</tablerow>
    </card>
    <card>
      <name>Ranperre (10-104R)</name>
      <text>Cuando Ranperre pasa del terreno de juego a la Break Zone, puedes jugar 1 Delantero Categoría XI de tu mano al terreno de juego.</text>
      <prop>
        <type>Backup - XI - King</type>
        <manacost>2</manacost>
        <colors>Lightning</colors>
        <pt>0</pt>
      </prop>
      <set picurl="https://fftcg.cdn.sewest.net/images/cards/full/10-104R_eg.jpg">Opus X</set>
      <tablerow>0</tablerow>
    </card>
    <card>
      <name>Llyud (10-105R)</name>
      <text>Si controlas un Apoyo Aire, Lyud gana +2000 de poder y Prisa.</text>
      <prop>
        <type>Forward - XII - Aegyl</type>
        <manacost>2</manacost>
        <colors>Lightning</colors>
        <pt>5000</pt>
      </prop>
      <set picurl="https://fftcg.cdn.sewest.net/images/cards/full/10-105R_eg.jpg">Opus X</set>
      <tablerow>2</tablerow>
    </card>
    <card>
      <name>Ashe (10-106L)</name>
      <text>Al principio de tu Attack Phase durante cada uno de tus turnos, selecciona hasta 2 de las siguientes 4 acciones.
  "Coge 1 carta y después descarta 1 carta de tu mano." "Todos los Delanteros Agua que controlas ganan +1000 de poder hasta el final del turno." "Elige 1 personaje. Actívalo." "Elige 1 Delantero de coste 4 o menos. Este pierde todas sus habilidades hasta el final del turno."</text>
      <prop>
        <type>Forward - XII - Princess</type>
        <manacost>4</manacost>
        <colors>Water</colors>
        <pt>8000</pt>
      </prop>
      <set picurl="https://fftcg.cdn.sewest.net/images/cards/full/10-106L_eg.jpg">Opus X</set>
      <tablerow>2</tablerow>
    </card>
    <card>
      <name>Exoray (10-107C)</name>
      <text>Pon Amanita en la Break Zone: Coge 2 cartas.
  Daños 5 -- Pon Amanita en la Break Zone: Coge 3 cartas. (Si has recibido 5 o más puntos de daño, este personaje tiene esta habilidad.)</text>
      <prop>
        <type>Monster - XIII - Nudibranch</type>
        <manacost>3</manacost>
        <colors>Water</colors>
        <pt>0</pt>
      </prop>
      <set picurl="https://fftcg.cdn.sewest.net/images/cards/full/10-107C_eg.jpg">Opus X</set>
      <tablerow>1</tablerow>
    </card>
    <card>
      <name>Aria (III) (10-108R)</name>
      <text>Si no controlas ningún Delantero, Elia (III) no se activa durante tu Active Phase.
  (Dull): Todos los Delanteros que controlas ganan +1000 de poder hasta el final del turno.</text>
      <prop>
        <type>Backup - III - Seeress</type>
        <manacost>2</manacost>
        <colors>Water</colors>
        <pt>0</pt>
      </prop>
      <set picurl="https://fftcg.cdn.sewest.net/images/cards/full/10-108R_eg.jpg">Opus X</set>
      <tablerow>0</tablerow>
    </card>
    <card>
      <name>Elza (10-109C)</name>
      <text>[EX BURST] Cuando Elsa entra al terreno de juego, si controlas un Delantero Oficio Pirata del aire que no sea Elsa, coge 1 carta.</text>
      <prop>
        <type>Forward - XII - Sky Pirate</type>
        <manacost>2</manacost>
        <colors>Water</colors>
        <pt>3000</pt>
      </prop>
      <set picurl="https://fftcg.cdn.sewest.net/images/cards/full/10-109C_eg.jpg">Opus X</set>
      <tablerow>2</tablerow>
    </card>
    <card>
      <name>Cuchulainn (10-110C)</name>
      <text>Elige 1 Delantero. Hasta el final del turno, este pierde 1000 de poder por cada carta que tienes en tu mano. Si su poder pasa a ser 0 o menos a causa del efecto anterior, coge 1 carta.</text>
      <prop>
        <type>Summon - XII</type>
        <manacost>1</manacost>
        <colors>Water</colors>
        <pt>0</pt>
      </prop>
      <set picurl="https://fftcg.cdn.sewest.net/images/cards/full/10-110C_eg.jpg">Opus X</set>
      <tablerow>3</tablerow>
    </card>
    <card>
      <name>Gilgamesh (XI) (10-111H)</name>
      <text>Si controlas 5 o más personajes Agua, las Invocaciones o habilidades del oponente que no infligen daño no pueden romper a Gilgamesh (XI).
  Cuando Gilgamesh (XI) ataca, elige 1 Delantero de coste 2 o menos de tu Break Zone. Juégalo al terreno de juego.</text>
      <prop>
        <type>Forward - XI - Pirate</type>
        <manacost>6</manacost>
        <colors>Water</colors>
        <pt>9000</pt>
      </prop>
      <set picurl="https://fftcg.cdn.sewest.net/images/cards/full/10-111H_eg.jpg">Opus X</set>
      <tablerow>2</tablerow>
    </card>
    <card>
      <name>Sara (10-112H)</name>
      <text>Los Delanteros Oficio Guerrero de la Luz que controlas ganan +1000 de poder.</text>
      <prop>
        <type>Backup - III - Princess</type>
        <manacost>3</manacost>
        <colors>Water</colors>
        <pt>0</pt>
      </prop>
      <set picurl="https://fftcg.cdn.sewest.net/images/cards/full/10-112H_eg.jpg">Opus X</set>
      <tablerow>0</tablerow>
    </card>
    <card>
      <name>G Diver (10-113C)</name>
      <text>Cuando Buzo G pasa del terreno de juego a la Break Zone, cada jugador coge 1 carta.</text>
      <prop>
        <type>Forward - VII - Standard Unit</type>
        <manacost>2</manacost>
        <colors>Water</colors>
        <pt>5000</pt>
      </prop>
      <set picurl="https://fftcg.cdn.sewest.net/images/cards/full/10-113C_eg.jpg">Opus X</set>
      <tablerow>2</tablerow>
    </card>
    <card>
      <name>White Mage (10-114C)</name>
      <text>(Water)(Water)(Dull), pon Mago blanco en la Break Zone: Elige 1 Invocación Agua de tu Break Zone. Añádela a tu mano.</text>
      <prop>
        <type>Backup - XI - Standard Unit</type>
        <manacost>2</manacost>
        <colors>Water</colors>
        <pt>0</pt>
      </prop>
      <set picurl="https://fftcg.cdn.sewest.net/images/cards/full/10-114C_eg.jpg">Opus X</set>
      <tablerow>0</tablerow>
    </card>
    <card>
      <name>Cecil (10-115C)</name>
      <text>(Dull), pon Cecil en la Break Zone: Durante este turno, si un Delantero que controlas recibe daño, este se reduce en 2000 en su lugar.</text>
      <prop>
        <type>Backup - IV - Paladin</type>
        <manacost>2</manacost>
        <colors>Water</colors>
        <pt>0</pt>
      </prop>
      <set picurl="https://fftcg.cdn.sewest.net/images/cards/full/10-115C_eg.jpg">Opus X</set>
      <tablerow>0</tablerow>
    </card>
    <card>
      <name>Onion Knight (III) (10-116C)</name>
      <text>Si controlas 4 o más Apoyos y si los Apoyos que controlas son todos de elementos distintos, Caballero cebolla (III) gana +6000 de poder.</text>
      <prop>
        <type>Forward - III - Standard Unit</type>
        <manacost>1</manacost>
        <colors>Water</colors>
        <pt>2000</pt>
      </prop>
      <set picurl="https://fftcg.cdn.sewest.net/images/cards/full/10-116C_eg.jpg">Opus X</set>
      <tablerow>2</tablerow>
    </card>
    <card>
      <name>Tidus (10-117H)</name>
      <text>Los Delanteros Categoría X que controlas que no sean Tidus ganan +1000 de poder.
  Cuando Tidus entra al terreno de juego, puedes devolver 1 Apoyo que controlas a la mano de su propietario. Cuando lo haces, elige 1 Delantero. Devuélvelo a la mano de su propietario.
  Golpe rápido (S): Activa Tidus. Tidus gana +2000 de poder hasta el final del turno.</text>
      <prop>
        <type>Forward - DFF · X - Guardian</type>
        <manacost>4</manacost>
        <colors>Water</colors>
        <pt>8000</pt>
      </prop>
      <set picurl="https://fftcg.cdn.sewest.net/images/cards/full/10-117H_eg.jpg">Opus X</set>
      <tablerow>2</tablerow>
    </card>
    <card>
      <name>Tomaj (10-118R)</name>
      <text>(Dull): Elige 1 Delantero. Este pierde 1000 de poder hasta el final del turno. Solo puedes usar esta habilidad si controlas 3 o más Delanteros Oficio Pirata del aire.</text>
      <prop>
        <type>Backup - XII - Sky Pirate</type>
        <manacost>2</manacost>
        <colors>Water</colors>
        <pt>0</pt>
      </prop>
      <set picurl="https://fftcg.cdn.sewest.net/images/cards/full/10-118R_eg.jpg">Opus X</set>
      <tablerow>0</tablerow>
    </card>
    <card>
      <name>Verena (10-119R)</name>
      <text>[EX BURST] Cuando Verena entra al terreno de juego, puedes buscar 1 Oficio Duende o Nombre de la carta Duende y añadirla a tu mano.</text>
      <prop>
        <type>Backup - XI - Empath</type>
        <manacost>3</manacost>
        <colors>Water</colors>
        <pt>0</pt>
      </prop>
      <set picurl="https://fftcg.cdn.sewest.net/images/cards/full/10-119R_eg.jpg">Opus X</set>
      <tablerow>0</tablerow>
    </card>
    <card>
      <name>Folka (10-120L)</name>
      <text>Descarta 1 Invocación Agua: Folka no puede ser objetivo de Invocaciones o habilidades de tu oponente este turno.
  Descarta 1 Invocación Agua: Elige 1 Delantero y 1 Apoyo. Actívalos.
  Descarta 1 Invocación Agua: Elige 1 Delantero de coste 4 o menos controlado por tu oponente. Devuélvelo a la mano de su propietario.</text>
      <prop>
        <type>Forward - FFBE - Sworn Six of Paladia</type>
        <manacost>3</manacost>
        <colors>Water</colors>
        <pt>7000</pt>
      </prop>
      <set picurl="https://fftcg.cdn.sewest.net/images/cards/full/10-120L_eg.jpg">Opus X</set>
      <tablerow>2</tablerow>
    </card>
    <card>
      <name>Class Fourth Moogle (10-121C)</name>
      <text>Si Moguri de la clase Cuatro está en el terreno de juego, Moguri de la clase Cuatro puede generar CP Fuego.</text>
      <prop>
        <type>Backup - TYPE-0 - Moogle</type>
        <manacost>2</manacost>
        <colors>Water</colors>
        <pt>0</pt>
      </prop>
      <set picurl="https://fftcg.cdn.sewest.net/images/cards/full/10-121C_eg.jpg">Opus X</set>
      <tablerow>0</tablerow>
    </card>
    <card>
      <name>Class Seventh Moogle (10-122R)</name>
      <text>(1)(Dull): Elige 1 Delantero Agua que controlas. Este gana +1000 de poder hasta el final del turno.</text>
      <prop>
        <type>Backup - TYPE-0 - Moogle</type>
        <manacost>2</manacost>
        <colors>Water</colors>
        <pt>0</pt>
      </prop>
      <set picurl="https://fftcg.cdn.sewest.net/images/cards/full/10-122R_eg.jpg">Opus X</set>
      <tablerow>0</tablerow>
    </card>
    <card>
      <name>Lion (10-123R)</name>
      <text>Daños 2 -- Cuando Lion pasa del terreno de juego a la Break Zone, coge 1 carta.
  Daños 5 -- Lion gana +1000 de poder y "Si Lion recibe daño, este se reduce en 1000 en su lugar."</text>
      <prop>
        <type>Forward - XI - Scout</type>
        <manacost>3</manacost>
        <colors>Water</colors>
        <pt>7000</pt>
      </prop>
      <set picurl="https://fftcg.cdn.sewest.net/images/cards/full/10-123R_eg.jpg">Opus X</set>
      <tablerow>2</tablerow>
    </card>
    <card>
      <name>Raz (10-124C)</name>
      <text>Cuando Razz entra al terreno de juego, elige 1 Delantero. Si controlas un Delantero Oficio Pirata del aire que no sea Razz, devuélvelo a la mano de su propietario.</text>
      <prop>
        <type>Forward - XII - Sky Pirate</type>
        <manacost>4</manacost>
        <colors>Water</colors>
        <pt>8000</pt>
      </prop>
      <set picurl="https://fftcg.cdn.sewest.net/images/cards/full/10-124C_eg.jpg">Opus X</set>
      <tablerow>2</tablerow>
    </card>
    <card>
      <name>Leviathan (10-125H)</name>
      <text>[EX BURST] Coge 2 cartas, luego pon 1 carta de tu mano en la parte superior o inferior de tu mazo.</text>
      <prop>
        <type>Summon - III</type>
        <manacost>3</manacost>
        <colors>Water</colors>
        <pt>0</pt>
      </prop>
      <set picurl="https://fftcg.cdn.sewest.net/images/cards/full/10-125H_eg.jpg">Opus X</set>
      <tablerow>3</tablerow>
    </card>
    <card>
      <name>Rikken (10-126R)</name>
      <text>Al principio de tu Attack Phase durante cada uno de tus turnos, todos los Delanteros Oficio Pirata del aire que controlas que no sean Ricky ganan +2000 de poder hasta el final del turno.</text>
      <prop>
        <type>Forward - XII - Sky Pirate</type>
        <manacost>3</manacost>
        <colors>Water</colors>
        <pt>7000</pt>
      </prop>
      <set picurl="https://fftcg.cdn.sewest.net/images/cards/full/10-126R_eg.jpg">Opus X</set>
      <tablerow>2</tablerow>
    </card>
    <card>
      <name>Citra (10-127H)</name>
      <text>[EX BURST] Cuando Citra entra al terreno de juego, elige 1 Invocación o Monstruo de tu Break Zone. Añádela a tu mano.
  Descarta 1 carta Luz: Elige 1 Delantero. No puede atacar o bloquear este turno.</text>
      <prop>
        <type>Forward - FFBE - Sworn Six of Paladia</type>
        <manacost>3</manacost>
        <colors>Light</colors>
        <pt>7000</pt>
      </prop>
      <set picurl="https://fftcg.cdn.sewest.net/images/cards/full/10-127H_eg.jpg">Opus X</set>
      <tablerow>2</tablerow>
    </card>
    <card>
      <name>Refia (10-128L)</name>
      <text>Cuando Refia entra al terreno de juego, puedes buscar 1 Nombre de la carta Arc, Nombre de la carta Ingus o Nombre de la carta Luneth de coste 4 o menos y jugarla al terreno de juego.
  Cuando Refia ataca, elige 1 Delantero controlado por tu oponente. Si controlas 4 o más Delanteros Oficio Guerrero de la Luz, retíralo del juego.</text>
      <prop>
        <type>Forward - III - Warrior of Light</type>
        <manacost>5</manacost>
        <colors>Light</colors>
        <pt>8000</pt>
      </prop>
      <set picurl="https://fftcg.cdn.sewest.net/images/cards/full/10-128L_eg.jpg">Opus X</set>
      <tablerow>2</tablerow>
    </card>
    <card>
      <name>Hein (10-129L)</name>
      <text>Descarta 1 carta: Nombra 1 elemento. Durante este turno, Hein no puede ser objetivo de Invocaciones o habilidades de ese elemento, y si Hein recibe daño de una Invocación o habilidad de ese elemento, el daño se vuelve 0 en su lugar.
(3)(Dull): Elige hasta 2 personajes. Ponlos en dull. Solo puedes pagar con CP Fuego, CP Frío o CP Rayo el coste para usar esta habilidad.</text>
      <prop>
        <type>Forward - III - Mage</type>
        <manacost>4</manacost>
        <colors>Dark</colors>
        <pt>9000</pt>
      </prop>
      <set picurl="https://fftcg.cdn.sewest.net/images/cards/full/10-129L_eg.jpg">Opus X</set>
      <tablerow>2</tablerow>
    </card>
    <card>
      <name>Raegen (10-130H)</name>
      <text>[EX BURST] Cuando Raegen entra al terreno de juego, elige 1 Delantero o Apoyo que no sea Nombre de la carta Raegen de tu Break Zone. Añádelo a tu mano.
  (1)(Dull), descarta 1 carta Oscuridad: Elige 1 Delantero. Este pierde 7000 de poder hasta el final del turno.</text>
      <prop>
        <type>Forward - FFBE - Sworn Six of Paladia</type>
        <manacost>5</manacost>
        <colors>Dark</colors>
        <pt>8000</pt>
      </prop>
      <set picurl="https://fftcg.cdn.sewest.net/images/cards/full/10-130H_eg.jpg">Opus X</set>
      <tablerow>2</tablerow>
    </card>
    <card>
      <name>Ace (10-131S)</name>
      <text>Cuando Ace entra al terreno de juego, selecciona 1 de las siguientes 2 acciones.
"Elige 1 Delantero controlado por tu oponente. Inflígele 5000 puntos de daño."
"Puedes pagar (Fire)(Fire)(Fire). Cuando lo haces, elige 1 Delantero controlado por tu oponente. Inflígele 9000 puntos de daño."</text>
      <prop>
        <type>Backup - DFF · TYPE-0 - Class Zero Cadet</type>
        <manacost>2</manacost>
        <colors>Fire</colors>
        <pt>0</pt>
      </prop>
      <set picurl="https://fftcg.cdn.sewest.net/images/cards/full/10-131S_eg.jpg">Opus X</set>
      <tablerow>0</tablerow>
    </card>
    <card>
      <name>Terra (10-132S)</name>
      <text>[EX BURST] Cuando Terra entra al terreno de juego, elige 1 Invocación de tu Break Zone. Añádela a tu mano.
Cuando lanzas una Invocación, elige 1 Delantero controlado por tu oponente. Inflígele 2000 puntos de daño.</text>
      <prop>
        <type>Forward - DFF · VI - Magitek Knight</type>
        <manacost>4</manacost>
        <colors>Fire</colors>
        <pt>5000</pt>
      </prop>
      <set picurl="https://fftcg.cdn.sewest.net/images/cards/full/10-132S_eg.jpg">Opus X</set>
      <tablerow>2</tablerow>
    </card>
    <card>
      <name>Vaan (10-133S)</name>
      <text>Cuando Vaan entra al terreno de juego, revela las 5 cartas de la parte superior de tu mazo. Juega 1 Delantero de coste 3 o menos entre ellas al terreno de juego. Después, baraja las demás cartas reveladas y colócalas en la parte inferior de tu mazo. Si has recibido 5 o más puntos de daño, realiza esta acción dos veces en su lugar.</text>
      <prop>
        <type>Forward - DFF · XII - Sky Pirate</type>
        <manacost>6</manacost>
        <colors>Wind</colors>
        <pt>8000</pt>
      </prop>
      <set picurl="https://fftcg.cdn.sewest.net/images/cards/full/10-133S_eg.jpg">Opus X</set>
      <tablerow>2</tablerow>
    </card>
    <card>
      <name>Kain (10-134S)</name>
      <text>Prisa
Si Kain recibe daño que no sea producido en combate, el daño se vuelve 0 en su lugar.
Gungnir (S): Hasta el final del turno, Kain gana +5000 de poder e Iniciativa.</text>
      <prop>
        <type>Forward - DFF · IV - Holy Dragoon</type>
        <manacost>3</manacost>
        <colors>Wind</colors>
        <pt>5000</pt>
      </prop>
      <set picurl="https://fftcg.cdn.sewest.net/images/cards/full/10-134S_eg.jpg">Opus X</set>
      <tablerow>2</tablerow>
    </card>
    <card>
      <name>Kefka (10-135S)</name>
      <text>[EX BURST] Cuando Kefka ataca, elige 1 Delantero que controlas y 1 Delantero controlado por tu oponente. Rómpelos.
Cuando un personaje controlado por tu oponente pasa del terreno de juego a la Break Zone, puedes pagar (1). Cuando lo haces, coge 1 carta.</text>
      <prop>
        <type>Forward - DFF · VI - Mage</type>
        <manacost>4</manacost>
        <colors>Earth</colors>
        <pt>7000</pt>
      </prop>
      <set picurl="https://fftcg.cdn.sewest.net/images/cards/full/10-135S_eg.jpg">Opus X</set>
      <tablerow>2</tablerow>
    </card>
    <card>
      <name>Shantotto (10-136S)</name>
      <text>Si tu oponente controla 7 o más personajes, el coste requerido para jugar Shantotto al terreno de juego se reduce en 3.
Cuando Shantotto entra al terreno de juego, selecciona 1 de las siguientes 2 acciones.
"Elige 1 personaje de coste 3 o menos de tu Break Zone. Juégalo al terreno de juego."
"Elige 1 personaje de coste 3 o menos controlado por tu oponente. Rómpelo."</text>
      <prop>
        <type>Forward - DFF · XI - Mage</type>
        <manacost>9</manacost>
        <colors>Earth</colors>
        <pt>9000</pt>
      </prop>
      <set picurl="https://fftcg.cdn.sewest.net/images/cards/full/10-136S_eg.jpg">Opus X</set>
      <tablerow>2</tablerow>
    </card>
    <card>
      <name>Lightning (10-137S)</name>
      <text>Durante este turno, si has atacado con 2 o más Delanteros que controlas, el coste requerido para jugar Lightning al terreno de juego se reduce en 3.
Arremetida (S)(Dull): Elige hasta 2 Delanteros. Ponlos en dull. Coge 1 carta.</text>
      <prop>
        <type>Forward - DFF · XIII - Ravager</type>
        <manacost>4</manacost>
        <colors>Lightning</colors>
        <pt>8000</pt>
      </prop>
      <set picurl="https://fftcg.cdn.sewest.net/images/cards/full/10-137S_eg.jpg">Opus X</set>
      <tablerow>2</tablerow>
    </card>
    <card>
      <name>Ramza (10-138S)</name>
      <text>Cuando Ramza entra al terreno de juego, revela las 3 cartas de la parte superior de tu mazo. Añade 1 Delantero, 1 Apoyo y 1 Invocación de entre ellas a tu mano y pon el resto en la Break Zone.
(Lightning)(1)(Dull), pon Ramza en la Break Zone: Elige 1 Monstruo. Rómpelo.</text>
      <prop>
        <type>Backup - DFF · FFT - Knight</type>
        <manacost>5</manacost>
        <colors>Lightning</colors>
        <pt>0</pt>
      </prop>
      <set picurl="https://fftcg.cdn.sewest.net/images/cards/full/10-138S_eg.jpg">Opus X</set>
      <tablerow>0</tablerow>
    </card>
    <card>
      <name>Onion Knight (10-139S)</name>
      <text>Cuando Caballero cebolla inflige daño a tu oponente, puedes buscar 1 Nombre de la carta Caballero cebolla y añadirla a tu mano.
Torrente de espadas (S): Hasta el final del turno, Caballero cebolla gana +1000 de poder, Prisa, Iniciativa y Bravura.
Meteo (S)(1)(Dull): Elige 1 Delantero. Inflígele daño equivalente al poder de Caballero cebolla.</text>
      <prop>
        <type>Forward - DFF · III - Onion Knight</type>
        <manacost>3</manacost>
        <colors>Light</colors>
        <pt>7000</pt>
      </prop>
      <set picurl="https://fftcg.cdn.sewest.net/images/cards/full/10-139S_eg.jpg">Opus X</set>
      <tablerow>2</tablerow>
    </card>
    <card>
      <name>Cloud of Darkness (10-140S)</name>
      <text>Al final de cada uno de tus turnos, retira del juego la carta superior de tu mazo.
Nube de Oscuridad gana +1000 de poder por cada carta retirada a causa de la habilidad de Nube de Oscuridad.
Cuando Nube de Oscuridad abandona el terreno de juego, añade a tu mano 1 carta retirada a causa de la habilidad de Nube de Oscuridad y pon el resto en la Break Zone.</text>
      <prop>
        <type>Forward - DFF · III - Wraith</type>
        <manacost>3</manacost>
        <colors>Dark</colors>
        <pt>7000</pt>
      </prop>
      <set picurl="https://fftcg.cdn.sewest.net/images/cards/full/10-140S_eg.jpg">Opus X</set>
      <tablerow>2</tablerow>
    </card>
  </cards>
</cockatrice_carddatabase>