<?xml version="1.0" encoding="UTF-8"?>
<cockatrice_carddatabase version="4">
  <sets>
    <set>
      <name>Opus XI</name>
      <longname>Opus XI</longname>
      <settype>Custom</settype>
      <releasedate></releasedate>
    </set>
  </sets>
  <cards>
    <card>
      <name>Ifrit (11-001R)</name>
      <text>[EX BURST] Elige 1 Delantero. Inflígele 5000 puntos de daño. Si tu oponente ha recibido 5 o más puntos de daño, inflígele 8000 puntos de daño en su lugar.</text>
      <prop>
        <type>Summon - X</type>
        <manacost>1</manacost>
        <colors>Fire</colors>
        <pt>0</pt>
      </prop>
      <set picurl="https://fftcg.cdn.sewest.net/images/cards/full/11-001R_eg.jpg">Opus XI</set>
      <tablerow>3</tablerow>
    </card>
    <card>
      <name>Interceptor (11-002H)</name>
      <text>Las Nombre de la carta Shadow que controlas ganan +1000 de poder y Prisa.
  (1)(Dull): Elige 1 Delantero Categoría VI que controlas. Este gana Prisa hasta el final del turno.</text>
      <prop>
        <type>Backup - VI - Dog</type>
        <manacost>2</manacost>
        <colors>Fire</colors>
        <pt>0</pt>
      </prop>
      <set picurl="https://fftcg.cdn.sewest.net/images/cards/full/11-002H_eg.jpg">Opus XI</set>
      <tablerow>0</tablerow>
    </card>
    <card>
      <name>Cyan (11-003R)</name>
      <text>[EX BURST] Cuando Cyan entra al terreno de juego, puedes buscar 1 Oficio Samurái o Nombre de la carta Samurái que no sea Nombre de la carta Cyan y añadirla a tu mano.
  Cuando una Oficio Samurái o Nombre de la carta Samurái que controlas ataca, inflige 1000 puntos de daño por cada Oficio Samurái o Nombre de la carta Samurái que controlas a todos los Delanteros controlados por tu oponente.</text>
      <prop>
        <type>Forward - DFF · VI - Samurai</type>
        <manacost>3</manacost>
        <colors>Fire</colors>
        <pt>6000</pt>
      </prop>
      <set picurl="https://fftcg.cdn.sewest.net/images/cards/full/11-003R_eg.jpg">Opus XI</set>
      <tablerow>2</tablerow>
    </card>
    <card>
      <name>Cu Chaspel (11-004C)</name>
      <text>(Dull): El daño que reciben los Delanteros controlados por tu oponente no puede reducirse este turno.
</text>
      <prop>
        <type>Backup - FFCC - Masked Man</type>
        <manacost>2</manacost>
        <colors>Fire</colors>
        <pt>0</pt>
      </prop>
      <set picurl="https://fftcg.cdn.sewest.net/images/cards/full/11-004C_eg.jpg">Opus XI</set>
      <tablerow>0</tablerow>
    </card>
    <card>
      <name>Black Mage Soldier (11-005C)</name>
      <text>Cuando Soldado mago negro entra al terreno de juego, elige 1 Delantero controlado por tu oponente. Si el coste para jugar Soldado mago negro se ha pagado con CP de 2 o más elementos distintos, inflígele 5000 puntos de daño.</text>
      <prop>
        <type>Forward - IX - Standard Unit</type>
        <manacost>4</manacost>
        <colors>Fire</colors>
        <pt>7000</pt>
      </prop>
      <set picurl="https://fftcg.cdn.sewest.net/images/cards/full/11-005C_eg.jpg">Opus XI</set>
      <tablerow>2</tablerow>
    </card>
    <card>
      <name>Gekkou (11-006C)</name>
      <text>Cuando Gekkou entra al terreno de juego, elige 1 Delantero controlado por tu oponente. Inflígele 2000 puntos de daño por cada Oficio Ninja o Nombre de la carta Ninja que controlas.
  (Fire): Gekkou gana Bravura hasta el final de turno.</text>
      <prop>
        <type>Forward - PICTLOGICA · IV - Ninja</type>
        <manacost>4</manacost>
        <colors>Fire</colors>
        <pt>8000</pt>
      </prop>
      <set picurl="https://fftcg.cdn.sewest.net/images/cards/full/11-006C_eg.jpg">Opus XI</set>
      <tablerow>2</tablerow>
    </card>
    <card>
      <name>Zack (11-007R)</name>
      <text>Al final de cada uno de tus turnos, elige 1 Delantero controlado por tu oponente. Descarta 1 carta de tu mano. Si lo haces, inflígele 5000 puntos de daño.</text>
      <prop>
        <type>Forward - VII - SOLDIER</type>
        <manacost>1</manacost>
        <colors>Fire</colors>
        <pt>8000</pt>
      </prop>
      <set picurl="https://fftcg.cdn.sewest.net/images/cards/full/11-007R_eg.jpg">Opus XI</set>
      <tablerow>2</tablerow>
    </card>
    <card>
      <name>Zidane (11-008H)</name>
      <text>Prisa
  Cuando Yitán inflige daño a tu oponente, elige 1 Delantero controlado por tu oponente. Inflígele 8000 puntos de daño.</text>
      <prop>
        <type>Forward - IX - Thief</type>
        <manacost>2</manacost>
        <colors>Fire</colors>
        <pt>2000</pt>
      </prop>
      <set picurl="https://fftcg.cdn.sewest.net/images/cards/full/11-008H_eg.jpg">Opus XI</set>
      <tablerow>2</tablerow>
    </card>
    <card>
      <name>Shadow (11-009L)</name>
      <text>Cuando Shadow entra al terreno de juego, revela las 5 cartas de la parte superior de tu mazo. Añade 1 Apoyo de entre ellas a tu mano y coloca el resto en la parte inferior de tu mazo en el orden que quieras. Después, puedes jugar 1 Apoyo de coste 2 o menos de tu mano al terreno de juego.
  Colmillo sombrío (S)(Fire): Elige 1 Delantero. Inflígele 10000 puntos de daño. Solo puedes usar esta habilidad si has recibido un punto de daño este turno.</text>
      <prop>
        <type>Forward - VI - Assassin</type>
        <manacost>5</manacost>
        <colors>Fire</colors>
        <pt>7000</pt>
      </prop>
      <set picurl="https://fftcg.cdn.sewest.net/images/cards/full/11-009L_eg.jpg">Opus XI</set>
      <tablerow>2</tablerow>
    </card>
    <card>
      <name>Warrior (11-010C)</name>
      <text>(Dull), pon Guerrero en la Break Zone: Elige 1 Delantero. Este gana +1000 de poder hasta el final del turno.
  (Fire)(1)(Dull), pon Guerrero en la Break Zone: Elige 1 Delantero. Inflígele 5000 puntos de daño.</text>
      <prop>
        <type>Backup - I - Standard Unit</type>
        <manacost>2</manacost>
        <colors>Fire</colors>
        <pt>0</pt>
      </prop>
      <set picurl="https://fftcg.cdn.sewest.net/images/cards/full/11-010C_eg.jpg">Opus XI</set>
      <tablerow>0</tablerow>
    </card>
    <card>
      <name>Dadaluma (11-011R)</name>
      <text>Cuando Dadaluma entra al terreno de juego, Dadaluma te inflige 1 punto de daño.
  Daños 3 -- Dadaluma gana Bravura y "Las Invocaciones o habilidades de tu oponente no pueden poner en dull a Dadaluma."</text>
      <prop>
        <type>Forward - VI - Martial Artist</type>
        <manacost>2</manacost>
        <colors>Fire</colors>
        <pt>8000</pt>
      </prop>
      <set picurl="https://fftcg.cdn.sewest.net/images/cards/full/11-011R_eg.jpg">Opus XI</set>
      <tablerow>2</tablerow>
    </card>
    <card>
      <name>Mootie (11-012C)</name>
      <text>Cuando Mootie entra al terreno de juego, puedes buscar 1 Invocación Fuego y añadirla a tu mano.
  Cuando lanzas una Nombre de la carta Bahamut, activa Mootie.</text>
      <prop>
        <type>Backup - FFL - Eidolon</type>
        <manacost>3</manacost>
        <colors>Fire</colors>
        <pt>0</pt>
      </prop>
      <set picurl="https://fftcg.cdn.sewest.net/images/cards/full/11-012C_eg.jpg">Opus XI</set>
      <tablerow>0</tablerow>
    </card>
    <card>
      <name>Morrow (11-013R)</name>
      <text>Daños 3 -- Morrow gana +2000 de poder y Prisa.
  Daños 6 -- Morrow gana +2000 de poder y "Cuando el Delantero que ha recibido daño de Morrow pasa del terreno de juego a la Break Zone en el mismo turno, activa Morrow. Morrow puede atacar una vez más este turno."
</text>
      <prop>
        <type>Forward - FFL - Adventurer-in-Training</type>
        <manacost>2</manacost>
        <colors>Fire</colors>
        <pt>5000</pt>
      </prop>
      <set picurl="https://fftcg.cdn.sewest.net/images/cards/full/11-013R_eg.jpg">Opus XI</set>
      <tablerow>2</tablerow>
    </card>
    <card>
      <name>Parai (11-014C)</name>
      <text>El coste requerido para jugar Parai al terreno de juego se reduce en 1 por cada punto de daño que has recibido.
  [EX BURST] Cuando Parai entra al terreno de juego, elige 1 Delantero controlado por tu oponente. Inflígele 1000 puntos de daño por cada punto de daño que has recibido.</text>
      <prop>
        <type>Forward - FFL - Warrior</type>
        <manacost>7</manacost>
        <colors>Fire</colors>
        <pt>9000</pt>
      </prop>
      <set picurl="https://fftcg.cdn.sewest.net/images/cards/full/11-014C_eg.jpg">Opus XI</set>
      <tablerow>2</tablerow>
    </card>
    <card>
      <name>Braska’s Final Aeon (11-015L)</name>
      <text>Cuando Transformación final de Braska ataca o es objetivo de las Invocaciones o habilidades de tu oponente, elige hasta 1 Delantero controlado por tu oponente. Inflígele 10000 puntos de daño. Este daño no puede reducirse.
  Descarta Transformación final de Braska: Elige 1 Delantero. Inflígele 10000 puntos de daño. Solo puedes usar esta habilidad si controlas 2 o más Delanteros Oficio Invocador y si Transformación final de Braska está en tu mano.</text>
      <prop>
        <type>Forward - MOBIUS · X - Final Aeon</type>
        <manacost>7</manacost>
        <colors>Fire</colors>
        <pt>10000</pt>
      </prop>
      <set picurl="https://fftcg.cdn.sewest.net/images/cards/full/11-015L_eg.jpg">Opus XI</set>
      <tablerow>2</tablerow>
    </card>
    <card>
      <name>Bomb (11-016R)</name>
      <text>Cuando un personaje Fuego que no sea Bom entra a tu terreno de juego, pon 1 Contador Monstruo sobre Bom.
  Pon Bom en la Break Zone: Elige 1 Delantero. Inflígele 4000 puntos de daño.
  Pon Bom en la Break Zone: Elige 1 Delantero. Inflígele 10000 puntos de daño. Solo puedes usar esta habilidad si hay 3 o más Contadores Monstruo sobre Bom.</text>
      <prop>
        <type>Monster - X - Bomb</type>
        <manacost>1</manacost>
        <colors>Fire</colors>
        <pt>0</pt>
      </prop>
      <set picurl="https://fftcg.cdn.sewest.net/images/cards/full/11-016R_eg.jpg">Opus XI</set>
      <tablerow>1</tablerow>
    </card>
    <card>
      <name>Marche (11-017H)</name>
      <text>Si controlas 2 o más personajes Categoría FFTA, el coste requerido para jugar Marche al terreno de juego se reduce en 2.
  Cuando Marche entra al terreno de juego, elige 1 personaje Categoría FFTA de coste 3 o menos de tu Break Zone. Juégalo al terreno de juego.</text>
      <prop>
        <type>Forward - FFTA - Clan Leader</type>
        <manacost>5</manacost>
        <colors>Fire</colors>
        <pt>7000</pt>
      </prop>
      <set picurl="https://fftcg.cdn.sewest.net/images/cards/full/11-017H_eg.jpg">Opus XI</set>
      <tablerow>2</tablerow>
    </card>
    <card>
      <name>Sabin (11-018H)</name>
      <text>(0): Hasta el final del turno, Sabin gana +2000 de poder, Iniciativa y Bravura. Sabin te inflige 1 punto de daño. Solo puedes usar esta habilidad durante tu turno y una vez por turno.
  Daños 5 -- Cuando Sabin ataca, elige 1 Delantero controlado por tu oponente. Inflígele daño equivalente al poder de Sabin.</text>
      <prop>
        <type>Forward - VI - Monk</type>
        <manacost>3</manacost>
        <colors>Fire</colors>
        <pt>7000</pt>
      </prop>
      <set picurl="https://fftcg.cdn.sewest.net/images/cards/full/11-018H_eg.jpg">Opus XI</set>
      <tablerow>2</tablerow>
    </card>
    <card>
      <name>Marilith (11-019C)</name>
      <text>Cuando Marilita entra al terreno de juego, puedes pagar (Fire)(Fire)(1). Cuando lo haces, elige 1 Delantero controlado por tu oponente. Inflígele 7000 puntos de daño.
  Cuando Marilita pasa del terreno de juego a la Break Zone, puedes buscar 1 Oficio Caos que no sea Nombre de la carta Marilita y añadirla a tu mano.</text>
      <prop>
        <type>Forward - I - Chaos</type>
        <manacost>5</manacost>
        <colors>Fire</colors>
        <pt>9000</pt>
      </prop>
      <set picurl="https://fftcg.cdn.sewest.net/images/cards/full/11-019C_eg.jpg">Opus XI</set>
      <tablerow>2</tablerow>
    </card>
    <card>
      <name>Lilty (11-020C)</name>
      <text>Cuando Lilti entra al terreno de juego, revela cartas de la parte superior de tu mazo una a una hasta que aparezca una carta Frío o Aire. Añádela a tu mano. Después, baraja las demás cartas y colócalas en la parte inferior de tu mazo.</text>
      <prop>
        <type>Backup - FFCC - Standard Unit</type>
        <manacost>3</manacost>
        <colors>Fire</colors>
        <pt>0</pt>
      </prop>
      <set picurl="https://fftcg.cdn.sewest.net/images/cards/full/11-020C_eg.jpg">Opus XI</set>
      <tablerow>0</tablerow>
    </card>
    <card>
      <name>Red Cap (11-021C)</name>
      <text>Durante tu turno, Capa roja también pasa a ser un Delantero con 7000 de poder.
  (Fire), descarta Capa roja, retira 1 Apoyo del juego: Elige 1 Delantero. Inflígele 7000 puntos de daño. Solo puedes usar esta habilidad si Capa roja está en tu mano.</text>
      <prop>
        <type>Monster - FFTA - Goblin</type>
        <manacost>3</manacost>
        <colors>Fire</colors>
        <pt>7000</pt>
      </prop>
      <set picurl="https://fftcg.cdn.sewest.net/images/cards/full/11-021C_eg.jpg">Opus XI</set>
      <tablerow>1</tablerow>
    </card>
    <card>
      <name>Iedolas (11-022C)</name>
      <text>[EX BURST] Cuando Iedolas entra al terreno de juego, elige 1 personaje Frío de tu Break Zone. Añádelo a tu mano.</text>
      <prop>
        <type>Backup - XV - Emperor</type>
        <manacost>4</manacost>
        <colors>Ice</colors>
        <pt>0</pt>
      </prop>
      <set picurl="https://fftcg.cdn.sewest.net/images/cards/full/11-022C_eg.jpg">Opus XI</set>
      <tablerow>0</tablerow>
    </card>
    <card>
      <name>Verstael (11-023H)</name>
      <text>Cuando Verstael entra al terreno de juego, revela las 5 cartas de la parte superior de tu mazo. Añade hasta 3 personajes de coste 5 o más de entre ellas a tu mano y coloca el resto en la parte inferior de tu mazo en el orden que quieras.</text>
      <prop>
        <type>Forward - XV - Research Chief</type>
        <manacost>5</manacost>
        <colors>Ice</colors>
        <pt>5000</pt>
      </prop>
      <set picurl="https://fftcg.cdn.sewest.net/images/cards/full/11-023H_eg.jpg">Opus XI</set>
      <tablerow>2</tablerow>
    </card>
    <card>
      <name>Umaro (11-024L)</name>
      <text>Si controlas una Nombre de la carta Mog (VI), el coste requerido para jugar Umaro al terreno de juego se reduce en 2.
  Cuando Umaro entra al terreno de juego, elige 1 Delantero controlado por tu oponente. Colócalo en la parte inferior del mazo de su propietario.
  Al final de cada uno de tus turnos, elige 1 Delantero controlado por tu oponente. Congélalo.</text>
      <prop>
        <type>Forward - VI - Yeti</type>
        <manacost>7</manacost>
        <colors>Ice</colors>
        <pt>9000</pt>
      </prop>
      <set picurl="https://fftcg.cdn.sewest.net/images/cards/full/11-024L_eg.jpg">Opus XI</set>
      <tablerow>2</tablerow>
    </card>
    <card>
      <name>Orphan (11-025H)</name>
      <text>Cuando El Huérfano entra al terreno de juego o al principio de la Attack Phase de cada uno de tus turnos, elige hasta 2 Delanteros o Monstruos controlados por tu oponente. Pon 1 Contador Condena sobre ellos. Después, rompe todos los personajes con 3 o más Contadores Condena sobre ellos.</text>
      <prop>
        <type>Forward - MOBIUS · XIII - Fal'Cie</type>
        <manacost>5</manacost>
        <colors>Ice</colors>
        <pt>9000</pt>
      </prop>
      <set picurl="https://fftcg.cdn.sewest.net/images/cards/full/11-025H_eg.jpg">Opus XI</set>
      <tablerow>2</tablerow>
    </card>
    <card>
      <name>Gestahlian Empire Cid (11-026H)</name>
      <text>(Dull): Elige 1 Monstruo que controlas. Selecciona 1 Contador puesto sobre él y pon sobre ese Monstruo 1 Contador adicional del mismo tipo que el seleccionado.</text>
      <prop>
        <type>Backup - VI - Engineer</type>
        <manacost>2</manacost>
        <colors>Ice</colors>
        <pt>0</pt>
      </prop>
      <set picurl="https://fftcg.cdn.sewest.net/images/cards/full/11-026H_eg.jpg">Opus XI</set>
      <tablerow>0</tablerow>
    </card>
    <card>
      <name>Kadaj (11-027R)</name>
      <text>[EX BURST] Cuando Kadaj entra al terreno de juego, puedes buscar 1 Oficio Remanente que no sea Nombre de la carta Kadaj y añadirla a tu mano.
  Cuando Kadaj o una Oficio Remanente entra a tu terreno de juego, elige 1 personaje controlado por tu oponente. Congélalo.</text>
      <prop>
        <type>Forward - VII - Remnant</type>
        <manacost>4</manacost>
        <colors>Ice</colors>
        <pt>6000</pt>
      </prop>
      <set picurl="https://fftcg.cdn.sewest.net/images/cards/full/11-027R_eg.jpg">Opus XI</set>
      <tablerow>2</tablerow>
    </card>
    <card>
      <name>Edward (11-028R)</name>
      <text>Durante la Attack Phase de tu oponente, cuando un Delantero que controlas pasa del terreno de juego a la Break Zone, tu oponente descarta 1 carta de su mano.</text>
      <prop>
        <type>Backup - IV - King</type>
        <manacost>4</manacost>
        <colors>Ice</colors>
        <pt>0</pt>
      </prop>
      <set picurl="https://fftcg.cdn.sewest.net/images/cards/full/11-028R_eg.jpg">Opus XI</set>
      <tablerow>0</tablerow>
    </card>
    <card>
      <name>Coeurl (11-029C)</name>
      <text>Durante tu turno, Bengal también pasa a ser un Delantero con 7000 de poder.
  (Ice), descarta Bengal, retira 1 Apoyo del juego: Elige 1 Delantero en dull. Inflígele 8000 puntos de daño. Solo puedes usar esta habilidad si Bengal está en tu mano.</text>
      <prop>
        <type>Monster - X - Coeurl</type>
        <manacost>3</manacost>
        <colors>Ice</colors>
        <pt>7000</pt>
      </prop>
      <set picurl="https://fftcg.cdn.sewest.net/images/cards/full/11-029C_eg.jpg">Opus XI</set>
      <tablerow>1</tablerow>
    </card>
    <card>
      <name>Chronos (11-030C)</name>
      <text>Cuando Chronos entra al terreno de juego, cada jugador que no controla 2 o más Delanteros descarta 1 carta de su mano.
  (Ice)(Ice)(Dull), pon Chronos en la Break Zone: Tu oponente selecciona 1 personaje activo que controla y lo pone en dull.</text>
      <prop>
        <type>Backup - FFL - Mage</type>
        <manacost>2</manacost>
        <colors>Ice</colors>
        <pt>0</pt>
      </prop>
      <set picurl="https://fftcg.cdn.sewest.net/images/cards/full/11-030C_eg.jpg">Opus XI</set>
      <tablerow>0</tablerow>
    </card>
    <card>
      <name>Black Waltz 3 (11-031C)</name>
      <text>Cuando Vals Negro 3 pasa del terreno de juego a la Break Zone, selecciona 1 de las siguientes 3 acciones.
  "Tu oponente descarta 1 carta de su mano."
  "Elige 1 Delantero en dull. Inflígele 7000 puntos de daño."
  "Elige 1 Invocación Frío de tu Break Zone. Añádela a tu mano."</text>
      <prop>
        <type>Forward - IX - Black Mage</type>
        <manacost>2</manacost>
        <colors>Ice</colors>
        <pt>3000</pt>
      </prop>
      <set picurl="https://fftcg.cdn.sewest.net/images/cards/full/11-031C_eg.jpg">Opus XI</set>
      <tablerow>2</tablerow>
    </card>
    <card>
      <name>Black Mage (11-032C)</name>
      <text>(X)(Dull), pon Mago negro en la Break Zone: Lanza 1 Invocación de coste X o menos de tu mano sin pagar su coste. Después, devuelve esa Invocación a tu mano tras usarla en lugar de ponerla en la Break Zone.</text>
      <prop>
        <type>Backup - FFTA - Standard Unit</type>
        <manacost>2</manacost>
        <colors>Ice</colors>
        <pt>0</pt>
      </prop>
      <set picurl="https://fftcg.cdn.sewest.net/images/cards/full/11-032C_eg.jpg">Opus XI</set>
      <tablerow>0</tablerow>
    </card>
    <card>
      <name>Gentiana (11-033R)</name>
      <text>Los Delanteros en dull controlados por tu oponente pierden sus habilidades.
  (Dull): Elige 1 Delantero. Ponlo en dull.</text>
      <prop>
        <type>Forward - XV - Messenger</type>
        <manacost>3</manacost>
        <colors>Ice</colors>
        <pt>7000</pt>
      </prop>
      <set picurl="https://fftcg.cdn.sewest.net/images/cards/full/11-033R_eg.jpg">Opus XI</set>
      <tablerow>2</tablerow>
    </card>
    <card>
      <name>Shiva (11-034R)</name>
      <text>[EX BURST] Elige 1 Delantero en dull. Inflígele 6000 puntos de daño. Si tu oponente ha recibido 5 o más puntos de daño, inflígele 9000 puntos de daño en su lugar.</text>
      <prop>
        <type>Summon - FFTA</type>
        <manacost>1</manacost>
        <colors>Ice</colors>
        <pt>0</pt>
      </prop>
      <set picurl="https://fftcg.cdn.sewest.net/images/cards/full/11-034R_eg.jpg">Opus XI</set>
      <tablerow>3</tablerow>
    </card>
    <card>
      <name>Setzer (11-035R)</name>
      <text>Cuando Setzer entra al terreno de juego, cada jugador descarta 1 carta al azar de su mano. Después, cualquier jugador que haya descartado una carta Categoría VI coge 1 carta.
  Tragaperras (S)(Dull): Revela la carta superior de tu mazo. Si el coste en CP de la carta revelada es impar, rompe todos los Delanteros en dull controlados por tu oponente. Si el coste en CP de la carta revelada es par, activa todos los personajes que controlas que no sean Setzer y coge 2 cartas.</text>
      <prop>
        <type>Forward - DFF · VI - Gambler</type>
        <manacost>4</manacost>
        <colors>Ice</colors>
        <pt>8000</pt>
      </prop>
      <set picurl="https://fftcg.cdn.sewest.net/images/cards/full/11-035R_eg.jpg">Opus XI</set>
      <tablerow>2</tablerow>
    </card>
    <card>
      <name>Dandreen (11-036R)</name>
      <text>Cuando un personaje Frío que no sea Dantarián entra a tu terreno de juego, pon 1 Contador Monstruo sobre Dantarián.
  Pon Dantarián en la Break Zone: Elige 1 Delantero. Ponlo en dull.
  Pon Dantarián en la Break Zone: Elige hasta 2 Delanteros. Ponlos en dull y congélalos. Solo puedes usar esta habilidad si hay 3 o más Contadores Monstruo sobre Dantarián.</text>
      <prop>
        <type>Monster - IX - Demon</type>
        <manacost>1</manacost>
        <colors>Ice</colors>
        <pt>0</pt>
      </prop>
      <set picurl="https://fftcg.cdn.sewest.net/images/cards/full/11-036R_eg.jpg">Opus XI</set>
      <tablerow>1</tablerow>
    </card>
    <card>
      <name>Barthandelus (11-037L)</name>
      <text>Cuando Baldanders entra al terreno de juego, elige hasta 2 Delanteros controlados por tu oponente. Inflígeles daño equivalente a su poder menos 2000.
  Al final de cada uno de los turnos de tu oponente, pon en dull y congela todos los Apoyos activos controlados por tu oponente.</text>
      <prop>
        <type>Forward - MOBIUS · XIII - Fal'Cie</type>
        <manacost>4</manacost>
        <colors>Ice</colors>
        <pt>8000</pt>
      </prop>
      <set picurl="https://fftcg.cdn.sewest.net/images/cards/full/11-037L_eg.jpg">Opus XI</set>
      <tablerow>2</tablerow>
    </card>
    <card>
      <name>Fencer (11-038C)</name>
      <text>Cuando Esgrimidor entra al terreno de juego, elige 1 Delantero controlado por tu oponente. Si el coste para jugar Esgrimidor se ha pagado con CP de 2 o más elementos distintos, ponlo en dull y congélalo.</text>
      <prop>
        <type>Forward - FFTA - Standard Unit</type>
        <manacost>4</manacost>
        <colors>Ice</colors>
        <pt>7000</pt>
      </prop>
      <set picurl="https://fftcg.cdn.sewest.net/images/cards/full/11-038C_eg.jpg">Opus XI</set>
      <tablerow>2</tablerow>
    </card>
    <card>
      <name>Mewt (11-039H)</name>
      <text>(Ice)(Dull), pon Mewt en la Break Zone: Pon en dull y congela todos los Apoyos controlados por tu oponente. Solo puedes usar esta habilidad durante tu turno y si tu oponente controla 5 o más Apoyos.</text>
      <prop>
        <type>Backup - FFTA - Prince</type>
        <manacost>2</manacost>
        <colors>Ice</colors>
        <pt>0</pt>
      </prop>
      <set picurl="https://fftcg.cdn.sewest.net/images/cards/full/11-039H_eg.jpg">Opus XI</set>
      <tablerow>0</tablerow>
    </card>
    <card>
      <name>Yazoo (11-040C)</name>
      <text>Cuando Yazoo entra al terreno de juego, elige 1 personaje controlado por tu oponente. Ponlo en dull. 
  Cuando Yazoo pasa del terreno de juego a la Break Zone, elige 1 personaje controlado por tu oponente. Ponlo en dull y congélalo.</text>
      <prop>
        <type>Forward - VII - Remnant</type>
        <manacost>2</manacost>
        <colors>Ice</colors>
        <pt>5000</pt>
      </prop>
      <set picurl="https://fftcg.cdn.sewest.net/images/cards/full/11-040C_eg.jpg">Opus XI</set>
      <tablerow>2</tablerow>
    </card>
    <card>
      <name>Yuke (11-041C)</name>
      <text>Cuando Yuko entra al terreno de juego, revela cartas de la parte superior de tu mazo una a una hasta que aparezca una carta Aire o Tierra. Añádela a tu mano. Después, baraja las demás cartas y colócalas en la parte inferior de tu mazo.</text>
      <prop>
        <type>Backup - FFCC - Standard Unit</type>
        <manacost>3</manacost>
        <colors>Ice</colors>
        <pt>0</pt>
      </prop>
      <set picurl="https://fftcg.cdn.sewest.net/images/cards/full/11-041C_eg.jpg">Opus XI</set>
      <tablerow>0</tablerow>
    </card>
    <card>
      <name>Loz (11-042C)</name>
      <text>Los DelanterosOficio Remanente que controlas que no sean Loz ganan +2000 de poder.
  Cuando Loz pasa del terreno de juego a la Break Zone, tu oponente descarta 1 carta de su mano.</text>
      <prop>
        <type>Forward - VII - Remnant</type>
        <manacost>3</manacost>
        <colors>Ice</colors>
        <pt>7000</pt>
      </prop>
      <set picurl="https://fftcg.cdn.sewest.net/images/cards/full/11-042C_eg.jpg">Opus XI</set>
      <tablerow>2</tablerow>
    </card>
    <card>
      <name>Jornee (11-043C)</name>
      <text>Cuando Jornee entra al terreno de juego, puedes buscar 1 Delantero Categoría FFL y añadirlo a tu mano.</text>
      <prop>
        <type>Backup - FFL - Princess</type>
        <manacost>3</manacost>
        <colors>Wind</colors>
        <pt>0</pt>
      </prop>
      <set picurl="https://fftcg.cdn.sewest.net/images/cards/full/11-043C_eg.jpg">Opus XI</set>
      <tablerow>0</tablerow>
    </card>
    <card>
      <name>Warrior of Light (11-044H)</name>
      <text>Cuando Guerrero de la Luz entra al terreno de juego, durante este turno, el siguiente daño que recibas se vuelve 0 en su lugar.
  (0): Elige 1 Delantero que no sea Guerrero de la Luz. Este gana +2000 de poder hasta el final del turno. Durante este turno, cuando ese Delantero pasa del terreno de juego a la Break Zone, Guerrero de la Luz te inflige 1 punto de daño. Solo puedes usar esta habilidad una vez por turno.</text>
      <prop>
        <type>Forward - I - Warrior of Light</type>
        <manacost>3</manacost>
        <colors>Wind</colors>
        <pt>7000</pt>
      </prop>
      <set picurl="https://fftcg.cdn.sewest.net/images/cards/full/11-044H_eg.jpg">Opus XI</set>
      <tablerow>2</tablerow>
    </card>
    <card>
      <name>Edge (11-045H)</name>
      <text>El coste requerido para jugar tus Oficio Ninja o Nombre de la carta Ninja al terreno de juego se reduce en 1 y puede pagarse con CP de cualquier elemento.
  Cuando una Oficio Ninja o una Nombre de la carta Ninja que no sea Edge entra a tu terreno de juego, pon 1 Contador Shuriken sobre Edge.
  Retira 1 Contador Shuriken de Edge: Elige 1 Delantero. Inflígele 3000 puntos de daño.</text>
      <prop>
        <type>Forward - IV - Ninja</type>
        <manacost>2</manacost>
        <colors>Wind</colors>
        <pt>5000</pt>
      </prop>
      <set picurl="https://fftcg.cdn.sewest.net/images/cards/full/11-045H_eg.jpg">Opus XI</set>
      <tablerow>2</tablerow>
    </card>
    <card>
      <name>Killer Bee (11-046R)</name>
      <text>Cuando un personaje Aire que no sea Abeja asesina entra a tu terreno de juego, pon 1 Contador Monstruo sobre Abeja asesina.
  Pon Abeja asesina en la Break Zone: Elige hasta 3 personajes. Actívalos.
  Pon Abeja asesina en la Break Zone: Activa todos los personajes que controlas. Solo puedes usar esta habilidad si hay 3 o más Contadores Monstruo sobre Abeja asesina.</text>
      <prop>
        <type>Monster - X - Insect</type>
        <manacost>2</manacost>
        <colors>Wind</colors>
        <pt>0</pt>
      </prop>
      <set picurl="https://fftcg.cdn.sewest.net/images/cards/full/11-046R_eg.jpg">Opus XI</set>
      <tablerow>1</tablerow>
    </card>
    <card>
      <name>Thief (11-047C)</name>
      <text>Cuando Ladrón entra al terreno de juego, revela cartas de la parte superior de tu mazo una a una hasta que aparezca una carta Tierra o Rayo. Añádela a tu mano. Después, baraja las demás cartas y colócalas en la parte inferior de tu mazo.</text>
      <prop>
        <type>Backup - Special - Standard Unit</type>
        <manacost>3</manacost>
        <colors>Wind</colors>
        <pt>0</pt>
      </prop>
      <set picurl="https://fftcg.cdn.sewest.net/images/cards/full/11-047C_eg.jpg">Opus XI</set>
      <tablerow>0</tablerow>
    </card>
    <card>
      <name>Thief (11-048C)</name>
      <text>Cuando Ladrón entra al terreno de juego, si el coste para jugar Ladrón se ha pagado con CP de 2 o más elementos distintos, coge 1 carta.</text>
      <prop>
        <type>Forward - I - Standard Unit</type>
        <manacost>4</manacost>
        <colors>Wind</colors>
        <pt>7000</pt>
      </prop>
      <set picurl="https://fftcg.cdn.sewest.net/images/cards/full/11-048C_eg.jpg">Opus XI</set>
      <tablerow>2</tablerow>
    </card>
    <card>
      <name>Chelinka (11-049R)</name>
      <text>Cuando Chelinka entra al terreno de juego, elige 1 Delantero. Hasta el final del turno, este gana Bravura y "Este Delantero puede atacar dos veces en el mismo turno."
  (Wind)(Wind)(Dull): Devuelve Chelinka a tu mano.</text>
      <prop>
        <type>Backup - FFCC - Lay Crystal User</type>
        <manacost>3</manacost>
        <colors>Wind</colors>
        <pt>0</pt>
      </prop>
      <set picurl="https://fftcg.cdn.sewest.net/images/cards/full/11-049R_eg.jpg">Opus XI</set>
      <tablerow>0</tablerow>
    </card>
    <card>
      <name>Chocobo (11-050C)</name>
      <text>Cuando Chocobo pasa del terreno de juego a la Break Zone, puedes buscar 1 Oficio Chocobo o Nombre de la carta Chocobo y añadirla a tu mano.</text>
      <prop>
        <type>Forward - II - Standard Unit</type>
        <manacost>3</manacost>
        <colors>Wind</colors>
        <pt>5000</pt>
      </prop>
      <set picurl="https://fftcg.cdn.sewest.net/images/cards/full/11-050C_eg.jpg">Opus XI</set>
      <tablerow>2</tablerow>
    </card>
    <card>
      <name>Tsukinowa (11-051C)</name>
      <text>Cuando Tsukinowa entra al terreno de juego, elige un número de personajes que controlas menor o igual al número de personajes Oficio Ninja o Nombre de la carta Ninja que controlas. Actívalos.
  (Wind): Tsukinowa gana "Tsukinowa no puede ser bloqueado por un Delantero de coste 5 o más." hasta el final del turno.</text>
      <prop>
        <type>Forward - PICTLOGICA · IV - Ninja</type>
        <manacost>3</manacost>
        <colors>Wind</colors>
        <pt>7000</pt>
      </prop>
      <set picurl="https://fftcg.cdn.sewest.net/images/cards/full/11-051C_eg.jpg">Opus XI</set>
      <tablerow>2</tablerow>
    </card>
    <card>
      <name>Tiamat (11-052C)</name>
      <text>Cuando Tiamant entra al terreno de juego, puedes pagar (Wind)(Wind)(1). Cuando lo haces, elige 1 Delantero de coste 5 o más. Rómpelo.
  Cuando Tiamant pasa del terreno de juego a la Break Zone, puedes buscar 1 Oficio Caos que no sea Nombre de la carta Tiamant y añadirla a tu mano.</text>
      <prop>
        <type>Forward - I - Chaos</type>
        <manacost>5</manacost>
        <colors>Wind</colors>
        <pt>9000</pt>
      </prop>
      <set picurl="https://fftcg.cdn.sewest.net/images/cards/full/11-052C_eg.jpg">Opus XI</set>
      <tablerow>2</tablerow>
    </card>
    <card>
      <name>Doned (11-053H)</name>
      <text>Cuando Dóned entra al terreno de juego, puedes buscar 1 Nombre de la carta Marche o Monstruo y añadirla a tu mano.
  (Wind)(Dull), pon Dóned en la Break Zone: Elige 1 carta Categoría FFTA de tu Break Zone. Añádela a tu mano.</text>
      <prop>
        <type>Backup - FFTA - Clan Leader</type>
        <manacost>4</manacost>
        <colors>Wind</colors>
        <pt>0</pt>
      </prop>
      <set picurl="https://fftcg.cdn.sewest.net/images/cards/full/11-053H_eg.jpg">Opus XI</set>
      <tablerow>0</tablerow>
    </card>
    <card>
      <name>Hooded Man (11-054R)</name>
      <text>No puedes jugar Encapuchado o Nombre de la carta Kain si ya controlas al otro personaje.
  [EX BURST] Cuando Encapuchado entra al terreno de juego, elige 1 Delantero Categoría IV que no sea Nombre de la carta Encapuchado de tu Break Zone. Añádelo a tu mano.
  Al final de cada uno de tus turnos, activa todos los Delanteros Categoría IV que controlas.</text>
      <prop>
        <type>Forward - IV - ???</type>
        <manacost>4</manacost>
        <colors>Wind</colors>
        <pt>7000</pt>
      </prop>
      <set picurl="https://fftcg.cdn.sewest.net/images/cards/full/11-054R_eg.jpg">Opus XI</set>
      <tablerow>2</tablerow>
    </card>
    <card>
      <name>Pandemonium (11-055R)</name>
      <text>[EX BURST] Elige hasta 1 Apoyo que controlas. Actívalo e inflige 2000 puntos de daño a todos los Delanteros controlados por tu oponente. Si tu oponente ha recibido 5 o más puntos de daño, actívalo e inflige 4000 puntos de daño a todos los Delanteros controlados por tu oponente en su lugar.</text>
      <prop>
        <type>Summon - MOBIUS</type>
        <manacost>1</manacost>
        <colors>Wind</colors>
        <pt>0</pt>
      </prop>
      <set picurl="https://fftcg.cdn.sewest.net/images/cards/full/11-055R_eg.jpg">Opus XI</set>
      <tablerow>3</tablerow>
    </card>
    <card>
      <name>Fiona (11-056R)</name>
      <text>(Wind)(Wind)(2)(Dull): Busca 1 personaje y añádelo a tu mano.</text>
      <prop>
        <type>Backup - FFCC - Princess</type>
        <manacost>2</manacost>
        <colors>Wind</colors>
        <pt>0</pt>
      </prop>
      <set picurl="https://fftcg.cdn.sewest.net/images/cards/full/11-056R_eg.jpg">Opus XI</set>
      <tablerow>0</tablerow>
    </card>
    <card>
      <name>Floateye (11-057C)</name>
      <text>Durante tu turno, Ojo flotante también pasa a ser un Delantero con 7000 de poder.
  (Wind), descarta Ojo flotante, retira 1 Apoyo del juego: Elige 1 Delantero de coste 5 o más. Rómpelo. Solo puedes usar esta habilidad si Ojo flotante está en tu mano.</text>
      <prop>
        <type>Monster - FFTA - Ahriman</type>
        <manacost>3</manacost>
        <colors>Wind</colors>
        <pt>7000</pt>
      </prop>
      <set picurl="https://fftcg.cdn.sewest.net/images/cards/full/11-057C_eg.jpg">Opus XI</set>
      <tablerow>1</tablerow>
    </card>
    <card>
      <name>Bel Dat (11-058H)</name>
      <text>Cuando Bel Dat entra al terreno de juego, puedes buscar 1 Delantero Categoría FFCC Oficio Soldado y añadirlo a tu mano.
  Cuando Bel Dat inflige daño a tu oponente, si controlas un Delantero Categoría FFCC que no sea Bel Dat, coge 1 carta.</text>
      <prop>
        <type>Forward - FFCC - Thief</type>
        <manacost>4</manacost>
        <colors>Wind</colors>
        <pt>8000</pt>
      </prop>
      <set picurl="https://fftcg.cdn.sewest.net/images/cards/full/11-058H_eg.jpg">Opus XI</set>
      <tablerow>2</tablerow>
    </card>
    <card>
      <name>Bobby Corwen (11-059C)</name>
      <text>Chocolinda puede formar un equipo con Delanteros de cualquier elemento.
  Cuando un Delantero que forma un equipo con Chocolinda pasa del terreno de juego a la Break Zone, coge 2 cartas.</text>
      <prop>
        <type>Forward - IX - Chocobo</type>
        <manacost>1</manacost>
        <colors>Wind</colors>
        <pt>2000</pt>
      </prop>
      <set picurl="https://fftcg.cdn.sewest.net/images/cards/full/11-059C_eg.jpg">Opus XI</set>
      <tablerow>2</tablerow>
    </card>
    <card>
      <name>Maina (11-060C)</name>
      <text>[EX BURST] Cuando Maina entra al terreno de juego, puedes buscar 1 Delantero Oficio Ninja o Delantero Nombre de la carta Ninja y añadirlo a tu mano.</text>
      <prop>
        <type>Backup - FFL - Ninja</type>
        <manacost>3</manacost>
        <colors>Wind</colors>
        <pt>0</pt>
      </prop>
      <set picurl="https://fftcg.cdn.sewest.net/images/cards/full/11-060C_eg.jpg">Opus XI</set>
      <tablerow>0</tablerow>
    </card>
    <card>
      <name>Yuna (11-061L)</name>
      <text>El coste requerido para lanzar tus Invocaciones puede pagarse con CP de cualquier elemento.
  Cuando Yuna entra al terreno de juego, puedes pagar (Wind)(Wind)(Wind)(2). Cuando lo haces, busca hasta 6 Invocaciones, cada una de distinto elemento y coste, y añádelas a tu mano.
  Magia doble (S): Cuando lanzas una Invocación este turno, puedes lanzar desde tu mano 1 Invocación de coste inferior al de la Invocación que has lanzado sin pagar su coste.</text>
      <prop>
        <type>Forward - X - Summoner</type>
        <manacost>3</manacost>
        <colors>Wind</colors>
        <pt>7000</pt>
      </prop>
      <set picurl="https://fftcg.cdn.sewest.net/images/cards/full/11-061L_eg.jpg">Opus XI</set>
      <tablerow>2</tablerow>
    </card>
    <card>
      <name>Yuri (11-062R)</name>
      <text>Si controlas 4 o más personajes Categoría FFCC, Yuri no puede ser objetivo de las habilidades de tu oponente.
  (Dull): Revela la carta superior de tu mazo. Si es un personaje Categoría FFCC, añádelo a tu mano. Si no es un personaje Categoría FFCC, ponlo en la Break Zone.</text>
      <prop>
        <type>Forward - FFCC - Lay Crystal User</type>
        <manacost>4</manacost>
        <colors>Wind</colors>
        <pt>7000</pt>
      </prop>
      <set picurl="https://fftcg.cdn.sewest.net/images/cards/full/11-062R_eg.jpg">Opus XI</set>
      <tablerow>2</tablerow>
    </card>
    <card>
      <name>Yuri (PR-055)</name>
      <text>Si controlas 4 o más personajes Categoría FFCC, Yuri no puede ser objetivo de las habilidades de tu oponente.
  (Dull): Revela la carta superior de tu mazo. Si es un personaje Categoría FFCC, añádelo a tu mano. Si no es un personaje Categoría FFCC, ponlo en la Break Zone.</text>
      <prop>
        <type>Forward - FFCC - Lay Crystal User</type>
        <manacost>4</manacost>
        <colors>Wind</colors>
        <pt>7000</pt>
      </prop>
      <set picurl="https://fftcg.cdn.sewest.net/images/cards/full/PR-055_eg.jpg">Opus XI</set>
      <tablerow>2</tablerow>
    </card>
    <card>
      <name>Ritz (11-063L)</name>
      <text>Si controlas un Delantero Categoría FFTA que no sea Ritz, Ritz gana +1000 de poder y Prisa.
  Cuando Ritz ataca, elige hasta 3 Apoyos que controlas. Actívalos.
  Daños 3 -- Ritz gana "Ritz no puede ser bloqueado."</text>
      <prop>
        <type>Forward - FFTA - Fencer</type>
        <manacost>3</manacost>
        <colors>Wind</colors>
        <pt>7000</pt>
      </prop>
      <set picurl="https://fftcg.cdn.sewest.net/images/cards/full/11-063L_eg.jpg">Opus XI</set>
      <tablerow>2</tablerow>
    </card>
    <card>
      <name>Ursula (11-064L)</name>
      <text>Cuando Ursula entra al terreno de juego, elige 1 Oficio Monje oNombre de la carta Monje de coste 2 o menos de tu Break Zone. Juégala al terreno de juego.
  Pon 1 Oficio Monje oNombre de la carta Monje que no sea Ursula en la Break Zone: Selecciona 1 de las siguientes 2 acciones. "Hasta el final del turno, Ursula gana +4000 de poder y Bravura." "Elige 1 Delantero. Inflígele daño equivalente al poder de Ursula."</text>
      <prop>
        <type>Forward - IV - Monk</type>
        <manacost>4</manacost>
        <colors>Earth</colors>
        <pt>5000</pt>
      </prop>
      <set picurl="https://fftcg.cdn.sewest.net/images/cards/full/11-064L_eg.jpg">Opus XI</set>
      <tablerow>2</tablerow>
    </card>
    <card>
      <name>Ardyn (11-065H)</name>
      <text>Cuando Ardyn entra al terreno de juego, elige 1 Delantero controlado por tu oponente. Este no puede atacar o bloquear hasta el final del siguiente turno.
  Cuando Ardyn pasa del terreno de juego a la Break Zone debido a las Invocaciones o habilidades de tu oponente, juega Ardyn al terreno de juego al final del turno.</text>
      <prop>
        <type>Forward - XV - Chief Minister</type>
        <manacost>5</manacost>
        <colors>Earth</colors>
        <pt>9000</pt>
      </prop>
      <set picurl="https://fftcg.cdn.sewest.net/images/cards/full/11-065H_eg.jpg">Opus XI</set>
      <tablerow>2</tablerow>
    </card>
    <card>
      <name>Antlion (11-066C)</name>
      <text>Durante tu turno, Antoleón también pasa a ser un Delantero con 7000 de poder.
  (Earth), descarta Antoleón, retira 1 Apoyo del juego: Elige 1 Delantero que controlas. Ponlo en dull. Hasta el final del turno, este gana +2000 de poder y "Este Delantero no puede romperse." Solo puedes usar esta habilidad si Antoleón está en tu mano.</text>
      <prop>
        <type>Monster - FFTA - Insect</type>
        <manacost>3</manacost>
        <colors>Earth</colors>
        <pt>7000</pt>
      </prop>
      <set picurl="https://fftcg.cdn.sewest.net/images/cards/full/11-066C_eg.jpg">Opus XI</set>
      <tablerow>1</tablerow>
    </card>
    <card>
      <name>Yenke (11-067C)</name>
      <text>(Dull), pon Yenke en la Break Zone: Elige 1 Delantero. Este gana +1000 de poder por cada Delantero Tierra que controlas hasta el final del turno.</text>
      <prop>
        <type>Backup - PICTLOGICA · X - Ronso</type>
        <manacost>2</manacost>
        <colors>Earth</colors>
        <pt>0</pt>
      </prop>
      <set picurl="https://fftcg.cdn.sewest.net/images/cards/full/11-067C_eg.jpg">Opus XI</set>
      <tablerow>0</tablerow>
    </card>
    <card>
      <name>Clarus (11-068R)</name>
      <text>[EX BURST] Cuando Clarus entra al terreno de juego, puedes buscar 1 Oficio Rey y añadirla a tu mano.</text>
      <prop>
        <type>Backup - XV - Chief Minister</type>
        <manacost>4</manacost>
        <colors>Earth</colors>
        <pt>0</pt>
      </prop>
      <set picurl="https://fftcg.cdn.sewest.net/images/cards/full/11-068R_eg.jpg">Opus XI</set>
      <tablerow>0</tablerow>
    </card>
    <card>
      <name>Cindy (11-069H)</name>
      <text>Cuando Cindy entra al terreno de juego, puedes buscar hasta 2 Delanteros Categoría XV y añadirlos a tu mano.
  (Dull): Elige 1 Delantero Categoría XV. Este gana Bravura hasta el final del turno.
  (Earth)(Dull), pon Cindy en la Break Zone: Hasta el final del turno, todos los Delanteros Categoría XV que controlas ganan +3000 de poder.</text>
      <prop>
        <type>Backup - XV - Engineer</type>
        <manacost>6</manacost>
        <colors>Earth</colors>
        <pt>0</pt>
      </prop>
      <set picurl="https://fftcg.cdn.sewest.net/images/cards/full/11-069H_eg.jpg">Opus XI</set>
      <tablerow>0</tablerow>
    </card>
    <card>
      <name>Exodus (FFTA) (11-070R)</name>
      <text>[EX BURST] Elige 1 Delantero que controlas. Hasta el final del turno, este gana +3000 de poder, Bravura y "Las Invocaciones y habilidades de tu oponente no pueden poner en dull a este Delantero." y "Las Invocaciones y habilidades de tu oponente no pueden devolver a este Delantero a la mano de su propietario." Si tu oponente ha recibido 5 o más puntos de daño, todos los Delanteros que controlas ganan todos los efectos anteriores en su lugar.</text>
      <prop>
        <type>Summon - FFTA</type>
        <manacost>1</manacost>
        <colors>Earth</colors>
        <pt>0</pt>
      </prop>
      <set picurl="https://fftcg.cdn.sewest.net/images/cards/full/11-070R_eg.jpg">Opus XI</set>
      <tablerow>3</tablerow>
    </card>
    <card>
      <name>Tifa (11-071L)</name>
      <text>Si controlas una Nombre de la carta Cloud, el coste requerido para jugar Tifa al terreno de juego se reduce en 1 y puede pagarse con CP de cualquier elemento.
  Los Delanteros Categoría VII que controlas que no sean Tifa ganan +2000 de poder y Bravura.
  Daños 3 -- Tifa gana "Las Invocaciones o habilidades de tu oponente que no infligen daño no pueden romper los Delanteros Categoría VII que controlas."</text>
      <prop>
        <type>Forward - DFF · VII - Martial Artist</type>
        <manacost>5</manacost>
        <colors>Earth</colors>
        <pt>9000</pt>
      </prop>
      <set picurl="https://fftcg.cdn.sewest.net/images/cards/full/11-071L_eg.jpg">Opus XI</set>
      <tablerow>2</tablerow>
    </card>
    <card>
      <name>Tyro (11-072R)</name>
      <text>[EX BURST] Cuando Tyro entra al terreno de juego, puedes buscar 1 Delantero y añadirlo a tu mano.
  Si Tyro está en el terreno de juego, Tyro puede generar CP de cualquier elemento. 
  Daños 5 -- (Dull): Elige 1 Delantero. Este gana +2000 de poder hasta el final del turno.</text>
      <prop>
        <type>Backup - PICTLOGICA · FFRK - Apprentice</type>
        <manacost>5</manacost>
        <colors>Earth</colors>
        <pt>0</pt>
      </prop>
      <set picurl="https://fftcg.cdn.sewest.net/images/cards/full/11-072R_eg.jpg">Opus XI</set>
      <tablerow>0</tablerow>
    </card>
    <card>
      <name>Tilika (11-073H)</name>
      <text>(Dull): El coste requerido para jugar tus personajes al terreno de juego este turno se reduce en 1 (no puede ser 0). Solo puedes usar esta habilidad una vez por turno.</text>
      <prop>
        <type>Backup - FFCC - Crystal User</type>
        <manacost>3</manacost>
        <colors>Earth</colors>
        <pt>0</pt>
      </prop>
      <set picurl="https://fftcg.cdn.sewest.net/images/cards/full/11-073H_eg.jpg">Opus XI</set>
      <tablerow>0</tablerow>
    </card>
    <card>
      <name>Barret (11-074H)</name>
      <text>(Earth)(Earth)(Dull): Inflige 4000 puntos de daño a todos los Delanteros controlados por tu oponente.
  (Earth)(Earth)(Earth)(Earth)(Dull): Elige 1 Delantero en dull. Rómpelo. 
  Ungarmax (S)(Earth)(Earth)(Earth)(Earth)(Earth)(Earth)(Dull): Rompe todos los Delanteros y Monstruos controlados por tu oponente.</text>
      <prop>
        <type>Forward - VII - AVALANCHE Operative</type>
        <manacost>4</manacost>
        <colors>Earth</colors>
        <pt>8000</pt>
      </prop>
      <set picurl="https://fftcg.cdn.sewest.net/images/cards/full/11-074H_eg.jpg">Opus XI</set>
      <tablerow>2</tablerow>
    </card>
    <card>
      <name>Biran (11-075C)</name>
      <text>Si controlas una Nombre de la carta Yenke, Biran gana +1000 de poder y Bravura. 
  (Earth): Hasta el final del turno, Biran gana Bravura y "Las Invocaciones o habilidades de tu oponente no pueden poner en dull a Biran."</text>
      <prop>
        <type>Forward - PICTLOGICA · X - Ronso</type>
        <manacost>3</manacost>
        <colors>Earth</colors>
        <pt>7000</pt>
      </prop>
      <set picurl="https://fftcg.cdn.sewest.net/images/cards/full/11-075C_eg.jpg">Opus XI</set>
      <tablerow>2</tablerow>
    </card>
    <card>
      <name>The Deathlord (11-076C)</name>
      <text>Cuando Señor de la muerte entra al terreno de juego, puedes buscar 1 personaje Oscuridad y añadirlo a tu mano.</text>
      <prop>
        <type>Forward - FFL - Deathlord</type>
        <manacost>5</manacost>
        <colors>Earth</colors>
        <pt>9000</pt>
      </prop>
      <set picurl="https://fftcg.cdn.sewest.net/images/cards/full/11-076C_eg.jpg">Opus XI</set>
      <tablerow>2</tablerow>
    </card>
    <card>
      <name>Beastmaster (11-077C)</name>
      <text>Cuando Adiestrador entra al terreno de juego, revela cartas de la parte superior de tu mazo una a una hasta que aparezca una carta Rayo o Agua. Añádela a tu mano. Después, baraja las demás cartas y colócalas en la parte inferior de tu mazo.</text>
      <prop>
        <type>Backup - FFTA - Standard Unit</type>
        <manacost>3</manacost>
        <colors>Earth</colors>
        <pt>0</pt>
      </prop>
      <set picurl="https://fftcg.cdn.sewest.net/images/cards/full/11-077C_eg.jpg">Opus XI</set>
      <tablerow>0</tablerow>
    </card>
    <card>
      <name>Mandragora (11-078R)</name>
      <text>Cuando un personaje Tierra que no sea Mandrágora entra a tu terreno de juego, pon 1 Contador Monstruo sobre Mandrágora.
  Pon Mandrágora en la Break Zone: Elige 1 Apoyo de coste 5 o más. Rómpelo. 
  Pon Mandrágora en la Break Zone: Elige 1 Apoyo. Rómpelo. Solo puedes usar esta habilidad si hay 3 o más Contadores Monstruo sobre Mandrágora.</text>
      <prop>
        <type>Monster - IX - Mandragora</type>
        <manacost>2</manacost>
        <colors>Earth</colors>
        <pt>0</pt>
      </prop>
      <set picurl="https://fftcg.cdn.sewest.net/images/cards/full/11-078R_eg.jpg">Opus XI</set>
      <tablerow>1</tablerow>
    </card>
    <card>
      <name>Monk (11-079C)</name>
      <text>(Earth)(Dull), pon Monje en la Break Zone: Elige 1 Delantero. Inflígele 3000 puntos de daño por cada Oficio Monje o Nombre de la carta Monje que controlas.</text>
      <prop>
        <type>Backup - Special - Standard Unit</type>
        <manacost>2</manacost>
        <colors>Earth</colors>
        <pt>0</pt>
      </prop>
      <set picurl="https://fftcg.cdn.sewest.net/images/cards/full/11-079C_eg.jpg">Opus XI</set>
      <tablerow>0</tablerow>
    </card>
    <card>
      <name>Monk (11-080C)</name>
      <text>Cuando Monje entra al terreno de juego, elige 1 Delantero. Si el coste para jugar Monje se ha pagado con CP de 2 o más elementos distintos, este gana +4000 de poder y Bravura hasta el final del turno.</text>
      <prop>
        <type>Forward - I - Standard Unit</type>
        <manacost>4</manacost>
        <colors>Earth</colors>
        <pt>8000</pt>
      </prop>
      <set picurl="https://fftcg.cdn.sewest.net/images/cards/full/11-080C_eg.jpg">Opus XI</set>
      <tablerow>2</tablerow>
    </card>
    <card>
      <name>Wrieg (11-081C)</name>
      <text>[EX BURST] Cuando Wrieg entra al terreno de juego, revela la carta superior de tu mazo. Si es un Delantero, añádelo a tu mano.</text>
      <prop>
        <type>Forward - FFL - Adventurer</type>
        <manacost>4</manacost>
        <colors>Earth</colors>
        <pt>8000</pt>
      </prop>
      <set picurl="https://fftcg.cdn.sewest.net/images/cards/full/11-081C_eg.jpg">Opus XI</set>
      <tablerow>2</tablerow>
    </card>
    <card>
      <name>Lich (11-082C)</name>
      <text>Cuando Lich entra al terreno de juego, puedes pagar (Earth)(1). Cuando lo haces, elige 1 Delantero de tu Break Zone. Añádelo a tu mano.
  Cuando Lich pasa del terreno de juego a la Break Zone, puedes buscar 1 Oficio Caos que no sea Nombre de la carta Lich y añadirla a tu mano.</text>
      <prop>
        <type>Forward - I - Chaos</type>
        <manacost>5</manacost>
        <colors>Earth</colors>
        <pt>9000</pt>
      </prop>
      <set picurl="https://fftcg.cdn.sewest.net/images/cards/full/11-082C_eg.jpg">Opus XI</set>
      <tablerow>2</tablerow>
    </card>
    <card>
      <name>Rydia (11-083R)</name>
      <text>Los DelanterosCategoría IV que controlas que no sean Rydia ganan +1000 de poder y Bravura.
  Cuando Rydia entra al terreno de juego, si controlas 4 o más personajes Categoría IV, puedes buscar 1 Invocación de coste 1 y añadirla a tu mano.</text>
      <prop>
        <type>Forward - IV - Summoner</type>
        <manacost>3</manacost>
        <colors>Earth</colors>
        <pt>7000</pt>
      </prop>
      <set picurl="https://fftcg.cdn.sewest.net/images/cards/full/11-083R_eg.jpg">Opus XI</set>
      <tablerow>2</tablerow>
    </card>
    <card>
      <name>Rydia (PR-051)</name>
      <text>Los DelanterosCategoría IV que controlas que no sean Rydia ganan +1000 de poder y Bravura.
  Cuando Rydia entra al terreno de juego, si controlas 4 o más personajes Categoría IV, puedes buscar 1 Invocación de coste 1 y añadirla a tu mano.</text>
      <prop>
        <type>Forward - IV - Summoner</type>
        <manacost>3</manacost>
        <colors>Earth</colors>
        <pt>7000</pt>
      </prop>
      <set picurl="https://fftcg.cdn.sewest.net/images/cards/full/PR-051_eg.jpg">Opus XI</set>
      <tablerow>2</tablerow>
    </card>
    <card>
      <name>Luca (11-084R)</name>
      <text>(Earth)(Dull), pon Luca en la Break Zone: Elige 1 Apoyo de coste 3 o menos de tu Break Zone. Juégalo al terreno de juego.</text>
      <prop>
        <type>Backup - IV - Engineer</type>
        <manacost>2</manacost>
        <colors>Earth</colors>
        <pt>0</pt>
      </prop>
      <set picurl="https://fftcg.cdn.sewest.net/images/cards/full/11-084R_eg.jpg">Opus XI</set>
      <tablerow>0</tablerow>
    </card>
    <card>
      <name>Red Mage (11-085C)</name>
      <text>Cuando Mago rojo entra al terreno de juego, si el coste para jugar Mago rojo se ha pagado con CP de 2 o más elementos distintos, Mago rojo gana +2000 de poder y Prisa hasta el final del turno.</text>
      <prop>
        <type>Forward - Special - Standard Unit</type>
        <manacost>4</manacost>
        <colors>Lightning</colors>
        <pt>7000</pt>
      </prop>
      <set picurl="https://fftcg.cdn.sewest.net/images/cards/full/11-085C_eg.jpg">Opus XI</set>
      <tablerow>2</tablerow>
    </card>
    <card>
      <name>Aranea (11-086L)</name>
      <text>Iniciativa
  Por cada Delantero que controlas que no sea Aranea, Aranea gana +1000 de poder.
  Daños 3 -- Cuando Aranea entra al terreno de juego, elige 1 Delantero Rayo de coste 2 o menos de tu Break Zone. Juégalo al terreno de juego.
  Daños 6 -- Aranea gana "Los Delanteros que controlas ganan Prisa."</text>
      <prop>
        <type>Forward - XV - Dragoon</type>
        <manacost>4</manacost>
        <colors>Lightning</colors>
        <pt>7000</pt>
      </prop>
      <set picurl="https://fftcg.cdn.sewest.net/images/cards/full/11-086L_eg.jpg">Opus XI</set>
      <tablerow>2</tablerow>
    </card>
    <card>
      <name>Yellow Jelly (11-087C)</name>
      <text>Durante tu turno, Nata también pasa a ser un Delantero con 7000 de poder.
  (Lightning), descarta Nata, retira 1 Apoyo del juego: Elige 1 Delantero activo. Inflígele 8000 puntos de daño. Solo puedes usar esta habilidad si Nata está en tu mano.</text>
      <prop>
        <type>Monster - FFTA - Flan</type>
        <manacost>3</manacost>
        <colors>Lightning</colors>
        <pt>7000</pt>
      </prop>
      <set picurl="https://fftcg.cdn.sewest.net/images/cards/full/11-087C_eg.jpg">Opus XI</set>
      <tablerow>1</tablerow>
    </card>
    <card>
      <name>Elena (11-088R)</name>
      <text>Prisa
  Si controlas una Nombre de la carta Rufus, Elena gana +2000 de poder.
  Elena solo puede atacar si controlas 4 o más Delanteros o si controlas un Delantero Oficio Miembro de los Turcos que no sea Elena.</text>
      <prop>
        <type>Forward - VII - Member of the Turks</type>
        <manacost>2</manacost>
        <colors>Lightning</colors>
        <pt>7000</pt>
      </prop>
      <set picurl="https://fftcg.cdn.sewest.net/images/cards/full/11-088R_eg.jpg">Opus XI</set>
      <tablerow>2</tablerow>
    </card>
    <card>
      <name>Gadgeteer (11-089C)</name>
      <text>(Lightning)(Dull), retira Titiritero y 1 Apoyo del juego: Elige 1 Apoyo de tu Break Zone. Si su coste es igual al coste total de las 2 cartas retiradas del juego, juégalo al terreno de juego. Solo puedes usar esta habilidad durante tu turno.</text>
      <prop>
        <type>Backup - FFTA - Standard Unit</type>
        <manacost>2</manacost>
        <colors>Lightning</colors>
        <pt>0</pt>
      </prop>
      <set picurl="https://fftcg.cdn.sewest.net/images/cards/full/11-089C_eg.jpg">Opus XI</set>
      <tablerow>0</tablerow>
    </card>
    <card>
      <name>Kuja (11-090L)</name>
      <text>Cuando Kuja entra al terreno de juego, elige 1 Delantero de coste 3 o menos controlado por tu oponente. Rómpelo. Kuja te inflige 1 punto de daño.
  Electro++ (S)(Lightning)(Lightning)(Lightning): Elige hasta 2 Delanteros controlados por tu oponente. Inflígeles 2000 puntos de daño. Después, inflige 5000 puntos de daño a todos los Delanteros dañados controlados por tu oponente.</text>
      <prop>
        <type>Forward - IX - Genome</type>
        <manacost>4</manacost>
        <colors>Lightning</colors>
        <pt>8000</pt>
      </prop>
      <set picurl="https://fftcg.cdn.sewest.net/images/cards/full/11-090L_eg.jpg">Opus XI</set>
      <tablerow>2</tablerow>
    </card>
    <card>
      <name>Glauca (11-091R)</name>
      <text>El coste requerido para jugar tus Delanteros Rayo al terreno de juego se reduce en 1 (no puede ser 0).
  Cuando Glauca o un Delantero entran a tu terreno de juego, elige 1 Delantero. Este gana +1000 de poder hasta el final del turno.</text>
      <prop>
        <type>Forward - XV - Captain</type>
        <manacost>2</manacost>
        <colors>Lightning</colors>
        <pt>5000</pt>
      </prop>
      <set picurl="https://fftcg.cdn.sewest.net/images/cards/full/11-091R_eg.jpg">Opus XI</set>
      <tablerow>2</tablerow>
    </card>
    <card>
      <name>Crowe (11-092C)</name>
      <text>Cuando Crowe pasa del terreno de juego a la Break Zone, elige 1 Delantero de tu Break Zone. Añádelo a tu mano.
  (Dull), pon Crowe en la Break Zone: Elige 1 Delantero. Ponlo en dull.</text>
      <prop>
        <type>Backup - XV - Kingsglaive</type>
        <manacost>3</manacost>
        <colors>Lightning</colors>
        <pt>0</pt>
      </prop>
      <set picurl="https://fftcg.cdn.sewest.net/images/cards/full/11-092C_eg.jpg">Opus XI</set>
      <tablerow>0</tablerow>
    </card>
    <card>
      <name>Man in Black (11-093H)</name>
      <text>No puedes jugar Hombre de negro o Nombre de la carta Golbez si ya controlas al otro personaje.
  Cuando Hombre de negro entra al terreno de juego, elige 1 Invocación Rayo de coste 3 o menos de tu Break Zone. Puedes lanzarla sin pagar su coste. Si lo haces, retira del juego esa Invocación tras usarla en lugar de ponerla en la Break Zone.</text>
      <prop>
        <type>Forward - IV - ???</type>
        <manacost>5</manacost>
        <colors>Lightning</colors>
        <pt>9000</pt>
      </prop>
      <set picurl="https://fftcg.cdn.sewest.net/images/cards/full/11-093H_eg.jpg">Opus XI</set>
      <tablerow>2</tablerow>
    </card>
    <card>
      <name>Zangetsu (11-094C)</name>
      <text>Cuando Zangetsu entra al terreno de juego, elige un número de personajes que controlas menor o igual al número de personajes Oficio Ninja o Nombre de la carta Ninja que controlas. Ponlos en dull.
  (Lightning): Zangetsu gana Prisa hasta el final del turno.</text>
      <prop>
        <type>Forward - PICTLOGICA · IV - Ninja</type>
        <manacost>4</manacost>
        <colors>Lightning</colors>
        <pt>8000</pt>
      </prop>
      <set picurl="https://fftcg.cdn.sewest.net/images/cards/full/11-094C_eg.jpg">Opus XI</set>
      <tablerow>2</tablerow>
    </card>
    <card>
      <name>Skeleton (11-095R)</name>
      <text>Cuando un personaje Rayo que no sea Esqueleto entra a tu terreno de juego, pon 1 Contador Monstruo sobre Esqueleto.
  Pon Esqueleto en la Break Zone: Elige 1 Delantero de coste 2 o menos. Rómpelo. 
  Pon Esqueleto en la Break Zone: Elige 1 Delantero de coste 4 o menos. Rómpelo. Solo puedes usar esta habilidad si hay 3 o más Contadores Monstruo sobre Esqueleto.</text>
      <prop>
        <type>Monster - IX - Undead</type>
        <manacost>1</manacost>
        <colors>Lightning</colors>
        <pt>0</pt>
      </prop>
      <set picurl="https://fftcg.cdn.sewest.net/images/cards/full/11-095R_eg.jpg">Opus XI</set>
      <tablerow>1</tablerow>
    </card>
    <card>
      <name>Selkie (11-096C)</name>
      <text>Cuando Selki entra al terreno de juego, revela cartas de la parte superior de tu mazo una a una hasta que aparezca una carta Fuego o Agua. Añádela a tu mano. Después, baraja las demás cartas y colócalas en la parte inferior de tu mazo.</text>
      <prop>
        <type>Backup - FFCC - Standard Unit</type>
        <manacost>3</manacost>
        <colors>Lightning</colors>
        <pt>0</pt>
      </prop>
      <set picurl="https://fftcg.cdn.sewest.net/images/cards/full/11-096C_eg.jpg">Opus XI</set>
      <tablerow>0</tablerow>
    </card>
    <card>
      <name>Nyx (11-097H)</name>
      <text>Cuando Nyx entra al terreno de juego, pon 1 Oficio Glaive real que controlas en la Break Zone. Cuando lo haces, elige 1 Delantero. Rómpelo.
  Cuando una Oficio Glaive real que controlas que no sea Nyx pasa del terreno de juego a la Break Zone, selecciona 1 de las siguientes 2 acciones. "Nyx gana Prisa hasta el final del turno." "Elige 1 Delantero. Ponlo en dull."</text>
      <prop>
        <type>Forward - XV - Kingsglaive</type>
        <manacost>4</manacost>
        <colors>Lightning</colors>
        <pt>8000</pt>
      </prop>
      <set picurl="https://fftcg.cdn.sewest.net/images/cards/full/11-097H_eg.jpg">Opus XI</set>
      <tablerow>2</tablerow>
    </card>
    <card>
      <name>Puck (11-098C)</name>
      <text>Cuando Puck entra al terreno de juego, elige 1 Delantero de coste 1 de tu Break Zone. Juégalo al terreno de juego.
  Daños 3 -- Cuando Puck entra al terreno de juego, elige 1 Delantero de coste 2 de tu Break Zone. Juégalo al terreno de juego.</text>
      <prop>
        <type>Backup - IX - Prince</type>
        <manacost>4</manacost>
        <colors>Lightning</colors>
        <pt>0</pt>
      </prop>
      <set picurl="https://fftcg.cdn.sewest.net/images/cards/full/11-098C_eg.jpg">Opus XI</set>
      <tablerow>0</tablerow>
    </card>
    <card>
      <name>Anima (11-099H)</name>
      <text>Cuando un Delantero controlado por tu oponente pasa del terreno de juego a la Break Zone, elige 1 Delantero controlado por tu oponente. Ponlo en dull.
  (0): Elige 1 Delantero controlado por tu oponente. Inflígele 2000 puntos de daño. Solo puedes usar esta habilidad una vez por turno.</text>
      <prop>
        <type>Forward - MOBIUS · XIII - Fal'Cie</type>
        <manacost>4</manacost>
        <colors>Lightning</colors>
        <pt>8000</pt>
      </prop>
      <set picurl="https://fftcg.cdn.sewest.net/images/cards/full/11-099H_eg.jpg">Opus XI</set>
      <tablerow>2</tablerow>
    </card>
    <card>
      <name>Adrammelech, the Wroth (11-100R)</name>
      <text>[EX BURST] Elige 1 Delantero activo. Inflígele 6000 puntos de daño. Si tu oponente ha recibido 5 o más puntos de daño, inflígele 9000 puntos de daño en su lugar.</text>
      <prop>
        <type>Summon - FFTA</type>
        <manacost>1</manacost>
        <colors>Lightning</colors>
        <pt>0</pt>
      </prop>
      <set picurl="https://fftcg.cdn.sewest.net/images/cards/full/11-100R_eg.jpg">Opus XI</set>
      <tablerow>3</tablerow>
    </card>
    <card>
      <name>Meia (11-101H)</name>
      <text>Si controlas un Delantero Oficio Guerrero de la Luz o un Delantero Luz, Meia gana +2000 de poder.
  Cuando un personaje Luz u Oscuridad controlado por cualquier jugador pasa del terreno de juego a la Break Zone, elige 1 personaje que no sea Luz u Oscuridad de tu Break Zone. Añádelo a tu mano.</text>
      <prop>
        <type>Forward - MOBIUS - Witch</type>
        <manacost>3</manacost>
        <colors>Lightning</colors>
        <pt>7000</pt>
      </prop>
      <set picurl="https://fftcg.cdn.sewest.net/images/cards/full/11-101H_eg.jpg">Opus XI</set>
      <tablerow>2</tablerow>
    </card>
    <card>
      <name>Libertus (11-102C)</name>
      <text>[EX BURST] Cuando Libertus entra al terreno de juego, elige 1 personaje Categoría XV de tu Break Zone. Añádelo a tu mano. Si es Nombre de la carta Nyx, selecciona hasta 2 Apoyos. Actívalos.</text>
      <prop>
        <type>Forward - XV - Kingsglaive</type>
        <manacost>5</manacost>
        <colors>Lightning</colors>
        <pt>7000</pt>
      </prop>
      <set picurl="https://fftcg.cdn.sewest.net/images/cards/full/11-102C_eg.jpg">Opus XI</set>
      <tablerow>2</tablerow>
    </card>
    <card>
      <name>Luche (11-103C)</name>
      <text>(Lightning)(Lightning)(1)(Dull), pon Luche en la Break Zone: Elige 1 Delantero. Rómpelo. Tu oponente coge 1 carta.</text>
      <prop>
        <type>Backup - XV - Kingsglaive</type>
        <manacost>2</manacost>
        <colors>Lightning</colors>
        <pt>0</pt>
      </prop>
      <set picurl="https://fftcg.cdn.sewest.net/images/cards/full/11-103C_eg.jpg">Opus XI</set>
      <tablerow>0</tablerow>
    </card>
    <card>
      <name>Rude (11-104R)</name>
      <text>Si controlas una Nombre de la carta Rufus, Rude gana +3000 de poder.
  Si controlas una Oficio Miembro de los Turcos que no sea Rude, Rude gana Iniciativa.</text>
      <prop>
        <type>Forward - VII - Member of the Turks</type>
        <manacost>3</manacost>
        <colors>Lightning</colors>
        <pt>7000</pt>
      </prop>
      <set picurl="https://fftcg.cdn.sewest.net/images/cards/full/11-104R_eg.jpg">Opus XI</set>
      <tablerow>2</tablerow>
    </card>
    <card>
      <name>Reno (11-105R)</name>
      <text>Si controlas una Nombre de la carta Rufus, Reno gana +3000 de poder.
  Si controlas una Oficio Miembro de los Turcos que no sea Reno, Reno gana Prisa.</text>
      <prop>
        <type>Forward - VII - Member of the Turks</type>
        <manacost>3</manacost>
        <colors>Lightning</colors>
        <pt>7000</pt>
      </prop>
      <set picurl="https://fftcg.cdn.sewest.net/images/cards/full/11-105R_eg.jpg">Opus XI</set>
      <tablerow>2</tablerow>
    </card>
    <card>
      <name>Owzer (11-106H)</name>
      <text>Cuando Owzer entra al terreno de juego, elige 1 Delantero de coste 2 o menos controlado por tu oponente. Pasas a controlarlo.</text>
      <prop>
        <type>Backup - VI - Millionaire</type>
        <manacost>5</manacost>
        <colors>Water</colors>
        <pt>0</pt>
      </prop>
      <set picurl="https://fftcg.cdn.sewest.net/images/cards/full/11-106H_eg.jpg">Opus XI</set>
      <tablerow>0</tablerow>
    </card>
    <card>
      <name>Izayoi (11-107C)</name>
      <text>Cuando Izayoi entra al terreno de juego, elige 1 Delantero controlado por tu oponente. Si su coste es igual o inferior al número de Oficio Ninja o Nombre de la carta Ninja que controlas, devuélvelo a la mano de su propietario.
  (Water): Durante este turno, el siguiente daño que reciba Izayoi se reduce en 2000 en su lugar.</text>
      <prop>
        <type>Forward - PICTLOGICA · IV - Ninja</type>
        <manacost>3</manacost>
        <colors>Water</colors>
        <pt>7000</pt>
      </prop>
      <set picurl="https://fftcg.cdn.sewest.net/images/cards/full/11-107C_eg.jpg">Opus XI</set>
      <tablerow>2</tablerow>
    </card>
    <card>
      <name>Eiko (11-108C)</name>
      <text>[EX BURST] Cuando Eiko entra al terreno de juego, puedes buscar 1 Delantero Oficio Invocador y añadirlo a tu mano.</text>
      <prop>
        <type>Backup - LOV · IX - Summoner</type>
        <manacost>3</manacost>
        <colors>Water</colors>
        <pt>0</pt>
      </prop>
      <set picurl="https://fftcg.cdn.sewest.net/images/cards/full/11-108C_eg.jpg">Opus XI</set>
      <tablerow>0</tablerow>
    </card>
    <card>
      <name>Aemo (11-109R)</name>
      <text><p>(Water)(1)(Dull), pon Aemo en la Break Zone: Elige 1 habilidad de apoyo o habilidad de acción que solo tenga un objetivo. Puedes elegir otro objetivo para que sea el nuevo objetivo (el nuevo objetivo debe ser una elección válida).</p>
</text>
      <prop>
        <type>Backup - FFL - Girl from the Future</type>
        <manacost>2</manacost>
        <colors>Water</colors>
        <pt>0</pt>
      </prop>
      <set picurl="https://fftcg.cdn.sewest.net/images/cards/full/11-109R_eg.jpg">Opus XI</set>
      <tablerow>0</tablerow>
    </card>
    <card>
      <name>Garnet (11-110L)</name>
      <text>Cuando lanzas una Invocación, pon 1 Contador Invocación sobre Garnet.
  Retira 1 Contador Invocación de Garnet: Elige 1 Delantero que controlas. Este gana +2000 de poder hasta el final del turno.
  (Dull): Revela 1 carta al azar de tu mano. Si es una Invocación, puedes lanzarla sin pagar su coste.</text>
      <prop>
        <type>Forward - IX - Summoner</type>
        <manacost>4</manacost>
        <colors>Water</colors>
        <pt>8000</pt>
      </prop>
      <set picurl="https://fftcg.cdn.sewest.net/images/cards/full/11-110L_eg.jpg">Opus XI</set>
      <tablerow>2</tablerow>
    </card>
    <card>
      <name>Kraken (11-111C)</name>
      <text>Cuando Kraken entra al terreno de juego, puedes pagar (Water)(1). Cuando lo haces, elige 1 Delantero. Devuélvelo a la mano de su propietario. 
  Cuando Kraken pasa del terreno de juego a la Break Zone, puedes buscar 1 Oficio Caos que no sea Nombre de la carta Kraken y añadirla a tu mano.</text>
      <prop>
        <type>Forward - I - Chaos</type>
        <manacost>5</manacost>
        <colors>Water</colors>
        <pt>9000</pt>
      </prop>
      <set picurl="https://fftcg.cdn.sewest.net/images/cards/full/11-111C_eg.jpg">Opus XI</set>
      <tablerow>2</tablerow>
    </card>
    <card>
      <name>Clavat (11-112C)</name>
      <text>Cuando Clavate entra al terreno de juego, revela cartas de la parte superior de tu mazo una a una hasta que aparezca una carta Fuego o Frío. Añádela a tu mano. Después, baraja las demás cartas y colócalas en la parte inferior de tu mazo.</text>
      <prop>
        <type>Backup - FFCC - Standard Unit</type>
        <manacost>3</manacost>
        <colors>Water</colors>
        <pt>0</pt>
      </prop>
      <set picurl="https://fftcg.cdn.sewest.net/images/cards/full/11-112C_eg.jpg">Opus XI</set>
      <tablerow>0</tablerow>
    </card>
    <card>
      <name>Famfrit (FFTA) (11-113R)</name>
      <text>[EX BURST] Coge 1 carta. Si tu oponente ha recibido 5 o más puntos de daño, coge 2 cartas en su lugar.</text>
      <prop>
        <type>Summon - FFTA</type>
        <manacost>1</manacost>
        <colors>Water</colors>
        <pt>0</pt>
      </prop>
      <set picurl="https://fftcg.cdn.sewest.net/images/cards/full/11-113R_eg.jpg">Opus XI</set>
      <tablerow>3</tablerow>
    </card>
    <card>
      <name>Sahagin Chief (11-114R)</name>
      <text>Cuando un personaje Agua que no sea Sahuagin jefe entra a tu terreno de juego, pon 1 Contador Monstruo sobre Sahuagin jefe.
  Pon Sahuagin jefe en la Break Zone: Elige 1 Delantero que controlas. Devuélvelo a la mano de su propietario.
  Pon Sahuagin jefe en la Break Zone: Elige hasta 2 Delanteros. Devuélvelos a las manos de sus propietarios. Solo puedes usar esta habilidad si hay 3 o más Contadores Monstruo sobre Sahuagin jefe.</text>
      <prop>
        <type>Monster - X - Sahagin</type>
        <manacost>2</manacost>
        <colors>Water</colors>
        <pt>0</pt>
      </prop>
      <set picurl="https://fftcg.cdn.sewest.net/images/cards/full/11-114R_eg.jpg">Opus XI</set>
      <tablerow>1</tablerow>
    </card>
    <card>
      <name>White Mage (11-115C)</name>
      <text>Cuando Mago blanco entra al terreno de juego, si el coste para jugar Mago blanco se ha pagado con CP de 2 o más elementos distintos, activa todos los Delanteros que controlas.</text>
      <prop>
        <type>Forward - Special - Standard Unit</type>
        <manacost>4</manacost>
        <colors>Water</colors>
        <pt>8000</pt>
      </prop>
      <set picurl="https://fftcg.cdn.sewest.net/images/cards/full/11-115C_eg.jpg">Opus XI</set>
      <tablerow>2</tablerow>
    </card>
    <card>
      <name>Sprite (11-116C)</name>
      <text>Durante tu turno, Trasgo también pasa a ser un Delantero con 7000 de poder.
  (Water), descarta Trasgo, retira 1 Apoyo del juego: Elige 1 Delantero o Monstruo. Devuélvelo a la mano de su propietario. Solo puedes usar esta habilidad si Trasgo está en tu mano.</text>
      <prop>
        <type>Monster - FFTA - Fairy</type>
        <manacost>3</manacost>
        <colors>Water</colors>
        <pt>7000</pt>
      </prop>
      <set picurl="https://fftcg.cdn.sewest.net/images/cards/full/11-116C_eg.jpg">Opus XI</set>
      <tablerow>1</tablerow>
    </card>
    <card>
      <name>Ceodore (11-117R)</name>
      <text>Pon en dull 1 Delantero Nombre de la carta Cecil activo y 1 Delantero Nombre de la carta Rosa activo: Juega Ceodore al terreno de juego. Solo puedes usar esta habilidad durante tu turno y si Ceodore está en la Break Zone.</text>
      <prop>
        <type>Forward - IV - Prince</type>
        <manacost>4</manacost>
        <colors>Water</colors>
        <pt>8000</pt>
      </prop>
      <set picurl="https://fftcg.cdn.sewest.net/images/cards/full/11-117R_eg.jpg">Opus XI</set>
      <tablerow>2</tablerow>
    </card>
    <card>
      <name>Celes (11-118L)</name>
      <text>Cuando Celes ataca, selecciona 1 de las siguientes 3 acciones. Si has recibido 3 o más puntos de daño, selecciona hasta 2 de las siguientes 3 acciones en su lugar.
  "Celes gana +2000 de poder hasta el final del turno." "Celes gana 'Cuando Celes inflige daño a tu oponente, coge 1 carta' hasta el final del turno." "Elige 1 Apoyo que controlas y 1 Delantero controlado por tu oponente. Devuélvelos a las manos de sus propietarios."</text>
      <prop>
        <type>Forward - VI - Rune Knight</type>
        <manacost>3</manacost>
        <colors>Water</colors>
        <pt>7000</pt>
      </prop>
      <set picurl="https://fftcg.cdn.sewest.net/images/cards/full/11-118L_eg.jpg">Opus XI</set>
      <tablerow>2</tablerow>
    </card>
    <card>
      <name>Tonbetty (11-119C)</name>
      <text>Las Nombre de la carta Mira que controlas ganan +2000 de poder.
  Cuando Tongarry pasa del terreno de juego a la Break Zone, coge 1 carta.</text>
      <prop>
        <type>Backup - FFCC - Advisor</type>
        <manacost>2</manacost>
        <colors>Water</colors>
        <pt>0</pt>
      </prop>
      <set picurl="https://fftcg.cdn.sewest.net/images/cards/full/11-119C_eg.jpg">Opus XI</set>
      <tablerow>0</tablerow>
    </card>
    <card>
      <name>Brahne (11-120H)</name>
      <text>Cuando Brahne entra al terreno de juego, puedes buscar 1 Delantero Oficio Princesa y añadirlo a tu mano.
  Cuando un Delantero Oficio Rey o un Delantero Oficio Princesa que controlas pasa del terreno de juego a la Break Zone, puedes pagar (Water)(Water). Cuando lo haces, elige 1 Delantero. Devuélvelo a la mano de su propietario.</text>
      <prop>
        <type>Backup - IX - Queen</type>
        <manacost>3</manacost>
        <colors>Water</colors>
        <pt>0</pt>
      </prop>
      <set picurl="https://fftcg.cdn.sewest.net/images/cards/full/11-120H_eg.jpg">Opus XI</set>
      <tablerow>0</tablerow>
    </card>
    <card>
      <name>Porom (11-121C)</name>
      <text>Cuando Porom entra al terreno de juego, descarta 1 carta de tu mano. Si la carta descartada no es una carta Categoría IV, coge 1 carta. Si la carta descartada es una carta Categoría IV, coge 2 cartas y después descarta 1 carta de tu mano.
  (Dull), pon Porom en la Break Zone: Elige 1 Delantero. Durante este turno, el siguiente daño que reciba se reduce en 2000 en su lugar.</text>
      <prop>
        <type>Backup - IV - White Mage</type>
        <manacost>2</manacost>
        <colors>Water</colors>
        <pt>0</pt>
      </prop>
      <set picurl="https://fftcg.cdn.sewest.net/images/cards/full/11-121C_eg.jpg">Opus XI</set>
      <tablerow>0</tablerow>
    </card>
    <card>
      <name>Mira (11-122H)</name>
      <text>Cuando un personaje Categoría FFCC que controlas que no sea Mira pasa del terreno de juego a la Break Zone, puedes buscar 1 personaje Categoría FFCC del mismo tipo de carta y añadirlo a tu mano. Este efecto solo se puede desencadenar una vez por turno.
  (Dull): Elige 1 personaje Categoría FFCC que controlas que no sea Delantero. Actívalo. Hasta el final del turno, también pasa a ser un Delantero con 8000 de poder.</text>
      <prop>
        <type>Forward - FFCC - Dark Lord</type>
        <manacost>2</manacost>
        <colors>Water</colors>
        <pt>5000</pt>
      </prop>
      <set picurl="https://fftcg.cdn.sewest.net/images/cards/full/11-122H_eg.jpg">Opus XI</set>
      <tablerow>2</tablerow>
    </card>
    <card>
      <name>Yunalesca (11-123R)</name>
      <text>El coste requerido para lanzar tus Invocaciones se reduce en 1 por cada Delantero Oficio Invocador que controlas (no puede ser 0).
  Cuando Yunalesca entra al terreno de juego, elige 1 Invocación de tu Break Zone. Colócala en la parte inferior de tu mazo.</text>
      <prop>
        <type>Forward - MOBIUS · X - Summoner</type>
        <manacost>4</manacost>
        <colors>Water</colors>
        <pt>8000</pt>
      </prop>
      <set picurl="https://fftcg.cdn.sewest.net/images/cards/full/11-123R_eg.jpg">Opus XI</set>
      <tablerow>2</tablerow>
    </card>
    <card>
      <name>Relm (11-124H)</name>
      <text>Cuando Relm entra al terreno de juego, puedes buscar hasta 1 Monstruo de coste 1 y hasta 1 Monstruo de coste 2 y jugarlos al terreno de juego.
  Al final de cada uno de tus turnos, elige 1 Delantero controlado por tu oponente. Si controlas 5 o más Monstruos, devuélvelo a la mano de su propietario.</text>
      <prop>
        <type>Forward - DFF · VI - Pictomancer</type>
        <manacost>5</manacost>
        <colors>Water</colors>
        <pt>4000</pt>
      </prop>
      <set picurl="https://fftcg.cdn.sewest.net/images/cards/full/11-124H_eg.jpg">Opus XI</set>
      <tablerow>2</tablerow>
    </card>
    <card>
      <name>Alchemist (11-125C)</name>
      <text>(Dull), pon Alquimista en la Break Zone: Descarta 1 carta de tu mano. Si lo haces, busca 1 carta del mismo tipo que la carta descartada y añádela a tu mano.</text>
      <prop>
        <type>Backup - FFTA - Standard Unit</type>
        <manacost>2</manacost>
        <colors>Water</colors>
        <pt>0</pt>
      </prop>
      <set picurl="https://fftcg.cdn.sewest.net/images/cards/full/11-125C_eg.jpg">Opus XI</set>
      <tablerow>0</tablerow>
    </card>
    <card>
      <name>Rosa (11-126R)</name>
      <text>[EX BURST] Cuando Rosa entra al terreno de juego, si controlas una Nombre de la carta Cecil, coge 1 carta.
  Descarta 1 carta: Coge 1 carta. Solo puedes usar esta habilidad durante tu turno y una vez por turno.
  Teleportar (S)(Dull): Elige tantos personajes que controlas como quieras. Devuélvelos a las manos de sus propietarios. Solo puedes usar esta habilidad una vez por turno.</text>
      <prop>
        <type>Forward - IV - White Mage</type>
        <manacost>3</manacost>
        <colors>Water</colors>
        <pt>7000</pt>
      </prop>
      <set picurl="https://fftcg.cdn.sewest.net/images/cards/full/11-126R_eg.jpg">Opus XI</set>
      <tablerow>2</tablerow>
    </card>
    <card>
      <name>Cloud (11-127L)</name>
      <text>Cuando Cloud entra al terreno de juego, puedes buscar 1 personaje Categoría VII y añadirlo a tu mano.
  (3), retira del juego las 7 cartas de la parte superior de tu mazo: Elige 1 Delantero. Rómpelo. Solo puedes usar esta habilidad durante tu Main Phase, y solo una vez por turno.
  Daños 5 -- Cloud Gana +2000 de poder.</text>
      <prop>
        <type>Forward - VII - SOLDIER</type>
        <manacost>4</manacost>
        <colors>Light</colors>
        <pt>7000</pt>
      </prop>
      <set picurl="https://fftcg.cdn.sewest.net/images/cards/full/11-127L_eg.jpg">Opus XI</set>
      <tablerow>2</tablerow>
    </card>
    <card>
      <name>Princess Sarah (11-128H)</name>
      <text>Cuando Princesa Sara entra al terreno de juego, nombra 1 elemento. Princesa Sara pasa a ser de ese elemento. (Este efecto no termina al final del turno.)
  (Dull): Todos los Delanteros del mismo elemento que Princesa Sara que controlas ganan +1000 de poder hasta el final del turno.</text>
      <prop>
        <type>Backup - I - Princess</type>
        <manacost>1</manacost>
        <colors>Light</colors>
        <pt>0</pt>
      </prop>
      <set picurl="https://fftcg.cdn.sewest.net/images/cards/full/11-128H_eg.jpg">Opus XI</set>
      <tablerow>0</tablerow>
    </card>
    <card>
      <name>Chaos (11-129H)</name>
      <text>Cuando Caos entra al terreno de juego, elige 1 Delantero de coste 5 o más de tu Break Zone. Puedes pagar (X). Cuando lo haces, si su coste es X, juégalo al terreno de juego.
  (3)(Dull), retira Caos del juego: Elige 1 personaje controlado por tu oponente. Retíralo del juego.</text>
      <prop>
        <type>Backup - I - Chaos</type>
        <manacost>1</manacost>
        <colors>Dark</colors>
        <pt>0</pt>
      </prop>
      <set picurl="https://fftcg.cdn.sewest.net/images/cards/full/11-129H_eg.jpg">Opus XI</set>
      <tablerow>0</tablerow>
    </card>
    <card>
      <name>Sephiroth (11-130L)</name>
      <text>Solo puedes jugar Sefirot si cualquier jugador ha recibido 4 o más puntos de daño.
  Cuando Sefirot entra al terreno de juego, elige 1 personaje. Rómpelo.
  Octacorte (S): Elige hasta 1 Delantero, hasta 1 Apoyo y hasta 1 Monstruo. Retíralos del juego. Solo puedes usar esta habilidad si cada jugador ha recibido 5 o más puntos de daño.</text>
      <prop>
        <type>Forward - VII - One-Winged Angel</type>
        <manacost>4</manacost>
        <colors>Dark</colors>
        <pt>10000</pt>
      </prop>
      <set picurl="https://fftcg.cdn.sewest.net/images/cards/full/11-130L_eg.jpg">Opus XI</set>
      <tablerow>2</tablerow>
    </card>
    <card>
      <name>Barret (11-131S)</name>
      <text>[EX BURST] Cuando Barret entra al terreno de juego, elige 1 Delantero controlado por tu oponente. Inflígele 1000 puntos de daño por cada personaje Categoría VII que controlas. Si Barret es el resultado de un EX Burst, inflígele 2000 puntos de daño por cada personaje Categoría VII que controlas en su lugar.</text>
      <prop>
        <type>Forward - VII - AVALANCHE Operative</type>
        <manacost>3</manacost>
        <colors>Fire</colors>
        <pt>7000</pt>
      </prop>
      <set picurl="https://fftcg.cdn.sewest.net/images/cards/full/11-131S_eg.jpg">Opus XI</set>
      <tablerow>2</tablerow>
    </card>
    <card>
      <name>Red XIII (11-132S)</name>
      <text>Si controlas un Delantero Categoría VII que no sea Red XIII, Red XIII gana +1000 de poder, Prisa e Iniciativa.</text>
      <prop>
        <type>Forward - VII - Warrior</type>
        <manacost>4</manacost>
        <colors>Fire</colors>
        <pt>8000</pt>
      </prop>
      <set picurl="https://fftcg.cdn.sewest.net/images/cards/full/11-132S_eg.jpg">Opus XI</set>
      <tablerow>2</tablerow>
    </card>
    <card>
      <name>Cait Sith (11-133S)</name>
      <text>Cuando Cait Sith entra al terreno de juego, tu oponente revela su mano. Puedes seleccionar 1 carta de su mano que no sea un Apoyo. Si lo haces, retírala del juego y tu oponente coge 1 carta.</text>
      <prop>
        <type>Backup - DFF · VII - Spy</type>
        <manacost>2</manacost>
        <colors>Ice</colors>
        <pt>0</pt>
      </prop>
      <set picurl="https://fftcg.cdn.sewest.net/images/cards/full/11-133S_eg.jpg">Opus XI</set>
      <tablerow>0</tablerow>
    </card>
    <card>
      <name>Don Corneo (11-134S)</name>
      <text>(Dull), pon las 2 cartas de la parte superior de tu mazo en la Break Zone: Elige 1 Delantero. Ponlo en dull.
(Dull), pon las 7 cartas de la parte superior de tu mazo en la Break Zone: Elige 1 Delantero en dull. Rómpelo.
(Dull), pon las 15 cartas de la parte superior de tu mazo en la Break Zone: Elige 1 Delantero. Pasas a controlarlo mientras Don Corneo está en el terreno de juego.</text>
      <prop>
        <type>Forward - VII - Boss</type>
        <manacost>2</manacost>
        <colors>Ice</colors>
        <pt>5000</pt>
      </prop>
      <set picurl="https://fftcg.cdn.sewest.net/images/cards/full/11-134S_eg.jpg">Opus XI</set>
      <tablerow>2</tablerow>
    </card>
    <card>
      <name>Vincent (11-135S)</name>
      <text>Gig. muerte (S): Hasta el final del turno, Vincent gana +1000 de poder, Iniciativa y "Cuando Vincent ataca, elige 1 Delantero en dull de coste 4 o menos. Rómpelo."
Daños 5 -- Caos (S): Vincent gana +3000 de poder, Iniciativa y "Cuando Vincent ataca, elige 1 personaje. Rómpelo." (Este efecto no termina al final del turno).</text>
      <prop>
        <type>Forward - VII - Gunslinger</type>
        <manacost>3</manacost>
        <colors>Earth</colors>
        <pt>7000</pt>
      </prop>
      <set picurl="https://fftcg.cdn.sewest.net/images/cards/full/11-135S_eg.jpg">Opus XI</set>
      <tablerow>2</tablerow>
    </card>
    <card>
      <name>Cloud (11-136S)</name>
      <text>(Dull), pon 1 Delantero Categoría VII en la Break Zone: Busca 1 Delantero que cuesta 1 CP más que el Delantero que has puesto en la Break Zone y juégalo al terreno de juego. Solo puedes usar esta habilidad durante tu Main Phase.</text>
      <prop>
        <type>Forward - VII - SOLDIER</type>
        <manacost>2</manacost>
        <colors>Earth</colors>
        <pt>5000</pt>
      </prop>
      <set picurl="https://fftcg.cdn.sewest.net/images/cards/full/11-136S_eg.jpg">Opus XI</set>
      <tablerow>2</tablerow>
    </card>
    <card>
      <name>Azul (11-137S)</name>
      <text>Cuando Azul recibe daño, elige 1 Delantero controlado por tu oponente. Inflígele 1000 puntos de daño.
Daños 3 -- Azul gana "Cuando Azul recibe daño, elige 1 Delantero controlado por tu oponente. Inflígele 2000 puntos de daño."
Daños 5 -- Azul gana "Cuando Azul recibe daño, elige 1 Delantero controlado por tu oponente. Inflígele 3000 puntos de daño."</text>
      <prop>
        <type>Forward - VII - Tsviets</type>
        <manacost>3</manacost>
        <colors>Lightning</colors>
        <pt>7000</pt>
      </prop>
      <set picurl="https://fftcg.cdn.sewest.net/images/cards/full/11-137S_eg.jpg">Opus XI</set>
      <tablerow>2</tablerow>
    </card>
    <card>
      <name>Sephiroth (11-138S)</name>
      <text>Cuando Sefirot ataca, pon en dull todos los Delanteros controlados por tu oponente con 8000 o menos de poder.
Al final de cada uno de tus turnos, retira del juego 3 cartas de tu Break Zone o pon Sefirot en la Break Zone.</text>
      <prop>
        <type>Forward - VII - SOLDIER</type>
        <manacost>3</manacost>
        <colors>Lightning</colors>
        <pt>9000</pt>
      </prop>
      <set picurl="https://fftcg.cdn.sewest.net/images/cards/full/11-138S_eg.jpg">Opus XI</set>
      <tablerow>2</tablerow>
    </card>
    <card>
      <name>Aerith (11-139S)</name>
      <text>Cuando Aeris entra al terreno de juego, elige hasta 2 personajes Categoría VII de tu Break Zone que no sean Nombre de la carta Aeris. Añádelos a tu mano.
(1)(Dull), pon Aeris en la Break Zone: Selecciona 1 de las siguientes 2 acciones. "Elige 1 Delantero Categoría VII que controlas. Ponlo en dull. Este gana 'Este Delantero no puede romperse' hasta el final del turno." "Elige 1 Delantero Oscuridad. Rómpelo."</text>
      <prop>
        <type>Forward - VII - Ancient</type>
        <manacost>4</manacost>
        <colors>Light</colors>
        <pt>5000</pt>
      </prop>
      <set picurl="https://fftcg.cdn.sewest.net/images/cards/full/11-139S_eg.jpg">Opus XI</set>
      <tablerow>2</tablerow>
    </card>
    <card>
      <name>Kadaj (11-140S)</name>
      <text>[EX BURST] Cuando Kadaj entra al terreno de juego, selecciona 1 de las siguientes 3 acciones. Elige 1 Delantero. Ponlo en dull. Elige hasta 2 cartas de las Break Zone de cualquier jugador. Retíralas del juego. Elige 1 Delantero. Hasta el final del turno, este gana +2000 de poder y Bravura.
  Al final de cada uno de tus turnos, puedes retirar Kadaj del juego. Si lo haces, juega Kadaj al terreno de juego al final del turno de tu oponente.</text>
      <prop>
        <type>Forward - VII - Remnant</type>
        <manacost>4</manacost>
        <colors>Dark</colors>
        <pt>9000</pt>
      </prop>
      <set picurl="https://fftcg.cdn.sewest.net/images/cards/full/11-140S_eg.jpg">Opus XI</set>
      <tablerow>2</tablerow>
    </card>
  </cards>
</cockatrice_carddatabase>