<?xml version="1.0" encoding="UTF-8"?>
<cockatrice_carddatabase version="4">
  <sets>
    <set>
      <name>Opus IX</name>
      <longname>Opus IX</longname>
      <settype>Custom</settype>
      <releasedate></releasedate>
    </set>
  </sets>
  <cards>
    <card>
      <name>Irvine (9-001C)</name>
      <text>Cuando Irvine entra al terreno de juego, elige 1 Delantero. Inflígele 5000 puntos de daño. Si el número de Delanteros controlados por tu oponente es mayor que el número de Delanteros que controlas, inflígele 7000 puntos de daño en su lugar.</text>
      <prop>
        <type>Backup - PICTLOGICA · VIII - Sniper</type>
        <manacost>4</manacost>
        <colors>Fire</colors>
        <pt>0</pt>
      </prop>
      <set picurl="https://fftcg.cdn.sewest.net/images/cards/full/9-001C_eg.jpg">Opus IX</set>
      <tablerow>0</tablerow>
    </card>
    <card>
      <name>Ifrita (9-002H)</name>
      <text>Selecciona 1 de las siguientes 3 acciones. Si tienes un total de 5 o más Nombre de la carta Ifrita y/o Nombre de la carta Ifrit en tu Break Zone (antes de pagar el coste de Ifrita), selecciona hasta 3 de las siguientes 3 acciones en su lugar.
"Elige 1 Delantero. Inflígele 7000 puntos de daño."
"Elige 1 Monstruo de coste 3 o menos. Rómpelo."
"Inflige 3000 puntos de daño a todos los Delanteros controlados por tu oponente."</text>
      <prop>
        <type>Summon - MOBIUS</type>
        <manacost>3</manacost>
        <colors>Fire</colors>
        <pt>0</pt>
      </prop>
      <set picurl="https://fftcg.cdn.sewest.net/images/cards/full/9-002H_eg.jpg">Opus IX</set>
      <tablerow>3</tablerow>
    </card>
    <card>
      <name>Ace (9-003L)</name>
      <text>[EX BURST] Cuando Ace ataca, elige 1 Delantero controlado por tu oponente. Inflígele 2000 puntos de daño por cada Delantero Oficio Clase Cero que controlas.
Cuando Ace entra al terreno de juego, revela las 7 cartas de la parte superior de tu mazo. Añade hasta 2 Oficio Clase Cero que no sean Nombre de la carta Ace de entre ellas a tu mano. Después, baraja las demás cartas reveladas y colócalas en la parte inferior de tu mazo.</text>
      <prop>
        <type>Forward - DFF · TYPE-0 - Class Zero Cadet</type>
        <manacost>5</manacost>
        <colors>Fire</colors>
        <pt>8000</pt>
      </prop>
      <set picurl="https://fftcg.cdn.sewest.net/images/cards/full/9-003L_eg.jpg">Opus IX</set>
      <tablerow>2</tablerow>
    </card>
    <card>
      <name>Ace (9-004C)</name>
      <text>Cuando Ace entra al terreno de juego, elige 1 Delantero controlado por tu oponente. Revela las 5 cartas de la parte superior de tu mazo. Si tienes una Oficio Clase Cero entre ellas, inflígele 7000 puntos de daño. Después, baraja las cartas reveladas y colócalas en la parte inferior de tu mazo.</text>
      <prop>
        <type>Backup - DFF · TYPE-0 - Class Zero Cadet</type>
        <manacost>2</manacost>
        <colors>Fire</colors>
        <pt>0</pt>
      </prop>
      <set picurl="https://fftcg.cdn.sewest.net/images/cards/full/9-004C_eg.jpg">Opus IX</set>
      <tablerow>0</tablerow>
    </card>
    <card>
      <name>King of Eblan (9-005H)</name>
      <text>Si tu oponente no controla ningún Delantero, Rey de Eblan no puede atacar.
Cuando Rey de Eblan entra al terreno de juego, puedes buscar 1 Nombre de la carta Reina de Eblan y jugarla al terreno de juego.</text>
      <prop>
        <type>Forward - IV - King of Eblan</type>
        <manacost>5</manacost>
        <colors>Fire</colors>
        <pt>7000</pt>
      </prop>
      <set picurl="https://fftcg.cdn.sewest.net/images/cards/full/9-005H_eg.jpg">Opus IX</set>
      <tablerow>2</tablerow>
    </card>
    <card>
      <name>Queen of Eblan (9-006H)</name>
      <text>Si tu oponente no controla ningún Delantero, Reina de Eblan no puede atacar.
Cuando Reina de Eblan forma un equipo con Nombre de la carta Rey de Eblan y ataca, elige 1 Delantero controlado por tu oponente. Inflígele 5000 puntos de daño.</text>
      <prop>
        <type>Forward - IV - Queen of Eblan</type>
        <manacost>3</manacost>
        <colors>Fire</colors>
        <pt>7000</pt>
      </prop>
      <set picurl="https://fftcg.cdn.sewest.net/images/cards/full/9-006H_eg.jpg">Opus IX</set>
      <tablerow>2</tablerow>
    </card>
    <card>
      <name>Gaius (9-007H)</name>
      <text>[EX BURST] Cuando Gaius entra al terreno de juego, puedes buscar 1 Nombre de la carta Nero (XIV), Nombre de la carta Livia o Nombre de la carta Rhitahtyn y añadirla a tu mano.
Cuando Gaius o un Delantero Categoría XIV entra a tu terreno de juego, elige 1 Delantero controlado por tu oponente. Inflígele 3000 puntos de daño.</text>
      <prop>
        <type>Forward - XIV - General</type>
        <manacost>6</manacost>
        <colors>Fire</colors>
        <pt>8000</pt>
      </prop>
      <set picurl="https://fftcg.cdn.sewest.net/images/cards/full/9-007H_eg.jpg">Opus IX</set>
      <tablerow>2</tablerow>
    </card>
    <card>
      <name>Cyan (9-008C)</name>
      <text>Cuando Cyan entra al terreno de juego, hasta el final del turno, todos los Delanteros que controlas ganan +1000 de poder y Bravura.</text>
      <prop>
        <type>Backup - VI - Samurai</type>
        <manacost>2</manacost>
        <colors>Fire</colors>
        <pt>0</pt>
      </prop>
      <set picurl="https://fftcg.cdn.sewest.net/images/cards/full/9-008C_eg.jpg">Opus IX</set>
      <tablerow>0</tablerow>
    </card>
    <card>
      <name>Gijuk (9-009R)</name>
      <text>Cuando Gijuk entra al terreno de juego, si controlas 4 o más Delanteros Oficio Cazarrecompensas, inflige 5000 puntos de daño a todos los Delanteros controlados por tu oponente.</text>
      <prop>
        <type>Forward - XII - Headhunter</type>
        <manacost>2</manacost>
        <colors>Fire</colors>
        <pt>5000</pt>
      </prop>
      <set picurl="https://fftcg.cdn.sewest.net/images/cards/full/9-009R_eg.jpg">Opus IX</set>
      <tablerow>2</tablerow>
    </card>
    <card>
      <name>King (9-010R)</name>
      <text>Puedes descartar 1 Oficio Clase Cero (en lugar de pagar su coste con CP) para jugar King de tu mano al terreno de juego.
Cuando King entra al terreno de juego, elige 1 Delantero. Este no puede bloquear este turno.</text>
      <prop>
        <type>Forward - DFF · TYPE-0 - Class Zero Cadet</type>
        <manacost>4</manacost>
        <colors>Fire</colors>
        <pt>8000</pt>
      </prop>
      <set picurl="https://fftcg.cdn.sewest.net/images/cards/full/9-010R_eg.jpg">Opus IX</set>
      <tablerow>2</tablerow>
    </card>
    <card>
      <name>Clavat (9-011R)</name>
      <text>Cuando Clavate ataca, elige 1 Delantero. Inflígele 1000 puntos de daño y Clavate gana +1000 de poder hasta el final del turno.</text>
      <prop>
        <type>Forward - FFCC - Standard Unit</type>
        <manacost>3</manacost>
        <colors>Fire</colors>
        <pt>7000</pt>
      </prop>
      <set picurl="https://fftcg.cdn.sewest.net/images/cards/full/9-011R_eg.jpg">Opus IX</set>
      <tablerow>2</tablerow>
    </card>
    <card>
      <name>Shadow (9-012C)</name>
      <text>(Fire)(Dull), pon Shadow en la Break Zone: Elige 1 Delantero. Inflígele 8000 puntos de daño. Solo puedes usar esta habilidad si un Delantero que controlabas ha pasado del terreno de juego a la Break Zone este turno.</text>
      <prop>
        <type>Backup - VI - Assassin</type>
        <manacost>2</manacost>
        <colors>Fire</colors>
        <pt>0</pt>
      </prop>
      <set picurl="https://fftcg.cdn.sewest.net/images/cards/full/9-012C_eg.jpg">Opus IX</set>
      <tablerow>0</tablerow>
    </card>
    <card>
      <name>Fusilier (9-013C)</name>
      <text>Cuando Pistolero entra al terreno de juego, puedes pagar (Fire). Cuando lo haces, elige 1 Delantero. Inflígele 5000 puntos de daño.</text>
      <prop>
        <type>Backup - FFTA2 - Standard Unit</type>
        <manacost>2</manacost>
        <colors>Fire</colors>
        <pt>0</pt>
      </prop>
      <set picurl="https://fftcg.cdn.sewest.net/images/cards/full/9-013C_eg.jpg">Opus IX</set>
      <tablerow>0</tablerow>
    </card>
    <card>
      <name>Nael (9-014L)</name>
      <text>Cuando Nael entra al terreno de juego, revela las 3 cartas de la parte superior de tu mazo. Añade hasta 2 Delanteros de entre ellas a tu mano y pon el resto en la Break Zone.
Retira 1 Apoyo del juego: Hasta el final del turno, Nael gana +2000 de poder y Prisa.
Retira 2 Apoyos del juego: Elige 1 Delantero. Inflígele 8000 puntos de daño.</text>
      <prop>
        <type>Forward - XIV - General</type>
        <manacost>6</manacost>
        <colors>Fire</colors>
        <pt>9000</pt>
      </prop>
      <set picurl="https://fftcg.cdn.sewest.net/images/cards/full/9-014L_eg.jpg">Opus IX</set>
      <tablerow>2</tablerow>
    </card>
    <card>
      <name>Hume (9-015C)</name>
      <text>(Fire): Hume gana Bravura hasta el final del turno.
(Fire)(1): Hume gana Prisa hasta el final del turno.</text>
      <prop>
        <type>Forward - XII - Standard Unit</type>
        <manacost>4</manacost>
        <colors>Fire</colors>
        <pt>8000</pt>
      </prop>
      <set picurl="https://fftcg.cdn.sewest.net/images/cards/full/9-015C_eg.jpg">Opus IX</set>
      <tablerow>2</tablerow>
    </card>
    <card>
      <name>Bwagi (9-016C)</name>
      <text>Cuando Bwagi ataca, todos los Delanteros Oficio Cazarrecompensas que controlas ganan +2000 de poder hasta el final del turno.</text>
      <prop>
        <type>Forward - XII - Headhunter</type>
        <manacost>2</manacost>
        <colors>Fire</colors>
        <pt>5000</pt>
      </prop>
      <set picurl="https://fftcg.cdn.sewest.net/images/cards/full/9-016C_eg.jpg">Opus IX</set>
      <tablerow>2</tablerow>
    </card>
    <card>
      <name>Belias (9-017C)</name>
      <text>[EX BURST] Elige 1 Delantero. Hasta el final del turno, este gana +1000 de poder e Iniciativa. Coge 1 carta. Si has recibido 4 o más puntos de daño, también gana Prisa hasta el final del turno.</text>
      <prop>
        <type>Summon - MOBIUS</type>
        <manacost>1</manacost>
        <colors>Fire</colors>
        <pt>0</pt>
      </prop>
      <set picurl="https://fftcg.cdn.sewest.net/images/cards/full/9-017C_eg.jpg">Opus IX</set>
      <tablerow>3</tablerow>
    </card>
    <card>
      <name>Bergan (9-018R)</name>
      <text>Solo puedes pagar con CP de Apoyos Fuego el coste para jugar Bergan de tu mano al terreno de juego.
Cuando Bergan bloquea o es bloqueado, inflígele 7000 puntos de daño al Delantero que bloquea o es bloqueado por Bergan.
(Fire)(1): Elige 1 Delantero. Inflígele 1000 puntos de daño.</text>
      <prop>
        <type>Forward - MOBIUS · XII - Judge</type>
        <manacost>3</manacost>
        <colors>Fire</colors>
        <pt>8000</pt>
      </prop>
      <set picurl="https://fftcg.cdn.sewest.net/images/cards/full/9-018R_eg.jpg">Opus IX</set>
      <tablerow>2</tablerow>
    </card>
    <card>
      <name>Bomb (9-019R)</name>
      <text>Durante tu turno, Bom también pasa a ser un Delantero con 5000 de poder.
Cuando Bom pasa del terreno de juego a la Break Zone, inflige 2000 puntos de daño a todos los Delanteros.</text>
      <prop>
        <type>Monster - Crystal Hunt - Bomb</type>
        <manacost>2</manacost>
        <colors>Fire</colors>
        <pt>5000</pt>
      </prop>
      <set picurl="https://fftcg.cdn.sewest.net/images/cards/full/9-019R_eg.jpg">Opus IX</set>
      <tablerow>1</tablerow>
    </card>
    <card>
      <name>Rhitahtyn (9-020R)</name>
      <text>Debes controlar un Delantero Categoría XIV para jugar Rhitahtyn de tu mano al terreno de juego.
Bravura
Misil Magitec (S)(Dull): Elige 1 Delantero. Al final de este turno, si controlas Rhitahtyn, inflígele 10000 puntos de daño.</text>
      <prop>
        <type>Forward - XIV - Faction Commander</type>
        <manacost>2</manacost>
        <colors>Fire</colors>
        <pt>7000</pt>
      </prop>
      <set picurl="https://fftcg.cdn.sewest.net/images/cards/full/9-020R_eg.jpg">Opus IX</set>
      <tablerow>2</tablerow>
    </card>
    <card>
      <name>Varis (9-021R)</name>
      <text>Cuando Varis entra al terreno de juego, si el coste para jugar Varis se ha pagado exactamente con CP de 3 elementos distintos, puedes buscar 1 carta y añadirla a tu mano.
(2)(Dull), pon Varis en la Break Zone: Elige 1 Delantero Categoría XIV de tu Break Zone. Añádelo a tu mano.</text>
      <prop>
        <type>Backup - XIV - Emperor</type>
        <manacost>3</manacost>
        <colors>Ice</colors>
        <pt>0</pt>
      </prop>
      <set picurl="https://fftcg.cdn.sewest.net/images/cards/full/9-021R_eg.jpg">Opus IX</set>
      <tablerow>0</tablerow>
    </card>
    <card>
      <name>Vayne (9-022L)</name>
      <text>Todos los Delanteros controlados por tu oponente ganan "Al final de tu turno, este Delantero se rompe a no ser que pagues (1)."</text>
      <prop>
        <type>Forward - DFF · XII - Consul</type>
        <manacost>5</manacost>
        <colors>Ice</colors>
        <pt>9000</pt>
      </prop>
      <set picurl="https://fftcg.cdn.sewest.net/images/cards/full/9-022L_eg.jpg">Opus IX</set>
      <tablerow>2</tablerow>
    </card>
    <card>
      <name>Quistis (9-023R)</name>
      <text>[EX BURST] Cuando Quistis entra al terreno de juego, revela las 5 cartas de la parte superior de tu mazo. Añade 1 Delantero Categoría VIII de entre ellas a tu mano y pon el resto en la parte inferior de tu mazo en el orden que quieras.
Los Delanteros Oficio Aprendiz Seed que controlas ganan +1000 de poder.
Muerte nivel ? (S)(Ice)(Dull): Revela la carta superior de tu mazo. Rompe todos los Delanteros controlados por tu oponente del mismo coste que la carta revelada. Añade la carta revelada a tu mano.</text>
      <prop>
        <type>Forward - VIII - Instructor</type>
        <manacost>4</manacost>
        <colors>Ice</colors>
        <pt>7000</pt>
      </prop>
      <set picurl="https://fftcg.cdn.sewest.net/images/cards/full/9-023R_eg.jpg">Opus IX</set>
      <tablerow>2</tablerow>
    </card>
    <card>
      <name>Airborne Trooper (9-024C)</name>
      <text>Infante aéreo no puede atacar.
Cuando un Delantero que no sea Infante aéreo entra a tu terreno de juego, Infante aéreo pierde todas sus habilidades hasta el final del turno.</text>
      <prop>
        <type>Forward - TYPE-0 - Standard Unit</type>
        <manacost>3</manacost>
        <colors>Ice</colors>
        <pt>8000</pt>
      </prop>
      <set picurl="https://fftcg.cdn.sewest.net/images/cards/full/9-024C_eg.jpg">Opus IX</set>
      <tablerow>2</tablerow>
    </card>
    <card>
      <name>Zalera (9-025H)</name>
      <text>Elige 1 Delantero en dull de coste 2, 3, 5 o 7. Rómpelo.</text>
      <prop>
        <type>Summon - MOBIUS</type>
        <manacost>1</manacost>
        <colors>Ice</colors>
        <pt>0</pt>
      </prop>
      <set picurl="https://fftcg.cdn.sewest.net/images/cards/full/9-025H_eg.jpg">Opus IX</set>
      <tablerow>3</tablerow>
    </card>
    <card>
      <name>Cid Aulstyne (9-026C)</name>
      <text>[EX BURST] Cuando Cid Aulstyne entra al terreno de juego, elige 1 Delantero. Si tu oponente tiene 2 cartas o menos en su mano, ponlo en dull y congélalo. Si tu oponente no tiene ninguna carta en su mano, rómpelo en su lugar.</text>
      <prop>
        <type>Backup - PICTLOGICA · TYPE-0 - Grand Marshal</type>
        <manacost>3</manacost>
        <colors>Ice</colors>
        <pt>0</pt>
      </prop>
      <set picurl="https://fftcg.cdn.sewest.net/images/cards/full/9-026C_eg.jpg">Opus IX</set>
      <tablerow>0</tablerow>
    </card>
    <card>
      <name>Squall (9-027H)</name>
      <text>El coste requerido para jugar Squall al terreno de juego se reduce en 1 por cada Delantero Categoría VIII que controlas (no puede ser 0).
Cuando Squall entra al terreno de juego o ataca, elige 1 personaje controlado por tu oponente. Ponlo en dull.</text>
      <prop>
        <type>Forward - VIII - SeeD Candidate</type>
        <manacost>4</manacost>
        <colors>Ice</colors>
        <pt>8000</pt>
      </prop>
      <set picurl="https://fftcg.cdn.sewest.net/images/cards/full/9-027H_eg.jpg">Opus IX</set>
      <tablerow>2</tablerow>
    </card>
    <card>
      <name>Azure Dragon l'Cie Soryu (9-028L)</name>
      <text>[EX BURST] Cuando Soryu, lu'Cie del Dragón Azúreo, ataca, revela la carta superior de tu mazo. Si es una carta Frío, añádela a tu mano.
Descarta 1 carta Frío: Elige 1 personaje. Congélalo.
Descarta 3 cartas Frío: Elige 1 Delantero. Rómpelo.</text>
      <prop>
        <type>Forward - TYPE-0 - L'Cie</type>
        <manacost>5</manacost>
        <colors>Ice</colors>
        <pt>9000</pt>
      </prop>
      <set picurl="https://fftcg.cdn.sewest.net/images/cards/full/9-028L_eg.jpg">Opus IX</set>
      <tablerow>2</tablerow>
    </card>
    <card>
      <name>Terra (9-029C)</name>
      <text>Si una Invocación tuya inflige daño a un Delantero, el daño aumenta en 2000 en su lugar.</text>
      <prop>
        <type>Forward - VI - Magitek Knight</type>
        <manacost>4</manacost>
        <colors>Ice</colors>
        <pt>8000</pt>
      </prop>
      <set picurl="https://fftcg.cdn.sewest.net/images/cards/full/9-029C_eg.jpg">Opus IX</set>
      <tablerow>2</tablerow>
    </card>
    <card>
      <name>Hurdy (9-030H)</name>
      <text>Cuando Zan entra al terreno de juego, revela la carta superior de tu mazo. Si es un personaje, añádelo a tu mano.
(Dull), pon Zan en la Break Zone: Elige 1 Delantero Categoría FFTA2 de tu Break Zone. Añádelo a tu mano.</text>
      <prop>
        <type>Backup - FFTA2 - Moogle</type>
        <manacost>3</manacost>
        <colors>Ice</colors>
        <pt>0</pt>
      </prop>
      <set picurl="https://fftcg.cdn.sewest.net/images/cards/full/9-030H_eg.jpg">Opus IX</set>
      <tablerow>0</tablerow>
    </card>
    <card>
      <name>Hundlegs (9-031R)</name>
      <text>Durante tu turno, Ciempatas también pasa a ser un Delantero con 5000 de poder.
Cuando Ciempatas entra al terreno de juego o cuando Ciempatas pasa del terreno de juego a la Break Zone, elige 1 Delantero controlado por tu oponente. Ponlo en dull.</text>
      <prop>
        <type>Monster - TYPE-0 - Hundlegs</type>
        <manacost>2</manacost>
        <colors>Ice</colors>
        <pt>5000</pt>
      </prop>
      <set picurl="https://fftcg.cdn.sewest.net/images/cards/full/9-031R_eg.jpg">Opus IX</set>
      <tablerow>1</tablerow>
    </card>
    <card>
      <name>Mind Flayer (9-032C)</name>
      <text>[EX BURST] Elige 1 Delantero controlado por tu oponente. Ponlo en dull. Coge 1 carta.</text>
      <prop>
        <type>Summon - IV</type>
        <manacost>2</manacost>
        <colors>Ice</colors>
        <pt>0</pt>
      </prop>
      <set picurl="https://fftcg.cdn.sewest.net/images/cards/full/9-032C_eg.jpg">Opus IX</set>
      <tablerow>3</tablerow>
    </card>
    <card>
      <name>Class Ninth Moogle (9-033C)</name>
      <text>Si Moguri de la clase Nueve está en el terreno de juego, Moguri de la clase Nueve puede generar CP Aire.</text>
      <prop>
        <type>Backup - TYPE-0 - Moogle</type>
        <manacost>2</manacost>
        <colors>Ice</colors>
        <pt>0</pt>
      </prop>
      <set picurl="https://fftcg.cdn.sewest.net/images/cards/full/9-033C_eg.jpg">Opus IX</set>
      <tablerow>0</tablerow>
    </card>
    <card>
      <name>Class Eleventh Moogle (9-034R)</name>
      <text>(1)(Dull): Elige 1 Delantero Frío que controlas. Este gana +1000 de poder hasta el final del turno.</text>
      <prop>
        <type>Backup - TYPE-0 - Moogle</type>
        <manacost>2</manacost>
        <colors>Ice</colors>
        <pt>0</pt>
      </prop>
      <set picurl="https://fftcg.cdn.sewest.net/images/cards/full/9-034R_eg.jpg">Opus IX</set>
      <tablerow>0</tablerow>
    </card>
    <card>
      <name>Yuke (9-035R)</name>
      <text>Cuando Yuko es bloqueado, tu oponente descarta 1 carta de su mano.</text>
      <prop>
        <type>Forward - FFCC - Standard Unit</type>
        <manacost>3</manacost>
        <colors>Ice</colors>
        <pt>7000</pt>
      </prop>
      <set picurl="https://fftcg.cdn.sewest.net/images/cards/full/9-035R_eg.jpg">Opus IX</set>
      <tablerow>2</tablerow>
    </card>
    <card>
      <name>Ghost (9-036H)</name>
      <text>Cuando un Delantero Categoría VI entra a tu terreno de juego, puedes pagar (Ice)(Ice). Cuando lo haces, juega Fantasma al terreno de juego. Este efecto solo se desencadena si Fantasma está en la Break Zone.
Poseer (S)(Ice)(Ice)(2)(Dull): Elige 1 Delantero. Retíralo a él y a Fantasma del juego.</text>
      <prop>
        <type>Forward - VI - Ghost</type>
        <manacost>1</manacost>
        <colors>Ice</colors>
        <pt>3000</pt>
      </prop>
      <set picurl="https://fftcg.cdn.sewest.net/images/cards/full/9-036H_eg.jpg">Opus IX</set>
      <tablerow>2</tablerow>
    </card>
    <card>
      <name>Laguna (9-037C)</name>
      <text>Cuando Laguna entra al terreno de juego, puedes buscar 1 Delantero Frío y añadirlo a tu mano.</text>
      <prop>
        <type>Forward - DFF · VIII - Marksman</type>
        <manacost>5</manacost>
        <colors>Ice</colors>
        <pt>8000</pt>
      </prop>
      <set picurl="https://fftcg.cdn.sewest.net/images/cards/full/9-037C_eg.jpg">Opus IX</set>
      <tablerow>2</tablerow>
    </card>
    <card>
      <name>Rinoa (9-038R)</name>
      <text>Cuando Rinoa o un Delantero Categoría VIII entra a tu terreno de juego, selecciona 1 de las siguientes 3 acciones. Si el Delantero es Nombre de la carta Squall, selecciona hasta 3 de las siguientes 3 acciones en su lugar. 
"Elige 1 Delantero. Ponlo en dull." "Elige 1 Delantero. Congélalo." "Elige 1 Delantero Categoría VIII. Hasta el final del turno, este gana +1000 de poder e Iniciativa."</text>
      <prop>
        <type>Forward - VIII - Resistance Fighter</type>
        <manacost>2</manacost>
        <colors>Ice</colors>
        <pt>5000</pt>
      </prop>
      <set picurl="https://fftcg.cdn.sewest.net/images/cards/full/9-038R_eg.jpg">Opus IX</set>
      <tablerow>2</tablerow>
    </card>
    <card>
      <name>Locke (9-039C)</name>
      <text>Cuando Locke entra al terreno de juego, selecciona 1 tipo de carta. Revela cartas de la parte superior de tu mazo una a una hasta que aparezca una del tipo seleccionado. Añádela a tu mano. Después, baraja las demás cartas reveladas y colócalas en la parte inferior de tu mazo.</text>
      <prop>
        <type>Backup - VI - Treasure Hunter</type>
        <manacost>4</manacost>
        <colors>Ice</colors>
        <pt>0</pt>
      </prop>
      <set picurl="https://fftcg.cdn.sewest.net/images/cards/full/9-039C_eg.jpg">Opus IX</set>
      <tablerow>0</tablerow>
    </card>
    <card>
      <name>Nu Mou (9-040C)</name>
      <text>Cuando Nu mou entra al terreno de juego, puedes 
pagar (Ice). Cuando lo haces, elige 1 Delantero o Monstruo. Ponlo en dull y congélalo.</text>
      <prop>
        <type>Backup - XII - Standard Unit</type>
        <manacost>2</manacost>
        <colors>Ice</colors>
        <pt>0</pt>
      </prop>
      <set picurl="https://fftcg.cdn.sewest.net/images/cards/full/9-040C_eg.jpg">Opus IX</set>
      <tablerow>0</tablerow>
    </card>
    <card>
      <name>Ahriman (9-041R)</name>
      <text>Durante tu turno, Arimán también pasa a ser un Delantero con 7000 de poder.
Cuando Arimán inflige daño a tu oponente, elige 1 Delantero de coste 5 o más controlado por tu oponente. Rómpelo.</text>
      <prop>
        <type>Monster - Crystal Hunt - Ahriman</type>
        <manacost>3</manacost>
        <colors>Wind</colors>
        <pt>7000</pt>
      </prop>
      <set picurl="https://fftcg.cdn.sewest.net/images/cards/full/9-041R_eg.jpg">Opus IX</set>
      <tablerow>1</tablerow>
    </card>
    <card>
      <name>Adelle (9-042H)</name>
      <text>Si controlas un Delantero Categoría FFTA2 que no sea Adel, Adel gana +2000 de poder y Prisa.
Si controlas 5 o más Apoyos, Adel no puede ser bloqueada.</text>
      <prop>
        <type>Forward - FFTA2 - Heritor</type>
        <manacost>4</manacost>
        <colors>Wind</colors>
        <pt>7000</pt>
      </prop>
      <set picurl="https://fftcg.cdn.sewest.net/images/cards/full/9-042H_eg.jpg">Opus IX</set>
      <tablerow>2</tablerow>
    </card>
    <card>
      <name>Vaan (9-043R)</name>
      <text>Puedes poner en dull 2 DelanterosOficio Pirata del aire activos que controlas (en lugar de pagar su coste con CP) para jugar Vaan de tu mano al terreno de juego.</text>
      <prop>
        <type>Forward - DFF · XII - Sky Pirate</type>
        <manacost>3</manacost>
        <colors>Wind</colors>
        <pt>7000</pt>
      </prop>
      <set picurl="https://fftcg.cdn.sewest.net/images/cards/full/9-043R_eg.jpg">Opus IX</set>
      <tablerow>2</tablerow>
    </card>
    <card>
      <name>Viera (9-044C)</name>
      <text>Cuando Viera entra al terreno de juego, puedes 
pagar (Wind). Cuando lo haces, inflige 3000 puntos de daño a todos los Delanteros controlados por tu 
oponente.</text>
      <prop>
        <type>Backup - XII - Standard Unit</type>
        <manacost>2</manacost>
        <colors>Wind</colors>
        <pt>0</pt>
      </prop>
      <set picurl="https://fftcg.cdn.sewest.net/images/cards/full/9-044C_eg.jpg">Opus IX</set>
      <tablerow>0</tablerow>
    </card>
    <card>
      <name>Edge (9-045H)</name>
      <text>Ataque furtivo
Solo puedes pagar con CP de Apoyos Aire el coste para jugar Edge de tu mano al terreno de juego.
Cuando Edge entra al terreno de juego, selecciona 1 de las siguientes 2 acciones.
"Elige 1 Delantero. Inflígele 4000 puntos de daño." "Elige 1 Delantero Categoría IV que no sea Edge. Este gana +4000 de poder hasta el final del turno."</text>
      <prop>
        <type>Forward - LOV · IV - Ninja</type>
        <manacost>3</manacost>
        <colors>Wind</colors>
        <pt>7000</pt>
      </prop>
      <set picurl="https://fftcg.cdn.sewest.net/images/cards/full/9-045H_eg.jpg">Opus IX</set>
      <tablerow>2</tablerow>
    </card>
    <card>
      <name>Shemhazai (9-046H)</name>
      <text>Selecciona 1 de las siguientes 3 acciones.
"Elige 1 Apoyo de coste 3 o más. Devuélvelo a la mano de su propietario."
"Elige 1 Monstruo de coste 3 o más. Rómpelo."
"Activa todos los Delanteros que controlas."</text>
      <prop>
        <type>Summon - MOBIUS</type>
        <manacost>2</manacost>
        <colors>Wind</colors>
        <pt>0</pt>
      </prop>
      <set picurl="https://fftcg.cdn.sewest.net/images/cards/full/9-046H_eg.jpg">Opus IX</set>
      <tablerow>3</tablerow>
    </card>
    <card>
      <name>Sylph (9-047C)</name>
      <text>[EX BURST] Todos los Delanteros que controlas ganan +1000 de poder hasta el final del turno. Coge 1 carta.</text>
      <prop>
        <type>Summon - DFF</type>
        <manacost>1</manacost>
        <colors>Wind</colors>
        <pt>0</pt>
      </prop>
      <set picurl="https://fftcg.cdn.sewest.net/images/cards/full/9-047C_eg.jpg">Opus IX</set>
      <tablerow>3</tablerow>
    </card>
    <card>
      <name>Seven (9-048C)</name>
      <text>Ataque furtivo
Cuando Seven entra al terreno de juego, inflige 2000 puntos de daño a todos los Delanteros controlados por tu oponente.</text>
      <prop>
        <type>Backup - DFF · TYPE-0 - Class Zero Cadet</type>
        <manacost>3</manacost>
        <colors>Wind</colors>
        <pt>0</pt>
      </prop>
      <set picurl="https://fftcg.cdn.sewest.net/images/cards/full/9-048C_eg.jpg">Opus IX</set>
      <tablerow>0</tablerow>
    </card>
    <card>
      <name>Selkie (9-049R)</name>
      <text>Cuando Selki ataca, revela la carta superior de tu mazo. Si es un Delantero Aire, añádelo a tu mano.</text>
      <prop>
        <type>Forward - FFCC - Standard Unit</type>
        <manacost>3</manacost>
        <colors>Wind</colors>
        <pt>7000</pt>
      </prop>
      <set picurl="https://fftcg.cdn.sewest.net/images/cards/full/9-049R_eg.jpg">Opus IX</set>
      <tablerow>2</tablerow>
    </card>
    <card>
      <name>Chocobo (9-050C)</name>
      <text>Cuando una Nombre de la carta Chocobo que controlas forma un equipo y ataca, todos los Delanteros que forman el equipo ganan +1000 de poder hasta el final del turno.</text>
      <prop>
        <type>Forward - Special - Standard Unit</type>
        <manacost>4</manacost>
        <colors>Wind</colors>
        <pt>7000</pt>
      </prop>
      <set picurl="https://fftcg.cdn.sewest.net/images/cards/full/9-050C_eg.jpg">Opus IX</set>
      <tablerow>2</tablerow>
    </card>
    <card>
      <name>Fat Chocobo (9-051R)</name>
      <text>Cuando Chocobo gordo entra al terreno de juego, revela las 5 cartas de la parte superior de tu mazo. Añade todas las Nombre de la carta Chocobo de entre ellas a tu mano y pon el resto en la parte inferior de tu mazo en el orden que quieras.</text>
      <prop>
        <type>Backup - Crystal Hunt - Chocobo</type>
        <manacost>4</manacost>
        <colors>Wind</colors>
        <pt>0</pt>
      </prop>
      <set picurl="https://fftcg.cdn.sewest.net/images/cards/full/9-051R_eg.jpg">Opus IX</set>
      <tablerow>0</tablerow>
    </card>
    <card>
      <name>Deuce (9-052C)</name>
      <text>Los Delanteros que controlas que no sean Deuce ganan +1000 de poder.
Los Delanteros Oficio Clase Cero que controlas que no sean Deuce ganan +1000 de poder.</text>
      <prop>
        <type>Forward - DFF · TYPE-0 - Class Zero Cadet</type>
        <manacost>1</manacost>
        <colors>Wind</colors>
        <pt>3000</pt>
      </prop>
      <set picurl="https://fftcg.cdn.sewest.net/images/cards/full/9-052C_eg.jpg">Opus IX</set>
      <tablerow>2</tablerow>
    </card>
    <card>
      <name>Balthier (9-053R)</name>
      <text>Cuando Balthier entra al terreno de juego, selecciona 1 de las siguientes 3 acciones.
"Elige 1 Monstruo de coste 2 o menos. Rómpelo."
"Elige 1 Delantero. Inflígele 4000 puntos de daño."
"Puedes pagar (Wind)(Wind). Cuando lo haces, elige 1 Delantero. Inflígele 7000 puntos de daño."</text>
      <prop>
        <type>Forward - DFF · XII - Sky Pirate</type>
        <manacost>5</manacost>
        <colors>Wind</colors>
        <pt>8000</pt>
      </prop>
      <set picurl="https://fftcg.cdn.sewest.net/images/cards/full/9-053R_eg.jpg">Opus IX</set>
      <tablerow>2</tablerow>
    </card>
    <card>
      <name>Penelo (9-054C)</name>
      <text>Cuando Penelo entra al terreno de juego, puedes buscar 1 Oficio Pirata del aire y añadirla a tu mano.
(Wind)(Dull): Elige 1 Delantero Oficio Pirata del aire que controlas. Este gana +1000 de poder hasta el final del turno.</text>
      <prop>
        <type>Backup - DFF · XII - Dancer</type>
        <manacost>4</manacost>
        <colors>Wind</colors>
        <pt>0</pt>
      </prop>
      <set picurl="https://fftcg.cdn.sewest.net/images/cards/full/9-054C_eg.jpg">Opus IX</set>
      <tablerow>0</tablerow>
    </card>
    <card>
      <name>Fran (9-055C)</name>
      <text>Si controlas un Delantero Nombre de la carta Balthier, el coste requerido para jugar Fran al terreno de juego se reduce en 1.
Cuando Fran entra al terreno de juego, elige 1 Delantero controlado por tu oponente. Inflígele 3000 puntos de daño.
(Wind)(Wind)(Dull), pon Fran en la Break Zone: Elige 1 Delantero. Inflígele 6000 puntos de daño.</text>
      <prop>
        <type>Backup - DFF · XII - Sky Pirate</type>
        <manacost>2</manacost>
        <colors>Wind</colors>
        <pt>0</pt>
      </prop>
      <set picurl="https://fftcg.cdn.sewest.net/images/cards/full/9-055C_eg.jpg">Opus IX</set>
      <tablerow>0</tablerow>
    </card>
    <card>
      <name>The Magus Sisters (9-056H)</name>
      <text>[EX BURST] Cuando Hermanas Magus entra al terreno de juego, puedes buscar 1 carta y ponerla en la Break Zone.
Cuando Hermanas Magus pasa del terreno de juego a la Break Zone, puedes retirar del juego 1 Nombre de la carta Hermanas Magus de tu Break Zone. Cuando lo haces, juega Hermanas Magus de tu Break Zone al terreno de juego en dull.</text>
      <prop>
        <type>Forward - IV - Mage</type>
        <manacost>4</manacost>
        <colors>Wind</colors>
        <pt>7000</pt>
      </prop>
      <set picurl="https://fftcg.cdn.sewest.net/images/cards/full/9-056H_eg.jpg">Opus IX</set>
      <tablerow>2</tablerow>
    </card>
    <card>
      <name>Yiazmat (9-057L)</name>
      <text>[EX BURST] Cuando Yiazmat entra al terreno de juego o al principio de la Main Phase 1 durante cada uno de tus turnos, selecciona 1 de las siguientes 3 acciones.
  "Elige 1 Delantero de coste 5 o más. Rómpelo."
  "Elige 1 Monstruo. Rómpelo."
  "Activa todos los personajes que controlas."</text>
      <prop>
        <type>Forward - MOBIUS · XII - Dragon</type>
        <manacost>9</manacost>
        <colors>Wind</colors>
        <pt>10000</pt>
      </prop>
      <set picurl="https://fftcg.cdn.sewest.net/images/cards/full/9-057L_eg.jpg">Opus IX</set>
      <tablerow>2</tablerow>
    </card>
    <card>
      <name>Luso (9-058L)</name>
      <text>Por cada Delantero que controlas que no sea Luso, Luso gana +1000 de poder.
Si hay 3 o más elementos distintos entre los Delanteros que controlas, Luso gana Iniciativa y Bravura.
Cuando Luso ataca, si hay 5 o más elementos distintos entre los Delanteros que controlas, Luso le inflige 1 punto de daño a tu oponente.</text>
      <prop>
        <type>Forward - FFTA2 - Youth</type>
        <manacost>2</manacost>
        <colors>Wind</colors>
        <pt>5000</pt>
      </prop>
      <set picurl="https://fftcg.cdn.sewest.net/images/cards/full/9-058L_eg.jpg">Opus IX</set>
      <tablerow>2</tablerow>
    </card>
    <card>
      <name>Rem (9-059R)</name>
      <text>Si Rem recibe daño, el daño se reduce en 3000 en su lugar.
Al final de tu turno, activa Rem.
(Dull): Elige 1 Delantero que no sea Rem. Actívalo.</text>
      <prop>
        <type>Forward - TYPE-0 - Class Zero Cadet</type>
        <manacost>4</manacost>
        <colors>Wind</colors>
        <pt>6000</pt>
      </prop>
      <set picurl="https://fftcg.cdn.sewest.net/images/cards/full/9-059R_eg.jpg">Opus IX</set>
      <tablerow>2</tablerow>
    </card>
    <card>
      <name>Rem (9-060C)</name>
      <text>(Dull): Elige 1 Delantero Oficio Clase Cero que controlas. Este gana +1000 de poder hasta el final del turno.</text>
      <prop>
        <type>Backup - DFF · TYPE-0 - Class Zero Cadet</type>
        <manacost>2</manacost>
        <colors>Wind</colors>
        <pt>0</pt>
      </prop>
      <set picurl="https://fftcg.cdn.sewest.net/images/cards/full/9-060C_eg.jpg">Opus IX</set>
      <tablerow>0</tablerow>
    </card>
    <card>
      <name>Heretical Knight Garland (9-061R)</name>
      <text>Si un Delantero controlado por tu oponente ha pasado del terreno de juego a la Break Zone este turno, el coste requerido para jugar Caballero herético Garland al terreno de juego se reduce en 3.
(Earth)(Earth)(4): Hasta el final del turno, Caballero herético Garland gana "Cuando Caballero herético Garland ataca, inflige 6000 puntos de daño a todos los Delanteros controlados por tu oponente."</text>
      <prop>
        <type>Forward - MOBIUS - Knight</type>
        <manacost>5</manacost>
        <colors>Earth</colors>
        <pt>8000</pt>
      </prop>
      <set picurl="https://fftcg.cdn.sewest.net/images/cards/full/9-061R_eg.jpg">Opus IX</set>
      <tablerow>2</tablerow>
    </card>
    <card>
      <name>Vincent (9-062H)</name>
      <text>Cuando Vincent entra al terreno de juego, puedes poner 1 Apoyo que controlas en la Break Zone. Cuando lo haces, elige 1 Delantero en dull. Inflígele 8000 puntos de daño.
Zoom (S)(Earth)(1)(Dull): Elige 1 Apoyo de coste 3 o más. Rómpelo.</text>
      <prop>
        <type>Forward - VII - Gunslinger</type>
        <manacost>3</manacost>
        <colors>Earth</colors>
        <pt>7000</pt>
      </prop>
      <set picurl="https://fftcg.cdn.sewest.net/images/cards/full/9-062H_eg.jpg">Opus IX</set>
      <tablerow>2</tablerow>
    </card>
    <card>
      <name>Gabranth (9-063L)</name>
      <text>[EX BURST] Cuando Gabranth entra al terreno de juego, puedes buscar 1 Delantero de coste 5 o más y añadirlo a tu mano.
Si has recibido 6 o más puntos de daño, Gabranth gana +3000 de poder y Bravura.
Sentencia (S)(Dull): Elige 1 Delantero. Inflígele 3000 puntos de daño y 1000 puntos adicionales por cada punto de daño que has recibido.</text>
      <prop>
        <type>Forward - XII - Judge</type>
        <manacost>4</manacost>
        <colors>Earth</colors>
        <pt>5000</pt>
      </prop>
      <set picurl="https://fftcg.cdn.sewest.net/images/cards/full/9-063L_eg.jpg">Opus IX</set>
      <tablerow>2</tablerow>
    </card>
    <card>
      <name>Garif (9-064C)</name>
      <text>Si controlas 5 o más personajes Tierra, Garif gana +2000 de poder.</text>
      <prop>
        <type>Forward - XII - Standard Unit</type>
        <manacost>4</manacost>
        <colors>Earth</colors>
        <pt>8000</pt>
      </prop>
      <set picurl="https://fftcg.cdn.sewest.net/images/cards/full/9-064C_eg.jpg">Opus IX</set>
      <tablerow>2</tablerow>
    </card>
    <card>
      <name>Golem (9-065C)</name>
      <text>[EX BURST] Elige 1 Delantero. Este gana +2000 de poder hasta el final del turno. Coge 1 carta.</text>
      <prop>
        <type>Summon - TYPE-0</type>
        <manacost>2</manacost>
        <colors>Earth</colors>
        <pt>0</pt>
      </prop>
      <set picurl="https://fftcg.cdn.sewest.net/images/cards/full/9-065C_eg.jpg">Opus IX</set>
      <tablerow>3</tablerow>
    </card>
    <card>
      <name>Cor (9-066C)</name>
      <text>Si controlas Nombre de la carta Regis, Cor gana +2000 de poder.
Cuando Cor o un Delantero Categoría XV entra a tu terreno de juego, hasta el final del turno, Cor gana +1000 de poder y Bravura.</text>
      <prop>
        <type>Forward - XV - Captain</type>
        <manacost>2</manacost>
        <colors>Earth</colors>
        <pt>5000</pt>
      </prop>
      <set picurl="https://fftcg.cdn.sewest.net/images/cards/full/9-066C_eg.jpg">Opus IX</set>
      <tablerow>2</tablerow>
    </card>
    <card>
      <name>Cid Garlond (9-067C)</name>
      <text>Cuando Cid Garlond entra al terreno de juego, revela las 4 cartas de la parte superior de tu mazo. Añade 1 personaje Tierra de entre ellas a tu mano y pon el resto en la parte inferior de tu mazo en el orden que quieras.
(Earth)(Dull), pon Cid Garlond en la Break Zone: Elige 1 personaje Categoría XIV de tu Break Zone. Añádelo a tu mano.</text>
      <prop>
        <type>Backup - XIV - Magitek Engineer</type>
        <manacost>4</manacost>
        <colors>Earth</colors>
        <pt>0</pt>
      </prop>
      <set picurl="https://fftcg.cdn.sewest.net/images/cards/full/9-067C_eg.jpg">Opus IX</set>
      <tablerow>0</tablerow>
    </card>
    <card>
      <name>Mist Dragon (9-068H)</name>
      <text>Selecciona 1 de las siguientes 3 acciones. 
"Elige 1 Invocación de coste 5 o menos. Cancela su efecto."
"Elige 1 Delantero que controlas. Ponlo en dull. Durante este turno, si recibe daño, el daño se vuelve 0 en su lugar."
"Retira del juego todas las cartas de la Break Zone de tu oponente. Coge 1 carta."</text>
      <prop>
        <type>Summon - IV</type>
        <manacost>3</manacost>
        <colors>Earth</colors>
        <pt>0</pt>
      </prop>
      <set picurl="https://fftcg.cdn.sewest.net/images/cards/full/9-068H_eg.jpg">Opus IX</set>
      <tablerow>3</tablerow>
    </card>
    <card>
      <name>Tonberry (9-069R)</name>
      <text>Durante tu turno, Tomberi también pasa a ser un Delantero con 4000 de poder.
Cuando Tomberi pasa del terreno de juego a la Break Zone, elige 1 Delantero controlado por tu oponente. Inflígele 1000 puntos de daño por cada 2 Delanteros en tu Break Zone.</text>
      <prop>
        <type>Monster - Crystal Hunt - Tonberry</type>
        <manacost>2</manacost>
        <colors>Earth</colors>
        <pt>4000</pt>
      </prop>
      <set picurl="https://fftcg.cdn.sewest.net/images/cards/full/9-069R_eg.jpg">Opus IX</set>
      <tablerow>1</tablerow>
    </card>
    <card>
      <name>Ba'Gamnan (9-070R)</name>
      <text>Los Delanteros Oficio Cazarrecompensas que controlas que no sean Ba'Gamnan ganan +1000 de poder.
Cuando Ba'Gamnan entra al terreno de juego, puedes buscar 1 Nombre de la carta Gijuk, Nombre de la carta Bwagi o Nombre de la carta Rinok y jugarla al terreno de juego.</text>
      <prop>
        <type>Forward - XII - Headhunter</type>
        <manacost>5</manacost>
        <colors>Earth</colors>
        <pt>7000</pt>
      </prop>
      <set picurl="https://fftcg.cdn.sewest.net/images/cards/full/9-070R_eg.jpg">Opus IX</set>
      <tablerow>2</tablerow>
    </card>
    <card>
      <name>Bangaa (9-071C)</name>
      <text>Cuando Bangaa entra al terreno de juego, puedes 
pagar (Earth). Cuando lo haces, elige 1 personaje Tierra de tu Break Zone. Añádelo a tu mano.</text>
      <prop>
        <type>Backup - XII - Standard Unit</type>
        <manacost>2</manacost>
        <colors>Earth</colors>
        <pt>0</pt>
      </prop>
      <set picurl="https://fftcg.cdn.sewest.net/images/cards/full/9-071C_eg.jpg">Opus IX</set>
      <tablerow>0</tablerow>
    </card>
    <card>
      <name>Baigan (9-072H)</name>
      <text>Si Baigan recibe 3000 o menos puntos de daño, el daño se vuelve 0 en su lugar.
Cuando Baigan recibe 4000 o más puntos de daño, puedes poner Baigan en la Break Zone. Cuando lo haces, inflige 7000 puntos de daño a todos los Delanteros controlados por tu oponente.</text>
      <prop>
        <type>Forward - IV - Commander</type>
        <manacost>3</manacost>
        <colors>Earth</colors>
        <pt>7000</pt>
      </prop>
      <set picurl="https://fftcg.cdn.sewest.net/images/cards/full/9-072H_eg.jpg">Opus IX</set>
      <tablerow>2</tablerow>
    </card>
    <card>
      <name>Class Fifth Moogle (9-073R)</name>
      <text>(1)(Dull): Elige 1 Delantero Tierra que controlas. Este gana +1000 de poder hasta el final del turno.</text>
      <prop>
        <type>Backup - TYPE-0 - Moogle</type>
        <manacost>2</manacost>
        <colors>Earth</colors>
        <pt>0</pt>
      </prop>
      <set picurl="https://fftcg.cdn.sewest.net/images/cards/full/9-073R_eg.jpg">Opus IX</set>
      <tablerow>0</tablerow>
    </card>
    <card>
      <name>Class Tenth Moogle (9-074C)</name>
      <text>Si Moguri de la clase Diez está en el terreno de juego, Moguri de la clase Diez puede generar CP Rayo.</text>
      <prop>
        <type>Backup - TYPE-0 - Moogle</type>
        <manacost>2</manacost>
        <colors>Earth</colors>
        <pt>0</pt>
      </prop>
      <set picurl="https://fftcg.cdn.sewest.net/images/cards/full/9-074C_eg.jpg">Opus IX</set>
      <tablerow>0</tablerow>
    </card>
    <card>
      <name>Yang (9-075R)</name>
      <text>Cuando Yang entra al terreno de juego, elige 1 Delantero. Hasta el final del turno, este gana +2000 de poder y Bravura. Si es un Oficio Monje o Nombre de la carta Monje, hasta el final del turno, este también gana "Cuando este Delantero ataca, elige 1 Delantero controlado por tu oponente. Inflígele daño equivalente al poder de este Delantero."</text>
      <prop>
        <type>Forward - IV - Monk</type>
        <manacost>4</manacost>
        <colors>Earth</colors>
        <pt>8000</pt>
      </prop>
      <set picurl="https://fftcg.cdn.sewest.net/images/cards/full/9-075R_eg.jpg">Opus IX</set>
      <tablerow>2</tablerow>
    </card>
    <card>
      <name>Larkeicus (9-076H)</name>
      <text>Cuando Larkeicus entra al terreno de juego, elige 1 Monstruo de tu Break Zone. Añádelo a tu mano.
(Earth)(Earth)(Dull): Busca 1 Monstruo y añádelo a tu mano.</text>
      <prop>
        <type>Forward - FFCC - Doctor</type>
        <manacost>3</manacost>
        <colors>Earth</colors>
        <pt>5000</pt>
      </prop>
      <set picurl="https://fftcg.cdn.sewest.net/images/cards/full/9-076H_eg.jpg">Opus IX</set>
      <tablerow>2</tablerow>
    </card>
    <card>
      <name>Rydia (9-077L)</name>
      <text>Cuando Rydia entra al terreno de juego, mira las 5 cartas de la parte superior de tu mazo. Revela 1 Invocación que no sea Luz ni Oscuridad de entre ellas y lánzala sin pagar su coste. Después, baraja las demás cartas y colócalas en la parte inferior de tu mazo.
(X)(Dull): Mira las X cartas de la parte superior de tu mazo. Revela 1 Invocación de coste X o menos de entre ellas y lánzala sin pagar su coste. Después, baraja las demás cartas y colócalas en la parte inferior de tu mazo.</text>
      <prop>
        <type>Forward - IV - Summoner</type>
        <manacost>5</manacost>
        <colors>Earth</colors>
        <pt>4000</pt>
      </prop>
      <set picurl="https://fftcg.cdn.sewest.net/images/cards/full/9-077L_eg.jpg">Opus IX</set>
      <tablerow>2</tablerow>
    </card>
    <card>
      <name>Rinok (9-078C)</name>
      <text>(Earth): Elige 1 Oficio Cazarrecompensas. Durante este turno, el siguiente daño que inflige a un Delantero se vuelve el doble en su lugar. Solo puedes usar esta habilidad una vez por turno.</text>
      <prop>
        <type>Forward - XII - Headhunter</type>
        <manacost>2</manacost>
        <colors>Earth</colors>
        <pt>5000</pt>
      </prop>
      <set picurl="https://fftcg.cdn.sewest.net/images/cards/full/9-078C_eg.jpg">Opus IX</set>
      <tablerow>2</tablerow>
    </card>
    <card>
      <name>Lilty (9-079R)</name>
      <text>Cuando Lilti bloquea, elige 1 Delantero de tu Break Zone. Añádelo a tu mano.</text>
      <prop>
        <type>Forward - FFCC - Standard Unit</type>
        <manacost>3</manacost>
        <colors>Earth</colors>
        <pt>7000</pt>
      </prop>
      <set picurl="https://fftcg.cdn.sewest.net/images/cards/full/9-079R_eg.jpg">Opus IX</set>
      <tablerow>2</tablerow>
    </card>
    <card>
      <name>Regis (9-080C)</name>
      <text>Cuando Regis entra al terreno de juego, puedes buscar 1 Delantero Categoría XV y añadirlo a tu mano.</text>
      <prop>
        <type>Backup - XV - King</type>
        <manacost>3</manacost>
        <colors>Earth</colors>
        <pt>0</pt>
      </prop>
      <set picurl="https://fftcg.cdn.sewest.net/images/cards/full/9-080C_eg.jpg">Opus IX</set>
      <tablerow>0</tablerow>
    </card>
    <card>
      <name>Azul (9-081R)</name>
      <text>Si Azul recibe daño de un Delantero, el daño se reduce en 5000 en su lugar.</text>
      <prop>
        <type>Forward - VII - Tsviets</type>
        <manacost>5</manacost>
        <colors>Lightning</colors>
        <pt>8000</pt>
      </prop>
      <set picurl="https://fftcg.cdn.sewest.net/images/cards/full/9-081R_eg.jpg">Opus IX</set>
      <tablerow>2</tablerow>
    </card>
    <card>
      <name>Edea (9-082C)</name>
      <text>[EX BURST] Cuando Edea entra al terreno de juego, elige 1 Delantero activo controlado por tu oponente. Inflígele 1000 puntos de daño por cada personaje Rayo que controlas.</text>
      <prop>
        <type>Forward - PICTLOGICA · VIII - Witch</type>
        <manacost>4</manacost>
        <colors>Lightning</colors>
        <pt>8000</pt>
      </prop>
      <set picurl="https://fftcg.cdn.sewest.net/images/cards/full/9-082C_eg.jpg">Opus IX</set>
      <tablerow>2</tablerow>
    </card>
    <card>
      <name>Odin (9-083C)</name>
      <text>[EX BURST] Elige 1 Delantero de coste 2 o menos. Rómpelo. Coge 1 carta.</text>
      <prop>
        <type>Summon - DFF</type>
        <manacost>3</manacost>
        <colors>Lightning</colors>
        <pt>0</pt>
      </prop>
      <set picurl="https://fftcg.cdn.sewest.net/images/cards/full/9-083C_eg.jpg">Opus IX</set>
      <tablerow>3</tablerow>
    </card>
    <card>
      <name>Kain (9-084H)</name>
      <text>Antes de pagar el coste para jugar Kain al terreno de juego, puedes poner 1 Apoyo Rayo activo que controlas en la Break Zone. Si lo haces, el coste para jugar Kain al terreno de juego se reduce en 5.
Cuando Kain entra al terreno de juego, elige 1 Delantero controlado por tu oponente. Este pierde 8000 de poder hasta el final del turno.</text>
      <prop>
        <type>Forward - LOV · IV - Dragoon</type>
        <manacost>8</manacost>
        <colors>Lightning</colors>
        <pt>8000</pt>
      </prop>
      <set picurl="https://fftcg.cdn.sewest.net/images/cards/full/9-084H_eg.jpg">Opus IX</set>
      <tablerow>2</tablerow>
    </card>
    <card>
      <name>Cid of Clan Gully (9-085C)</name>
      <text>(Lightning)(Dull), descarta 1 Delantero Categoría FFTA2, pon Cid del clan Galima en la Break Zone: Elige 1 Delantero activo. Rómpelo.</text>
      <prop>
        <type>Backup - FFTA2 - Clan Leader</type>
        <manacost>2</manacost>
        <colors>Lightning</colors>
        <pt>0</pt>
      </prop>
      <set picurl="https://fftcg.cdn.sewest.net/images/cards/full/9-085C_eg.jpg">Opus IX</set>
      <tablerow>0</tablerow>
    </card>
    <card>
      <name>Goblin (9-086R)</name>
      <text>Durante tu turno, Duende también pasa a ser un Delantero con 5000 de poder.
Cuando Duende inflige daño a tu oponente, puedes poner Duende en la Break Zone. Cuando lo haces, coge 2 cartas.</text>
      <prop>
        <type>Monster - Crystal Hunt - Goblin</type>
        <manacost>2</manacost>
        <colors>Lightning</colors>
        <pt>5000</pt>
      </prop>
      <set picurl="https://fftcg.cdn.sewest.net/images/cards/full/9-086R_eg.jpg">Opus IX</set>
      <tablerow>1</tablerow>
    </card>
    <card>
      <name>Golbez (9-087H)</name>
      <text>(Lightning)(Dull): Revela la carta superior de tu mazo. Si es un Delantero, juégalo al terreno de juego. Solo puedes usar esta habilidad durante tu turno.
Doble meteo (S)(Lightning)(Lightning): Elige 1 Delantero. Inflígele 9000 puntos de daño. Puedes descartar 1 Nombre de la carta Golbez. Si lo haces, usa esta habilidad especial otra vez sin pagar su coste.</text>
      <prop>
        <type>Forward - IV - Warlock</type>
        <manacost>5</manacost>
        <colors>Lightning</colors>
        <pt>9000</pt>
      </prop>
      <set picurl="https://fftcg.cdn.sewest.net/images/cards/full/9-087H_eg.jpg">Opus IX</set>
      <tablerow>2</tablerow>
    </card>
    <card>
      <name>Seifer (9-088C)</name>
      <text>Si controlas una Oficio Bruja, Seifer gana +3000 de poder.</text>
      <prop>
        <type>Forward - PICTLOGICA · VIII - SeeD Candidate</type>
        <manacost>2</manacost>
        <colors>Lightning</colors>
        <pt>5000</pt>
      </prop>
      <set picurl="https://fftcg.cdn.sewest.net/images/cards/full/9-088C_eg.jpg">Opus IX</set>
      <tablerow>2</tablerow>
    </card>
    <card>
      <name>Seeq (9-089C)</name>
      <text>Cuando Seeq entra al terreno de juego, elige 1 Delantero controlado por tu oponente. Rómpelo.</text>
      <prop>
        <type>Backup - XII - Standard Unit</type>
        <manacost>7</manacost>
        <colors>Lightning</colors>
        <pt>0</pt>
      </prop>
      <set picurl="https://fftcg.cdn.sewest.net/images/cards/full/9-089C_eg.jpg">Opus IX</set>
      <tablerow>0</tablerow>
    </card>
    <card>
      <name>Sage (9-090C)</name>
      <text>Cuando Sabio entra al terreno de juego, puedes 
pagar (Lightning). Cuando lo haces, elige 1 Invocación de tu 
Break Zone. Añádela a tu mano.</text>
      <prop>
        <type>Backup - FFTA2 - Standard Unit</type>
        <manacost>2</manacost>
        <colors>Lightning</colors>
        <pt>0</pt>
      </prop>
      <set picurl="https://fftcg.cdn.sewest.net/images/cards/full/9-090C_eg.jpg">Opus IX</set>
      <tablerow>0</tablerow>
    </card>
    <card>
      <name>Nero (XIV) (9-091H)</name>
      <text>Cuando Nero (XIV) entra al terreno de juego, si controlas un Delantero de cualquier elemento que no sea Rayo, hasta el final del turno, Nero (XIV) gana +2000 de poder, Prisa y Bravura.
Cuando Nero (XIV) se añade a tu mano desde la Break Zone, elige 1 Delantero. Inflígele 2000 puntos de daño.</text>
      <prop>
        <type>Forward - XIV - Chief of Staff</type>
        <manacost>3</manacost>
        <colors>Lightning</colors>
        <pt>7000</pt>
      </prop>
      <set picurl="https://fftcg.cdn.sewest.net/images/cards/full/9-091H_eg.jpg">Opus IX</set>
      <tablerow>2</tablerow>
    </card>
    <card>
      <name>Baknamy (9-092R)</name>
      <text>Cuando un Delantero Rayo que no sea Bak-namu entra a tu terreno de juego, elige 1 Delantero controlado por tu oponente. Ponlo en dull.</text>
      <prop>
        <type>Forward - XII - Standard Unit</type>
        <manacost>3</manacost>
        <colors>Lightning</colors>
        <pt>7000</pt>
      </prop>
      <set picurl="https://fftcg.cdn.sewest.net/images/cards/full/9-092R_eg.jpg">Opus IX</set>
      <tablerow>2</tablerow>
    </card>
    <card>
      <name>Bahamut ZERO (9-093H)</name>
      <text>Elige 1 Delantero activo controlado por tu oponente. Rómpelo. Pon en dull todos los Delanteros controlados por tu oponente.</text>
      <prop>
        <type>Summon - TYPE-0</type>
        <manacost>6</manacost>
        <colors>Lightning</colors>
        <pt>0</pt>
      </prop>
      <set picurl="https://fftcg.cdn.sewest.net/images/cards/full/9-093H_eg.jpg">Opus IX</set>
      <tablerow>3</tablerow>
    </card>
    <card>
      <name>Fusoya (9-094L)</name>
      <text>El coste requerido para lanzar tus Invocaciones puede pagarse con CP de cualquier elemento.
Cuando Fusoya entra al terreno de juego, elige 1 Delantero controlado por tu oponente. Revela las 2 cartas de la parte superior de tu mazo. Inflígele 1000 puntos de daño por cada CP requerido para jugar las cartas reveladas. Añade a tu mano todas las cartas reveladas.</text>
      <prop>
        <type>Forward - MOBIUS · IV - Lunarian</type>
        <manacost>7</manacost>
        <colors>Lightning</colors>
        <pt>6000</pt>
      </prop>
      <set picurl="https://fftcg.cdn.sewest.net/images/cards/full/9-094L_eg.jpg">Opus IX</set>
      <tablerow>2</tablerow>
    </card>
    <card>
      <name>Meia (9-095L)</name>
      <text>Al principio de tu Attack Phase, selecciona 1 de las siguientes 3 acciones. Si has recibido 5 o más puntos de daño, selecciona hasta 2 de las siguientes 3 acciones en su lugar.
"Elige 1 Delantero. Hasta el final del turno, este gana +1000 de poder e Iniciativa."
"Elige 1 Delantero. Ponlo en dull."
"Elige 1 Delantero Categoría MOBIUS que no sea Meia. Este gana Prisa hasta el final del turno."</text>
      <prop>
        <type>Forward - MOBIUS - Witch</type>
        <manacost>3</manacost>
        <colors>Lightning</colors>
        <pt>7000</pt>
      </prop>
      <set picurl="https://fftcg.cdn.sewest.net/images/cards/full/9-095L_eg.jpg">Opus IX</set>
      <tablerow>2</tablerow>
    </card>
    <card>
      <name>Class Third Moogle (9-096R)</name>
      <text>(1)(Dull): Elige 1 Delantero Rayo que controlas. Este gana +1000 de poder hasta el final del turno.</text>
      <prop>
        <type>Backup - TYPE-0 - Moogle</type>
        <manacost>2</manacost>
        <colors>Lightning</colors>
        <pt>0</pt>
      </prop>
      <set picurl="https://fftcg.cdn.sewest.net/images/cards/full/9-096R_eg.jpg">Opus IX</set>
      <tablerow>0</tablerow>
    </card>
    <card>
      <name>Class Sixth Moogle (9-097C)</name>
      <text>Si Moguri de la clase Seis está en el terreno de juego, Moguri de la clase Seis puede generar CP Agua.</text>
      <prop>
        <type>Backup - TYPE-0 - Moogle</type>
        <manacost>2</manacost>
        <colors>Lightning</colors>
        <pt>0</pt>
      </prop>
      <set picurl="https://fftcg.cdn.sewest.net/images/cards/full/9-097C_eg.jpg">Opus IX</set>
      <tablerow>0</tablerow>
    </card>
    <card>
      <name>Reeve (9-098C)</name>
      <text>[EX BURST] Cuando Reeve entra al terreno de juego, puedes buscar 1 Nombre de la carta Vincent o Nombre de la carta Cait Sith y añadirla a tu mano.</text>
      <prop>
        <type>Backup - VII - Commissioner</type>
        <manacost>3</manacost>
        <colors>Lightning</colors>
        <pt>0</pt>
      </prop>
      <set picurl="https://fftcg.cdn.sewest.net/images/cards/full/9-098C_eg.jpg">Opus IX</set>
      <tablerow>0</tablerow>
    </card>
    <card>
      <name>Livia (9-099R)</name>
      <text>Cuando Livia entra al terreno de juego, si el coste para jugar Livia no incluye CP de 3 o más elementos distintos, pon Livia en la Break Zone.
(1): Livia gana Bravura hasta el final del turno.
(3): Rompe el Delantero que bloquea a Livia.</text>
      <prop>
        <type>Forward - XIV - Detachment Commander</type>
        <manacost>3</manacost>
        <colors>Lightning</colors>
        <pt>9000</pt>
      </prop>
      <set picurl="https://fftcg.cdn.sewest.net/images/cards/full/9-099R_eg.jpg">Opus IX</set>
      <tablerow>2</tablerow>
    </card>
    <card>
      <name>Ravus (9-100R)</name>
      <text>[EX BURST] Cuando Ravus entra al terreno de juego, elige 1 Delantero controlado por tu oponente. Ponlo en dull.
Cuando Ravus entra al terreno de juego, elige 1 Delantero controlado por tu oponente. Si el número de Delanteros controlados por tu oponente es mayor que el número de Delanteros que controlas, ponlo en dull.</text>
      <prop>
        <type>Forward - XV - Captain</type>
        <manacost>4</manacost>
        <colors>Lightning</colors>
        <pt>8000</pt>
      </prop>
      <set picurl="https://fftcg.cdn.sewest.net/images/cards/full/9-100R_eg.jpg">Opus IX</set>
      <tablerow>2</tablerow>
    </card>
    <card>
      <name>Adel (VIII) (9-101R)</name>
      <text>Si no controlas ningún Delantero que no sea Adel (VIII), Adel (VIII) gana +1000 de poder y "Cuando Adel (VIII) ataca, puedes descartar 1 carta. Cuando lo haces, elige 1 Delantero controlado por tu oponente. Devuélvelo a la mano de su propietario."</text>
      <prop>
        <type>Forward - VIII - Witch</type>
        <manacost>5</manacost>
        <colors>Water</colors>
        <pt>9000</pt>
      </prop>
      <set picurl="https://fftcg.cdn.sewest.net/images/cards/full/9-101R_eg.jpg">Opus IX</set>
      <tablerow>2</tablerow>
    </card>
    <card>
      <name>Ultimecia (9-102H)</name>
      <text>Cuando Artemisa entra al terreno de juego, cada jugador revela la carta superior de su mazo. Cada jugador que haya revelado un personaje puede jugarlo al terreno de juego.
(Water)(Water)(2)(Dull), pon Artemisa en la Break Zone: Elige 1 Delantero. Ponlo en la parte superior del mazo de su propietario.</text>
      <prop>
        <type>Backup - DFF · VIII - Witch</type>
        <manacost>4</manacost>
        <colors>Water</colors>
        <pt>0</pt>
      </prop>
      <set picurl="https://fftcg.cdn.sewest.net/images/cards/full/9-102H_eg.jpg">Opus IX</set>
      <tablerow>0</tablerow>
    </card>
    <card>
      <name>Iedolas (9-103R)</name>
      <text>(Dull), pon Iedolas en la Break Zone: Elige 1 Invocación de coste 4 o menos de tu Break Zone. Lánzala sin pagar su coste. Retira del juego esa Invocación tras usarla en lugar de ponerla en la Break Zone.</text>
      <prop>
        <type>Backup - XV - Emperor</type>
        <manacost>4</manacost>
        <colors>Water</colors>
        <pt>0</pt>
      </prop>
      <set picurl="https://fftcg.cdn.sewest.net/images/cards/full/9-103R_eg.jpg">Opus IX</set>
      <tablerow>0</tablerow>
    </card>
    <card>
      <name>Ultros (9-104L)</name>
      <text>Cuando Ultros ataca, inflige a todos los Delanteros controlados por tu oponente 2000 puntos de daño y 1000 puntos adicionales por cada Nombre de la carta Ultros en tu Break Zone.
Cuando Ultros pasa del terreno de juego a la Break Zone, puedes pagar (Water)(Water). Cuando lo haces, busca 1 Nombre de la carta Ultros y juégala al terreno de juego en dull.</text>
      <prop>
        <type>Forward - VI - Octopus</type>
        <manacost>5</manacost>
        <colors>Water</colors>
        <pt>9000</pt>
      </prop>
      <set picurl="https://fftcg.cdn.sewest.net/images/cards/full/9-104L_eg.jpg">Opus IX</set>
      <tablerow>2</tablerow>
    </card>
    <card>
      <name>Gau (9-105C)</name>
      <text>Si controlas un Monstruo, Gau gana +2000 de poder.
Si controlas 3 o más Monstruos, Gau gana Bravura.</text>
      <prop>
        <type>Forward - VI - Wild Child</type>
        <manacost>2</manacost>
        <colors>Water</colors>
        <pt>5000</pt>
      </prop>
      <set picurl="https://fftcg.cdn.sewest.net/images/cards/full/9-105C_eg.jpg">Opus IX</set>
      <tablerow>2</tablerow>
    </card>
    <card>
      <name>Ghis (9-106R)</name>
      <text>Cuando Ghis entra al terreno de juego, todos los Delanteros controlados por tu oponente pierden 1000 de poder hasta el final del turno.
Cuando Ghis recibe daño, puedes retirar Ghis del juego. Si lo haces, devuelve Ghis al terreno de juego en dull y después retira del juego las 3 cartas de la parte superior de tu mazo.</text>
      <prop>
        <type>Forward - MOBIUS · XII - Judge</type>
        <manacost>4</manacost>
        <colors>Water</colors>
        <pt>8000</pt>
      </prop>
      <set picurl="https://fftcg.cdn.sewest.net/images/cards/full/9-106R_eg.jpg">Opus IX</set>
      <tablerow>2</tablerow>
    </card>
    <card>
      <name>Gogo (9-107C)</name>
      <text>(0): Elige 1 Delantero controlado por tu oponente. Gogo gana sus habilidades de acción hasta el final del turno. Solo puedes usar esta habilidad una vez por turno.</text>
      <prop>
        <type>Forward - VI - Mime</type>
        <manacost>3</manacost>
        <colors>Water</colors>
        <pt>7000</pt>
      </prop>
      <set picurl="https://fftcg.cdn.sewest.net/images/cards/full/9-107C_eg.jpg">Opus IX</set>
      <tablerow>2</tablerow>
    </card>
    <card>
      <name>White Mage (9-108C)</name>
      <text>Cuando Mago blanco entra al terreno de juego, puedes pagar (Water). Cuando lo haces, coge 1 carta.</text>
      <prop>
        <type>Backup - FFTA2 - Standard Unit</type>
        <manacost>2</manacost>
        <colors>Water</colors>
        <pt>0</pt>
      </prop>
      <set picurl="https://fftcg.cdn.sewest.net/images/cards/full/9-108C_eg.jpg">Opus IX</set>
      <tablerow>0</tablerow>
    </card>
    <card>
      <name>Cecil (9-109H)</name>
      <text>Si controlas 2 o más Delanteros Categoría IV que no sean Cecil, Cecil gana +2000 de poder y Bravura.
(0): Elige 1 Delantero que controlas que no sea Cecil. Durante este turno, la próxima vez que este Delantero recibe daño, este se reduce en 4000 en su lugar e inflige a Cecil 4000 puntos de daño. Solo puedes usar esta habilidad una vez por turno.</text>
      <prop>
        <type>Forward - IV - Paladin</type>
        <manacost>4</manacost>
        <colors>Water</colors>
        <pt>8000</pt>
      </prop>
      <set picurl="https://fftcg.cdn.sewest.net/images/cards/full/9-109H_eg.jpg">Opus IX</set>
      <tablerow>2</tablerow>
    </card>
    <card>
      <name>King of Concordia (9-110C)</name>
      <text>(Water)(Dull), pon Rey de Concordia en la Break Zone: Elige 1 Delantero que controlas. Este gana +2000 de poder hasta el final del turno. Al final del turno, devuélvelo a la mano de su propietario.</text>
      <prop>
        <type>Backup - TYPE-0 - King</type>
        <manacost>2</manacost>
        <colors>Water</colors>
        <pt>0</pt>
      </prop>
      <set picurl="https://fftcg.cdn.sewest.net/images/cards/full/9-110C_eg.jpg">Opus IX</set>
      <tablerow>0</tablerow>
    </card>
    <card>
      <name>Banon (9-111H)</name>
      <text>Cuando Banon es objetivo de las Invocaciones o habilidades de tu oponente, revela la carta superior de tu mazo. Si es un Apoyo, cancela todos los efectos de los que Banon es objetivo.
(Dull): Revela la carta superior de tu mazo. Si es un Delantero, añádelo a tu mano.</text>
      <prop>
        <type>Forward - VI - Epopt</type>
        <manacost>3</manacost>
        <colors>Water</colors>
        <pt>4000</pt>
      </prop>
      <set picurl="https://fftcg.cdn.sewest.net/images/cards/full/9-111H_eg.jpg">Opus IX</set>
      <tablerow>2</tablerow>
    </card>
    <card>
      <name>Paladin (9-112C)</name>
      <text>Cuando Paladín entra al terreno de juego, selecciona 1 de las siguientes 2 acciones.
"Elige 1 Oficio Soldado de tu Break Zone. Añádela a tu mano."
"Hasta el final del turno, todos los Delanteros que controlas ganan +1000 de poder y Bravura."</text>
      <prop>
        <type>Backup - FFTA2 - Standard Unit</type>
        <manacost>4</manacost>
        <colors>Water</colors>
        <pt>0</pt>
      </prop>
      <set picurl="https://fftcg.cdn.sewest.net/images/cards/full/9-112C_eg.jpg">Opus IX</set>
      <tablerow>0</tablerow>
    </card>
    <card>
      <name>Famfrit (9-113H)</name>
      <text>Cada jugador selecciona hasta 2 Delanteros o Monstruos que controla (selecciona cuantos sea posible). Ponlos en la Break Zone.</text>
      <prop>
        <type>Summon - MOBIUS</type>
        <manacost>6</manacost>
        <colors>Water</colors>
        <pt>0</pt>
      </prop>
      <set picurl="https://fftcg.cdn.sewest.net/images/cards/full/9-113H_eg.jpg">Opus IX</set>
      <tablerow>3</tablerow>
    </card>
    <card>
      <name>Cuchulainn, the Impure (9-114C)</name>
      <text>[EX BURST] Elige 1 Delantero. Este pierde todas sus habilidades hasta el final del turno. Coge 1 carta.</text>
      <prop>
        <type>Summon - XII</type>
        <manacost>1</manacost>
        <colors>Water</colors>
        <pt>0</pt>
      </prop>
      <set picurl="https://fftcg.cdn.sewest.net/images/cards/full/9-114C_eg.jpg">Opus IX</set>
      <tablerow>3</tablerow>
    </card>
    <card>
      <name>Porom (9-115R)</name>
      <text>[EX BURST] Cuando Porom pasa del terreno de juego a la Break Zone, elige 1 Invocación de tu Break Zone. Añádela a tu mano.</text>
      <prop>
        <type>Forward - PICTLOGICA · IV - White Mage</type>
        <manacost>2</manacost>
        <colors>Water</colors>
        <pt>2000</pt>
      </prop>
      <set picurl="https://fftcg.cdn.sewest.net/images/cards/full/9-115R_eg.jpg">Opus IX</set>
      <tablerow>2</tablerow>
    </card>
    <card>
      <name>Moogle (XII) (9-116R)</name>
      <text>Cuando Moguri (XII) ataca o bloquea, mira las 3 cartas de la parte superior de tu mazo. Colócalas en la parte superior y/o inferior de tu mazo en el orden que quieras.</text>
      <prop>
        <type>Forward - XII - Standard Unit</type>
        <manacost>3</manacost>
        <colors>Water</colors>
        <pt>7000</pt>
      </prop>
      <set picurl="https://fftcg.cdn.sewest.net/images/cards/full/9-116R_eg.jpg">Opus IX</set>
      <tablerow>2</tablerow>
    </card>
    <card>
      <name>Mog (VI) (9-117C)</name>
      <text>Cuando Mog (VI) entra al terreno de juego, coge 2 cartas.
Cuando Mog (VI) abandona el terreno de juego, descarta 2 cartas de tu mano.
Réquiem crepuscular (S)(Water)(Water)(Dull): Elige 1 Delantero. Revela la carta superior de tu mazo. Si el coste en CP de la carta revelada es par, devuelve el Delantero elegido a la mano de su propietario. Añade la carta revelada a tu mano. Si el coste en CP de la carta revelada es impar, inflígele al Delantero elegido 4000 puntos de daño, ponlo en dull y congélalo. Añade la carta revelada a tu mano.</text>
      <prop>
        <type>Forward - VI - Moogle</type>
        <manacost>3</manacost>
        <colors>Water</colors>
        <pt>4000</pt>
      </prop>
      <set picurl="https://fftcg.cdn.sewest.net/images/cards/full/9-117C_eg.jpg">Opus IX</set>
      <tablerow>2</tablerow>
    </card>
    <card>
      <name>Malboro (9-118R)</name>
      <text>Durante tu turno, Molbol también pasa a ser un Delantero con 6000 de poder.
Cuando Molbol es bloqueado, todos los Delanteros controlados por tu oponente pierden 2000 de poder hasta el final del turno.</text>
      <prop>
        <type>Monster - Crystal Hunt - Malboro</type>
        <manacost>3</manacost>
        <colors>Water</colors>
        <pt>6000</pt>
      </prop>
      <set picurl="https://fftcg.cdn.sewest.net/images/cards/full/9-118R_eg.jpg">Opus IX</set>
      <tablerow>1</tablerow>
    </card>
    <card>
      <name>Larsa (9-119C)</name>
      <text>(Dull): Anula todo el daño que han recibido todos los Delanteros que controlas.</text>
      <prop>
        <type>Backup - PICTLOGICA · XII - Fourthborn Son of the Emperor</type>
        <manacost>2</manacost>
        <colors>Water</colors>
        <pt>0</pt>
      </prop>
      <set picurl="https://fftcg.cdn.sewest.net/images/cards/full/9-119C_eg.jpg">Opus IX</set>
      <tablerow>0</tablerow>
    </card>
    <card>
      <name>Rosa (9-120L)</name>
      <text>Si un Delantero que controlas recibe daño, el daño se reduce en 1000 en su lugar.
Cuando Rosa forma un equipo y ataca, activa 
Rosa. Rosa puede atacar una vez más este turno.
Rezar (S): Revela la carta superior de tu mazo. Si es una carta Agua, activa todos los Delanteros que controlas.</text>
      <prop>
        <type>Forward - IV - White Mage</type>
        <manacost>3</manacost>
        <colors>Water</colors>
        <pt>7000</pt>
      </prop>
      <set picurl="https://fftcg.cdn.sewest.net/images/cards/full/9-120L_eg.jpg">Opus IX</set>
      <tablerow>2</tablerow>
    </card>
    <card>
      <name>Wol (9-121L)</name>
      <text>Solo puedes pagar el coste para jugar Wol al terreno de juego con CP Fuego, CP Aire, CP Tierra o CP Agua y debes usar CP de 2 o más elementos distintos.
Cuando Wol pasa del terreno de juego a la Break Zone, elige 1 Delantero controlado por tu oponente. Inflígele 9000 puntos de daño.</text>
      <prop>
        <type>Forward - MOBIUS - Warrior of Light</type>
        <manacost>4</manacost>
        <colors>Light</colors>
        <pt>9000</pt>
      </prop>
      <set picurl="https://fftcg.cdn.sewest.net/images/cards/full/9-121L_eg.jpg">Opus IX</set>
      <tablerow>2</tablerow>
    </card>
    <card>
      <name>Locke (9-122H)</name>
      <text>Al principio de tu Main Phase 1, revela las 2 cartas de la parte superior de tu mazo. Añade 1 personaje Categoría VI de entre ellas a tu mano y pon el resto en la parte inferior de tu mazo en el orden que quieras.
Cuando Locke ataca, todos los Delanteros Categoría VI que controlas que no sean Locke ganan +2000 de poder hasta el final del turno.</text>
      <prop>
        <type>Forward - DFF · VI - Treasure Hunter</type>
        <manacost>4</manacost>
        <colors>Light</colors>
        <pt>8000</pt>
      </prop>
      <set picurl="https://fftcg.cdn.sewest.net/images/cards/full/9-122H_eg.jpg">Opus IX</set>
      <tablerow>2</tablerow>
    </card>
    <card>
      <name>Chaos (MOBIUS) (9-123L)</name>
      <text>Cuando Caos (MOBIUS) entra al terreno de juego, si el coste pagado para jugar Caos (MOBIUS) incluye CP Fuego, inflige 5000 puntos de daño a todos los Delanteros controlados por tu oponente. Si el coste pagado para jugar Caos (MOBIUS) incluye CP Frío, tu oponente descarta 1 carta de su mano. Si el coste pagado para jugar Caos (MOBIUS) incluye CP Rayo, tu oponente selecciona 1 Monstruo que controla. Ponlo en la Break Zone.</text>
      <prop>
        <type>Forward - MOBIUS - King</type>
        <manacost>6</manacost>
        <colors>Dark</colors>
        <pt>9000</pt>
      </prop>
      <set picurl="https://fftcg.cdn.sewest.net/images/cards/full/9-123L_eg.jpg">Opus IX</set>
      <tablerow>2</tablerow>
    </card>
    <card>
      <name>Emperor Gestahl (9-124H)</name>
      <text>Cuando Emperador Gestahl entra al terreno de juego, elige 1 Delantero controlado por tu oponente. Rómpelo.
(Dull), pon Emperador Gestahl en la Break Zone: Juega 1 Delantero Oscuridad de coste 5 o menos de tu mano al terreno de juego. Solo puedes usar esta habilidad durante tu turno.</text>
      <prop>
        <type>Backup - VI - Emperor</type>
        <manacost>5</manacost>
        <colors>Dark</colors>
        <pt>0</pt>
      </prop>
      <set picurl="https://fftcg.cdn.sewest.net/images/cards/full/9-124H_eg.jpg">Opus IX</set>
      <tablerow>0</tablerow>
    </card>
  </cards>
</cockatrice_carddatabase>