<?xml version="1.0" encoding="UTF-8"?>
<cockatrice_carddatabase version="4">
  <sets>
    <set>
      <name>Rebellion's Call</name>
      <longname>Rebellion's Call</longname>
      <settype>Custom</settype>
      <releasedate></releasedate>
    </set>
  </sets>
  <cards>
    <card>
      <name>Adelard (17-001H)</name>
      <text>El daño que infligen tus habilidades a los Delanteros controlados por tu oponente no puede reducirse.
  (Fire)(Fire): Durante este turno, si tu habilidad inflige daño a un Delantero, duplica el daño en su lugar.
  Empuje obstructor (S)(Fire)(Fire): Elige 1 Delantero. Inflígele 10000 puntos de daño.</text>
      <prop>
        <type>Forward - FFBE - Red Mage</type>
        <manacost>2</manacost>
        <colors>Fire</colors>
        <pt>5000</pt>
      </prop>
      <set picurl="https://fftcg.cdn.sewest.net/images/cards/full/17-001H_eg.jpg">Rebellion's Call</set>
      <tablerow>2</tablerow>
    </card>
    <card>
      <name>Edgar (17-002L)</name>
      <text>Cuando Edgar entra al terreno de juego, elige hasta 2 Delanteros Categoría VI que no sean Nombre de la carta Edgar de tu Break Zone. Añádelos a tu mano.
  (0): Elige 1 Delantero Categoría VI de coste 3 o más que controlas. La próxima vez que uses su habilidad especial este turno, puedes hacerlo sin pagar (S). Solo puedes usar esta habilidad durante tu turno y solo una vez por turno.</text>
      <prop>
        <type>Forward - VI - King</type>
        <manacost>5</manacost>
        <colors>Fire</colors>
        <pt>7000</pt>
      </prop>
      <set picurl="https://fftcg.cdn.sewest.net/images/cards/full/17-002L_eg.jpg">Rebellion's Call</set>
      <tablerow>2</tablerow>
    </card>
    <card>
      <name>Elfe (17-003C)</name>
      <text>[EX BURST] Cuando Elfe entra al terreno de juego, puedes descartar 1 carta. Si lo haces, busca 1 Oficio AVALANCHA y añádela a tu mano.
  (Dull), pon Elfe en la Break Zone: Elige 1 Delantero. Inflígele 1000 puntos de daño.</text>
      <prop>
        <type>Backup - VII - AVALANCHE Operative</type>
        <manacost>2</manacost>
        <colors>Fire</colors>
        <pt>0</pt>
      </prop>
      <set picurl="https://fftcg.cdn.sewest.net/images/cards/full/17-003C_eg.jpg">Rebellion's Call</set>
      <tablerow>0</tablerow>
    </card>
    <card>
      <name>Garland (17-004C)</name>
      <text>Si controlas un Delantero de coste 2 o menos, Garland gana +1000 de poder y Bravura.</text>
      <prop>
        <type>Forward - DFF · I - Knight</type>
        <manacost>5</manacost>
        <colors>Fire</colors>
        <pt>9000</pt>
      </prop>
      <set picurl="https://fftcg.cdn.sewest.net/images/cards/full/17-004C_eg.jpg">Rebellion's Call</set>
      <tablerow>2</tablerow>
    </card>
    <card>
      <name>King (17-005C)</name>
      <text>Cuando King ataca, selecciona 1 de las siguientes 2 acciones.
  "Elige 1 Delantero. Inflígele 3000 puntos de daño."
  "King gana +2000 de poder hasta el final del turno."</text>
      <prop>
        <type>Forward - PICTLOGICA · TYPE-0 - Class Zero Cadet</type>
        <manacost>4</manacost>
        <colors>Fire</colors>
        <pt>8000</pt>
      </prop>
      <set picurl="https://fftcg.cdn.sewest.net/images/cards/full/17-005C_eg.jpg">Rebellion's Call</set>
      <tablerow>2</tablerow>
    </card>
    <card>
      <name>Gosetsu (17-006R)</name>
      <text>Los Delanteros Oficio Samurái y los Delanteros Nombre de la carta Samurái que controlas que no sean Gosetsu ganan +1000 de poder y Bravura.
  Cuando Gosetsu pasa del terreno de juego a la Break Zone, elige 1 Oficio Samurái o Nombre de la carta Samurái que no sea Nombre de la carta Gosetsu de tu Break Zone. Añádela a tu mano.</text>
      <prop>
        <type>Forward - XIV - Samurai</type>
        <manacost>3</manacost>
        <colors>Fire</colors>
        <pt>7000</pt>
      </prop>
      <set picurl="https://fftcg.cdn.sewest.net/images/cards/full/17-006R_eg.jpg">Rebellion's Call</set>
      <tablerow>2</tablerow>
    </card>
    <card>
      <name>Goblin (17-007C)</name>
      <text>Cuando Duende entra al terreno de juego, puedes buscar 1 Oficio Duende y añadirla a tu mano.
  (Dull), pon Duende en la Break Zone: Elige 1 Delantero. Inflígele 3000 puntos de daño.</text>
      <prop>
        <type>Monster - MOBIUS · XI - Goblin</type>
        <manacost>1</manacost>
        <colors>Fire</colors>
        <pt>0</pt>
      </prop>
      <set picurl="https://fftcg.cdn.sewest.net/images/cards/full/17-007C_eg.jpg">Rebellion's Call</set>
      <tablerow>1</tablerow>
    </card>
    <card>
      <name>Samurai (17-008H)</name>
      <text>Cuando Samurái entra al terreno de juego, puedes pagar (Fire)(1). Cuando lo haces, elige 1 Delantero. Inflígele 8000 puntos de daño.
  Daños 3 -- Samurái gana +1000 de poder y Bravura.</text>
      <prop>
        <type>Forward - XIV - Standard Unit</type>
        <manacost>3</manacost>
        <colors>Fire</colors>
        <pt>7000</pt>
      </prop>
      <set picurl="https://fftcg.cdn.sewest.net/images/cards/full/17-008H_eg.jpg">Rebellion's Call</set>
      <tablerow>2</tablerow>
    </card>
    <card>
      <name>Samurai (17-009C)</name>
      <text>(1)(Dull), pon Samurái en la Break Zone: Elige 1 Delantero Oficio Soldado de tu Break Zone. Añádelo a tu mano. Si es un Delantero Fuego de coste 3 o menos, juégalo al terreno de juego en su lugar. Solo puedes usar esta habilidad durante tu turno.</text>
      <prop>
        <type>Backup - V - Standard Unit</type>
        <manacost>2</manacost>
        <colors>Fire</colors>
        <pt>0</pt>
      </prop>
      <set picurl="https://fftcg.cdn.sewest.net/images/cards/full/17-009C_eg.jpg">Rebellion's Call</set>
      <tablerow>0</tablerow>
    </card>
    <card>
      <name>Scott (17-010C)</name>
      <text>Cuando Scott entra al terreno de juego o pasa del terreno de juego a la Break Zone, elige 1 Delantero. Este gana +3000 de poder hasta el final del turno.
  Daños 3 -- Cuando Scott pasa del terreno de juego a la Break Zone, coge 2 cartas.</text>
      <prop>
        <type>Forward - II - Prince</type>
        <manacost>3</manacost>
        <colors>Fire</colors>
        <pt>7000</pt>
      </prop>
      <set picurl="https://fftcg.cdn.sewest.net/images/cards/full/17-010C_eg.jpg">Rebellion's Call</set>
      <tablerow>2</tablerow>
    </card>
    <card>
      <name>Zenos (17-011R)</name>
      <text>Cuando Zenos entra al terreno de juego, puedes jugar 1 personaje de coste 4 de tu mano al terreno de juego.
  Cuando Zenos ataca, todos los Delanteros que controlas que no sean Zenos ganan +2000 de poder hasta el final del turno.</text>
      <prop>
        <type>Forward - DFF · XIV - General</type>
        <manacost>5</manacost>
        <colors>Fire</colors>
        <pt>9000</pt>
      </prop>
      <set picurl="https://fftcg.cdn.sewest.net/images/cards/full/17-011R_eg.jpg">Rebellion's Call</set>
      <tablerow>2</tablerow>
    </card>
    <card>
      <name>Tifa (17-012R)</name>
      <text>[EX BURST] Cuando Tifa entra al terreno de juego, elige 1 Delantero. Inflígele 9000 puntos de daño.
  (Fire)(Fire): Hasta el final del turno, Tifa también pasa a ser un Delantero con 8000 de poder. Solo puedes usar esta habilidad durante tu turno y solo una vez por turno.</text>
      <prop>
        <type>Backup - PICTLOGICA · VII - Martial Artist</type>
        <manacost>6</manacost>
        <colors>Fire</colors>
        <pt>8000</pt>
      </prop>
      <set picurl="https://fftcg.cdn.sewest.net/images/cards/full/17-012R_eg.jpg">Rebellion's Call</set>
      <tablerow>0</tablerow>
    </card>
    <card>
      <name>Berserker (17-013C)</name>
      <text>(Fire): Bárbaro gana +3000 de poder hasta el final del turno. Al final del turno, rompe Bárbaro.</text>
      <prop>
        <type>Forward - V - Standard Unit</type>
        <manacost>2</manacost>
        <colors>Fire</colors>
        <pt>5000</pt>
      </prop>
      <set picurl="https://fftcg.cdn.sewest.net/images/cards/full/17-013C_eg.jpg">Rebellion's Call</set>
      <tablerow>2</tablerow>
    </card>
    <card>
      <name>Bahamut (17-014R)</name>
      <text>Elige hasta 2 Delanteros. Divide 10000 puntos de daño entre ellos como quieras. Si has recibido 5 o más puntos de daño, divide 15000 puntos de daño entre ellos en su lugar. (Las unidades deben ser de 1000 puntos de daño.)</text>
      <prop>
        <type>Summon - TYPE-0</type>
        <manacost>4</manacost>
        <colors>Fire</colors>
        <pt>0</pt>
      </prop>
      <set picurl="https://fftcg.cdn.sewest.net/images/cards/full/17-014R_eg.jpg">Rebellion's Call</set>
      <tablerow>3</tablerow>
    </card>
    <card>
      <name>Jet Bahamut (17-015H)</name>
      <text>Cuando Bahamut Tenebra entra al terreno de juego, elige 1 Delantero. Inflígele 5000 puntos de daño. Si pasa del terreno de juego a la Break Zone este turno, retíralo del juego en su lugar.
  Daños 3 -- Cuando Bahamut Tenebra entra al terreno de juego, elige 1 Nombre de la carta Bahamut Passio o Nombre de la carta Bahamut Rao de tu Break Zone. Juégala al terreno de juego.</text>
      <prop>
        <type>Forward - XIII - Winged Chaos</type>
        <manacost>4</manacost>
        <colors>Fire</colors>
        <pt>8000</pt>
      </prop>
      <set picurl="https://fftcg.cdn.sewest.net/images/cards/full/17-015H_eg.jpg">Rebellion's Call</set>
      <tablerow>2</tablerow>
    </card>
    <card>
      <name>Hien (17-016L)</name>
      <text>Si controlas 5 o más personajes Fuego y/o personajes Categoría XIV, Hien gana Prisa.
  Cuando Hien ataca, activa todos los Delanteros Categoría XIV que controlas. Hasta el final del turno, estos ganan "Este Delantero puede atacar dos veces en el mismo turno". Este efecto solo se puede desencadenar una vez por turno.</text>
      <prop>
        <type>Forward - XIV - Samurai</type>
        <manacost>4</manacost>
        <colors>Fire</colors>
        <pt>8000</pt>
      </prop>
      <set picurl="https://fftcg.cdn.sewest.net/images/cards/full/17-016L_eg.jpg">Rebellion's Call</set>
      <tablerow>2</tablerow>
    </card>
    <card>
      <name>Sabin (17-017H)</name>
      <text>El coste requerido para lanzar Sabin se reduce en 1 por cada personaje Categoría VI que controlas (no puede ser 0).
  Chakra (S): Activa todos los Delanteros que controlas que no sean Sabin. Estos ganan +2000 de poder hasta el final del turno.
  Cañón de aura (S): Elige 1 Delantero. Inflígele 8000 puntos de daño.</text>
      <prop>
        <type>Forward - VI - Monk</type>
        <manacost>4</manacost>
        <colors>Fire</colors>
        <pt>8000</pt>
      </prop>
      <set picurl="https://fftcg.cdn.sewest.net/images/cards/full/17-017H_eg.jpg">Rebellion's Call</set>
      <tablerow>2</tablerow>
    </card>
    <card>
      <name>Mystic Knight (17-018C)</name>
      <text>(Fire)(Dull), pon Señor místico en la Break Zone: Elige 1 Delantero. Inflígele 4000 puntos de daño. Si has recibido un punto de daño este turno, inflígele 8000 puntos de daño en su lugar.</text>
      <prop>
        <type>Backup - V - Standard Unit</type>
        <manacost>2</manacost>
        <colors>Fire</colors>
        <pt>0</pt>
      </prop>
      <set picurl="https://fftcg.cdn.sewest.net/images/cards/full/17-018C_eg.jpg">Rebellion's Call</set>
      <tablerow>0</tablerow>
    </card>
    <card>
      <name>Marilith (17-019R)</name>
      <text>Iniciativa
  Cuando recibes un quinto punto de daño, puedes pagar (Fire). Cuando lo haces, juega Marilita al terreno de juego en dull. Este efecto solo se desencadena si Marilita está en la Break Zone.</text>
      <prop>
        <type>Forward - I - Chaos</type>
        <manacost>5</manacost>
        <colors>Fire</colors>
        <pt>9000</pt>
      </prop>
      <set picurl="https://fftcg.cdn.sewest.net/images/cards/full/17-019R_eg.jpg">Rebellion's Call</set>
      <tablerow>2</tablerow>
    </card>
    <card>
      <name>Montblanc (17-020R)</name>
      <text>Cuando Montblanc entra al terreno de juego, puedes pagar (X). Cuando lo haces, busca 1 Nombre de la carta Zan de coste X y juégala al terreno de juego. Solo puedes usar CP Frío para pagar (X).</text>
      <prop>
        <type>Backup - FFTA2 - Moogle</type>
        <manacost>3</manacost>
        <colors>Fire</colors>
        <pt>0</pt>
      </prop>
      <set picurl="https://fftcg.cdn.sewest.net/images/cards/full/17-020R_eg.jpg">Rebellion's Call</set>
      <tablerow>0</tablerow>
    </card>
    <card>
      <name>Red XIII (17-021C)</name>
      <text>Cuando Red XIII entra al terreno de juego, puedes descartar 1 carta. Cuando lo haces, elige 1 Delantero. Inflígele 7000 puntos de daño.
  Cuando Red XIII entra al terreno de juego, puedes pagar (Fire)(1). Cuando lo haces, elige 1 Delantero. Inflígele 7000 puntos de daño.</text>
      <prop>
        <type>Backup - PICTLOGICA · VII - Warrior</type>
        <manacost>2</manacost>
        <colors>Fire</colors>
        <pt>0</pt>
      </prop>
      <set picurl="https://fftcg.cdn.sewest.net/images/cards/full/17-021C_eg.jpg">Rebellion's Call</set>
      <tablerow>0</tablerow>
    </card>
    <card>
      <name>Umaro (17-022H)</name>
      <text>Umaro debe atacar una vez por turno si es posible.
  Cuando Umaro entra al terreno de juego, si controlas 4 o menos personajes Categoría VI, descarta 1 carta.
  (Dull), pon Umaro en la Break Zone: Tu oponente descarta 2 cartas.</text>
      <prop>
        <type>Forward - PICTLOGICA · VI - Yeti</type>
        <manacost>2</manacost>
        <colors>Ice</colors>
        <pt>9000</pt>
      </prop>
      <set picurl="https://fftcg.cdn.sewest.net/images/cards/full/17-022H_eg.jpg">Rebellion's Call</set>
      <tablerow>2</tablerow>
    </card>
    <card>
      <name>Scholar (17-023H)</name>
      <text>Cuando Erudito entra al terreno de juego, puedes pagar (Ice). Cuando lo haces, tu oponente descarta 1 carta al azar.
  Daños 3 -- (Ice)(Dull): Elige 1 Delantero. Ponlo en dull.</text>
      <prop>
        <type>Forward - XI - Standard Unit</type>
        <manacost>2</manacost>
        <colors>Ice</colors>
        <pt>5000</pt>
      </prop>
      <set picurl="https://fftcg.cdn.sewest.net/images/cards/full/17-023H_eg.jpg">Rebellion's Call</set>
      <tablerow>2</tablerow>
    </card>
    <card>
      <name>Supersoldier (17-024C)</name>
      <text>Si tienes una Nombre de la carta Protoinfante en tu Break Zone, Protoinfante gana +3000 de poder.</text>
      <prop>
        <type>Forward - TYPE-0 - Standard Unit</type>
        <manacost>2</manacost>
        <colors>Ice</colors>
        <pt>5000</pt>
      </prop>
      <set picurl="https://fftcg.cdn.sewest.net/images/cards/full/17-024C_eg.jpg">Rebellion's Call</set>
      <tablerow>2</tablerow>
    </card>
    <card>
      <name>Edward (17-025C)</name>
      <text>(Dull): Elige 1 carta de la Break Zone de tu oponente. Retírala del juego.</text>
      <prop>
        <type>Backup - PICTLOGICA · IV - Bard</type>
        <manacost>2</manacost>
        <colors>Ice</colors>
        <pt>0</pt>
      </prop>
      <set picurl="https://fftcg.cdn.sewest.net/images/cards/full/17-025C_eg.jpg">Rebellion's Call</set>
      <tablerow>0</tablerow>
    </card>
    <card>
      <name>Khury Wezette (17-026H)</name>
      <text>Cuando Kuri Wezette entra al terreno de juego, ganas (C).
  Cuando un Delantero controlado por tu oponente pasa del terreno de juego a la Break Zone, ganas (C). Este efecto solo se puede desencadenar una vez por turno.
  (C)(C)(C)(Dull): Pon en dull y congela todos los personajes controlados por tu oponente. Solo puedes usar esta habilidad durante tu turno.</text>
      <prop>
        <type>Forward - FFBE - King/Ranger</type>
        <manacost>5</manacost>
        <colors>Ice</colors>
        <pt>8000</pt>
      </prop>
      <set picurl="https://fftcg.cdn.sewest.net/images/cards/full/17-026H_eg.jpg">Rebellion's Call</set>
      <tablerow>2</tablerow>
    </card>
    <card>
      <name>Shiva (17-027R)</name>
      <text>Selecciona 1 de las siguientes 2 acciones.
  "Elige 1 Delantero en dull de coste 2 o menos. Rómpelo. Tu oponente descarta 1 carta."
  "Elige 1 Delantero. Si este inflige daño que no sea en combate a un Delantero este turno, el daño se vuelve 0 en su lugar."</text>
      <prop>
        <type>Summon - TYPE-0</type>
        <manacost>2</manacost>
        <colors>Ice</colors>
        <pt>0</pt>
      </prop>
      <set picurl="https://fftcg.cdn.sewest.net/images/cards/full/17-027R_eg.jpg">Rebellion's Call</set>
      <tablerow>3</tablerow>
    </card>
    <card>
      <name>Calautidon (17-028C)</name>
      <text>Cuando Calautidonte entra al terreno de juego, elige 1 Delantero. Ponlo en dull.
  (Ice)(Ice)(2)(Dull), pon Calautidonte en la Break Zone: Elige 1 Delantero en dull. Rómpelo.</text>
      <prop>
        <type>Monster - XIII - Armadillon</type>
        <manacost>1</manacost>
        <colors>Ice</colors>
        <pt>0</pt>
      </prop>
      <set picurl="https://fftcg.cdn.sewest.net/images/cards/full/17-028C_eg.jpg">Rebellion's Call</set>
      <tablerow>1</tablerow>
    </card>
    <card>
      <name>Xezat (17-029L)</name>
      <text>El coste requerido para lanzar Xezat aumenta en 1 por cada carta que tu oponente tenga en su mano.
  Cuando Xezat entra al terreno de juego, si tu oponente tiene 3 o más cartas en su mano, tu oponente revela su mano. Selecciona 1 carta de su mano que no sea un Apoyo. Tu oponente descarta esa carta. 
  Cuando Xezat ataca, todos los Delanteros que controlas ganan +1000 de poder hasta el final del turno.</text>
      <prop>
        <type>Forward - MOBIUS · V - Dawn Warrior</type>
        <manacost>1</manacost>
        <colors>Ice</colors>
        <pt>9000</pt>
      </prop>
      <set picurl="https://fftcg.cdn.sewest.net/images/cards/full/17-029L_eg.jpg">Rebellion's Call</set>
      <tablerow>2</tablerow>
    </card>
    <card>
      <name>Setzer (17-030H)</name>
      <text>Cuando Setzer entra al terreno de juego, nombra 1 tipo de carta. Después, tu oponente descarta 1 carta. Si la carta descartada es del tipo nombrado, coges 1 carta.
  Lanzaguil (S)(Ice): Elige 1 Delantero. Retira del juego la carta superior de tu mazo. Inflígele 3000 puntos de daño por cada CP requerido para lanzar la carta retirada.</text>
      <prop>
        <type>Forward - VI - Gambler</type>
        <manacost>4</manacost>
        <colors>Ice</colors>
        <pt>8000</pt>
      </prop>
      <set picurl="https://fftcg.cdn.sewest.net/images/cards/full/17-030H_eg.jpg">Rebellion's Call</set>
      <tablerow>2</tablerow>
    </card>
    <card>
      <name>Serah (17-031L)</name>
      <text>Cuando Serah entra al terreno de juego, revela las 5 cartas de la parte superior de tu mazo. Añade 1 Apoyo de entre ellas a tu mano o juega 1 Apoyo Oficio Moguri de entre ellas al terreno de juego, y pon el resto en la parte inferior de tu mazo en el orden que quieras.
  Cuando Serah ataca, elige 1 personaje. Ponlo en dull y congélalo. Si controlas 4 o más Apoyos, tu oponente también descarta 1 carta.</text>
      <prop>
        <type>Forward - XIII - Saboteur</type>
        <manacost>5</manacost>
        <colors>Ice</colors>
        <pt>8000</pt>
      </prop>
      <set picurl="https://fftcg.cdn.sewest.net/images/cards/full/17-031L_eg.jpg">Rebellion's Call</set>
      <tablerow>2</tablerow>
    </card>
    <card>
      <name>Terra (17-032C)</name>
      <text>Cuando Terra entra al terreno de juego, elige 1 Invocación de tu Break Zone. Retírala del juego. Cuando lo haces, pon 1 Contador Magitec sobre Terra.
  Retira 1 Contador Magitec de Terra: Terra gana +5000 de poder hasta el final del turno.</text>
      <prop>
        <type>Forward - DFF · VI - Magitek Knight</type>
        <manacost>3</manacost>
        <colors>Ice</colors>
        <pt>7000</pt>
      </prop>
      <set picurl="https://fftcg.cdn.sewest.net/images/cards/full/17-032C_eg.jpg">Rebellion's Call</set>
      <tablerow>2</tablerow>
    </card>
    <card>
      <name>Time Mage (17-033C)</name>
      <text>(1)(Dull), pon Mago temporal en la Break Zone: Elige 1 Delantero Oficio Soldado de tu Break Zone. Añádelo a tu mano. Si es un Delantero Frío de coste 3 o menos, juégalo al terreno de juego en su lugar. Solo puedes usar esta habilidad durante tu turno.</text>
      <prop>
        <type>Backup - V - Standard Unit</type>
        <manacost>2</manacost>
        <colors>Ice</colors>
        <pt>0</pt>
      </prop>
      <set picurl="https://fftcg.cdn.sewest.net/images/cards/full/17-033C_eg.jpg">Rebellion's Call</set>
      <tablerow>0</tablerow>
    </card>
    <card>
      <name>Hurdy (17-034R)</name>
      <text>(Dull), pon Zan en la Break Zone: Elige 1 Delantero. Ponlo en dull y congélalo.
  (Fire)(Ice)(Dull), pon Zan en la Break Zone: Juega 1 Delantero Fuego o Frío de coste 5 o menos de tu mano al terreno de juego.</text>
      <prop>
        <type>Backup - FFTA2 - Clan Gully Member/Moogle</type>
        <manacost>2</manacost>
        <colors>Ice</colors>
        <pt>0</pt>
      </prop>
      <set picurl="https://fftcg.cdn.sewest.net/images/cards/full/17-034R_eg.jpg">Rebellion's Call</set>
      <tablerow>0</tablerow>
    </card>
    <card>
      <name>Garnet Bahamut (17-035R)</name>
      <text>Si una Oficio Caos alado que controlas inflige daño a un Delantero, el daño aumenta en 3000 en su lugar.
  Cuando Bahamut Passio pasa del terreno de juego a la Break Zone, puedes buscar 1 Nombre de la carta Bahamut Tenebra o Nombre de la carta Bahamut Rao y añadirla a tu mano.</text>
      <prop>
        <type>Forward - XIII - Winged Chaos</type>
        <manacost>3</manacost>
        <colors>Ice</colors>
        <pt>7000</pt>
      </prop>
      <set picurl="https://fftcg.cdn.sewest.net/images/cards/full/17-035R_eg.jpg">Rebellion's Call</set>
      <tablerow>2</tablerow>
    </card>
    <card>
      <name>Amber Bahamut (17-036R)</name>
      <text>Si una Oficio Caos alado que controlas recibe daño de un Delantero, el daño se reduce en 2000 en su lugar.
  Cuando Bahamut Rao pasa del terreno de juego a la Break Zone, puedes buscar 1 Nombre de la carta Bahamut Tenebra o Nombre de la carta Bahamut Passio y añadirla a tu mano.</text>
      <prop>
        <type>Forward - XIII - Winged Chaos</type>
        <manacost>3</manacost>
        <colors>Ice</colors>
        <pt>7000</pt>
      </prop>
      <set picurl="https://fftcg.cdn.sewest.net/images/cards/full/17-036R_eg.jpg">Rebellion's Call</set>
      <tablerow>2</tablerow>
    </card>
    <card>
      <name>Harley (17-037C)</name>
      <text>(Dull), pon Harley en la Break Zone: Cada jugador descarta 1 carta. Al final del turno, cada jugador coge 1 carta. Solo puedes usar esta habilidad durante tu turno.</text>
      <prop>
        <type>Backup - IV - Secretary</type>
        <manacost>2</manacost>
        <colors>Ice</colors>
        <pt>0</pt>
      </prop>
      <set picurl="https://fftcg.cdn.sewest.net/images/cards/full/17-037C_eg.jpg">Rebellion's Call</set>
      <tablerow>0</tablerow>
    </card>
    <card>
      <name>White Tiger l'Cie Qun'mi (17-038R)</name>
      <text>Si tu oponente tiene 3 cartas o menos en su mano, Qun'mi, lu'cie del Tigre de Argén, gana +2000 de poder y Bravura.
  Si tu oponente tiene 1 carta o menos en su mano, Qun'mi, lu'cie del Tigre de Argén, no puede romperse.</text>
      <prop>
        <type>Forward - TYPE-0 - L'Cie</type>
        <manacost>3</manacost>
        <colors>Ice</colors>
        <pt>7000</pt>
      </prop>
      <set picurl="https://fftcg.cdn.sewest.net/images/cards/full/17-038R_eg.jpg">Rebellion's Call</set>
      <tablerow>2</tablerow>
    </card>
    <card>
      <name>Fencer (17-039C)</name>
      <text>(Dull), pon Esgrimidor en la Break Zone: Elige 1 Delantero en dull. Inflígele 4000 puntos de daño. Si has recibido un punto de daño este turno, inflígele 8000 puntos de daño en su lugar.</text>
      <prop>
        <type>Backup - FFTA2 - Standard Unit</type>
        <manacost>2</manacost>
        <colors>Ice</colors>
        <pt>0</pt>
      </prop>
      <set picurl="https://fftcg.cdn.sewest.net/images/cards/full/17-039C_eg.jpg">Rebellion's Call</set>
      <tablerow>0</tablerow>
    </card>
    <card>
      <name>Mog (XIII-2) (17-040C)</name>
      <text>Cuando Mogu (XIII-2) entra al terreno de juego, retira del juego la carta superior de tu mazo. Puedes lanzarla este turno. El coste requerido para lanzarla se reduce en 2 (no puede ser 0).</text>
      <prop>
        <type>Backup - XIII - Moogle</type>
        <manacost>3</manacost>
        <colors>Ice</colors>
        <pt>0</pt>
      </prop>
      <set picurl="https://fftcg.cdn.sewest.net/images/cards/full/17-040C_eg.jpg">Rebellion's Call</set>
      <tablerow>0</tablerow>
    </card>
    <card>
      <name>Yotsuyu (17-041C)</name>
      <text>[EX BURST] Cuando Yotsuyu entra al terreno de juego, elige 1 Delantero. Si tu oponente no descarta 1 carta, rómpelo.</text>
      <prop>
        <type>Forward - XIV - Acting Imperial Viceroy</type>
        <manacost>5</manacost>
        <colors>Ice</colors>
        <pt>6000</pt>
      </prop>
      <set picurl="https://fftcg.cdn.sewest.net/images/cards/full/17-041C_eg.jpg">Rebellion's Call</set>
      <tablerow>2</tablerow>
    </card>
    <card>
      <name>Legendary Turk (17-042R)</name>
      <text>Cada Delantero que controlas con un Contador Turcos sobre él gana +5000 de poder.
  Descarta 2 cartas: Elige 1 Delantero Categoría VII que controlas. Pon 1 Contador Turcos sobre él.
  Pon Turco legendario en la Break Zone: Elige 1 Delantero. Rómpelo. Solo puedes usar esta habilidad si hay un Contador Turcos sobre Turco legendario.</text>
      <prop>
        <type>Forward - VII - Member of the Turks</type>
        <manacost>2</manacost>
        <colors>Ice</colors>
        <pt>5000</pt>
      </prop>
      <set picurl="https://fftcg.cdn.sewest.net/images/cards/full/17-042R_eg.jpg">Rebellion's Call</set>
      <tablerow>2</tablerow>
    </card>
    <card>
      <name>Dancer (17-043H)</name>
      <text>Cuando Bailarina entra al terreno de juego, puedes pagar (Wind). Cuando lo haces, elige hasta 3 personajes. Actívalos.
  Daños 3 -- Pon en dull 1 Oficio Bailarín/Bailarina activa o Nombre de la carta Bailarín/Bailarina activa: Elige 1 Delantero. Este gana +1000 de poder hasta el final del turno.</text>
      <prop>
        <type>Forward - XI - Standard Unit</type>
        <manacost>3</manacost>
        <colors>Wind</colors>
        <pt>7000</pt>
      </prop>
      <set picurl="https://fftcg.cdn.sewest.net/images/cards/full/17-043H_eg.jpg">Rebellion's Call</set>
      <tablerow>2</tablerow>
    </card>
    <card>
      <name>Onion Knight (17-044R)</name>
      <text>Cuando Caballero cebolla entra al terreno de juego, elige 1 Delantero. Hasta el final del turno, este gana "Este Delantero no puede atacar ni bloquear".
  (Dull), devuelve Caballero cebolla a la mano de su propietario: Juega 1 Delantero de coste 3 o 4 de tu mano al terreno de juego.</text>
      <prop>
        <type>Forward - DFF · III - Ninja/Warrior of Light</type>
        <manacost>2</manacost>
        <colors>Wind</colors>
        <pt>5000</pt>
      </prop>
      <set picurl="https://fftcg.cdn.sewest.net/images/cards/full/17-044R_eg.jpg">Rebellion's Call</set>
      <tablerow>2</tablerow>
    </card>
    <card>
      <name>Gargas (17-045R)</name>
      <text>Los Delanteros controlados por tu oponente pierden 2000 de poder por cada Contador Veneno sobre ellos.
  Al principio de la Attack Phase durante cada uno de tus turnos, elige 1 Delantero controlado por tu oponente. Pon 1 Contador Veneno sobre él.
  Bio (S): Elige hasta 2 Delanteros. Pon 3 Contadores Veneno sobre ellos.</text>
      <prop>
        <type>Forward - FFBE - Black Mage</type>
        <manacost>2</manacost>
        <colors>Wind</colors>
        <pt>5000</pt>
      </prop>
      <set picurl="https://fftcg.cdn.sewest.net/images/cards/full/17-045R_eg.jpg">Rebellion's Call</set>
      <tablerow>2</tablerow>
    </card>
    <card>
      <name>Ranger (17-046C)</name>
      <text>(1)(Dull), pon Guardabosques en la Break Zone: Elige 1 Delantero Oficio Soldado de tu Break Zone. Añádelo a tu mano. Si es un Delantero Aire de coste 3 o menos, juégalo al terreno de juego en su lugar. Solo puedes usar esta habilidad durante tu turno.</text>
      <prop>
        <type>Backup - FFTA2 - Standard Unit</type>
        <manacost>2</manacost>
        <colors>Wind</colors>
        <pt>0</pt>
      </prop>
      <set picurl="https://fftcg.cdn.sewest.net/images/cards/full/17-046C_eg.jpg">Rebellion's Call</set>
      <tablerow>0</tablerow>
    </card>
    <card>
      <name>Kelger (17-047L)</name>
      <text>Si tu oponente no controla ningún Delantero de coste 5 o más, Kelger gana Prisa, Iniciativa y Bravura.
  Cuando Kelger entra al terreno de juego, puedes pagar (Wind). Cuando lo haces, elige 1 Delantero de coste 5 o más. Rómpelo.</text>
      <prop>
        <type>Forward - MOBIUS · V - Dawn Warrior</type>
        <manacost>4</manacost>
        <colors>Wind</colors>
        <pt>8000</pt>
      </prop>
      <set picurl="https://fftcg.cdn.sewest.net/images/cards/full/17-047L_eg.jpg">Rebellion's Call</set>
      <tablerow>2</tablerow>
    </card>
    <card>
      <name>Thief (17-048C)</name>
      <text>(Dull), pon Ladrón en la Break Zone: Tu oponente pone las 2 cartas de la parte superior de su mazo en la Break Zone. Si has recibido un punto de daño este turno, tu oponente pone las 4 cartas de la parte superior de su mazo en la Break Zone en su lugar.</text>
      <prop>
        <type>Backup - V - Standard Unit</type>
        <manacost>2</manacost>
        <colors>Wind</colors>
        <pt>0</pt>
      </prop>
      <set picurl="https://fftcg.cdn.sewest.net/images/cards/full/17-048C_eg.jpg">Rebellion's Call</set>
      <tablerow>0</tablerow>
    </card>
    <card>
      <name>Cid Pollendina (17-049C)</name>
      <text>Cuando Cid Pollendina entra al terreno de juego, puedes buscar 1 Delantero Categoría IV y añadirlo a tu mano.</text>
      <prop>
        <type>Backup - IV - Engineer</type>
        <manacost>3</manacost>
        <colors>Wind</colors>
        <pt>0</pt>
      </prop>
      <set picurl="https://fftcg.cdn.sewest.net/images/cards/full/17-049C_eg.jpg">Rebellion's Call</set>
      <tablerow>0</tablerow>
    </card>
    <card>
      <name>Cecil (17-050C)</name>
      <text>[EX BURST] Cuando Cecil entra al terreno de juego, coge 1 carta.</text>
      <prop>
        <type>Forward - IV - King</type>
        <manacost>6</manacost>
        <colors>Wind</colors>
        <pt>9000</pt>
      </prop>
      <set picurl="https://fftcg.cdn.sewest.net/images/cards/full/17-050C_eg.jpg">Rebellion's Call</set>
      <tablerow>2</tablerow>
    </card>
    <card>
      <name>Seven (17-051C)</name>
      <text>(Dull): Elige una habilidad de apoyo de tu oponente. Si tu oponente no paga (2), cancela su efecto.</text>
      <prop>
        <type>Forward - PICTLOGICA · TYPE-0 - Class Zero Cadet</type>
        <manacost>3</manacost>
        <colors>Wind</colors>
        <pt>7000</pt>
      </prop>
      <set picurl="https://fftcg.cdn.sewest.net/images/cards/full/17-051C_eg.jpg">Rebellion's Call</set>
      <tablerow>2</tablerow>
    </card>
    <card>
      <name>Dario Hourne (17-052H)</name>
      <text>Si Darío Hourne recibe daño, el daño se reduce en 2000 en su lugar.
  Las Invocaciones o habilidades de tu oponente que no infligen daño no pueden romper a Darío Hourne.
  Al final de cada uno de tus turnos, elige 1 Delantero. Actívalo.
  Hoja Aero++ (S)(Wind): Elige 1 personaje de coste 4 o más. Rómpelo.</text>
      <prop>
        <type>Forward - FFBE - Prince/Mystic Knight</type>
        <manacost>5</manacost>
        <colors>Wind</colors>
        <pt>9000</pt>
      </prop>
      <set picurl="https://fftcg.cdn.sewest.net/images/cards/full/17-052H_eg.jpg">Rebellion's Call</set>
      <tablerow>2</tablerow>
    </card>
    <card>
      <name>Chocobo (17-053R)</name>
      <text>[EX BURST] Revela las 3 cartas de la parte superior de tu mazo. Añade 1 personaje de entre ellas a tu mano y pon el resto en la parte inferior de tu mazo en el orden que quieras.</text>
      <prop>
        <type>Summon - DFF</type>
        <manacost>1</manacost>
        <colors>Wind</colors>
        <pt>0</pt>
      </prop>
      <set picurl="https://fftcg.cdn.sewest.net/images/cards/full/17-053R_eg.jpg">Rebellion's Call</set>
      <tablerow>3</tablerow>
    </card>
    <card>
      <name>Tiamat (17-054R)</name>
      <text>[EX BURST] Cuando Tiamant ataca, elige 1 personaje que controlas. Puedes devolverlo a la mano de su propietario.
  Cuando recibes un quinto punto de daño, puedes pagar (Wind). Cuando lo haces, juega Tiamant al terreno de juego en dull. Este efecto solo se desencadena si Tiamant está en la Break Zone.</text>
      <prop>
        <type>Forward - I - Chaos</type>
        <manacost>5</manacost>
        <colors>Wind</colors>
        <pt>9000</pt>
      </prop>
      <set picurl="https://fftcg.cdn.sewest.net/images/cards/full/17-054R_eg.jpg">Rebellion's Call</set>
      <tablerow>2</tablerow>
    </card>
    <card>
      <name>Typhon (17-055H)</name>
      <text>Cuando Tifón entra al terreno de juego, elige hasta 2 cartas de la Break Zone de tu oponente. Retíralas del juego.
  (0): Devuelve Tifón a la mano de su propietario.
  Resoplido (S)(Wind)(Wind)(1): Elige 1 Delantero. Retíralo del juego.</text>
      <prop>
        <type>Forward - VI - Typhon</type>
        <manacost>4</manacost>
        <colors>Wind</colors>
        <pt>8000</pt>
      </prop>
      <set picurl="https://fftcg.cdn.sewest.net/images/cards/full/17-055H_eg.jpg">Rebellion's Call</set>
      <tablerow>2</tablerow>
    </card>
    <card>
      <name>Noel (17-056L)</name>
      <text>Cuando Noel ataca, puedes retirar Noel del juego. Si lo haces, al principio de tu próxima Main Phase 1, juega Noel al terreno de juego.
  Cuando Noel entra al terreno de juego a causa de una habilidad de Nombre de la carta Noel, selecciona 1 de las siguientes 3 acciones. "Elige 1 personaje de coste 4 o más. Rómpelo." "Noel inflige a tu oponente 1 punto de daño." "Busca 1 Delantero y añádelo a tu mano."
  Daños 3 -- Noel gana Prisa.</text>
      <prop>
        <type>Forward - XIII - Commando</type>
        <manacost>2</manacost>
        <colors>Wind</colors>
        <pt>5000</pt>
      </prop>
      <set picurl="https://fftcg.cdn.sewest.net/images/cards/full/17-056L_eg.jpg">Rebellion's Call</set>
      <tablerow>2</tablerow>
    </card>
    <card>
      <name>Penelo (17-057H)</name>
      <text>Al final de cada uno de tus turnos, inflige 1000 puntos de daño a todos los Delanteros controlados por tu oponente por cada carta que hayas lanzado este turno.
  Pon en dull 1 Oficio Bailarín/Bailarina activa o Nombre de la carta Bailarín/Bailarina activa que no sea Penelo: Elige 1 Delantero. Su poder pasa a ser 4000 hasta el final del turno.</text>
      <prop>
        <type>Forward - FFTA2 - Dancer</type>
        <manacost>2</manacost>
        <colors>Wind</colors>
        <pt>5000</pt>
      </prop>
      <set picurl="https://fftcg.cdn.sewest.net/images/cards/full/17-057H_eg.jpg">Rebellion's Call</set>
      <tablerow>2</tablerow>
    </card>
    <card>
      <name>Fuhito (17-058R)</name>
      <text>Cuando Fuhito pasa del terreno de juego a la Break Zone, elige 1 Delantero controlado por tu oponente. Retíralo del juego.
  (Dull), pon Fuhito en la Break Zone: Mira las 2 cartas de la parte superior de tu mazo. Pon 1 carta de entre ellas en la parte superior de tu mazo y la otra en la parte inferior de tu mazo.</text>
      <prop>
        <type>Backup - VII - Scholar</type>
        <manacost>4</manacost>
        <colors>Wind</colors>
        <pt>0</pt>
      </prop>
      <set picurl="https://fftcg.cdn.sewest.net/images/cards/full/17-058R_eg.jpg">Rebellion's Call</set>
      <tablerow>0</tablerow>
    </card>
    <card>
      <name>Hope (17-059C)</name>
      <text>Cuando Hope entra al terreno de juego, revela la carta superior de tu mazo. Si es un personaje, añádelo a tu mano. Si es un personaje Categoría XIII, también activa Hope.</text>
      <prop>
        <type>Backup - XIII - Supreme Advisor</type>
        <manacost>4</manacost>
        <colors>Wind</colors>
        <pt>0</pt>
      </prop>
      <set picurl="https://fftcg.cdn.sewest.net/images/cards/full/17-059C_eg.jpg">Rebellion's Call</set>
      <tablerow>0</tablerow>
    </card>
    <card>
      <name>Yagudo (17-060C)</name>
      <text>Cuando Yagudo entra al terreno de juego, elige 1 Delantero. Su poder pasa a ser 4000 hasta el final del turno. 
  (Wind)(Wind)(Dull), pon Yagudo en la Break Zone: Elige 1 Delantero. Su poder pasa a ser 4000 hasta el final del turno.</text>
      <prop>
        <type>Monster - MOBIUS · XI - Yagudo</type>
        <manacost>1</manacost>
        <colors>Wind</colors>
        <pt>0</pt>
      </prop>
      <set picurl="https://fftcg.cdn.sewest.net/images/cards/full/17-060C_eg.jpg">Rebellion's Call</set>
      <tablerow>1</tablerow>
    </card>
    <card>
      <name>Archer (17-061C)</name>
      <text>(Dull): Elige 1 Delantero. Inflígele 2000 puntos de daño.
  (Wind)(Wind)(1)(Dull), pon Arquero en la Break Zone: Elige 1 Delantero. Inflígele 10000 puntos de daño.</text>
      <prop>
        <type>Forward - FFTA2 - Standard Unit</type>
        <manacost>2</manacost>
        <colors>Wind</colors>
        <pt>4000</pt>
      </prop>
      <set picurl="https://fftcg.cdn.sewest.net/images/cards/full/17-061C_eg.jpg">Rebellion's Call</set>
      <tablerow>2</tablerow>
    </card>
    <card>
      <name>Ricard (17-062C)</name>
      <text>Si controlas un Delantero Categoría II que no sea Arturo, Arturo gana +1000 de poder y "Las Invocaciones y habilidades de tu oponente deben elegir como objetivo a Arturo si es posible".</text>
      <prop>
        <type>Forward - II - Dragoon</type>
        <manacost>4</manacost>
        <colors>Wind</colors>
        <pt>8000</pt>
      </prop>
      <set picurl="https://fftcg.cdn.sewest.net/images/cards/full/17-062C_eg.jpg">Rebellion's Call</set>
      <tablerow>2</tablerow>
    </card>
    <card>
      <name>Luso (17-063R)</name>
      <text>Cuando Luso entra al terreno de juego, si has lanzado 3 o más cartas este turno, coge 1 carta.
  Cuando Luso entra al terreno de juego, si has lanzado 7 o más cartas este turno, inflige 8000 puntos de daño a todos los Delanteros controlados por tu oponente.</text>
      <prop>
        <type>Forward - FFTA2 - Clan Gully Member</type>
        <manacost>1</manacost>
        <colors>Wind</colors>
        <pt>3000</pt>
      </prop>
      <set picurl="https://fftcg.cdn.sewest.net/images/cards/full/17-063R_eg.jpg">Rebellion's Call</set>
      <tablerow>2</tablerow>
    </card>
    <card>
      <name>Ursula (17-064C)</name>
      <text>Bravura
  Cuando Ursula bloquea o es bloqueada, puedes poner 1 Apoyo que controlas en la Break Zone. Cuando lo haces, Ursula gana +4000 de poder hasta el final del turno.</text>
      <prop>
        <type>Forward - IV - Monk</type>
        <manacost>4</manacost>
        <colors>Earth</colors>
        <pt>8000</pt>
      </prop>
      <set picurl="https://fftcg.cdn.sewest.net/images/cards/full/17-064C_eg.jpg">Rebellion's Call</set>
      <tablerow>2</tablerow>
    </card>
    <card>
      <name>Arciela (17-065H)</name>
      <text>Cuando Arciela entra al terreno de juego o ataca, elige 1 Invocación de la Break Zone de cualquier jugador. Puedes retirarla del juego. Si lo haces, pon 1 Contador Restauración sobre Arciela.
  Retira 1 Contador Restauración de Arciela: Elige 1 Delantero. Anula todo el daño que ha recibido. Este gana +4000 de poder hasta el final del turno.</text>
      <prop>
        <type>Forward - MOBIUS · XI - Red Mage</type>
        <manacost>3</manacost>
        <colors>Earth</colors>
        <pt>7000</pt>
      </prop>
      <set picurl="https://fftcg.cdn.sewest.net/images/cards/full/17-065H_eg.jpg">Rebellion's Call</set>
      <tablerow>2</tablerow>
    </card>
    <card>
      <name>Cardian (17-066C)</name>
      <text>Daños 3 -- Cardian gana +3000 de poder.
  Daños 5 -- Cardian gana Bravura y "Las Invocaciones o habilidades de tu oponente no pueden poner en dull a Cardian".</text>
      <prop>
        <type>Forward - MOBIUS · XI - Standard Unit</type>
        <manacost>2</manacost>
        <colors>Earth</colors>
        <pt>5000</pt>
      </prop>
      <set picurl="https://fftcg.cdn.sewest.net/images/cards/full/17-066C_eg.jpg">Rebellion's Call</set>
      <tablerow>2</tablerow>
    </card>
    <card>
      <name>Gabranth (17-067C)</name>
      <text>(Dull): Elige 1 Delantero. Este gana Bravura hasta el final del turno. Solo puedes usar esta habilidad durante tu Main Phase.
  Daños 5 -- (Earth)(Dull), pon Gabranth en la Break Zone: Elige 1 Delantero en dull. Rómpelo.</text>
      <prop>
        <type>Backup - DFF · XII - Judge</type>
        <manacost>2</manacost>
        <colors>Earth</colors>
        <pt>0</pt>
      </prop>
      <set picurl="https://fftcg.cdn.sewest.net/images/cards/full/17-067C_eg.jpg">Rebellion's Call</set>
      <tablerow>0</tablerow>
    </card>
    <card>
      <name>Duke Snakeheart (17-068R)</name>
      <text>Ataque furtivo 
  Cuando Duke, el viperino, bloquea, rompe Duke, el viperino, y todos los Delanteros bloqueados por Duke, el viperino.</text>
      <prop>
        <type>Forward - FFTA2 - Duelhorn/Arcanist</type>
        <manacost>2</manacost>
        <colors>Earth</colors>
        <pt>5000</pt>
      </prop>
      <set picurl="https://fftcg.cdn.sewest.net/images/cards/full/17-068R_eg.jpg">Rebellion's Call</set>
      <tablerow>2</tablerow>
    </card>
    <card>
      <name>Warrior (17-069C)</name>
      <text>(Dull), pon Guerrero en la Break Zone: Elige 1 Delantero. Este gana +2000 de poder hasta el final del turno. Si has recibido un punto de daño este turno, este gana +10000 de poder hasta el final del turno en su lugar.</text>
      <prop>
        <type>Backup - I - Standard Unit</type>
        <manacost>2</manacost>
        <colors>Earth</colors>
        <pt>0</pt>
      </prop>
      <set picurl="https://fftcg.cdn.sewest.net/images/cards/full/17-069C_eg.jpg">Rebellion's Call</set>
      <tablerow>0</tablerow>
    </card>
    <card>
      <name>Titan (17-070R)</name>
      <text>Selecciona 1 de las siguientes 2 acciones.
  "Elige 1 Delantero de coste 5 o más. Inflígele 9000 puntos de daño."
  "Todos los Delanteros que controlas ganan +5000 de poder hasta el final del turno."</text>
      <prop>
        <type>Summon - MOBIUS</type>
        <manacost>3</manacost>
        <colors>Earth</colors>
        <pt>0</pt>
      </prop>
      <set picurl="https://fftcg.cdn.sewest.net/images/cards/full/17-070R_eg.jpg">Rebellion's Call</set>
      <tablerow>3</tablerow>
    </card>
    <card>
      <name>Dorando (17-071R)</name>
      <text>Cuando Dorand inflige daño a tu oponente, elige hasta 1 Delantero de tu Break Zone y hasta 1 Apoyo de tu Break Zone. Añádelos a tu mano.
  Espíritu rebelde (S): Hasta el final del turno, Dorand gana +4000 de poder, Bravura y "Dorand no puede ser objetivo de las habilidades de tu oponente".</text>
      <prop>
        <type>Forward - FFBE - Viking</type>
        <manacost>3</manacost>
        <colors>Earth</colors>
        <pt>7000</pt>
      </prop>
      <set picurl="https://fftcg.cdn.sewest.net/images/cards/full/17-071R_eg.jpg">Rebellion's Call</set>
      <tablerow>2</tablerow>
    </card>
    <card>
      <name>Baron Guardsman (17-072H)</name>
      <text>Cuando Guarda de Baronia entra al terreno de juego, puedes pagar (Earth). Cuando lo haces, nombra 1 tipo de carta. Retira del juego todas las cartas del tipo nombrado de la Break Zone de tu oponente.
  Daños 3 -- Guarda de Baronia gana +2000 de poder.</text>
      <prop>
        <type>Forward - IV - Standard Unit</type>
        <manacost>3</manacost>
        <colors>Earth</colors>
        <pt>7000</pt>
      </prop>
      <set picurl="https://fftcg.cdn.sewest.net/images/cards/full/17-072H_eg.jpg">Rebellion's Call</set>
      <tablerow>2</tablerow>
    </card>
    <card>
      <name>Seeping Brie (17-073C)</name>
      <text>Cuando Brie entra al terreno de juego, elige 1 Delantero. Hasta el final del turno, este gana +2000 de poder y Bravura.
  (Earth)(Earth)(2)(Dull), pon Brie en la Break Zone: Elige 1 Delantero. Inflígele 2000 puntos de daño por cada Apoyo que controlas.</text>
      <prop>
        <type>Monster - XIII - Flan</type>
        <manacost>1</manacost>
        <colors>Earth</colors>
        <pt>0</pt>
      </prop>
      <set picurl="https://fftcg.cdn.sewest.net/images/cards/full/17-073C_eg.jpg">Rebellion's Call</set>
      <tablerow>1</tablerow>
    </card>
    <card>
      <name>Prishe (17-074L)</name>
      <text>Cuando Prishe entra al terreno de juego o ataca, elige 1 Delantero controlado por tu oponente. Prishe y el Delantero elegido infligen al otro daño equivalente a su poder.
  Descarta 1 carta: Prishe gana +2000 de poder hasta el final del turno. Si la carta descartada es una Nombre de la carta Prishe, Prishe gana +4000 de poder hasta el final del turno en su lugar.
  Daños 5 -- Prishe gana +2000 de poder.</text>
      <prop>
        <type>Forward - XI - Abhorrent One/Monk</type>
        <manacost>3</manacost>
        <colors>Earth</colors>
        <pt>6000</pt>
      </prop>
      <set picurl="https://fftcg.cdn.sewest.net/images/cards/full/17-074L_eg.jpg">Rebellion's Call</set>
      <tablerow>2</tablerow>
    </card>
    <card>
      <name>Maat (17-075C)</name>
      <text>(Earth): Maat gana +1000 de poder hasta el final del turno.
  (Earth)(Earth)(1): Hasta el final del turno, Maat gana "Las Invocaciones o habilidades de tu oponente que no infligen daño no pueden romper a Maat".</text>
      <prop>
        <type>Forward - PICTLOGICA · XI - Monk</type>
        <manacost>5</manacost>
        <colors>Earth</colors>
        <pt>9000</pt>
      </prop>
      <set picurl="https://fftcg.cdn.sewest.net/images/cards/full/17-075C_eg.jpg">Rebellion's Call</set>
      <tablerow>2</tablerow>
    </card>
    <card>
      <name>Matoya (I) (17-076H)</name>
      <text>Cuando Matoya (I) entra al terreno de juego, selecciona 1 de las siguientes 3 acciones.
  "Elige 1 personaje de tu Break Zone. Añádelo a tu mano."
  "Retira del juego todas las cartas de la Break Zone de tu oponente."
  "Puedes pagar (Earth)(Earth)(2). Cuando lo haces, rompe todos los Delanteros."</text>
      <prop>
        <type>Backup - I - Witch</type>
        <manacost>4</manacost>
        <colors>Earth</colors>
        <pt>0</pt>
      </prop>
      <set picurl="https://fftcg.cdn.sewest.net/images/cards/full/17-076H_eg.jpg">Rebellion's Call</set>
      <tablerow>0</tablerow>
    </card>
    <card>
      <name>Monk (17-077C)</name>
      <text>(1)(Dull), pon Monje en la Break Zone: Elige 1 Delantero Oficio Soldado de tu Break Zone. Añádelo a tu mano. Si es un Delantero Tierra de coste 3 o menos, juégalo al terreno de juego en su lugar. Solo puedes usar esta habilidad durante tu turno.</text>
      <prop>
        <type>Backup - V - Standard Unit</type>
        <manacost>2</manacost>
        <colors>Earth</colors>
        <pt>0</pt>
      </prop>
      <set picurl="https://fftcg.cdn.sewest.net/images/cards/full/17-077C_eg.jpg">Rebellion's Call</set>
      <tablerow>0</tablerow>
    </card>
    <card>
      <name>The Night Dancer (17-078R)</name>
      <text>Tu oponente solo puede declarar tantos ataques en el mismo turno como Apoyos controla.
  Cuando Celeb, el nocturno, pasa del terreno de juego a la Break Zone, elige 1 Delantero controlado por tu oponente. Hasta el final del turno, este gana "Este Delantero no puede atacar".</text>
      <prop>
        <type>Forward - FFTA2 - Duelhorn/Trickster</type>
        <manacost>2</manacost>
        <colors>Earth</colors>
        <pt>5000</pt>
      </prop>
      <set picurl="https://fftcg.cdn.sewest.net/images/cards/full/17-078R_eg.jpg">Rebellion's Call</set>
      <tablerow>2</tablerow>
    </card>
    <card>
      <name>Shadow Lord (17-079L)</name>
      <text>Cuando Rey de la oscuridad entra al terreno de juego, nombra 1 Oficio. Rompe todos los Delanteros con el Oficio nombrado y Oficio Soldado. Cuando 3 o más Delanteros pasan del terreno de juego a la Break Zone por este efecto, Rey de la oscuridad te inflige 1 punto de daño.
  Daños 5 -- Rey de la oscuridad gana +1000 de poder y Bravura. El elemento de Rey de la oscuridad pasa a ser Oscuridad.</text>
      <prop>
        <type>Forward - MOBIUS · XI - Kindred</type>
        <manacost>7</manacost>
        <colors>Earth</colors>
        <pt>9000</pt>
      </prop>
      <set picurl="https://fftcg.cdn.sewest.net/images/cards/full/17-079L_eg.jpg">Rebellion's Call</set>
      <tablerow>2</tablerow>
    </card>
    <card>
      <name>Ewen (17-080R)</name>
      <text>Cuando Yuen pasa del terreno de juego a la Break Zone, puedes poner Yuen en la parte superior del mazo de su propietario.
  Daños 3 -- [EX BURST] Cuando Yuen pasa a la Damage Zone, elige 1 Delantero. Rómpelo. (Esta habilidad solo se puede usar como EX Burst.)</text>
      <prop>
        <type>Forward - FFTA2 - Nightfall</type>
        <manacost>1</manacost>
        <colors>Earth</colors>
        <pt>3000</pt>
      </prop>
      <set picurl="https://fftcg.cdn.sewest.net/images/cards/full/17-080R_eg.jpg">Rebellion's Call</set>
      <tablerow>2</tablerow>
    </card>
    <card>
      <name>Lyse (17-081H)</name>
      <text>No puedes jugar Lyse o Nombre de la carta Yda mientras ya controlas al otro personaje.
  Si un Delantero que forma un equipo que controlas recibe daño, el daño se vuelve 0 en su lugar.
  Cuando un equipo que controlas inflige daño a tu oponente, coge 1 carta. Lyse inflige a tu oponente un 1 punto de daño. Este efecto solo se puede desencadenar una vez por turno.</text>
      <prop>
        <type>Forward - XIV - Fighter</type>
        <manacost>4</manacost>
        <colors>Earth</colors>
        <pt>8000</pt>
      </prop>
      <set picurl="https://fftcg.cdn.sewest.net/images/cards/full/17-081H_eg.jpg">Rebellion's Call</set>
      <tablerow>2</tablerow>
    </card>
    <card>
      <name>Lich (17-082R)</name>
      <text>Cuando Lich inflige daño a un Delantero o recibe daño de un Delantero, rompe ese Delantero.
  Cuando recibes un quinto punto de daño, puedes pagar (Earth). Cuando lo haces, juega Lich al terreno de juego en dull. Este efecto solo se desencadena si Lich está en la Break Zone.</text>
      <prop>
        <type>Forward - I - Chaos</type>
        <manacost>5</manacost>
        <colors>Earth</colors>
        <pt>9000</pt>
      </prop>
      <set picurl="https://fftcg.cdn.sewest.net/images/cards/full/17-082R_eg.jpg">Rebellion's Call</set>
      <tablerow>2</tablerow>
    </card>
    <card>
      <name>Rydia (17-083C)</name>
      <text>Cuando Rydia entra al terreno de juego, elige 1 Delantero que haya pasado del terreno de juego a tu Break Zone durante este turno. Juégalo al terreno de juego.</text>
      <prop>
        <type>Backup - IV - Summoner</type>
        <manacost>5</manacost>
        <colors>Earth</colors>
        <pt>0</pt>
      </prop>
      <set picurl="https://fftcg.cdn.sewest.net/images/cards/full/17-083C_eg.jpg">Rebellion's Call</set>
      <tablerow>0</tablerow>
    </card>
    <card>
      <name>Lorenzo (17-084C)</name>
      <text>Cuando Lorenzo ataca, Lorenzo no se activará durante tu próxima Active Phase.
  Cuando Lorenzo ataca, hasta el final del turno, Lorenzo duplica su poder y gana "Cuando Lorenzo inflige daño a tu oponente, elige 1 personaje de tu Break Zone. Añádelo a tu mano".</text>
      <prop>
        <type>Forward - FFBE - Dragoon</type>
        <manacost>3</manacost>
        <colors>Earth</colors>
        <pt>7000</pt>
      </prop>
      <set picurl="https://fftcg.cdn.sewest.net/images/cards/full/17-084C_eg.jpg">Rebellion's Call</set>
      <tablerow>2</tablerow>
    </card>
    <card>
      <name>Ovjang &amp; Mnejing (17-085R)</name>
      <text>Ovjang y Mnejing es también Nombre de la carta Ovjang y Nombre de la carta Mnejing en cualquier situación.
  Antimagia (S): Elige 1 personaje. Este pierde todas sus habilidades hasta el final del turno.
  Golpe de escudo (S)(Lightning): Elige 1 Delantero. Inflígele 9000 puntos de daño.</text>
      <prop>
        <type>Forward - MOBIUS · XI - Automaton</type>
        <manacost>1</manacost>
        <colors>Lightning</colors>
        <pt>3000</pt>
      </prop>
      <set picurl="https://fftcg.cdn.sewest.net/images/cards/full/17-085R_eg.jpg">Rebellion's Call</set>
      <tablerow>2</tablerow>
    </card>
    <card>
      <name>Red Mage (17-086H)</name>
      <text>Cuando Mago rojo entra al terreno de juego, puedes pagar (Lightning)(1). Cuando lo haces, elige 1 Delantero de coste 4 o menos. Rómpelo.
  Daños 3 -- Cuando Mago rojo entra al terreno de juego, elige 1 Delantero que no sea Mago rojo. Hasta el final del turno, este gana +1000 de poder y Prisa.</text>
      <prop>
        <type>Forward - XIV - Standard Unit</type>
        <manacost>3</manacost>
        <colors>Lightning</colors>
        <pt>7000</pt>
      </prop>
      <set picurl="https://fftcg.cdn.sewest.net/images/cards/full/17-086H_eg.jpg">Rebellion's Call</set>
      <tablerow>2</tablerow>
    </card>
    <card>
      <name>Aphmau (17-087H)</name>
      <text>Cuando Aphmau entra al terreno de juego, puedes buscar 1 Nombre de la carta Ovjang y añadirla a tu mano.
  Cuando Aphmau entra al terreno de juego, puedes buscar 1 Nombre de la carta Mnejing y añadirla a tu mano.
  (2)(Dull): Elige 1 Nombre de la carta Ovjang o Nombre de la carta Mnejing de tu Break Zone. Añádela a tu mano.</text>
      <prop>
        <type>Forward - MOBIUS · XI - Puppetmaster</type>
        <manacost>4</manacost>
        <colors>Lightning</colors>
        <pt>5000</pt>
      </prop>
      <set picurl="https://fftcg.cdn.sewest.net/images/cards/full/17-087H_eg.jpg">Rebellion's Call</set>
      <tablerow>2</tablerow>
    </card>
    <card>
      <name>Alisaie (17-088R)</name>
      <text>Cuando Alisaie entra al terreno de juego, elige 1 Delantero que no sea Nombre de la carta Alisaie de tu Break Zone. Añádelo a tu mano.
  Daños 3 -- Cuando Alisaie entra al terreno de juego, elige 1 Delantero Oficio Totema del Séptimo Amanecer que no sea Nombre de la carta Alisaie de tu Break Zone. Añádelo a tu mano.</text>
      <prop>
        <type>Forward - XIV - Scion of the Seventh Dawn</type>
        <manacost>4</manacost>
        <colors>Lightning</colors>
        <pt>7000</pt>
      </prop>
      <set picurl="https://fftcg.cdn.sewest.net/images/cards/full/17-088R_eg.jpg">Rebellion's Call</set>
      <tablerow>2</tablerow>
    </card>
    <card>
      <name>Arecia Al-Rashia (17-089C)</name>
      <text>Cuando Arecia Al'Racia entra al terreno de juego, elige 1 Delantero. Rómpelo.</text>
      <prop>
        <type>Forward - TYPE-0 - Archsorceress</type>
        <manacost>6</manacost>
        <colors>Lightning</colors>
        <pt>5000</pt>
      </prop>
      <set picurl="https://fftcg.cdn.sewest.net/images/cards/full/17-089C_eg.jpg">Rebellion's Call</set>
      <tablerow>2</tablerow>
    </card>
    <card>
      <name>Ixion (17-090R)</name>
      <text>Si lanzas Ixion, puedes pagar (Lightning)(2) adicionales.
  Rompe todos los Delanteros de coste 2 o menos. Si has pagado el coste adicional, rompe todos los Delanteros de coste 3 o menos en su lugar.</text>
      <prop>
        <type>Summon - MOBIUS</type>
        <manacost>2</manacost>
        <colors>Lightning</colors>
        <pt>0</pt>
      </prop>
      <set picurl="https://fftcg.cdn.sewest.net/images/cards/full/17-090R_eg.jpg">Rebellion's Call</set>
      <tablerow>3</tablerow>
    </card>
    <card>
      <name>Exdeath (17-091L)</name>
      <text>Si hay 10 o más cartas retiradas del juego, Exdeath gana +2000 de poder.
  Cuando Exdeath entra al terreno de juego, retira del juego todos los personajes de la Break Zone de cada jugador.
  Al final de cada uno de tus turnos, si hay 20 o más cartas retiradas del juego, tu oponente selecciona 1 personaje que controla. Retíralo del juego.</text>
      <prop>
        <type>Forward - V - Wizard</type>
        <manacost>4</manacost>
        <colors>Lightning</colors>
        <pt>8000</pt>
      </prop>
      <set picurl="https://fftcg.cdn.sewest.net/images/cards/full/17-091L_eg.jpg">Rebellion's Call</set>
      <tablerow>2</tablerow>
    </card>
    <card>
      <name>Owe (17-092R)</name>
      <text>Durante cada turno, cuando Owe es objetivo de una Invocación o habilidad de tu oponente por primera vez en ese turno, cancela su efecto.
  Cuando Owe entra al terreno de juego, ganas (C).
  Filo de luna nueva (S)(Lightning)(1): Elige 1 Delantero de coste 5 o menos. Rómpelo. Ganas (C).</text>
      <prop>
        <type>Forward - FFBE - Samurai</type>
        <manacost>4</manacost>
        <colors>Lightning</colors>
        <pt>8000</pt>
      </prop>
      <set picurl="https://fftcg.cdn.sewest.net/images/cards/full/17-092R_eg.jpg">Rebellion's Call</set>
      <tablerow>2</tablerow>
    </card>
    <card>
      <name>Orc (17-093C)</name>
      <text>Cuando Orco entra al terreno de juego, elige 1 Delantero dañado. Rómpelo.
  (Lightning)(1)(Dull), pon Orco en la Break Zone: Elige 1 Delantero. Ponlo en dull.</text>
      <prop>
        <type>Monster - MOBIUS · XI - Orc</type>
        <manacost>1</manacost>
        <colors>Lightning</colors>
        <pt>0</pt>
      </prop>
      <set picurl="https://fftcg.cdn.sewest.net/images/cards/full/17-093C_eg.jpg">Rebellion's Call</set>
      <tablerow>1</tablerow>
    </card>
    <card>
      <name>Cid of Clan Gully (17-094C)</name>
      <text>[EX BURST] Cuando Cid del clan Galima entra al terreno de juego, elige 1 personaje Rayo de tu Break Zone. Añádelo a tu mano.</text>
      <prop>
        <type>Backup - FFTA2 - Clan Gully Member/Clan Leader</type>
        <manacost>4</manacost>
        <colors>Lightning</colors>
        <pt>0</pt>
      </prop>
      <set picurl="https://fftcg.cdn.sewest.net/images/cards/full/17-094C_eg.jpg">Rebellion's Call</set>
      <tablerow>0</tablerow>
    </card>
    <card>
      <name>Quon (17-095C)</name>
      <text>(1)(Dull): Elige 1 Delantero que controlas. Hasta el final del turno, este gana +2000 de poder y Prisa. Solo puedes utilizar esta habilidad si controlas solo 1 Delantero.</text>
      <prop>
        <type>Backup - TYPE-0 - Agito Cadet</type>
        <manacost>2</manacost>
        <colors>Lightning</colors>
        <pt>0</pt>
      </prop>
      <set picurl="https://fftcg.cdn.sewest.net/images/cards/full/17-095C_eg.jpg">Rebellion's Call</set>
      <tablerow>0</tablerow>
    </card>
    <card>
      <name>Man in Black (17-096H)</name>
      <text>No puedes jugar Hombre de negro o Nombre de la carta Golbez mientras ya controlas al otro personaje.
  Cuando Hombre de negro entra al terreno de juego o ataca, elige 1 Invocación de tu Break Zone. Retírala del juego. Puedes lanzarla en cualquier momento en el que normalmente sería posible lanzarla.
  Cuando lanzas una Invocación, elige hasta 1 Delantero. Hasta el final del turno, este gana "Este Delantero no puede atacar ni bloquear".</text>
      <prop>
        <type>Forward - IV - ???</type>
        <manacost>5</manacost>
        <colors>Lightning</colors>
        <pt>9000</pt>
      </prop>
      <set picurl="https://fftcg.cdn.sewest.net/images/cards/full/17-096H_eg.jpg">Rebellion's Call</set>
      <tablerow>2</tablerow>
    </card>
    <card>
      <name>Salire (17-097H)</name>
      <text>Cuando Saria entra al terreno de juego, selecciona 1 de las siguientes 3 acciones.
  "Elige 1 Delantero. Ponlo en dull."
  "Puedes pagar (Lightning). Cuando lo haces, elige 1 Delantero de coste 2 o menos. Rómpelo."
  "Puedes pagar (Lightning)(Lightning)(Lightning). Cuando lo haces, elige 1 Delantero activo. Inflígele 9000 puntos de daño."</text>
      <prop>
        <type>Forward - FFBE - Black Mage</type>
        <manacost>1</manacost>
        <colors>Lightning</colors>
        <pt>2000</pt>
      </prop>
      <set picurl="https://fftcg.cdn.sewest.net/images/cards/full/17-097H_eg.jpg">Rebellion's Call</set>
      <tablerow>2</tablerow>
    </card>
    <card>
      <name>Cissnei (17-098R)</name>
      <text>Cuando Cissnei entra al terreno de juego, puedes descartar 1 carta. Cuando lo haces, elige 1 Delantero. Inflígele 1000 puntos de daño por cada CP requerido para lanzar la carta descartada. Si la carta descartada es una Oficio Miembro de los Turcos, también inflígele 5000 puntos de daño.
  Daños 3 -- Cissnei gana +2000 de poder, Prisa y Bravura.</text>
      <prop>
        <type>Forward - VII - Member of the Turks</type>
        <manacost>2</manacost>
        <colors>Lightning</colors>
        <pt>5000</pt>
      </prop>
      <set picurl="https://fftcg.cdn.sewest.net/images/cards/full/17-098R_eg.jpg">Rebellion's Call</set>
      <tablerow>2</tablerow>
    </card>
    <card>
      <name>Jack (17-099C)</name>
      <text>Si Jack inflige daño a un Delantero o a tu oponente, duplica el daño en su lugar.</text>
      <prop>
        <type>Forward - PICTLOGICA · TYPE-0 - Class Zero Cadet</type>
        <manacost>3</manacost>
        <colors>Lightning</colors>
        <pt>5000</pt>
      </prop>
      <set picurl="https://fftcg.cdn.sewest.net/images/cards/full/17-099C_eg.jpg">Rebellion's Call</set>
      <tablerow>2</tablerow>
    </card>
    <card>
      <name>Knight (17-100C)</name>
      <text>Si Caballero está activo, Caballero no puede ser objetivo de las habilidades de tu oponente.
  Si Caballero está en dull, Caballero gana +3000 de poder.</text>
      <prop>
        <type>Forward - V - Standard Unit</type>
        <manacost>2</manacost>
        <colors>Lightning</colors>
        <pt>5000</pt>
      </prop>
      <set picurl="https://fftcg.cdn.sewest.net/images/cards/full/17-100C_eg.jpg">Rebellion's Call</set>
      <tablerow>2</tablerow>
    </card>
    <card>
      <name>Knight (17-101C)</name>
      <text>(Dull), pon Caballero en la Break Zone: Elige 1 Delantero activo. Inflígele 4000 puntos de daño. Si has recibido un punto de daño este turno, inflígele 8000 puntos de daño en su lugar.</text>
      <prop>
        <type>Backup - V - Standard Unit</type>
        <manacost>2</manacost>
        <colors>Lightning</colors>
        <pt>0</pt>
      </prop>
      <set picurl="https://fftcg.cdn.sewest.net/images/cards/full/17-101C_eg.jpg">Rebellion's Call</set>
      <tablerow>0</tablerow>
    </card>
    <card>
      <name>Hooded Man (17-102L)</name>
      <text>No puedes jugar Encapuchado o Nombre de la carta Kain mientras ya controlas al otro personaje.
  Prisa
  Cuando Encapuchado entra al terreno de juego, elige 1 Nombre de la carta Encapuchado o Nombre de la carta Kain de tu Break Zone. Puedes retirarla del juego. Cuando lo haces, activa todos los Apoyos que controlas y coge 1 carta.</text>
      <prop>
        <type>Forward - IV - ???</type>
        <manacost>4</manacost>
        <colors>Lightning</colors>
        <pt>8000</pt>
      </prop>
      <set picurl="https://fftcg.cdn.sewest.net/images/cards/full/17-102L_eg.jpg">Rebellion's Call</set>
      <tablerow>2</tablerow>
    </card>
    <card>
      <name>Yugiri (17-103R)</name>
      <text>[EX BURST] Cuando Yugiri entra al terreno de juego, puedes buscar 1 Oficio Ninja o Nombre de la carta Ninja que no sea Nombre de la carta Yugiri y añadirla a tu mano.
  Descarta un total de 2 Oficio Ninja o Nombre de la carta Ninja: Elige 1 Delantero de coste 4 o menos. Rómpelo.</text>
      <prop>
        <type>Forward - XIV - Ninja</type>
        <manacost>3</manacost>
        <colors>Lightning</colors>
        <pt>5000</pt>
      </prop>
      <set picurl="https://fftcg.cdn.sewest.net/images/cards/full/17-103R_eg.jpg">Rebellion's Call</set>
      <tablerow>2</tablerow>
    </card>
    <card>
      <name>Learte (17-104C)</name>
      <text>Cuando un personaje pasa del terreno de juego a la Break Zone, Learte gana +2000 de poder hasta el final del turno.</text>
      <prop>
        <type>Forward - FFBE - Ranger</type>
        <manacost>4</manacost>
        <colors>Lightning</colors>
        <pt>8000</pt>
      </prop>
      <set picurl="https://fftcg.cdn.sewest.net/images/cards/full/17-104C_eg.jpg">Rebellion's Call</set>
      <tablerow>2</tablerow>
    </card>
    <card>
      <name>Dragoon (17-105C)</name>
      <text>(1)(Dull), pon Caballero dragón en la Break Zone: Elige 1 Delantero Oficio Soldado de tu Break Zone. Añádelo a tu mano. Si es un Delantero Rayo de coste 3 o menos, juégalo al terreno de juego en su lugar. Solo puedes usar esta habilidad durante tu turno.</text>
      <prop>
        <type>Backup - V - Standard Unit</type>
        <manacost>2</manacost>
        <colors>Lightning</colors>
        <pt>0</pt>
      </prop>
      <set picurl="https://fftcg.cdn.sewest.net/images/cards/full/17-105C_eg.jpg">Rebellion's Call</set>
      <tablerow>0</tablerow>
    </card>
    <card>
      <name>Blue Mage (17-106C)</name>
      <text>(1): Elige 1 Delantero de la Break Zone de tu oponente. Retíralo del juego. El poder de Mago azul pasa a ser el mismo que el de ese Delantero hasta el final del turno. Solo puedes usar esta habilidad una vez por turno.</text>
      <prop>
        <type>Forward - FFTA2 - Standard Unit</type>
        <manacost>2</manacost>
        <colors>Water</colors>
        <pt>3000</pt>
      </prop>
      <set picurl="https://fftcg.cdn.sewest.net/images/cards/full/17-106C_eg.jpg">Rebellion's Call</set>
      <tablerow>2</tablerow>
    </card>
    <card>
      <name>Alphinaud (17-107R)</name>
      <text>Cuando Alphinaud entra al terreno de juego, coge 2 cartas, después descarta 1 carta.
  Daños 5 -- Cuando Alphinaud entra al terreno de juego, elige 1 Delantero de coste 4 o menos que no sea Nombre de la carta Alphinaud de tu Break Zone. Juégalo al terreno de juego.</text>
      <prop>
        <type>Forward - XIV - Scion of the Seventh Dawn</type>
        <manacost>4</manacost>
        <colors>Water</colors>
        <pt>7000</pt>
      </prop>
      <set picurl="https://fftcg.cdn.sewest.net/images/cards/full/17-107R_eg.jpg">Rebellion's Call</set>
      <tablerow>2</tablerow>
    </card>
    <card>
      <name>Andoria (17-108C)</name>
      <text>Cuando Andoria entra al terreno de juego, elige 1 Delantero. Si controlas 2 o más Delanteros, ponlo en la parte inferior del mazo de su propietario.</text>
      <prop>
        <type>Backup - TYPE-0 - Queen</type>
        <manacost>4</manacost>
        <colors>Water</colors>
        <pt>0</pt>
      </prop>
      <set picurl="https://fftcg.cdn.sewest.net/images/cards/full/17-108C_eg.jpg">Rebellion's Call</set>
      <tablerow>0</tablerow>
    </card>
    <card>
      <name>Cuchulainn (17-109R)</name>
      <text>[EX BURST] Elige 1 Delantero. Al principio de la próxima Main Phase 1, ponlo en la Break Zone.</text>
      <prop>
        <type>Summon - MOBIUS</type>
        <manacost>4</manacost>
        <colors>Water</colors>
        <pt>0</pt>
      </prop>
      <set picurl="https://fftcg.cdn.sewest.net/images/cards/full/17-109R_eg.jpg">Rebellion's Call</set>
      <tablerow>3</tablerow>
    </card>
    <card>
      <name>Quadav (17-110C)</name>
      <text>Cuando Quadav entra al terreno de juego, tu oponente selecciona 1 Delantero de coste 2 o menos que controla. Ponlo en la Break Zone.
  (Water)(Water)(3)(Dull), pon Quadav en la Break Zone: Elige 1 Delantero controlado por tu oponente. Tu oponente lo pone en la parte superior o inferior del mazo de su propietario.</text>
      <prop>
        <type>Monster - MOBIUS · XI - Quadav</type>
        <manacost>1</manacost>
        <colors>Water</colors>
        <pt>0</pt>
      </prop>
      <set picurl="https://fftcg.cdn.sewest.net/images/cards/full/17-110C_eg.jpg">Rebellion's Call</set>
      <tablerow>1</tablerow>
    </card>
    <card>
      <name>Chemist (17-111C)</name>
      <text>(Dull), pon Boticario en la Break Zone: Coge 1 carta, después descarta 1 carta. Si has recibido un punto de daño este turno, coge 2 cartas, después descarta 1 carta en su lugar.</text>
      <prop>
        <type>Backup - V - Standard Unit</type>
        <manacost>2</manacost>
        <colors>Water</colors>
        <pt>0</pt>
      </prop>
      <set picurl="https://fftcg.cdn.sewest.net/images/cards/full/17-111C_eg.jpg">Rebellion's Call</set>
      <tablerow>0</tablerow>
    </card>
    <card>
      <name>Kraken (17-112R)</name>
      <text>[EX BURST] Cuando Kraken ataca, coge 1 carta, después descarta 1 carta.
  Cuando recibes un quinto punto de daño, puedes pagar (Water). Cuando lo haces, juega Kraken al terreno de juego en dull. Este efecto solo se desencadena si Kraken está en la Break Zone.</text>
      <prop>
        <type>Forward - I - Chaos</type>
        <manacost>5</manacost>
        <colors>Water</colors>
        <pt>9000</pt>
      </prop>
      <set picurl="https://fftcg.cdn.sewest.net/images/cards/full/17-112R_eg.jpg">Rebellion's Call</set>
      <tablerow>2</tablerow>
    </card>
    <card>
      <name>Glaciela Wezette (17-113L)</name>
      <text>Puedes pagar (C) en lugar de (S) al pagar por las habilidades especiales de los personajes Categoría FFBE que controlas.
  Cuando Graciela Wezette entra al terreno de juego, ganas (C).
  Explosión infalible (S)(Water)(1): Elige 1 Delantero. Inflígele 2000 puntos de daño por cada personaje que controlas.</text>
      <prop>
        <type>Forward - FFBE - Valkyrie</type>
        <manacost>3</manacost>
        <colors>Water</colors>
        <pt>7000</pt>
      </prop>
      <set picurl="https://fftcg.cdn.sewest.net/images/cards/full/17-113L_eg.jpg">Rebellion's Call</set>
      <tablerow>2</tablerow>
    </card>
    <card>
      <name>Curilla (17-114C)</name>
      <text>Si controlas un Delantero Agua que no sea Curilla, Curilla gana +1000 de poder.
  Si controlas un Delantero Oficio Caballero que no sea Curilla, Curilla gana +1000 de poder.</text>
      <prop>
        <type>Forward - PICTLOGICA · XI - Knight</type>
        <manacost>3</manacost>
        <colors>Water</colors>
        <pt>7000</pt>
      </prop>
      <set picurl="https://fftcg.cdn.sewest.net/images/cards/full/17-114C_eg.jpg">Rebellion's Call</set>
      <tablerow>2</tablerow>
    </card>
    <card>
      <name>Maquis the Phantasm (17-115R)</name>
      <text>Los Delanteros del oponente entran al terreno de juego en dull.
  Si controlas una Nombre de la carta Alice, la cautiva, Makuis, el furtivo, gana +2000 de poder.
  Cuando Makuis, el furtivo, entra al terreno de juego, elige 1 Oficio Bicornio de tu Break Zone. Puedes pagar (X). Si su coste es X, juégala al terreno de juego.</text>
      <prop>
        <type>Forward - FFTA2 - Duelhorn/Ninja</type>
        <manacost>3</manacost>
        <colors>Water</colors>
        <pt>7000</pt>
      </prop>
      <set picurl="https://fftcg.cdn.sewest.net/images/cards/full/17-115R_eg.jpg">Rebellion's Call</set>
      <tablerow>2</tablerow>
    </card>
    <card>
      <name>Gordon (17-116C)</name>
      <text>Cuando Gordon entra al terreno de juego, coge 1 carta, después descarta 1 carta.
  Cuando Gordon entra al terreno de juego, puedes pagar (Water). Cuando lo haces, coge 1 carta.</text>
      <prop>
        <type>Backup - PICTLOGICA · II - Prince</type>
        <manacost>2</manacost>
        <colors>Water</colors>
        <pt>0</pt>
      </prop>
      <set picurl="https://fftcg.cdn.sewest.net/images/cards/full/17-116C_eg.jpg">Rebellion's Call</set>
      <tablerow>0</tablerow>
    </card>
    <card>
      <name>Zazan (17-117C)</name>
      <text>Si Zazán recibe daño por valor inferior a su poder, el daño se vuelve 0 en su lugar.</text>
      <prop>
        <type>Forward - FFBE - Warrior</type>
        <manacost>5</manacost>
        <colors>Water</colors>
        <pt>9000</pt>
      </prop>
      <set picurl="https://fftcg.cdn.sewest.net/images/cards/full/17-117C_eg.jpg">Rebellion's Call</set>
      <tablerow>2</tablerow>
    </card>
    <card>
      <name>Alys the Ensorceled (17-118R)</name>
      <text>Alice, la cautiva, entra al terreno de juego en dull.
  Alice, la cautiva, no se activa durante tu Active Phase.
  Si controlas una Nombre de la carta Makuis, el furtivo, Alice, la cautiva, gana +2000 de poder.
  Cuando Alice, la cautiva, ataca, tu oponente selecciona 1 Delantero que controla. Ponlo en la Break Zone.</text>
      <prop>
        <type>Forward - FFTA2 - Duelhorn/Summoner</type>
        <manacost>2</manacost>
        <colors>Water</colors>
        <pt>7000</pt>
      </prop>
      <set picurl="https://fftcg.cdn.sewest.net/images/cards/full/17-118R_eg.jpg">Rebellion's Call</set>
      <tablerow>2</tablerow>
    </card>
    <card>
      <name>White Mage (17-119C)</name>
      <text>(1)(Dull), pon Mago blanco en la Break Zone: Elige 1 Delantero Oficio Soldado de tu Break Zone. Añádelo a tu mano. Si es un Delantero Agua de coste 3 o menos, juégalo al terreno de juego en su lugar. Solo puedes usar esta habilidad durante tu turno.</text>
      <prop>
        <type>Backup - V - Standard Unit</type>
        <manacost>2</manacost>
        <colors>Water</colors>
        <pt>0</pt>
      </prop>
      <set picurl="https://fftcg.cdn.sewest.net/images/cards/full/17-119C_eg.jpg">Rebellion's Call</set>
      <tablerow>0</tablerow>
    </card>
    <card>
      <name>Princess Sarah (17-120H)</name>
      <text>Princesa Sara no puede atacar ni bloquear.
  Cuando Princesa Sara es objetivo de Invocaciones o habilidades, puedes coger 1 carta. Este efecto solo se puede desencadenar durante el turno de tu oponente y solo una vez por turno.</text>
      <prop>
        <type>Forward - I - Princess</type>
        <manacost>1</manacost>
        <colors>Water</colors>
        <pt>7000</pt>
      </prop>
      <set picurl="https://fftcg.cdn.sewest.net/images/cards/full/17-120H_eg.jpg">Rebellion's Call</set>
      <tablerow>2</tablerow>
    </card>
    <card>
      <name>Frimelda (17-121H)</name>
      <text>Daños 3 -- [EX BURST] Cuando Frimelda entra al terreno de juego, elige 1 Delantero controlado por tu oponente. Este pierde 7000 de poder hasta el final del turno.
  Daños 5 -- Frimelda gana +1000 de poder y "Cuando Frimelda ataca, elige 1 personaje controlado por tu oponente. Ponlo en la Break Zone".</text>
      <prop>
        <type>Forward - FFTA2 - Sword Saint</type>
        <manacost>3</manacost>
        <colors>Water</colors>
        <pt>7000</pt>
      </prop>
      <set picurl="https://fftcg.cdn.sewest.net/images/cards/full/17-121H_eg.jpg">Rebellion's Call</set>
      <tablerow>2</tablerow>
    </card>
    <card>
      <name>Miranda (17-122C)</name>
      <text>Romperresistencia (S)(Water): Elige 1 Delantero. Inflígele 3000 puntos de daño por cada carta que tienes en tu mano.</text>
      <prop>
        <type>Forward - FFBE - Red Mage</type>
        <manacost>4</manacost>
        <colors>Water</colors>
        <pt>8000</pt>
      </prop>
      <set picurl="https://fftcg.cdn.sewest.net/images/cards/full/17-122C_eg.jpg">Rebellion's Call</set>
      <tablerow>2</tablerow>
    </card>
    <card>
      <name>Minwu (17-123L)</name>
      <text>Antes de pagar el coste para lanzar Minu, puedes retirar del juego 3 Invocaciones de tu Break Zone, cada una de un elemento distinto, para reducir en 3 el coste requerido para lanzar Minu.
  (0): Elige 1 habilidad que tenga como objetivo a un Delantero que controlas. Cancela su efecto. Solo puedes usar esta habilidad una vez por turno.</text>
      <prop>
        <type>Forward - MOBIUS · II - White Mage</type>
        <manacost>5</manacost>
        <colors>Water</colors>
        <pt>8000</pt>
      </prop>
      <set picurl="https://fftcg.cdn.sewest.net/images/cards/full/17-123L_eg.jpg">Rebellion's Call</set>
      <tablerow>2</tablerow>
    </card>
    <card>
      <name>Mog (VI) (17-124H)</name>
      <text>Cuando Mog (VI) entra al terreno de juego, coge 1 carta.
  Pon Mog (VI) en la Break Zone: Durante este turno, tu oponente no puede buscar.</text>
      <prop>
        <type>Forward - VI - Warrior/Moogle</type>
        <manacost>3</manacost>
        <colors>Water</colors>
        <pt>4000</pt>
      </prop>
      <set picurl="https://fftcg.cdn.sewest.net/images/cards/full/17-124H_eg.jpg">Rebellion's Call</set>
      <tablerow>2</tablerow>
    </card>
    <card>
      <name>Ramada (17-125R)</name>
      <text>Cuando Ramada entra al terreno de juego, elige 1 Delantero controlado por tu oponente. Devuélvelo a la mano de su propietario. Ganas (C).
  Lanza afilada (S): Hasta el final del turno, Ramada gana +2000 de poder, Prisa y "Si Ramada inflige daño a tu oponente, el daño se vuelve 2 en su lugar".</text>
      <prop>
        <type>Forward - FFBE - Lancer</type>
        <manacost>4</manacost>
        <colors>Water</colors>
        <pt>7000</pt>
      </prop>
      <set picurl="https://fftcg.cdn.sewest.net/images/cards/full/17-125R_eg.jpg">Rebellion's Call</set>
      <tablerow>2</tablerow>
    </card>
    <card>
      <name>Rursan Reaver (17-126H)</name>
      <text>Cuando Guerrero lu'Ruzhas entra al terreno de juego, puedes pagar (Water)(1). Cuando lo haces, elige 1 Delantero controlado por tu oponente. Este pierde 5000 de poder hasta el final del turno.
  Daños 3 -- Guerrero lu'Ruzhas gana +2000 de poder y "Cuando Guerrero lu'Ruzhas ataca, elige 1 Delantero controlado por tu oponente. Este pierde 2000 de poder hasta el final del turno".</text>
      <prop>
        <type>Forward - TYPE-0 - Standard Unit</type>
        <manacost>2</manacost>
        <colors>Water</colors>
        <pt>5000</pt>
      </prop>
      <set picurl="https://fftcg.cdn.sewest.net/images/cards/full/17-126H_eg.jpg">Rebellion's Call</set>
      <tablerow>2</tablerow>
    </card>
    <card>
      <name>Engelbert (17-127H)</name>
      <text>Cuando Engelberto entra al terreno de juego, ganas (C)(C).
  (C): Elige 1 Delantero. Hasta el final del turno, este gana "Si este Delantero recibe daño de las habilidades de tu oponente, el daño se vuelve 0 en su lugar".</text>
      <prop>
        <type>Forward - FFBE - Paladin</type>
        <manacost>4</manacost>
        <colors>Light</colors>
        <pt>8000</pt>
      </prop>
      <set picurl="https://fftcg.cdn.sewest.net/images/cards/full/17-127H_eg.jpg">Rebellion's Call</set>
      <tablerow>2</tablerow>
    </card>
    <card>
      <name>Maria (17-128L)</name>
      <text>Los Delanteros de coste 2 o menos que controlas que no sean María ganan +2000 de poder.
  Cuando María entra al terreno de juego, elige hasta 1 Apoyo que controlas. Actívalo. Este pierde todas sus habilidades y también pasa a ser un Delantero con 8000 de poder. (Este efecto no termina al final del turno.)</text>
      <prop>
        <type>Forward - II - Warrior/Rebel</type>
        <manacost>2</manacost>
        <colors>Light</colors>
        <pt>5000</pt>
      </prop>
      <set picurl="https://fftcg.cdn.sewest.net/images/cards/full/17-128L_eg.jpg">Rebellion's Call</set>
      <tablerow>2</tablerow>
    </card>
    <card>
      <name>Vinera Fennes (17-129H)</name>
      <text>El coste requerido para lanzar Vinera Fennes se reduce en 1 por cada (C) que tienes.
  Prisa
  Cuando Vinera Fennes ataca, puedes pagar (C). Cuando lo haces, todos los Delanteros controlados por tu oponente pierden 5000 de poder hasta el final del turno.</text>
      <prop>
        <type>Forward - FFBE - Assassin</type>
        <manacost>2</manacost>
        <colors>Dark</colors>
        <pt>5000</pt>
      </prop>
      <set picurl="https://fftcg.cdn.sewest.net/images/cards/full/17-129H_eg.jpg">Rebellion's Call</set>
      <tablerow>2</tablerow>
    </card>
    <card>
      <name>The Emperor (17-130L)</name>
      <text>Bravura
  Si hay un Contador Palamecia sobre El Emperador, El Emperador gana "Si El Emperador recibe daño, retira 1 Contador Palamecia de El Emperador y el daño se vuelve 0 en su lugar".
  Cuando El Emperador entra al terreno de juego, puedes buscar hasta 2 Nombre de la carta El Emperador y retirarlas del juego. Después, coge 1 carta y pon 1 Contador Palamecia sobre El Emperador por cada carta retirada a causa de esta habilidad.</text>
      <prop>
        <type>Forward - II - Emperor</type>
        <manacost>5</manacost>
        <colors>Dark</colors>
        <pt>9000</pt>
      </prop>
      <set picurl="https://fftcg.cdn.sewest.net/images/cards/full/17-130L_eg.jpg">Rebellion's Call</set>
      <tablerow>2</tablerow>
    </card>
    <card>
      <name> (C-005)</name>
      <text></text>
      <prop>
        <type>Crystal - I · II</type>
        <manacost>0</manacost>
        <colors></colors>
        <pt>0</pt>
      </prop>
      <set picurl="https://fftcg.cdn.sewest.net/images/cards/full/C-005_eg.jpg">Rebellion's Call</set>
      <tablerow>1</tablerow>
    </card>
  </cards>
</cockatrice_carddatabase>