<?xml version="1.0" encoding="UTF-8"?>
<cockatrice_carddatabase version="4">
  <sets>
    <set>
      <name>Resurgence of Power</name>
      <longname>Resurgence of Power</longname>
      <settype>Custom</settype>
      <releasedate></releasedate>
    </set>
  </sets>
  <cards>
    <card>
      <name>Achuka (18-001C)</name>
      <text>Cuando Achuka entra al terreno de juego, elige 1 Delantero. Inflígele 8000 puntos de daño.
  (Dull): Elige 1 Delantero. Inflígele 1000 puntos de daño.
  Daños 3 -- Si Achuka inflige daño a un Delantero, el daño aumenta en 1000 en su lugar.</text>
      <prop>
        <type>Backup - XI - Naakual</type>
        <manacost>5</manacost>
        <colors>Fire</colors>
        <pt>0</pt>
      </prop>
      <set picurl="https://fftcg.cdn.sewest.net/images/cards/full/18-001C_eg.jpg">Resurgence of Power</set>
      <tablerow>0</tablerow>
    </card>
    <card>
      <name>False Stalwart (18-002C)</name>
      <text>Bravura
  Pon en dull 1 Oficio Siervo activa: Falso fiel gana +2000 de poder hasta el final del turno.</text>
      <prop>
        <type>Forward - DFF - Manikin</type>
        <manacost>2</manacost>
        <colors>Fire</colors>
        <pt>5000</pt>
      </prop>
      <set picurl="https://fftcg.cdn.sewest.net/images/cards/full/18-002C_eg.jpg">Resurgence of Power</set>
      <tablerow>2</tablerow>
    </card>
    <card>
      <name>Machinist (18-003C)</name>
      <text>(Fire), descarta Ingeniero: Coge 1 carta. Solo puedes usar esta habilidad si Ingeniero está en tu mano.</text>
      <prop>
        <type>Backup - FFEX - Standard Unit</type>
        <manacost>1</manacost>
        <colors>Fire</colors>
        <pt>0</pt>
      </prop>
      <set picurl="https://fftcg.cdn.sewest.net/images/cards/full/18-003C_eg.jpg">Resurgence of Power</set>
      <tablerow>0</tablerow>
    </card>
    <card>
      <name>Cleome (18-004R)</name>
      <text>Al final de cada uno de tus turnos, pon 2 Contadores Melodía sobre Cleome.
  Retira 1 Contador Melodía de Cleome: Elige 1 Delantero. Inflígele 1000 puntos de daño.
  Retira 1 Contador Melodía de Cleome: Elige 1 Delantero. Este gana +1000 de poder hasta el final del turno.</text>
      <prop>
        <type>Forward - FFBE - Symphonian Musician</type>
        <manacost>2</manacost>
        <colors>Fire</colors>
        <pt>5000</pt>
      </prop>
      <set picurl="https://fftcg.cdn.sewest.net/images/cards/full/18-004R_eg.jpg">Resurgence of Power</set>
      <tablerow>2</tablerow>
    </card>
    <card>
      <name>Salamander (18-005C)</name>
      <text>Si lanzas Salamandra, puedes retirar del juego 10 cartas Fuego de tu Break Zone como coste adicional.
  Inflige 5000 puntos de daño a todos los Delanteros controlados por tu oponente. Si has pagado el coste adicional, inflige 7000 puntos de daño a todos los Delanteros controlados por tu oponente en su lugar.</text>
      <prop>
        <type>Summon - FFT</type>
        <manacost>3</manacost>
        <colors>Fire</colors>
        <pt>0</pt>
      </prop>
      <set picurl="https://fftcg.cdn.sewest.net/images/cards/full/18-005C_eg.jpg">Resurgence of Power</set>
      <tablerow>3</tablerow>
    </card>
    <card>
      <name>Zell (18-006C)</name>
      <text>Prisa
  Cuando Zell ataca, elige 1 Delantero controlado por tu oponente. Si Zell tiene 10000 de poder o más, inflígele 8000 puntos de daño.
  Descarta 2 cartas: Zell gana +3000 de poder hasta el final del turno.</text>
      <prop>
        <type>Forward - VIII - SeeD Candidate</type>
        <manacost>4</manacost>
        <colors>Fire</colors>
        <pt>7000</pt>
      </prop>
      <set picurl="https://fftcg.cdn.sewest.net/images/cards/full/18-006C_eg.jpg">Resurgence of Power</set>
      <tablerow>2</tablerow>
    </card>
    <card>
      <name>Selphie (18-007C)</name>
      <text>[EX BURST] Cuando Selphie entra al terreno de juego, elige 1 Delantero Fuego de tu Break Zone. Añádelo a tu mano.
  (Dull), pon Selphie en la Break Zone: Elige 1 Delantero Fuego. Este gana +3000 de poder hasta el final del turno.</text>
      <prop>
        <type>Backup - VIII - SeeD Candidate</type>
        <manacost>4</manacost>
        <colors>Fire</colors>
        <pt>0</pt>
      </prop>
      <set picurl="https://fftcg.cdn.sewest.net/images/cards/full/18-007C_eg.jpg">Resurgence of Power</set>
      <tablerow>0</tablerow>
    </card>
    <card>
      <name>Two-Headed Dragon (18-008H)</name>
      <text>Cuando un Delantero Fuego que controlas ataca, elige 1 Delantero controlado por tu oponente. Inflígele 4000 puntos de daño.
  Pon las 2 cartas de la parte superior de tu mazo en la Break Zone: Hasta el final del turno, Dragón bicéfalo también pasa a ser un Delantero con 9000 de poder. Solo puedes usar esta habilidad una vez por turno.</text>
      <prop>
        <type>Monster - III - Dragon</type>
        <manacost>4</manacost>
        <colors>Fire</colors>
        <pt>9000</pt>
      </prop>
      <set picurl="https://fftcg.cdn.sewest.net/images/cards/full/18-008H_eg.jpg">Resurgence of Power</set>
      <tablerow>1</tablerow>
    </card>
    <card>
      <name>Tidus (18-009H)</name>
      <text>Prisa
  Cuando Tidus entra al terreno de juego, pon las 5 cartas de la parte superior de tu mazo en la Break Zone. Cuando lo haces, elige hasta 1 Delantero. Si todas las cartas puestas en la Break Zone son del elemento Fuego, inflígele 8000 puntos de daño.</text>
      <prop>
        <type>Forward - X - Guardian</type>
        <manacost>4</manacost>
        <colors>Fire</colors>
        <pt>8000</pt>
      </prop>
      <set picurl="https://fftcg.cdn.sewest.net/images/cards/full/18-009H_eg.jpg">Resurgence of Power</set>
      <tablerow>2</tablerow>
    </card>
    <card>
      <name>Berserker (18-010C)</name>
      <text>Iniciativa
  Bárbaro debe atacar una vez por turno si es posible.
  Cuando Bárbaro entra al terreno de juego, puedes pagar (Fire). Cuando lo haces, elige 1 Delantero. Hasta el final del turno, este gana "Este Delantero debe bloquear si es posible".</text>
      <prop>
        <type>Forward - V - Standard Unit</type>
        <manacost>3</manacost>
        <colors>Fire</colors>
        <pt>8000</pt>
      </prop>
      <set picurl="https://fftcg.cdn.sewest.net/images/cards/full/18-010C_eg.jpg">Resurgence of Power</set>
      <tablerow>2</tablerow>
    </card>
    <card>
      <name>Paine (18-011R)</name>
      <text>[EX BURST] Cuando Paine entra al terreno de juego, elige 1 Delantero. Inflígele 7000 puntos de daño. Si es un Delantero multielemento, inflígele 10000 puntos de daño en su lugar.
  Si un Delantero dañado controlado por tu oponente pasa del terreno de juego a la Break Zone, retíralo del juego en su lugar.</text>
      <prop>
        <type>Forward - X - Gullwings</type>
        <manacost>6</manacost>
        <colors>Fire</colors>
        <pt>9000</pt>
      </prop>
      <set picurl="https://fftcg.cdn.sewest.net/images/cards/full/18-011R_eg.jpg">Resurgence of Power</set>
      <tablerow>2</tablerow>
    </card>
    <card>
      <name>Faris (18-012L)</name>
      <text>Cuando Faris entra al terreno de juego o ataca, inflige 1000 puntos de daño a todos los Delanteros.
  Cuando Faris o un Delantero Oficio Guerrero de la Luz que controlas recibe daño, elige hasta 1 Delantero controlado por tu oponente. Inflígele 3000 puntos de daño.
  Daños 3 -- Cuando Faris entra al terreno de juego, puedes buscar 1 Oficio Guerrero de la Luz que no sea Nombre de la carta Faris y añadirla a tu mano.</text>
      <prop>
        <type>Forward - V - Pirate/Warrior of Light</type>
        <manacost>3</manacost>
        <colors>Fire</colors>
        <pt>7000</pt>
      </prop>
      <set picurl="https://fftcg.cdn.sewest.net/images/cards/full/18-012L_eg.jpg">Resurgence of Power</set>
      <tablerow>2</tablerow>
    </card>
    <card>
      <name>Fang (18-013R)</name>
      <text>Si controlas 3 o más personajes Categoría XIII, los Delanteros Categoría XIII que controlas ganan +2000 de poder.
  (0): Durante este turno, el coste requerido para lanzar tu próximo Delantero Categoría XIII se reduce en 2 (no puede ser 0). Solo puedes usar esta habilidad durante tu turno y solo una vez por turno.</text>
      <prop>
        <type>Forward - XIII - Thief</type>
        <manacost>2</manacost>
        <colors>Fire</colors>
        <pt>5000</pt>
      </prop>
      <set picurl="https://fftcg.cdn.sewest.net/images/cards/full/18-013R_eg.jpg">Resurgence of Power</set>
      <tablerow>2</tablerow>
    </card>
    <card>
      <name>Meeth (18-014R)</name>
      <text>[EX BURST] Cuando Meeth entra al terreno de juego, puedes descartar 1 carta multielemento. Si lo haces, busca 1 carta que no sea un Apoyo y añádela a tu mano.</text>
      <prop>
        <type>Backup - FFCC - Alchemist</type>
        <manacost>2</manacost>
        <colors>Fire</colors>
        <pt>0</pt>
      </prop>
      <set picurl="https://fftcg.cdn.sewest.net/images/cards/full/18-014R_eg.jpg">Resurgence of Power</set>
      <tablerow>0</tablerow>
    </card>
    <card>
      <name>Ramza (18-015R)</name>
      <text>Transporte 2 -- (Fire)(1)
  Cuando Ramza entra al terreno de juego, elige 1 Oficio Caballero de coste 5 o menos de tu Break Zone. Juégala al terreno de juego.
  Pon en dull 4 Oficio Caballero activas: Elige 1 Delantero controlado por tu oponente. Rómpelo. Ramza inflige a tu oponente 1 punto de daño.</text>
      <prop>
        <type>Forward - DFF · FFT - Knight</type>
        <manacost>7</manacost>
        <colors>Fire</colors>
        <pt>9000</pt>
      </prop>
      <set picurl="https://fftcg.cdn.sewest.net/images/cards/full/18-015R_eg.jpg">Resurgence of Power</set>
      <tablerow>2</tablerow>
    </card>
    <card>
      <name>Lulu (18-016C)</name>
      <text>(Dull), descarta 1 carta: Elige 1 Delantero. Inflígele 3000 puntos de daño. Si es un Delantero multielemento, inflígele 5000 puntos de daño en su lugar.</text>
      <prop>
        <type>Backup - PICTLOGICA · X - Guardian</type>
        <manacost>2</manacost>
        <colors>Fire</colors>
        <pt>0</pt>
      </prop>
      <set picurl="https://fftcg.cdn.sewest.net/images/cards/full/18-016C_eg.jpg">Resurgence of Power</set>
      <tablerow>0</tablerow>
    </card>
    <card>
      <name>Rain (18-017R)</name>
      <text>Si no controlas ningún Delantero, el coste requerido para lanzar Rain se reduce en 2.
  Daños 3 -- Rain gana +1000 de poder y "Cuando Rain ataca, elige 1 Delantero. Inflígele 5000 puntos de daño".</text>
      <prop>
        <type>Forward - FFBE - King/Knight</type>
        <manacost>5</manacost>
        <colors>Fire</colors>
        <pt>9000</pt>
      </prop>
      <set picurl="https://fftcg.cdn.sewest.net/images/cards/full/18-017R_eg.jpg">Resurgence of Power</set>
      <tablerow>2</tablerow>
    </card>
    <card>
      <name>Alhanalem (18-018R)</name>
      <text>(Dull), pon Alhanalem en la Break Zone: Durante este turno, si un personaje entra al terreno de juego a causa de las Invocaciones o habilidades de tu oponente, retíralo del juego en su lugar.</text>
      <prop>
        <type>Backup - FFCC - Mage</type>
        <manacost>2</manacost>
        <colors>Ice</colors>
        <pt>0</pt>
      </prop>
      <set picurl="https://fftcg.cdn.sewest.net/images/cards/full/18-018R_eg.jpg">Resurgence of Power</set>
      <tablerow>0</tablerow>
    </card>
    <card>
      <name>Weiss (18-019R)</name>
      <text>Cuando tu oponente descarta 1 o más cartas a causa de tus Invocaciones o habilidades, elige 1 personaje. Ponlo en dull y congélalo.
  Daños 5 -- Weiss gana +1000 de poder y "Weiss no puede ser objetivo de las Invocaciones o habilidades de tu oponente".</text>
      <prop>
        <type>Forward - VII - Tsviets</type>
        <manacost>4</manacost>
        <colors>Ice</colors>
        <pt>8000</pt>
      </prop>
      <set picurl="https://fftcg.cdn.sewest.net/images/cards/full/18-019R_eg.jpg">Resurgence of Power</set>
      <tablerow>2</tablerow>
    </card>
    <card>
      <name>Quistis (18-020C)</name>
      <text>Cuando Quistis entra al terreno de juego, elige 1 Delantero. Hasta el final del turno, este gana +2000 de poder y "Cuando este Delantero ataca, tu oponente descarta 1 carta al azar".</text>
      <prop>
        <type>Forward - PICTLOGICA · VIII - Instructor</type>
        <manacost>2</manacost>
        <colors>Ice</colors>
        <pt>5000</pt>
      </prop>
      <set picurl="https://fftcg.cdn.sewest.net/images/cards/full/18-020C_eg.jpg">Resurgence of Power</set>
      <tablerow>2</tablerow>
    </card>
    <card>
      <name>Cu Chaspel (18-021R)</name>
      <text>[EX BURST] Cuando Cu Chaspel entra al terreno de juego, cada jugador selecciona 1 carta de su Break Zone y la añade a su mano. Después, cada jugador descarta 1 carta.</text>
      <prop>
        <type>Forward - FFCC - Masked Man</type>
        <manacost>2</manacost>
        <colors>Ice</colors>
        <pt>5000</pt>
      </prop>
      <set picurl="https://fftcg.cdn.sewest.net/images/cards/full/18-021R_eg.jpg">Resurgence of Power</set>
      <tablerow>2</tablerow>
    </card>
    <card>
      <name>Black Mage (18-022C)</name>
      <text>(Ice), descarta Mago negro: Coge 1 carta. Solo puedes usar esta habilidad si Mago negro está en tu mano.</text>
      <prop>
        <type>Backup - XI - Standard Unit</type>
        <manacost>1</manacost>
        <colors>Ice</colors>
        <pt>0</pt>
      </prop>
      <set picurl="https://fftcg.cdn.sewest.net/images/cards/full/18-022C_eg.jpg">Resurgence of Power</set>
      <tablerow>0</tablerow>
    </card>
    <card>
      <name>Krysta (18-023H)</name>
      <text>Cuando Cristalino entra al terreno de juego, tu oponente descarta 1 carta al azar.
  (0): Hasta el final del turno, Cristalino también pasa a ser un Delantero con 8000 de poder. Solo puedes usar esta habilidad si tu oponente tiene 2 cartas o menos en su mano y solo una vez por turno.</text>
      <prop>
        <type>Monster - VIII - Krysta</type>
        <manacost>3</manacost>
        <colors>Ice</colors>
        <pt>8000</pt>
      </prop>
      <set picurl="https://fftcg.cdn.sewest.net/images/cards/full/18-023H_eg.jpg">Resurgence of Power</set>
      <tablerow>1</tablerow>
    </card>
    <card>
      <name>Shiva (18-024C)</name>
      <text>Si lanzas Shiva, puedes retirar del juego 10 cartas Frío de tu Break Zone como coste adicional.
  Elige 1 Delantero. Ponlo en dull y congélalo. Si has pagado el coste adicional, rómpelo en su lugar.</text>
      <prop>
        <type>Summon - WOFF</type>
        <manacost>1</manacost>
        <colors>Ice</colors>
        <pt>0</pt>
      </prop>
      <set picurl="https://fftcg.cdn.sewest.net/images/cards/full/18-024C_eg.jpg">Resurgence of Power</set>
      <tablerow>3</tablerow>
    </card>
    <card>
      <name>Chime (18-025C)</name>
      <text>(Dull): Elige 1 Delantero. Hasta el final del turno, este gana +1000 de poder e Iniciativa. Solo puedes usar esta habilidad si tu oponente tiene 1 carta o menos en su mano.</text>
      <prop>
        <type>Backup - FFCC - Minister</type>
        <manacost>2</manacost>
        <colors>Ice</colors>
        <pt>0</pt>
      </prop>
      <set picurl="https://fftcg.cdn.sewest.net/images/cards/full/18-025C_eg.jpg">Resurgence of Power</set>
      <tablerow>0</tablerow>
    </card>
    <card>
      <name>Teodor (18-026L)</name>
      <text>Transporte 2 -- (Ice)(Ice)
  Si tu oponente tiene 2 cartas o menos en su mano, Teodor gana +2000 de poder, Prisa e Iniciativa.
  Cuando Teodor entra al terreno de juego, tu oponente descarta 2 cartas.
  Cuando Teodor entra al terreno de juego a causa de Transporte, tu oponente descarta 1 carta.</text>
      <prop>
        <type>Forward - XI - Dark Knight/Black Mage</type>
        <manacost>9</manacost>
        <colors>Ice</colors>
        <pt>7000</pt>
      </prop>
      <set picurl="https://fftcg.cdn.sewest.net/images/cards/full/18-026L_eg.jpg">Resurgence of Power</set>
      <tablerow>2</tablerow>
    </card>
    <card>
      <name>Nooj (18-027C)</name>
      <text>Cuando Nooj entra al terreno de juego, elige 1 Delantero en dull. Rómpelo. Tu oponente descarta 1 carta.</text>
      <prop>
        <type>Backup - PICTLOGICA · X - Mevyn</type>
        <manacost>5</manacost>
        <colors>Ice</colors>
        <pt>0</pt>
      </prop>
      <set picurl="https://fftcg.cdn.sewest.net/images/cards/full/18-027C_eg.jpg">Resurgence of Power</set>
      <tablerow>0</tablerow>
    </card>
    <card>
      <name>Nero (18-028C)</name>
      <text>[EX BURST] Cuando Nero entra al terreno de juego, puedes buscar 1 Nombre de la carta Weiss y añadirla a tu mano.
  Cuando una Nombre de la carta Weiss entra a tu terreno de juego, tu oponente descarta 1 carta.</text>
      <prop>
        <type>Backup - VII - Tsviets</type>
        <manacost>4</manacost>
        <colors>Ice</colors>
        <pt>0</pt>
      </prop>
      <set picurl="https://fftcg.cdn.sewest.net/images/cards/full/18-028C_eg.jpg">Resurgence of Power</set>
      <tablerow>0</tablerow>
    </card>
    <card>
      <name>Hein (18-029R)</name>
      <text>Las Invocaciones o habilidades de tu oponente que no infligen daño no pueden romper a Hein.
  Cuando Hein entra al terreno de juego, elige hasta 4 personajes. Congélalos.</text>
      <prop>
        <type>Forward - III - Mage</type>
        <manacost>5</manacost>
        <colors>Ice</colors>
        <pt>8000</pt>
      </prop>
      <set picurl="https://fftcg.cdn.sewest.net/images/cards/full/18-029R_eg.jpg">Resurgence of Power</set>
      <tablerow>2</tablerow>
    </card>
    <card>
      <name>Physalis (18-030H)</name>
      <text>Si tienes 1 carta o menos en tu mano, Physalis gana +3000 de poder.
  Descarta 1 carta: Retira del juego las 2 cartas de la parte superior de tu mazo. Puedes lanzarlas en cualquier momento en el que normalmente sería posible lanzarlas este turno. Solo puedes usar esta habilidad durante tu turno y solo una vez por turno.</text>
      <prop>
        <type>Forward - FFBE - Knight</type>
        <manacost>2</manacost>
        <colors>Ice</colors>
        <pt>5000</pt>
      </prop>
      <set picurl="https://fftcg.cdn.sewest.net/images/cards/full/18-030H_eg.jpg">Resurgence of Power</set>
      <tablerow>2</tablerow>
    </card>
    <card>
      <name>Rune Fencer (18-031C)</name>
      <text>Cuando Esgrimidor rúnico entra al terreno de juego o ataca, puedes pagar (Ice). Cuando lo haces, elige 1 Delantero. Ponlo en dull y congélalo.</text>
      <prop>
        <type>Forward - XI - Standard Unit</type>
        <manacost>4</manacost>
        <colors>Ice</colors>
        <pt>8000</pt>
      </prop>
      <set picurl="https://fftcg.cdn.sewest.net/images/cards/full/18-031C_eg.jpg">Resurgence of Power</set>
      <tablerow>2</tablerow>
    </card>
    <card>
      <name>Phantasmal Girl (18-032C)</name>
      <text>Cuando 1 o más Delanteros Oficio Siervo que controlas son objetivo de las Invocaciones o habilidades de tu oponente, puedes pagar (2). Cuando lo haces, cancela sus efectos.</text>
      <prop>
        <type>Forward - DFF - Manikin</type>
        <manacost>2</manacost>
        <colors>Ice</colors>
        <pt>5000</pt>
      </prop>
      <set picurl="https://fftcg.cdn.sewest.net/images/cards/full/18-032C_eg.jpg">Resurgence of Power</set>
      <tablerow>2</tablerow>
    </card>
    <card>
      <name>Yuna (18-033R)</name>
      <text>Cuando Yuna entra al terreno de juego, tu oponente selecciona 1 Delantero que controla. Pon en dull y congela todos los demás Delanteros controlados por tu oponente.
  Apoteosis (S)(Ice)(Ice)(2): Elige 1 Delantero. Inflígele 8000 puntos de daño. Puedes poner en dull Yuna activa. Cuando lo haces, usa esta habilidad especial otra vez sin pagar su coste.</text>
      <prop>
        <type>Forward - X - Gullwings</type>
        <manacost>3</manacost>
        <colors>Ice</colors>
        <pt>7000</pt>
      </prop>
      <set picurl="https://fftcg.cdn.sewest.net/images/cards/full/18-033R_eg.jpg">Resurgence of Power</set>
      <tablerow>2</tablerow>
    </card>
    <card>
      <name>Lasswell (18-034R)</name>
      <text>Cuando Lasswell entra al terreno de juego, si tu oponente controla 4 o más personajes en dull, coge 1 carta.
  Daños 3 -- Lasswell gana +2000 de poder.</text>
      <prop>
        <type>Forward - FFBE - Knight</type>
        <manacost>2</manacost>
        <colors>Ice</colors>
        <pt>5000</pt>
      </prop>
      <set picurl="https://fftcg.cdn.sewest.net/images/cards/full/18-034R_eg.jpg">Resurgence of Power</set>
      <tablerow>2</tablerow>
    </card>
    <card>
      <name>Arc (18-035R)</name>
      <text>[EX BURST] Cuando Arc entra al terreno de juego, revela las 5 cartas de la parte superior de tu mazo. Añade 1 carta Fuego, Tierra o Agua de entre ellas a tu mano y pon el resto en la parte inferior de tu mazo en el orden que quieras.
  Si hay 4 o más elementos distintos entre los Delanteros que controlas, los Delanteros que controlas ganan +2000 de poder.</text>
      <prop>
        <type>Forward - III - Warrior of Light</type>
        <manacost>4</manacost>
        <colors>Wind</colors>
        <pt>7000</pt>
      </prop>
      <set picurl="https://fftcg.cdn.sewest.net/images/cards/full/18-035R_eg.jpg">Resurgence of Power</set>
      <tablerow>2</tablerow>
    </card>
    <card>
      <name>Iris (18-036R)</name>
      <text>Cuando un Delantero Categoría XV entra a tu terreno de juego, activa Iris.
  (Dull), pon Iris en la Break Zone: Elige 1 Delantero. Hasta el final del turno, este gana "Este Delantero no puede ser objetivo de las habilidades de tu oponente".</text>
      <prop>
        <type>Backup - XV - Lucian Subject</type>
        <manacost>2</manacost>
        <colors>Wind</colors>
        <pt>0</pt>
      </prop>
      <set picurl="https://fftcg.cdn.sewest.net/images/cards/full/18-036R_eg.jpg">Resurgence of Power</set>
      <tablerow>0</tablerow>
    </card>
    <card>
      <name>Delusory Dragoon (18-037C)</name>
      <text>Prisa
  Cuando Draconarius ficticio entra al terreno de juego, elige 1 Delantero Oficio Siervo. Este gana Prisa hasta el final del turno.</text>
      <prop>
        <type>Forward - DFF - Manikin</type>
        <manacost>3</manacost>
        <colors>Wind</colors>
        <pt>7000</pt>
      </prop>
      <set picurl="https://fftcg.cdn.sewest.net/images/cards/full/18-037C_eg.jpg">Resurgence of Power</set>
      <tablerow>2</tablerow>
    </card>
    <card>
      <name>Kytes (18-038C)</name>
      <text>Cuando Kytes entra al terreno de juego, revela las 3 cartas de la parte superior de tu mazo. Añade 1 carta Aire de entre ellas a tu mano y pon el resto en la parte inferior de tu mazo en el orden que quieras. Si es un personaje Categoría XII, también activa Kytes.
  (Dull), pon Kytes en la Break Zone: Elige hasta 2 personajes. Actívalos.</text>
      <prop>
        <type>Backup - PICTLOGICA · XII - Sky Pirate</type>
        <manacost>4</manacost>
        <colors>Wind</colors>
        <pt>0</pt>
      </prop>
      <set picurl="https://fftcg.cdn.sewest.net/images/cards/full/18-038C_eg.jpg">Resurgence of Power</set>
      <tablerow>0</tablerow>
    </card>
    <card>
      <name>Ranger (18-039C)</name>
      <text>Cuando Ranger entra al terreno de juego, elige 1 Delantero o Monstruo de coste 1. Rómpelo.</text>
      <prop>
        <type>Forward - FFEX - Standard Unit</type>
        <manacost>3</manacost>
        <colors>Wind</colors>
        <pt>7000</pt>
      </prop>
      <set picurl="https://fftcg.cdn.sewest.net/images/cards/full/18-039C_eg.jpg">Resurgence of Power</set>
      <tablerow>2</tablerow>
    </card>
    <card>
      <name>Cerberus (18-040H)</name>
      <text>Cuando Cerbero entra al terreno de juego, selecciona 1 de las siguientes 3 acciones.
  "Elige 1 Delantero de coste 5 o más. Rómpelo." "Activa todos los Apoyos que controlas." "Coge 1 carta."
  (0): Hasta el final del turno, Cerbero también pasa a ser un Delantero con 9000 de poder. Solo puedes usar esta habilidad si has lanzado 2 o más cartas este turno y solo una vez por turno.</text>
      <prop>
        <type>Monster - III - Cerberus</type>
        <manacost>3</manacost>
        <colors>Wind</colors>
        <pt>9000</pt>
      </prop>
      <set picurl="https://fftcg.cdn.sewest.net/images/cards/full/18-040H_eg.jpg">Resurgence of Power</set>
      <tablerow>1</tablerow>
    </card>
    <card>
      <name>Colkhab (18-041C)</name>
      <text>Durante cada turno, cuando Colkhab es objetivo de una Invocación o habilidad de tu oponente por primera vez en ese turno, cada jugador pone la carta superior de su mazo en la Break Zone. Si ambas cartas son del mismo tipo, cancela su efecto.
  Daños 3 -- Colkhab gana +1000 de poder.</text>
      <prop>
        <type>Forward - XI - Naakual</type>
        <manacost>5</manacost>
        <colors>Wind</colors>
        <pt>9000</pt>
      </prop>
      <set picurl="https://fftcg.cdn.sewest.net/images/cards/full/18-041C_eg.jpg">Resurgence of Power</set>
      <tablerow>2</tablerow>
    </card>
    <card>
      <name>Zhijie (18-042C)</name>
      <text>(Dull), pon Zhijie en la Break Zone: Busca 1 Delantero Categoría VII y añádelo a tu mano.</text>
      <prop>
        <type>Backup - VII - AVALANCHE Operative</type>
        <manacost>2</manacost>
        <colors>Wind</colors>
        <pt>0</pt>
      </prop>
      <set picurl="https://fftcg.cdn.sewest.net/images/cards/full/18-042C_eg.jpg">Resurgence of Power</set>
      <tablerow>0</tablerow>
    </card>
    <card>
      <name>Thief (18-043C)</name>
      <text>(Wind), descarta Ladrón: Coge 1 carta. Solo puedes usar esta habilidad si Ladrón está en tu mano.</text>
      <prop>
        <type>Backup - FFEX - Standard Unit</type>
        <manacost>1</manacost>
        <colors>Wind</colors>
        <pt>0</pt>
      </prop>
      <set picurl="https://fftcg.cdn.sewest.net/images/cards/full/18-043C_eg.jpg">Resurgence of Power</set>
      <tablerow>0</tablerow>
    </card>
    <card>
      <name>Sherlotta (18-044R)</name>
      <text>Transporte 2 -- (Wind)(1)
  Cuando Sherlotta entra al terreno de juego, puedes buscar 1 carta y añadirla a tu mano.</text>
      <prop>
        <type>Forward - WOFF - Mysterious Woman</type>
        <manacost>5</manacost>
        <colors>Wind</colors>
        <pt>5000</pt>
      </prop>
      <set picurl="https://fftcg.cdn.sewest.net/images/cards/full/18-044R_eg.jpg">Resurgence of Power</set>
      <tablerow>2</tablerow>
    </card>
    <card>
      <name>Dryad (18-045C)</name>
      <text>Si lanzas Dríade, puedes retirar del juego 10 cartas Aire de tu Break Zone como coste adicional.
  Elige 1 Delantero. Inflígele 2000 puntos de daño por cada personaje Aire que controlas. Si has pagado el coste adicional, también coge 1 carta.</text>
      <prop>
        <type>Summon - FFEX</type>
        <manacost>2</manacost>
        <colors>Wind</colors>
        <pt>0</pt>
      </prop>
      <set picurl="https://fftcg.cdn.sewest.net/images/cards/full/18-045C_eg.jpg">Resurgence of Power</set>
      <tablerow>3</tablerow>
    </card>
    <card>
      <name>Gnash (18-046R)</name>
      <text>Cuando Gnash entra al terreno de juego, puedes pagar (Wind)(Wind)(2). Cuando lo haces, elige 1 Delantero o Monstruo de coste 4 o más. Rómpelo.
  (Wind)(Wind)(Dull), pon Gnash en la Break Zone: Elige 1 Delantero de coste 2 o menos. Rómpelo.</text>
      <prop>
        <type>Backup - FFCC - Archer</type>
        <manacost>2</manacost>
        <colors>Wind</colors>
        <pt>0</pt>
      </prop>
      <set picurl="https://fftcg.cdn.sewest.net/images/cards/full/18-046R_eg.jpg">Resurgence of Power</set>
      <tablerow>0</tablerow>
    </card>
    <card>
      <name>Bartz (18-047H)</name>
      <text>Cuando Bartz entra al terreno de juego, nombra 1 Oficio y 1 elemento que no sea Luz ni Oscuridad. Bartz gana el Oficio y elemento nombrados. (Este efecto no termina al final del turno.)
  Por cada Delantero con el mismo Oficio que Bartz que controlas que no sea Bartz, Bartz gana +2000 de poder.
  Bartz no puede ser objetivo de las Invocaciones o habilidades de tu oponente del mismo elemento que el suyo.</text>
      <prop>
        <type>Forward - V - Wanderer/Warrior of Light</type>
        <manacost>2</manacost>
        <colors>Wind</colors>
        <pt>5000</pt>
      </prop>
      <set picurl="https://fftcg.cdn.sewest.net/images/cards/full/18-047H_eg.jpg">Resurgence of Power</set>
      <tablerow>2</tablerow>
    </card>
    <card>
      <name>Poppy (18-048R)</name>
      <text>Los Delanteros Aire que controlas ganan "Este Delantero no puede ser bloqueado por un Delantero de coste 3 o más".
  Los Delanteros Frío que controlas ganan +1000 de poder e Iniciativa.
  Los Delanteros Tierra que controlas ganan +1000 de poder y Bravura.</text>
      <prop>
        <type>Forward - FFBE - Couleurian Painter</type>
        <manacost>2</manacost>
        <colors>Wind</colors>
        <pt>5000</pt>
      </prop>
      <set picurl="https://fftcg.cdn.sewest.net/images/cards/full/18-048R_eg.jpg">Resurgence of Power</set>
      <tablerow>2</tablerow>
    </card>
    <card>
      <name>Yuri (18-049R)</name>
      <text>Si controlas 3 o más personajes Categoría FFCC, Yuri no puede ser objetivo de las Invocaciones o habilidades de tu oponente.
  Cuando Yuri entra al terreno de juego o ataca, elige hasta 2 personajes Categoría FFCC. Actívalos.</text>
      <prop>
        <type>Forward - FFCC - Lay Crystal User</type>
        <manacost>4</manacost>
        <colors>Wind</colors>
        <pt>8000</pt>
      </prop>
      <set picurl="https://fftcg.cdn.sewest.net/images/cards/full/18-049R_eg.jpg">Resurgence of Power</set>
      <tablerow>2</tablerow>
    </card>
    <card>
      <name>Yuffie (18-050L)</name>
      <text>Prisa
  Cuando Yuffie ataca, activa todos los Delanteros que controlas. Hasta el final del turno de tu oponente, Yuffie gana +1000 de poder y "Yuffie no puede ser objetivo de las Invocaciones o habilidades de tu oponente".
  Hado de los vivos (S)(Wind)(Wind)(Dull): Elige tantos Delanteros como quieras. Divide 24000 puntos de daño entre ellos como quieras. (Las unidades deben ser de 1000 puntos de daño.)</text>
      <prop>
        <type>Forward - VII - Ninja</type>
        <manacost>5</manacost>
        <colors>Wind</colors>
        <pt>9000</pt>
      </prop>
      <set picurl="https://fftcg.cdn.sewest.net/images/cards/full/18-050L_eg.jpg">Resurgence of Power</set>
      <tablerow>2</tablerow>
    </card>
    <card>
      <name>Leafkin (18-051C)</name>
      <text>Daños 3 -- (Wind)(Wind)(1)(Dull), pon Leafkin en la Break Zone: Busca 1 Delantero de coste 5 o 6 y juégalo al terreno de juego. Solo puedes usar esta habilidad durante tu turno.</text>
      <prop>
        <type>Backup - XI - Leafkin</type>
        <manacost>2</manacost>
        <colors>Wind</colors>
        <pt>0</pt>
      </prop>
      <set picurl="https://fftcg.cdn.sewest.net/images/cards/full/18-051C_eg.jpg">Resurgence of Power</set>
      <tablerow>0</tablerow>
    </card>
    <card>
      <name>Ahriman (18-052H)</name>
      <text>Cuando Arimán entra al terreno de juego, elige 1 Delantero que no sea multielemento. Rómpelo.
  (0): Hasta el final del turno, Arimán también pasa a ser un Delantero con 8000 de poder. Solo puedes usar esta habilidad si controlas un Delantero de 9000 de poder o más y solo una vez por turno.</text>
      <prop>
        <type>Monster - III - Ahriman</type>
        <manacost>4</manacost>
        <colors>Earth</colors>
        <pt>8000</pt>
      </prop>
      <set picurl="https://fftcg.cdn.sewest.net/images/cards/full/18-052H_eg.jpg">Resurgence of Power</set>
      <tablerow>1</tablerow>
    </card>
    <card>
      <name>Delusory Knight (18-053C)</name>
      <text>Pon Caballero ficticio en la Break Zone: Elige 1 Oficio Siervo. Hasta el final del turno, esta gana "Este personaje no puede romperse".</text>
      <prop>
        <type>Forward - DFF - Manikin</type>
        <manacost>1</manacost>
        <colors>Earth</colors>
        <pt>3000</pt>
      </prop>
      <set picurl="https://fftcg.cdn.sewest.net/images/cards/full/18-053C_eg.jpg">Resurgence of Power</set>
      <tablerow>2</tablerow>
    </card>
    <card>
      <name>Galuf (18-054L)</name>
      <text>Bravura
  Cuando Galuf ataca, elige 1 Delantero controlado por tu oponente. Inflígele daño equivalente al poder de Galuf.
  Retira del juego 3 cartas de la Break Zone: Galuf gana +3000 de poder hasta el final del turno.
  Daños 3 -- Galuf gana +3000 de poder.</text>
      <prop>
        <type>Forward - V - Dawn Warrior</type>
        <manacost>4</manacost>
        <colors>Earth</colors>
        <pt>8000</pt>
      </prop>
      <set picurl="https://fftcg.cdn.sewest.net/images/cards/full/18-054L_eg.jpg">Resurgence of Power</set>
      <tablerow>2</tablerow>
    </card>
    <card>
      <name>Krile (18-055R)</name>
      <text>[EX BURST] Cuando Krile entra al terreno de juego, selecciona 1 de las siguientes 2 acciones.
  "Elige 1 Invocación de tu Break Zone. Añádela a tu mano."
  "Elige 1 Delantero Categoría V de tu Break Zone. Añádelo a tu mano."</text>
      <prop>
        <type>Backup - V - Warrior of Light</type>
        <manacost>4</manacost>
        <colors>Earth</colors>
        <pt>0</pt>
      </prop>
      <set picurl="https://fftcg.cdn.sewest.net/images/cards/full/18-055R_eg.jpg">Resurgence of Power</set>
      <tablerow>0</tablerow>
    </card>
    <card>
      <name>Cait Sith (XI) (18-056C)</name>
      <text>Cuando Cait Sith (XI) entra al terreno de juego, elige 1 Delantero de tu Break Zone. Añádelo a tu mano.
  Daños 3 -- Si Cait Sith (XI) está en el terreno de juego, Cait Sith (XI) puede generar CP de cualquier elemento.</text>
      <prop>
        <type>Backup - XI - Guide</type>
        <manacost>4</manacost>
        <colors>Earth</colors>
        <pt>0</pt>
      </prop>
      <set picurl="https://fftcg.cdn.sewest.net/images/cards/full/18-056C_eg.jpg">Resurgence of Power</set>
      <tablerow>0</tablerow>
    </card>
    <card>
      <name>Kolka (18-057C)</name>
      <text>Cuando Kolka entra al terreno de juego, puedes descartar 1 Delantero. Cuando lo haces, elige 1 Delantero. Inflígele daño equivalente al poder del Delantero que has descartado.</text>
      <prop>
        <type>Backup - FFCC - King</type>
        <manacost>2</manacost>
        <colors>Earth</colors>
        <pt>0</pt>
      </prop>
      <set picurl="https://fftcg.cdn.sewest.net/images/cards/full/18-057C_eg.jpg">Resurgence of Power</set>
      <tablerow>0</tablerow>
    </card>
    <card>
      <name>Serafie (18-058R)</name>
      <text>Cuando Serafie entra al terreno de juego, puedes buscar 1 Nombre de la carta Tama y añadirla a tu mano.
  Cuando un Delantero de coste 2 o menos entra a tu terreno de juego, pon 1 Contador Gema sobre Serafie.
  Retira 2 Contadores Gema de Serafie: Coge 1 carta. Solo puedes usar esta habilidad durante tu turno y solo una vez por turno.</text>
      <prop>
        <type>Forward - WOFF - Companion</type>
        <manacost>3</manacost>
        <colors>Earth</colors>
        <pt>5000</pt>
      </prop>
      <set picurl="https://fftcg.cdn.sewest.net/images/cards/full/18-058R_eg.jpg">Resurgence of Power</set>
      <tablerow>2</tablerow>
    </card>
    <card>
      <name>Tama (18-059R)</name>
      <text>Tama no puede atacar ni bloquear.
  Tama no puede ser objetivo de las Invocaciones o habilidades de tu oponente.
  Cuando un Delantero que controlas es objetivo de una Invocación o habilidad de tu oponente, puedes poner Tama en la Break Zone. Cuando lo haces, cancela su efecto.</text>
      <prop>
        <type>Forward - WOFF - Companion</type>
        <manacost>2</manacost>
        <colors>Earth</colors>
        <pt>3000</pt>
      </prop>
      <set picurl="https://fftcg.cdn.sewest.net/images/cards/full/18-059R_eg.jpg">Resurgence of Power</set>
      <tablerow>2</tablerow>
    </card>
    <card>
      <name>Daisy (18-060H)</name>
      <text>Si un Delantero que controlas que no sea Margarita recibe daño, Margarita recibe el daño en su lugar.
  Daños 3 -- Margarita gana +3000 de poder.
  Espíritu bélico (S): Margarita gana +30000 de poder hasta el final del turno.</text>
      <prop>
        <type>Forward - FFBE - Actress of Wohlstok</type>
        <manacost>3</manacost>
        <colors>Earth</colors>
        <pt>7000</pt>
      </prop>
      <set picurl="https://fftcg.cdn.sewest.net/images/cards/full/18-060H_eg.jpg">Resurgence of Power</set>
      <tablerow>2</tablerow>
    </card>
    <card>
      <name>Tilika (18-061R)</name>
      <text>[EX BURST] Cuando Tilika entra al terreno de juego, ganas (C).
  (Earth)(Dull): Ganas (C).
</text>
      <prop>
        <type>Forward - FFCC - Crystal User</type>
        <manacost>3</manacost>
        <colors>Earth</colors>
        <pt>7000</pt>
      </prop>
      <set picurl="https://fftcg.cdn.sewest.net/images/cards/full/18-061R_eg.jpg">Resurgence of Power</set>
      <tablerow>2</tablerow>
    </card>
    <card>
      <name>Nayo (18-062R)</name>
      <text>(Dull): Elige 1 Delantero. Este gana Bravura hasta el final del turno. Solo puedes usar esta habilidad durante tu Main Phase.
  (1)(Dull): Elige 1 Delantero que controlas. Nombra 1 Oficio. Este gana el Oficio nombrado hasta el final del turno.</text>
      <prop>
        <type>Backup - VII - AVALANCHE Operative</type>
        <manacost>3</manacost>
        <colors>Earth</colors>
        <pt>0</pt>
      </prop>
      <set picurl="https://fftcg.cdn.sewest.net/images/cards/full/18-062R_eg.jpg">Resurgence of Power</set>
      <tablerow>0</tablerow>
    </card>
    <card>
      <name>Hashmal (18-063C)</name>
      <text>Si lanzas Hashmal, puedes retirar del juego 10 cartas Tierra de tu Break Zone como coste adicional.
  Elige 1 Delantero que controlas. Este gana +7000 de poder hasta el final del turno. Si has pagado el coste adicional, todos los Delanteros que controlas ganan +7000 de poder hasta el final del turno en su lugar.</text>
      <prop>
        <type>Summon - XII</type>
        <manacost>1</manacost>
        <colors>Earth</colors>
        <pt>0</pt>
      </prop>
      <set picurl="https://fftcg.cdn.sewest.net/images/cards/full/18-063C_eg.jpg">Resurgence of Power</set>
      <tablerow>3</tablerow>
    </card>
    <card>
      <name>Geomancer (18-064C)</name>
      <text>(Earth), descarta Geomante: Coge 1 carta. Solo puedes usar esta habilidad si Geomante está en tu mano.</text>
      <prop>
        <type>Backup - XI - Standard Unit</type>
        <manacost>1</manacost>
        <colors>Earth</colors>
        <pt>0</pt>
      </prop>
      <set picurl="https://fftcg.cdn.sewest.net/images/cards/full/18-064C_eg.jpg">Resurgence of Power</set>
      <tablerow>0</tablerow>
    </card>
    <card>
      <name>Polk (18-065C)</name>
      <text>Cuando Polk entra al terreno de juego, elige 1 Oficio AVALANCHA de tu Break Zone. Añádela a tu mano.
  (1)(Dull), pon Polk en la Break Zone: Elige 1 Delantero. Este gana +2000 de poder hasta el final del turno.</text>
      <prop>
        <type>Backup - VII - AVALANCHE Operative</type>
        <manacost>3</manacost>
        <colors>Earth</colors>
        <pt>0</pt>
      </prop>
      <set picurl="https://fftcg.cdn.sewest.net/images/cards/full/18-065C_eg.jpg">Resurgence of Power</set>
      <tablerow>0</tablerow>
    </card>
    <card>
      <name>Beastmaster (18-066C)</name>
      <text>(Dull): Elige 1 Delantero. Este no puede atacar ni bloquear hasta el final del turno de tu oponente.</text>
      <prop>
        <type>Forward - FFEX - Standard Unit</type>
        <manacost>3</manacost>
        <colors>Earth</colors>
        <pt>7000</pt>
      </prop>
      <set picurl="https://fftcg.cdn.sewest.net/images/cards/full/18-066C_eg.jpg">Resurgence of Power</set>
      <tablerow>2</tablerow>
    </card>
    <card>
      <name>Yumcax (18-067C)</name>
      <text>Transporte 3 -- (Earth)(1)
  Si Yumcax recibe daño, el daño se reduce en 2000 en su lugar.
  Daños 3 -- Yumcax gana Bravura y "Cuando Yumcax pasa del terreno de juego a la Break Zone, coge 1 carta".</text>
      <prop>
        <type>Forward - XI - Naakual</type>
        <manacost>5</manacost>
        <colors>Earth</colors>
        <pt>9000</pt>
      </prop>
      <set picurl="https://fftcg.cdn.sewest.net/images/cards/full/18-067C_eg.jpg">Resurgence of Power</set>
      <tablerow>2</tablerow>
    </card>
    <card>
      <name>Rikku (18-068R)</name>
      <text>Los Apoyos Tierra que controlas pueden generar CP de cualquier elemento.
  Cuando lanzas un Delantero multielemento, elige 1 Delantero Tierra que no sea Nombre de la carta Rikku de tu Break Zone. Añádelo a tu mano. Este efecto solo se puede desencadenar una vez por turno.</text>
      <prop>
        <type>Forward - X - Gullwings</type>
        <manacost>3</manacost>
        <colors>Earth</colors>
        <pt>7000</pt>
      </prop>
      <set picurl="https://fftcg.cdn.sewest.net/images/cards/full/18-068R_eg.jpg">Resurgence of Power</set>
      <tablerow>2</tablerow>
    </card>
    <card>
      <name>Red Mage (18-069C)</name>
      <text>(Lightning), descarta Mago rojo: Coge 1 carta. Solo puedes usar esta habilidad si Mago rojo está en tu mano.</text>
      <prop>
        <type>Backup - XI - Standard Unit</type>
        <manacost>1</manacost>
        <colors>Lightning</colors>
        <pt>0</pt>
      </prop>
      <set picurl="https://fftcg.cdn.sewest.net/images/cards/full/18-069C_eg.jpg">Resurgence of Power</set>
      <tablerow>0</tablerow>
    </card>
    <card>
      <name>Aphmau (18-070C)</name>
      <text>Cuando Aphmau entra al terreno de juego, revela las 5 cartas de la parte superior de tu mazo. Añade 1 personaje de coste 2 o menos de entre ellas a tu mano y pon el resto en la parte inferior de tu mazo en el orden que quieras.
  Daños 3 -- (Lightning)(Dull), pon Aphmau en la Break Zone: Elige 1 Delantero de coste 2 o menos de tu Break Zone. Juégalo al terreno de juego. Solo puedes usar esta habilidad durante tu turno.</text>
      <prop>
        <type>Backup - XI - Puppetmaster</type>
        <manacost>3</manacost>
        <colors>Lightning</colors>
        <pt>0</pt>
      </prop>
      <set picurl="https://fftcg.cdn.sewest.net/images/cards/full/18-070C_eg.jpg">Resurgence of Power</set>
      <tablerow>0</tablerow>
    </card>
    <card>
      <name>August (18-071R)</name>
      <text>Durante este turno, si 3 o más Delanteros han abandonado el terreno de juego, el coste requerido para lanzar August se reduce en 6.
  Cuando August ataca, activa August. Hasta el final del turno, August gana "August puede atacar dos veces en el mismo turno". Este efecto solo se puede desencadenar una vez por turno.</text>
      <prop>
        <type>Forward - XI - King</type>
        <manacost>6</manacost>
        <colors>Lightning</colors>
        <pt>10000</pt>
      </prop>
      <set picurl="https://fftcg.cdn.sewest.net/images/cards/full/18-071R_eg.jpg">Resurgence of Power</set>
      <tablerow>2</tablerow>
    </card>
    <card>
      <name>Kam'lanaut (18-072C)</name>
      <text>Kam'lanaut no puede ser objetivo de una habilidad de un Delantero multielemento.
  Cuando Kam'lanaut ataca, elige 1 Delantero. Ponlo en dull.
  Daños 3 -- Kam'lanaut gana +1000 de poder.</text>
      <prop>
        <type>Forward - DFF · XI - Archduke</type>
        <manacost>4</manacost>
        <colors>Lightning</colors>
        <pt>8000</pt>
      </prop>
      <set picurl="https://fftcg.cdn.sewest.net/images/cards/full/18-072C_eg.jpg">Resurgence of Power</set>
      <tablerow>2</tablerow>
    </card>
    <card>
      <name>Garuda (III) (18-073H)</name>
      <text>Transporte 5 -- (Lightning)(Lightning)
  Cuando Garuda (III) entra al terreno de juego, rompe todos los Delanteros que no sean Garuda (III).</text>
      <prop>
        <type>Forward - III - Garuda</type>
        <manacost>10</manacost>
        <colors>Lightning</colors>
        <pt>9000</pt>
      </prop>
      <set picurl="https://fftcg.cdn.sewest.net/images/cards/full/18-073H_eg.jpg">Resurgence of Power</set>
      <tablerow>2</tablerow>
    </card>
    <card>
      <name>Gilgamesh (18-074L)</name>
      <text>Prisa
  Cuando Gilgamesh entra al terreno de juego, puedes retirar del juego tantas cartas como quieras de tu Break Zone. Cuando lo haces, elige 1 Delantero de coste igual o inferior al número de elementos entre las cartas retiradas. Rómpelo.
  Daños 3 -- Gilgamesh gana Bravura y "Gilgamesh puede atacar dos veces en el mismo turno".</text>
      <prop>
        <type>Forward - MOBIUS · VIII - Praetorian</type>
        <manacost>4</manacost>
        <colors>Lightning</colors>
        <pt>7000</pt>
      </prop>
      <set picurl="https://fftcg.cdn.sewest.net/images/cards/full/18-074L_eg.jpg">Resurgence of Power</set>
      <tablerow>2</tablerow>
    </card>
    <card>
      <name>Seifer (18-075R)</name>
      <text>Cuando Seifer entra al terreno de juego, puedes recibir 1 punto de daño. Cuando lo haces, elige 1 Delantero Categoría VIII que no sea Nombre de la carta Seifer de tu Break Zone. Añádelo a tu mano.
  Cuando recibes un punto de daño, elige 1 Delantero. Hasta el final del turno, este gana +2000 de poder y Prisa.</text>
      <prop>
        <type>Forward - VIII - SeeD Candidate</type>
        <manacost>3</manacost>
        <colors>Lightning</colors>
        <pt>7000</pt>
      </prop>
      <set picurl="https://fftcg.cdn.sewest.net/images/cards/full/18-075R_eg.jpg">Resurgence of Power</set>
      <tablerow>2</tablerow>
    </card>
    <card>
      <name>Cid Kramer (18-076C)</name>
      <text>Al pagar el coste para lanzar una carta Categoría VIII, si Cid Kramer está en el terreno de juego, Cid Kramer puede generar CP de cualquier elemento.</text>
      <prop>
        <type>Backup - VIII - Headmaster</type>
        <manacost>2</manacost>
        <colors>Lightning</colors>
        <pt>0</pt>
      </prop>
      <set picurl="https://fftcg.cdn.sewest.net/images/cards/full/18-076C_eg.jpg">Resurgence of Power</set>
      <tablerow>0</tablerow>
    </card>
    <card>
      <name>Cid Sophiar (18-077R)</name>
      <text>Damage 3 -- [EX BURST] Cuando Cid Sophiar entra al terreno de juego, elige 1 personaje de tu Break Zone. Añádelo a tu mano.</text>
      <prop>
        <type>Backup - XV - Engineer</type>
        <manacost>2</manacost>
        <colors>Lightning</colors>
        <pt>0</pt>
      </prop>
      <set picurl="https://fftcg.cdn.sewest.net/images/cards/full/18-077R_eg.jpg">Resurgence of Power</set>
      <tablerow>0</tablerow>
    </card>
    <card>
      <name>Cindy (18-078R)</name>
      <text>Prisa
  (Dull): Elige 1 Delantero controlado por tu oponente. Ponlo en dull. Si has recibido 4 o menos puntos de daño, Cindy te inflige 1 punto de daño.</text>
      <prop>
        <type>Forward - XV - Engineer</type>
        <manacost>2</manacost>
        <colors>Lightning</colors>
        <pt>4000</pt>
      </prop>
      <set picurl="https://fftcg.cdn.sewest.net/images/cards/full/18-078R_eg.jpg">Resurgence of Power</set>
      <tablerow>2</tablerow>
    </card>
    <card>
      <name>Fujin (18-079R)</name>
      <text>Si controlas una Nombre de la carta Seifer, Viento y el Delantero Nombre de la carta Seifer que controlas ganan +2000 de poder.
  Daños 3 -- Viento y el Delantero Nombre de la carta Seifer que controlas ganan +2000 de poder y "Este Delantero no puede ser objetivo de las Invocaciones de tu oponente".</text>
      <prop>
        <type>Forward - VIII - Disciplinary Committee Member</type>
        <manacost>2</manacost>
        <colors>Lightning</colors>
        <pt>5000</pt>
      </prop>
      <set picurl="https://fftcg.cdn.sewest.net/images/cards/full/18-079R_eg.jpg">Resurgence of Power</set>
      <tablerow>2</tablerow>
    </card>
    <card>
      <name>Hurkan (18-080C)</name>
      <text>Cuando Hurkan entra al terreno de juego, elige 1 Delantero de coste 5 o menos. Rómpelo.
  (Lightning)(Lightning)(3)(Dull), pon Hurkan en la Break Zone: Elige 1 Delantero de coste 5 o menos. Rómpelo.</text>
      <prop>
        <type>Backup - XI - Naakual</type>
        <manacost>6</manacost>
        <colors>Lightning</colors>
        <pt>0</pt>
      </prop>
      <set picurl="https://fftcg.cdn.sewest.net/images/cards/full/18-080C_eg.jpg">Resurgence of Power</set>
      <tablerow>0</tablerow>
    </card>
    <card>
      <name>Melusine (18-081H)</name>
      <text>Cuando Melusine entra al terreno de juego, elige 1 Delantero de coste 4 o menos. Pasas a controlarlo hasta el final del turno.
  (0): Hasta el final del turno, Melusine también pasa a ser un Delantero con 7000 de poder y "Cuando Melusine es objetivo de las Invocaciones o habilidades de tu oponente, si tu oponente no descarta 1 carta, cancela su efecto". Solo puedes usar esta habilidad una vez por turno.</text>
      <prop>
        <type>Monster - V - Fairy</type>
        <manacost>2</manacost>
        <colors>Lightning</colors>
        <pt>7000</pt>
      </prop>
      <set picurl="https://fftcg.cdn.sewest.net/images/cards/full/18-081H_eg.jpg">Resurgence of Power</set>
      <tablerow>1</tablerow>
    </card>
    <card>
      <name>Imitation Despot (18-082C)</name>
      <text>Si controlas 3 o más Oficio Siervo, el coste requerido para lanzar Déspota de imitación se reduce en 2.
  Cuando Déspota de imitación entra al terreno de juego, elige 1 Oficio Siervo que no sea Nombre de la carta Déspota de imitación de tu Break Zone. Añádela a tu mano.</text>
      <prop>
        <type>Forward - DFF - Manikin</type>
        <manacost>4</manacost>
        <colors>Lightning</colors>
        <pt>8000</pt>
      </prop>
      <set picurl="https://fftcg.cdn.sewest.net/images/cards/full/18-082C_eg.jpg">Resurgence of Power</set>
      <tablerow>2</tablerow>
    </card>
    <card>
      <name>Raijin (18-083R)</name>
      <text>Si controlas una Nombre de la carta Seifer, Trueno y el Delantero Nombre de la carta Seifer que controlas ganan +2000 de poder.
  Daños 3 -- Trueno y el Delantero Nombre de la carta Seifer que controlas ganan +2000 de poder y "Este Delantero no puede ser objetivo de las habilidades de tu oponente".</text>
      <prop>
        <type>Forward - VIII - Disciplinary Committee Member</type>
        <manacost>2</manacost>
        <colors>Lightning</colors>
        <pt>5000</pt>
      </prop>
      <set picurl="https://fftcg.cdn.sewest.net/images/cards/full/18-083R_eg.jpg">Resurgence of Power</set>
      <tablerow>2</tablerow>
    </card>
    <card>
      <name>Ramuh (18-084C)</name>
      <text>Si lanzas Lamú, puedes retirar del juego 10 cartas Rayo de tu Break Zone como coste adicional.
  Elige 1 Delantero. Inflígele 7000 puntos de daño. Si has pagado el coste adicional, inflígele 15000 puntos de daño en su lugar.</text>
      <prop>
        <type>Summon - VII</type>
        <manacost>2</manacost>
        <colors>Lightning</colors>
        <pt>0</pt>
      </prop>
      <set picurl="https://fftcg.cdn.sewest.net/images/cards/full/18-084C_eg.jpg">Resurgence of Power</set>
      <tablerow>3</tablerow>
    </card>
    <card>
      <name>Dragoon (18-085C)</name>
      <text>Cuando Caballero dragón entra al terreno de juego, puedes pagar (Lightning)(Lightning)(3). Cuando lo haces, elige 1 Delantero. Rómpelo.
  Daños 3 -- Caballero dragón gana +3000 de poder y Prisa.</text>
      <prop>
        <type>Forward - XI - Standard Unit</type>
        <manacost>2</manacost>
        <colors>Lightning</colors>
        <pt>5000</pt>
      </prop>
      <set picurl="https://fftcg.cdn.sewest.net/images/cards/full/18-085C_eg.jpg">Resurgence of Power</set>
      <tablerow>2</tablerow>
    </card>
    <card>
      <name>Ashe (18-086H)</name>
      <text>El coste requerido para lanzar Ashe se reduce en 1 por cada Apoyo Agua que controlas.
  [EX BURST] Cuando Ashe entra al terreno de juego, elige 1 Delantero. Hasta el final del turno, este pierde 2000 de poder por cada Apoyo Agua que controlas.</text>
      <prop>
        <type>Forward - XII - Queen</type>
        <manacost>6</manacost>
        <colors>Water</colors>
        <pt>9000</pt>
      </prop>
      <set picurl="https://fftcg.cdn.sewest.net/images/cards/full/18-086H_eg.jpg">Resurgence of Power</set>
      <tablerow>2</tablerow>
    </card>
    <card>
      <name>False Hero (18-087C)</name>
      <text>Puedes descartar 1 Oficio Siervo (en lugar de pagar su coste con CP) para lanzar Falso héroe.
  Los Delanteros Oficio Siervo que controlas que no sean Falso héroe ganan +2000 de poder.
</text>
      <prop>
        <type>Forward - DFF - Manikin</type>
        <manacost>3</manacost>
        <colors>Water</colors>
        <pt>7000</pt>
      </prop>
      <set picurl="https://fftcg.cdn.sewest.net/images/cards/full/18-087C_eg.jpg">Resurgence of Power</set>
      <tablerow>2</tablerow>
    </card>
    <card>
      <name>Ingrid (18-088R)</name>
      <text>Cuando Ingrid pasa del terreno de juego a la Break Zone, retira del juego todos los personajes de la Break Zone de tu oponente. Si se retiran del juego 5 o más cartas a causa de este efecto, coge 1 carta.</text>
      <prop>
        <type>Forward - XI - Exorcist</type>
        <manacost>2</manacost>
        <colors>Water</colors>
        <pt>5000</pt>
      </prop>
      <set picurl="https://fftcg.cdn.sewest.net/images/cards/full/18-088R_eg.jpg">Resurgence of Power</set>
      <tablerow>2</tablerow>
    </card>
    <card>
      <name>Echidna (18-089H)</name>
      <text>Cuando Equidna entra al terreno de juego, elige 1 Invocación de tu Break Zone. Añádela a tu mano.
  Descarta 1 Invocación: Hasta el final del turno, Equidna también pasa a ser un Delantero con 8000 de poder y "Cuando Equidna ataca o bloquea, coge 1 carta". Solo puedes usar esta habilidad una vez por turno.</text>
      <prop>
        <type>Monster - III - Echidna</type>
        <manacost>2</manacost>
        <colors>Water</colors>
        <pt>8000</pt>
      </prop>
      <set picurl="https://fftcg.cdn.sewest.net/images/cards/full/18-089H_eg.jpg">Resurgence of Power</set>
      <tablerow>1</tablerow>
    </card>
    <card>
      <name>Kalmia (18-090R)</name>
      <text>Las cartas de tu Break Zone no pueden ser objetivo de las Invocaciones o habilidades de tu oponente.
  Las Invocaciones o habilidades de tu oponente no pueden reducir el poder de los Delanteros que controlas.</text>
      <prop>
        <type>Backup - FFBE - Illumian Doctor</type>
        <manacost>3</manacost>
        <colors>Water</colors>
        <pt>0</pt>
      </prop>
      <set picurl="https://fftcg.cdn.sewest.net/images/cards/full/18-090R_eg.jpg">Resurgence of Power</set>
      <tablerow>0</tablerow>
    </card>
    <card>
      <name>Cloud of Darkness (18-091R)</name>
      <text>Cuando Nube de Oscuridad entra al terreno de juego, cada jugador selecciona 1 Delantero que controla. Después, pon en la Break Zone todos los Delanteros que no han sido seleccionados.</text>
      <prop>
        <type>Backup - DFF · III - Wraith</type>
        <manacost>6</manacost>
        <colors>Water</colors>
        <pt>0</pt>
      </prop>
      <set picurl="https://fftcg.cdn.sewest.net/images/cards/full/18-091R_eg.jpg">Resurgence of Power</set>
      <tablerow>0</tablerow>
    </card>
    <card>
      <name>Tchakka (18-092C)</name>
      <text>Los Delanteros de un elemento que no sea Agua pierden 1000 de poder.
  Cuando Tchakka ataca, todos los Delanteros controlados por tu oponente pierden 2000 de poder hasta el final del turno.</text>
      <prop>
        <type>Forward - XI - Naakual</type>
        <manacost>4</manacost>
        <colors>Water</colors>
        <pt>8000</pt>
      </prop>
      <set picurl="https://fftcg.cdn.sewest.net/images/cards/full/18-092C_eg.jpg">Resurgence of Power</set>
      <tablerow>2</tablerow>
    </card>
    <card>
      <name>Nerine (18-093R)</name>
      <text>Si controlas una Oficio Princesa, Nerine gana +2000 de poder.
  Cuando una Oficio Princesa entra a tu terreno de juego, coge 1 carta. Este efecto solo se puede desencadenar una vez por turno.</text>
      <prop>
        <type>Forward - FFBE - Princess's Body Double</type>
        <manacost>3</manacost>
        <colors>Water</colors>
        <pt>7000</pt>
      </prop>
      <set picurl="https://fftcg.cdn.sewest.net/images/cards/full/18-093R_eg.jpg">Resurgence of Power</set>
      <tablerow>2</tablerow>
    </card>
    <card>
      <name>Geomancer (18-094C)</name>
      <text>(Water), descarta Geomante: Coge 1 carta. Solo puedes usar esta habilidad si Geomante está en tu mano.</text>
      <prop>
        <type>Backup - XI - Standard Unit</type>
        <manacost>1</manacost>
        <colors>Water</colors>
        <pt>0</pt>
      </prop>
      <set picurl="https://fftcg.cdn.sewest.net/images/cards/full/18-094C_eg.jpg">Resurgence of Power</set>
      <tablerow>0</tablerow>
    </card>
    <card>
      <name>Rune Fencer (18-095C)</name>
      <text>Cuando Esgrimidor rúnico entra al terreno de juego, elige 1 Delantero. Este pierde 4000 de poder hasta el final del turno.
  Cuando Esgrimidor rúnico entra al terreno de juego, puedes pagar (Water)(Water)(1). Cuando lo haces, elige 1 Delantero. Este pierde 7000 de poder hasta el final del turno.</text>
      <prop>
        <type>Forward - XI - Standard Unit</type>
        <manacost>4</manacost>
        <colors>Water</colors>
        <pt>8000</pt>
      </prop>
      <set picurl="https://fftcg.cdn.sewest.net/images/cards/full/18-095C_eg.jpg">Resurgence of Power</set>
      <tablerow>2</tablerow>
    </card>
    <card>
      <name>Leviathan (18-096C)</name>
      <text>Si lanzas Leviatán, puedes retirar del juego 10 cartas Agua de tu Break Zone como coste adicional.
  Elige 1 habilidad de apoyo perteneciente a un Delantero. Cancela su efecto. Si has pagado el coste adicional y ese Delantero está en el terreno de juego, devuelve ese Delantero a la mano de su propietario.</text>
      <prop>
        <type>Summon - FFEX</type>
        <manacost>3</manacost>
        <colors>Water</colors>
        <pt>0</pt>
      </prop>
      <set picurl="https://fftcg.cdn.sewest.net/images/cards/full/18-096C_eg.jpg">Resurgence of Power</set>
      <tablerow>3</tablerow>
    </card>
    <card>
      <name>Rinoa (18-097R)</name>
      <text>Transporte 2 -- (Water)
  Cuando Rinoa entra al terreno de juego, puedes pagar (X). Cuando lo haces, elige 1 Delantero de coste X o menos. Ponlo en la Break Zone.
  Cañón Angelo (S), revela 1 Delantero de tu mano: Elige 1 Delantero. Inflígele daño equivalente al poder del Delantero revelado.</text>
      <prop>
        <type>Forward - DFF · VIII - Resistance Fighter</type>
        <manacost>3</manacost>
        <colors>Water</colors>
        <pt>7000</pt>
      </prop>
      <set picurl="https://fftcg.cdn.sewest.net/images/cards/full/18-097R_eg.jpg">Resurgence of Power</set>
      <tablerow>2</tablerow>
    </card>
    <card>
      <name>Lunafreya (18-098R)</name>
      <text>Transporte 4 -- (Water)(Water)
  Cuando Lunafreya entra al terreno de juego, coge 2 cartas.
  Cuando Lunafreya entra al terreno de juego a causa de Transporte, coge 1 carta.</text>
      <prop>
        <type>Forward - XV - Oracle</type>
        <manacost>7</manacost>
        <colors>Water</colors>
        <pt>5000</pt>
      </prop>
      <set picurl="https://fftcg.cdn.sewest.net/images/cards/full/18-098R_eg.jpg">Resurgence of Power</set>
      <tablerow>2</tablerow>
    </card>
    <card>
      <name>Leo (18-099C)</name>
      <text>[EX BURST] Cuando Leo entra al terreno de juego, elige 1 Delantero. Devuélvelo a la mano de su propietario. Si controlas 2 o más Oficio Soldado, ponlo en la parte superior del mazo de su propietario en su lugar.</text>
      <prop>
        <type>Backup - FFCC - King</type>
        <manacost>4</manacost>
        <colors>Water</colors>
        <pt>0</pt>
      </prop>
      <set picurl="https://fftcg.cdn.sewest.net/images/cards/full/18-099C_eg.jpg">Resurgence of Power</set>
      <tablerow>0</tablerow>
    </card>
    <card>
      <name>Lenna (18-100L)</name>
      <text>Las cartas de tu Break Zone no pueden ser retiradas del juego por las Invocaciones o habilidades de tu oponente.
  Retira del juego 12 cartas Agua de la Break Zone: Elige 1 Delantero Agua de tu Break Zone. Juégalo al terreno de juego. Solo puedes usar esta habilidad durante tu turno.</text>
      <prop>
        <type>Forward - V - Princess/Warrior of Light</type>
        <manacost>3</manacost>
        <colors>Water</colors>
        <pt>7000</pt>
      </prop>
      <set picurl="https://fftcg.cdn.sewest.net/images/cards/full/18-100L_eg.jpg">Resurgence of Power</set>
      <tablerow>2</tablerow>
    </card>
    <card>
      <name>Lenne (18-101C)</name>
      <text>(1)(Dull): Coge 1 carta. Solo puedes usar esta habilidad si has lanzado una Invocación este turno y solo una vez por turno.</text>
      <prop>
        <type>Backup - X - Summoner</type>
        <manacost>2</manacost>
        <colors>Water</colors>
        <pt>0</pt>
      </prop>
      <set picurl="https://fftcg.cdn.sewest.net/images/cards/full/18-101C_eg.jpg">Resurgence of Power</set>
      <tablerow>0</tablerow>
    </card>
    <card>
      <name>Wakka (18-102C)</name>
      <text>[EX BURST] Cuando Wakka entra al terreno de juego, revela las 3 cartas de la parte superior de tu mazo. Añade 1 carta Agua o Categoría X de entre ellas a tu mano y pon el resto en la parte inferior de tu mazo en el orden que quieras.</text>
      <prop>
        <type>Backup - X - Blitzballer</type>
        <manacost>3</manacost>
        <colors>Water</colors>
        <pt>0</pt>
      </prop>
      <set picurl="https://fftcg.cdn.sewest.net/images/cards/full/18-102C_eg.jpg">Resurgence of Power</set>
      <tablerow>0</tablerow>
    </card>
    <card>
      <name>Elena (FFBE) (18-103H)</name>
      <text>Bravura
  (Dull): Elena (FFBE) gana +3000 de poder hasta el final del turno.
  (1)(Dull): Coge 1 carta. Solo puedes usar esta habilidad una vez por turno.
  (3)(Dull): Tu oponente revela su mano. Selecciona 1 carta de su mano. Tu oponente descarta esa carta. Solo puedes usar esta habilidad durante tu turno.</text>
      <prop>
        <type>Forward - FFBE - Warrior of the Crystal</type>
        <manacost>1</manacost>
        <colors>Light</colors>
        <pt>5000</pt>
      </prop>
      <set picurl="https://fftcg.cdn.sewest.net/images/cards/full/18-103H_eg.jpg">Resurgence of Power</set>
      <tablerow>2</tablerow>
    </card>
    <card>
      <name>Squall (18-104H)</name>
      <text>Si controlas 2 o más personajes Categoría VIII, el coste requerido para lanzar Squall se reduce en 2.
  Cuando Squall entra al terreno de juego o ataca, elige 1 personaje. Ponlo en dull y congélalo. Todos los Delanteros que controlas ganan +1000 de poder hasta el final del turno.</text>
      <prop>
        <type>Forward - DFF · VIII - SeeD Candidate</type>
        <manacost>4</manacost>
        <colors>Light</colors>
        <pt>8000</pt>
      </prop>
      <set picurl="https://fftcg.cdn.sewest.net/images/cards/full/18-104H_eg.jpg">Resurgence of Power</set>
      <tablerow>2</tablerow>
    </card>
    <card>
      <name>Ultimecia (18-105H)</name>
      <text>El coste requerido para lanzar cartas que no sean Apoyos aumenta en 1 para todos los jugadores.
  Daños 5 -- El coste requerido para lanzar cartas que no sean Apoyos aumenta en 1 para tu oponente.
  Veredicto infernal (S)(3)(Dull): Todos los Delanteros que no sean Artemisa pierden 8000 de poder hasta el final del turno.</text>
      <prop>
        <type>Forward - VIII - Witch</type>
        <manacost>4</manacost>
        <colors>Dark</colors>
        <pt>9000</pt>
      </prop>
      <set picurl="https://fftcg.cdn.sewest.net/images/cards/full/18-105H_eg.jpg">Resurgence of Power</set>
      <tablerow>2</tablerow>
    </card>
    <card>
      <name>Sol (FFBE) (18-106H)</name>
      <text>Al principio de la Attack Phase durante el turno de cada jugador, selecciona 1 de las siguientes 3 acciones. Si has recibido 5 o más puntos de daño, selecciona hasta 3 de las siguientes 3 acciones en su lugar.
  "Hasta el final del turno, todos los Delanteros que controlas ganan +1000 de poder y Bravura." "Todos los Delanteros controlados por tu oponente pierden 2000 de poder hasta el final del turno." "Durante este turno, tu oponente no puede lanzar Invocaciones."</text>
      <prop>
        <type>Forward - FFBE - Sage of Hess</type>
        <manacost>3</manacost>
        <colors>Dark</colors>
        <pt>9000</pt>
      </prop>
      <set picurl="https://fftcg.cdn.sewest.net/images/cards/full/18-106H_eg.jpg">Resurgence of Power</set>
      <tablerow>2</tablerow>
    </card>
    <card>
      <name>Akstar (18-107L)</name>
      <text><p>Cuando Akstar entra al terreno de juego, pon en dull y congela todos los Delanteros que no sean de coste 3.
Cuando Akstar entra al terreno de juego, puedes jugar 1 Delantero Fuego o Frío de coste 3 o menos de tu mano al terreno de juego.
Cuando Akstar entra al terreno de juego o ataca, elige 1 Delantero controlado por tu oponente. Inflígele 3000 puntos de daño por cada Delantero de coste 3 que controlas.</p>
</text>
      <prop>
        <type>Forward - FFBE - Warrior</type>
        <manacost>3</manacost>
        <colors>Fire, Ice</colors>
        <pt>8000</pt>
      </prop>
      <set picurl="https://fftcg.cdn.sewest.net/images/cards/full/18-107L_eg.jpg">Resurgence of Power</set>
      <tablerow>2</tablerow>
    </card>
    <card>
      <name>Caius (18-108H)</name>
      <text>Bravura
  Cuando Caius entra al terreno de juego, descarta tu mano.
  Cuando Caius ataca, selecciona 1 de las siguientes 2 acciones.
  "Tu oponente descarta 1 carta."
  "Caius gana 'Si Caius inflige daño a un Delantero o a tu oponente, duplica el daño en su lugar' hasta el final del turno."</text>
      <prop>
        <type>Forward - DFF · XIII - Guardian of the Seeress</type>
        <manacost>2</manacost>
        <colors>Fire, Ice</colors>
        <pt>9000</pt>
      </prop>
      <set picurl="https://fftcg.cdn.sewest.net/images/cards/full/18-108H_eg.jpg">Resurgence of Power</set>
      <tablerow>2</tablerow>
    </card>
    <card>
      <name>Snow (18-109C)</name>
      <text>Cuando Snow entra al terreno de juego o ataca, revela las 2 cartas de la parte superior de tu mazo. Retira del juego 1 carta Categoría XIII de entre ellas y pon el resto en la parte inferior de tu mazo en el orden que quieras. Puedes lanzarla en cualquier momento en el que normalmente sería posible lanzarla este turno.
  Daños 3 -- Snow gana +3000 de poder y Prisa.</text>
      <prop>
        <type>Forward - PICTLOGICA · XIII - L'Cie</type>
        <manacost>2</manacost>
        <colors>Fire, Ice</colors>
        <pt>5000</pt>
      </prop>
      <set picurl="https://fftcg.cdn.sewest.net/images/cards/full/18-109C_eg.jpg">Resurgence of Power</set>
      <tablerow>2</tablerow>
    </card>
    <card>
      <name>Xande (18-110H)</name>
      <text>Cuando Zande entra al terreno de juego, elige un número de Delanteros controlados por tu oponente menor o igual al número de personajes que han pasado de tu terreno de juego a la Break Zone durante este turno. Inflígeles 9000 puntos de daño.
  (Fire)(Earth), pon 5 Apoyos en la Break Zone: Juega Zande al terreno de juego. Solo puedes usar esta habilidad durante tu turno y si Zande está en la Break Zone.</text>
      <prop>
        <type>Forward - III - Dark Lord</type>
        <manacost>4</manacost>
        <colors>Fire, Earth</colors>
        <pt>8000</pt>
      </prop>
      <set picurl="https://fftcg.cdn.sewest.net/images/cards/full/18-110H_eg.jpg">Resurgence of Power</set>
      <tablerow>2</tablerow>
    </card>
    <card>
      <name>Basch (18-111L)</name>
      <text>Cuando Basch entra al terreno de juego, puedes recibir 1 punto de daño. Cuando lo haces, busca 1 personaje Fuego o Tierra que no sea Nombre de la carta Basch y añádelo a tu mano.
  Daños 3 -- Basch gana +1000 de poder y Bravura.
  Daños 5 -- Cuando Basch ataca, elige 1 Delantero controlado por tu oponente. Inflígele 8000 puntos de daño.</text>
      <prop>
        <type>Forward - XII - Judge</type>
        <manacost>3</manacost>
        <colors>Fire, Earth</colors>
        <pt>7000</pt>
      </prop>
      <set picurl="https://fftcg.cdn.sewest.net/images/cards/full/18-111L_eg.jpg">Resurgence of Power</set>
      <tablerow>2</tablerow>
    </card>
    <card>
      <name>Leon (18-112C)</name>
      <text>Bravura
  Cuando Leon entra al terreno de juego, Leon te inflige 1 punto de daño.</text>
      <prop>
        <type>Forward - DFF · II - Warrior/Rebel</type>
        <manacost>2</manacost>
        <colors>Fire, Earth</colors>
        <pt>9000</pt>
      </prop>
      <set picurl="https://fftcg.cdn.sewest.net/images/cards/full/18-112C_eg.jpg">Resurgence of Power</set>
      <tablerow>2</tablerow>
    </card>
    <card>
      <name>Cid Haze (18-113H)</name>
      <text>Cuando Cid Haze entra al terreno de juego, durante este turno, el coste requerido para lanzar tu próxima carta se reduce en 2.
  Al principio de la Attack Phase durante cada uno de tus turnos, elige 2 personajes controlados por tu oponente. Si has lanzado 3 o más cartas este turno, ponlos en dull y congélalos.</text>
      <prop>
        <type>Forward - III - Engineer</type>
        <manacost>3</manacost>
        <colors>Ice, Wind</colors>
        <pt>7000</pt>
      </prop>
      <set picurl="https://fftcg.cdn.sewest.net/images/cards/full/18-113H_eg.jpg">Resurgence of Power</set>
      <tablerow>2</tablerow>
    </card>
    <card>
      <name>Maria (18-114C)</name>
      <text>Cuando María pasa del terreno de juego a la Break Zone, selecciona 1 de las siguientes 2 acciones.
  "Tu oponente revela su mano. Selecciona 1 carta de su mano. Tu oponente descarta esa carta."
  "Activa todos los personajes que controlas."</text>
      <prop>
        <type>Forward - DFF · II - Warrior/Rebel</type>
        <manacost>2</manacost>
        <colors>Ice, Wind</colors>
        <pt>6000</pt>
      </prop>
      <set picurl="https://fftcg.cdn.sewest.net/images/cards/full/18-114C_eg.jpg">Resurgence of Power</set>
      <tablerow>2</tablerow>
    </card>
    <card>
      <name>Melvien (18-115L)</name>
      <text>Transporte 1 -- (Ice)(Wind)
  Cuando Melvien entra al terreno de juego, elige hasta 2 Apoyos y hasta 2 Apoyos más. Activa los primeros y congela los segundos.
  Cuando Melvien pasa del terreno de juego a la Break Zone, puedes retirar Melvien del juego. Cuando lo haces, pon 2 Contadores Transporte sobre Melvien.</text>
      <prop>
        <type>Forward - XI - Minister of Finance</type>
        <manacost>4</manacost>
        <colors>Ice, Wind</colors>
        <pt>8000</pt>
      </prop>
      <set picurl="https://fftcg.cdn.sewest.net/images/cards/full/18-115L_eg.jpg">Resurgence of Power</set>
      <tablerow>2</tablerow>
    </card>
    <card>
      <name>Sephiroth (18-116L)</name>
      <text>Ataque furtivo
  Cuando Sefirot entra al terreno de juego, elige 1 Delantero en dull controlado por tu oponente. Rómpelo.
  Cuando Sefirot ataca, selecciona 1 de las siguientes 2 acciones.
  "Tu oponente descarta 1 carta."
  "Elige 1 Delantero de coste 2 o menos. Rómpelo."</text>
      <prop>
        <type>Forward - VII - War Hero</type>
        <manacost>4</manacost>
        <colors>Ice, Lightning</colors>
        <pt>8000</pt>
      </prop>
      <set picurl="https://fftcg.cdn.sewest.net/images/cards/full/18-116L_eg.jpg">Resurgence of Power</set>
      <tablerow>2</tablerow>
    </card>
    <card>
      <name>Lightning (18-117H)</name>
      <text>Prisa
  (1): Elige 1 Delantero. Ponlo en dull. Solo puedes usar esta habilidad mientras Lightning está atacando.
  (Ice)(Lightning): Elige 1 Delantero en dull. Rómpelo. Solo puedes usar esta habilidad mientras Lightning está atacando.
  (1)(Dull): Tu oponente descarta 1 carta. Solo puedes usar esta habilidad durante tu turno y solo una vez por turno.</text>
      <prop>
        <type>Forward - XIII - Savior</type>
        <manacost>4</manacost>
        <colors>Ice, Lightning</colors>
        <pt>8000</pt>
      </prop>
      <set picurl="https://fftcg.cdn.sewest.net/images/cards/full/18-117H_eg.jpg">Resurgence of Power</set>
      <tablerow>2</tablerow>
    </card>
    <card>
      <name>Laguna (18-118C)</name>
      <text>Cuando Laguna entra al terreno de juego o ataca, selecciona 1 de las siguientes 2 acciones.
  "Elige 1 Delantero activo. Inflígele 5000 puntos de daño."
  "Elige 1 Delantero. Ponlo en dull."
  Haz satelital (S)(Ice)(Lightning): Elige 1 Delantero. Inflígele 9000 puntos de daño.</text>
      <prop>
        <type>Forward - PICTLOGICA · VIII - Marksman</type>
        <manacost>5</manacost>
        <colors>Ice, Lightning</colors>
        <pt>9000</pt>
      </prop>
      <set picurl="https://fftcg.cdn.sewest.net/images/cards/full/18-118C_eg.jpg">Resurgence of Power</set>
      <tablerow>2</tablerow>
    </card>
    <card>
      <name>Chelinka (18-119C)</name>
      <text>Cuando Chelinka entra al terreno de juego, elige 1 Monstruo controlado por tu oponente. Rómpelo.</text>
      <prop>
        <type>Forward - FFCC - Lay Crystal User</type>
        <manacost>2</manacost>
        <colors>Wind, Earth</colors>
        <pt>7000</pt>
      </prop>
      <set picurl="https://fftcg.cdn.sewest.net/images/cards/full/18-119C_eg.jpg">Resurgence of Power</set>
      <tablerow>2</tablerow>
    </card>
    <card>
      <name>Tifa (18-120H)</name>
      <text>Si Tifa recibe daño, el daño se reduce en 2000 en su lugar.
  Cuando Tifa entra al terreno de juego, puedes pagar (2). Cuando lo haces, elige 1 Delantero controlado por tu oponente. Tifa y el Delantero elegido infligen al otro daño equivalente a su poder.
  Ataque de meteoro (S)(Wind)(Earth)(2): Elige hasta 3 Delanteros. Inflígeles 8000 puntos de daño.</text>
      <prop>
        <type>Forward - DFF · VII - Martial Artist</type>
        <manacost>3</manacost>
        <colors>Wind, Earth</colors>
        <pt>8000</pt>
      </prop>
      <set picurl="https://fftcg.cdn.sewest.net/images/cards/full/18-120H_eg.jpg">Resurgence of Power</set>
      <tablerow>2</tablerow>
    </card>
    <card>
      <name>Fran (18-121L)</name>
      <text>Si controlas una Nombre de la carta Balthier, Fran gana +1000 de poder y Bravura.
  Cuando Fran entra al terreno de juego o ataca, puedes jugar 1 personaje Categoría XII de coste 4 o menos de tu mano al terreno de juego.</text>
      <prop>
        <type>Forward - XII - Sky Pirate</type>
        <manacost>3</manacost>
        <colors>Wind, Earth</colors>
        <pt>8000</pt>
      </prop>
      <set picurl="https://fftcg.cdn.sewest.net/images/cards/full/18-121L_eg.jpg">Resurgence of Power</set>
      <tablerow>2</tablerow>
    </card>
    <card>
      <name>Vanille (18-122H)</name>
      <text>Pon en dull Vanille activa: Elige 1 habilidad de apoyo de tu oponente. Si tu oponente no paga (2), cancela su efecto.
  (Dull), pon Vanille en la Break Zone: Elige 1 Apoyo de tu Break Zone. Añádelo a tu mano.</text>
      <prop>
        <type>Forward - DFF · XIII - L'Cie</type>
        <manacost>2</manacost>
        <colors>Earth, Lightning</colors>
        <pt>5000</pt>
      </prop>
      <set picurl="https://fftcg.cdn.sewest.net/images/cards/full/18-122H_eg.jpg">Resurgence of Power</set>
      <tablerow>2</tablerow>
    </card>
    <card>
      <name>Sonon (18-123L)</name>
      <text>Ataque furtivo
  Puedes retirar del juego 1 Apoyo Tierra que controlas y 1 Apoyo Rayo que controlas (en lugar de pagar su coste con CP) para lanzar Sonon.
  [EX BURST] Cuando Sonon entra al terreno de juego, elige 1 Delantero y hasta 1 Delantero más. Hasta el final del turno, el primero gana +5000 de poder y el segundo pierde 5000 de poder.</text>
      <prop>
        <type>Forward - VII - Warrior</type>
        <manacost>4</manacost>
        <colors>Earth, Lightning</colors>
        <pt>8000</pt>
      </prop>
      <set picurl="https://fftcg.cdn.sewest.net/images/cards/full/18-123L_eg.jpg">Resurgence of Power</set>
      <tablerow>2</tablerow>
    </card>
    <card>
      <name>Billy Bob (18-124C)</name>
      <text>Cuando Billy Bob entra al terreno de juego, elige 1 Delantero que no sea Nombre de la carta Billy Bob de tu Break Zone. Añádelo a tu mano.</text>
      <prop>
        <type>Forward - VII - AVALANCHE Operative</type>
        <manacost>3</manacost>
        <colors>Earth, Lightning</colors>
        <pt>8000</pt>
      </prop>
      <set picurl="https://fftcg.cdn.sewest.net/images/cards/full/18-124C_eg.jpg">Resurgence of Power</set>
      <tablerow>2</tablerow>
    </card>
    <card>
      <name>Onion Knight (18-125H)</name>
      <text>Cuando Caballero cebolla entra al terreno de juego, selecciona 1 de las siguientes 2 acciones.
  "Elige 1 Delantero dañado. Rómpelo."
  "Elige 1 Delantero controlado por tu oponente. Devuélvelo a la mano de su propietario."
  Cuando Caballero cebolla pasa del terreno de juego a la Break Zone, puedes pagar (1). Cuando lo haces, busca 1 Nombre de la carta Caballero cebolla y juégala al terreno de juego.</text>
      <prop>
        <type>Forward - DFF · III - Onion Knight/Warrior of Light</type>
        <manacost>3</manacost>
        <colors>Lightning, Water</colors>
        <pt>8000</pt>
      </prop>
      <set picurl="https://fftcg.cdn.sewest.net/images/cards/full/18-125H_eg.jpg">Resurgence of Power</set>
      <tablerow>2</tablerow>
    </card>
    <card>
      <name>Lightning (18-126L)</name>
      <text>Prisa 
  Cuando Lightning entra al terreno de juego, elige 1 Delantero controlado por tu oponente. Ponlo en dull. Coge 1 carta.
  (Lightning)(Water), retira del juego 1 Nombre de la carta Lightning y 1 Nombre de la carta Odín de la Break Zone: Juega Lightning al terreno de juego. Solo puedes usar esta habilidad durante tu turno y si Lightning está en la Break Zone.</text>
      <prop>
        <type>Forward - XIII - Savior</type>
        <manacost>2</manacost>
        <colors>Lightning, Water</colors>
        <pt>7000</pt>
      </prop>
      <set picurl="https://fftcg.cdn.sewest.net/images/cards/full/18-126L_eg.jpg">Resurgence of Power</set>
      <tablerow>2</tablerow>
    </card>
    <card>
      <name>Lilisette (18-127C)</name>
      <text>Cuando Lilisette entra al terreno de juego, elige 1 Delantero de coste 2 o menos controlado por tu oponente. Ponlo en la Break Zone.
  Baile sensual (S)(Dull): Todos los Delanteros controlados por tu oponente pierden 4000 de poder hasta el final del turno.</text>
      <prop>
        <type>Forward - XI - Dancer</type>
        <manacost>2</manacost>
        <colors>Lightning, Water</colors>
        <pt>5000</pt>
      </prop>
      <set picurl="https://fftcg.cdn.sewest.net/images/cards/full/18-127C_eg.jpg">Resurgence of Power</set>
      <tablerow>2</tablerow>
    </card>
    <card>
      <name>Arciela (18-128H)</name>
      <text>Al principio de la Attack Phase durante cada uno de tus turnos, puedes revelar tantas cartas como quieras de tu mano. Cuando revelas 3 o más cartas Fuego, elige 1 Delantero. Inflígele 7000 puntos de daño. Cuando revelas 3 o más cartas Agua, coge 1 carta. (Si revelas 3 o más cartas de cada elemento, se desencadenan ambos efectos.)</text>
      <prop>
        <type>Forward - XI - Red Mage</type>
        <manacost>3</manacost>
        <colors>Water, Fire</colors>
        <pt>7000</pt>
      </prop>
      <set picurl="https://fftcg.cdn.sewest.net/images/cards/full/18-128H_eg.jpg">Resurgence of Power</set>
      <tablerow>2</tablerow>
    </card>
    <card>
      <name>Jecht (18-129C)</name>
      <text>(Fire)(Water): Hasta el final del turno, Jecht gana Prisa, Iniciativa y Bravura. Solo puedes usar esta habilidad durante tu turno.
  Rayo de Jecht (S)(Dull): Elige 1 Delantero. Inflígele 8000 puntos de daño.</text>
      <prop>
        <type>Forward - DFF · X - Guardian</type>
        <manacost>4</manacost>
        <colors>Water, Fire</colors>
        <pt>9000</pt>
      </prop>
      <set picurl="https://fftcg.cdn.sewest.net/images/cards/full/18-129C_eg.jpg">Resurgence of Power</set>
      <tablerow>2</tablerow>
    </card>
    <card>
      <name>Firion (18-130L)</name>
      <text>Si controlas 5 o más personajes, Firion gana Prisa y "Cuando Firion ataca, coge 1 carta".
  Descarta 1 carta: Si la carta descartada es del elemento Fuego, hasta el final del turno, Firion gana +2000 de poder e Iniciativa. Si la carta descartada es del elemento Agua, Firion gana +2000 de poder hasta el final del turno y activa Firion.</text>
      <prop>
        <type>Forward - DFF · II - Warrior/Rebel</type>
        <manacost>2</manacost>
        <colors>Water, Fire</colors>
        <pt>5000</pt>
      </prop>
      <set picurl="https://fftcg.cdn.sewest.net/images/cards/full/18-130L_eg.jpg">Resurgence of Power</set>
      <tablerow>2</tablerow>
    </card>
    <card>
      <name>Iedolas (18-131S)</name>
      <text>Cuando Iedolas entra al terreno de juego, elige 1 Delantero Fuego de coste 4 o menos de tu Break Zone. Juégalo al terreno de juego.
  (Dull), pon Iedolas en la Break Zone: Elige 1 Delantero. Inflígele 7000 puntos de daño.</text>
      <prop>
        <type>Backup - XV - Emperor</type>
        <manacost>6</manacost>
        <colors>Fire</colors>
        <pt>0</pt>
      </prop>
      <set picurl="https://fftcg.cdn.sewest.net/images/cards/full/18-131S_eg.jpg">Resurgence of Power</set>
      <tablerow>0</tablerow>
    </card>
    <card>
      <name>Ravus (18-132S)</name>
      <text>Cuando Ravus entra al terreno de juego, puedes retirar del juego 2 Oficio Capitán de tu Break Zone. Cuando lo haces, elige 1 Delantero. Inflígele 10000 puntos de daño.
  Daños 3 -- Ravus gana +1000 de poder.</text>
      <prop>
        <type>Forward - XV - Captain</type>
        <manacost>4</manacost>
        <colors>Fire</colors>
        <pt>8000</pt>
      </prop>
      <set picurl="https://fftcg.cdn.sewest.net/images/cards/full/18-132S_eg.jpg">Resurgence of Power</set>
      <tablerow>2</tablerow>
    </card>
    <card>
      <name>Ignis (18-133S)</name>
      <text>Las Nombre de la carta Noctis, Nombre de la carta Gladiolus y Nombre de la carta Prompto que controlas ganan "Este personaje no puede ser objetivo de las habilidades de tu oponente".
  Cuando Ignis o una Nombre de la carta Noctis que controlas ataca, activa todos los personajes que controlas.</text>
      <prop>
        <type>Forward - XV - Retainer</type>
        <manacost>4</manacost>
        <colors>Wind</colors>
        <pt>8000</pt>
      </prop>
      <set picurl="https://fftcg.cdn.sewest.net/images/cards/full/18-133S_eg.jpg">Resurgence of Power</set>
      <tablerow>2</tablerow>
    </card>
    <card>
      <name>Prompto (18-134S)</name>
      <text>Si controlas una Nombre de la carta Noctis, Prompto gana +3000 de poder y Prisa.
  Cuando Prompto ataca, si controlas una Nombre de la carta Ignis y Nombre de la carta Gladiolus, coge 2 cartas.
  Daños 3 -- Cuando Prompto entra al terreno de juego, puedes buscar 1 Nombre de la carta Noctis, Nombre de la carta Ignis o Nombre de la carta Gladiolus y añadirla a tu mano.</text>
      <prop>
        <type>Forward - XV - Retainer</type>
        <manacost>2</manacost>
        <colors>Wind</colors>
        <pt>5000</pt>
      </prop>
      <set picurl="https://fftcg.cdn.sewest.net/images/cards/full/18-134S_eg.jpg">Resurgence of Power</set>
      <tablerow>2</tablerow>
    </card>
    <card>
      <name>Gladiolus (18-135S)</name>
      <text>Si controlas una Nombre de la carta Noctis, el coste requerido para lanzar Gladiolus se reduce en 3.
  Si Gladiolus inflige daño a un Delantero, el daño aumenta en 2000 en su lugar.
  Daños 3 -- Gladiolus gana +1000 de poder y Bravura.</text>
      <prop>
        <type>Forward - XV - Retainer</type>
        <manacost>5</manacost>
        <colors>Earth</colors>
        <pt>9000</pt>
      </prop>
      <set picurl="https://fftcg.cdn.sewest.net/images/cards/full/18-135S_eg.jpg">Resurgence of Power</set>
      <tablerow>2</tablerow>
    </card>
    <card>
      <name>Titan (18-136S)</name>
      <text>Si lanzas Titán, puedes retirar del juego 1 Delantero de tu Break Zone como coste adicional.
  Elige 1 Delantero. Inflígele daño equivalente al poder del Delantero que has retirado como coste adicional.</text>
      <prop>
        <type>Summon - XV</type>
        <manacost>3</manacost>
        <colors>Earth</colors>
        <pt>0</pt>
      </prop>
      <set picurl="https://fftcg.cdn.sewest.net/images/cards/full/18-136S_eg.jpg">Resurgence of Power</set>
      <tablerow>3</tablerow>
    </card>
    <card>
      <name>Aranea (18-137S)</name>
      <text>Prisa Iniciativa
  [EX BURST] Cuando Aranea entra al terreno de juego, elige 1 Delantero de coste 3 o menos controlado por tu oponente. Rómpelo.
  Daños 5 -- Cuando Aranea entra al terreno de juego, elige 1 Delantero de coste 5 o menos controlado por tu oponente. Rómpelo.</text>
      <prop>
        <type>Forward - XV - Dragoon</type>
        <manacost>6</manacost>
        <colors>Lightning</colors>
        <pt>9000</pt>
      </prop>
      <set picurl="https://fftcg.cdn.sewest.net/images/cards/full/18-137S_eg.jpg">Resurgence of Power</set>
      <tablerow>2</tablerow>
    </card>
    <card>
      <name>Glauca (18-138S)</name>
      <text>Cuando Glauca pasa del terreno de juego a la Break Zone, puedes buscar 2 Oficio Capitán con distintos nombres y añadirlas a tu mano.
  (Dull), pon Glauca en la Break Zone: Elige hasta 2 Delanteros. Ponlos en dull.</text>
      <prop>
        <type>Forward - XV - Captain</type>
        <manacost>3</manacost>
        <colors>Lightning</colors>
        <pt>7000</pt>
      </prop>
      <set picurl="https://fftcg.cdn.sewest.net/images/cards/full/18-138S_eg.jpg">Resurgence of Power</set>
      <tablerow>2</tablerow>
    </card>
    <card>
      <name>Noctis (18-139S)</name>
      <text>[EX BURST] Cuando Noctis entra al terreno de juego, puedes buscar 1 Oficio Paje y añadirla a tu mano.
  Cuando un Delantero Aire o Tierra que no sea Noctis entra a tu terreno de juego, elige 1 Delantero controlado por tu oponente. El Delantero que ha entrado al terreno de juego inflige un daño igual a su poder al Delantero elegido. Este efecto solo se puede desencadenar una vez por turno.</text>
      <prop>
        <type>Forward - XV - Prince</type>
        <manacost>4</manacost>
        <colors>Wind, Earth</colors>
        <pt>7000</pt>
      </prop>
      <set picurl="https://fftcg.cdn.sewest.net/images/cards/full/18-139S_eg.jpg">Resurgence of Power</set>
      <tablerow>2</tablerow>
    </card>
    <card>
      <name>Ardyn (18-140S)</name>
      <text>Bravura
  Cuando un Delantero pasa del terreno de juego a la Break Zone, durante este turno, el coste requerido para lanzar tu próximo Delantero se reduce en 5 (no puede ser 0). Este efecto solo se puede desencadenar una vez por turno.
  Edicto espectral (S)(Fire)(Lightning)(Dull): Elige 1 Delantero. Este pierde todas sus habilidades hasta el final del turno. Rómpelo.</text>
      <prop>
        <type>Forward - XV - Chief Minister</type>
        <manacost>4</manacost>
        <colors>Lightning, Fire</colors>
        <pt>9000</pt>
      </prop>
      <set picurl="https://fftcg.cdn.sewest.net/images/cards/full/18-140S_eg.jpg">Resurgence of Power</set>
      <tablerow>2</tablerow>
    </card>
    <card>
      <name> (C-006)</name>
      <text></text>
      <prop>
        <type>Crystal - XI</type>
        <manacost>0</manacost>
        <colors></colors>
        <pt>0</pt>
      </prop>
      <set picurl="https://fftcg.cdn.sewest.net/images/cards/full/C-006_eg.jpg">Resurgence of Power</set>
      <tablerow>1</tablerow>
    </card>
  </cards>
</cockatrice_carddatabase>